,Mean,MCSE,StdDev,MAD,5%,50%,95%,ESS_bulk,ESS_tail,R_hat
lp__,0.0,,0.0,0.0,0.0,0.0,0.0,,,
mu_alpha,-0.0230957,0.0223665,1.99682,1.98503,-3.27546,-0.0228286,3.27118,7998.87,7930.54,0.999901
sigma_alpha,1.01195,0.0115572,1.01795,0.727561,0.0489198,0.695258,3.06547,7731.38,7972.28,0.999837
mu_beta_language_unc[1],0.0231741,0.0225185,1.97975,1.93653,-3.268,0.0454335,3.27273,7759.0,7630.19,0.999803
mu_beta_language_unc[2],-0.0167165,0.0223317,2.02056,2.02803,-3.30458,-0.0017244,3.3047,8217.1,8046.06,0.999967
mu_beta_language_unc[3],-0.0105898,0.0224915,1.99711,1.95222,-3.36542,0.0236247,3.30485,7879.52,8095.33,0.999945
mu_beta_language_unc[4],0.00435137,0.022234,1.99106,1.9847,-3.28051,0.00508389,3.24069,8037.69,7850.66,1.00003
mu_beta_language_unc[5],0.00267356,0.022951,1.99744,1.98608,-3.24466,-0.0120821,3.29079,7613.2,7662.95,1.00003
mu_beta_language_unc[6],0.0174961,0.0228934,1.98212,1.98311,-3.27465,0.0363674,3.18069,7532.65,7658.77,1.00017
mu_beta_language_unc[7],-0.00442784,0.0220653,1.99201,2.00179,-3.3313,0.00643794,3.28534,8203.21,7783.77,1.00009
mu_beta_language_unc[8],-0.0225314,0.0228796,1.99467,2.01069,-3.29229,0.00433589,3.1583,7617.7,7593.7,1.00035
mu_beta_language_unc[9],-0.00388367,0.0221928,1.97948,1.98677,-3.24378,0.0150709,3.19207,7990.0,7592.82,1.00013
mu_beta_language_unc[10],-0.0176485,0.0226584,1.97676,1.9892,-3.26033,-0.0114728,3.26792,7666.43,7357.31,0.999917
mu_beta_language_unc[11],-0.0109494,0.0221693,1.9821,2.00019,-3.21601,-0.00699431,3.30475,8006.23,7769.7,1.00067
mu_beta_language_unc[12],-0.0247087,0.0231395,2.02753,2.03201,-3.34491,0.00438007,3.30044,7718.21,7620.63,1.00022
mean_mu_beta_language,-0.00531338,0.00657801,0.5772,0.58017,-0.961325,-0.00214405,0.941285,7704.47,7836.51,1.0
mu_beta_language[1],0.0284875,0.0215939,1.89512,1.86633,-3.08315,0.0155271,3.18142,7734.14,7539.34,0.999961
mu_beta_language[2],-0.0114031,0.0214619,1.92608,1.91363,-3.17974,-0.0143493,3.17834,8105.19,8178.61,1.00016
mu_beta_language[3],-0.00527644,0.0213011,1.9084,1.8891,-3.17865,0.0176905,3.15654,8022.01,7766.98,0.999898
mu_beta_language[4],0.00966474,0.0213057,1.91206,1.89345,-3.15085,0.0207934,3.13253,8091.23,7918.85,1.00009
mu_beta_language[5],0.00798694,0.0217861,1.90773,1.90773,-3.06163,-0.013884,3.12838,7689.93,7830.15,1.00009
mu_beta_language[6],0.0228095,0.0218899,1.90422,1.88652,-3.18153,0.0537572,3.13775,7599.36,7617.37,1.00055
mu_beta_language[7],0.000885564,0.0212175,1.91098,1.90661,-3.14953,0.0255719,3.10498,8134.8,7525.55,0.999777
mu_beta_language[8],-0.0172179,0.0218947,1.90222,1.92014,-3.14511,-0.0116327,3.05951,7573.3,7555.34,1.00005
mu_beta_language[9],0.00142972,0.0213845,1.89795,1.88888,-3.13733,-0.0055736,3.1055,7907.81,7664.32,1.00007
mu_beta_language[10],-0.0123351,0.0218669,1.89028,1.92056,-3.13477,-0.0212888,3.07699,7544.78,7417.07,0.999855
mu_beta_language[11],-0.00563606,0.0211752,1.90433,1.91292,-3.12144,-0.0139776,3.15384,8099.91,7756.62,1.00117
mu_beta_language[12],-0.0193953,0.022162,1.93675,1.94716,-3.24192,0.00385348,3.11644,7675.44,7786.24,1.00014
sigma_beta_language[1],1.00945,0.0119755,1.02191,0.705074,0.0541567,0.690966,3.03583,7763.8,7498.89,1.00036
sigma_beta_language[2],1.00112,0.0110816,0.995503,0.720487,0.0510068,0.700964,3.00878,8187.32,7889.31,1.00022
sigma_beta_language[3],1.01133,0.0114896,1.02101,0.715251,0.048037,0.702514,3.03577,7706.06,7691.41,1.00019
sigma_beta_language[4],0.985951,0.0111577,0.991419,0.706012,0.0524528,0.674827,2.99861,8146.22,7982.37,1.00066
sigma_beta_language[5],1.01642,0.0117635,1.02002,0.721806,0.0503165,0.701299,3.04379,7420.92,7561.73,0.999916
sigma_beta_language[6],1.00309,0.0109825,0.997063,0.716066,0.0526307,0.696083,2.983,8193.09,7604.43,0.999868
sigma_beta_language[7],1.00276,0.0114357,1.00326,0.712573,0.0503591,0.692983,3.00695,7357.07,7969.92,0.999751
sigma_beta_language[8],0.989252,0.0111734,1.00739,0.697643,0.0522196,0.682177,2.96078,7932.98,7890.4,0.999855
sigma_beta_language[9],1.01442,0.0116103,1.01965,0.730339,0.0527545,0.700924,3.09182,7780.03,7668.14,0.999817
sigma_beta_language[10],1.00018,0.0112325,0.998728,0.715897,0.0492018,0.69219,3.03803,7747.14,7546.09,0.999988
sigma_beta_language[11],1.00676,0.011578,1.03231,0.706689,0.0492674,0.689175,2.99693,7596.21,7971.03,0.999979
sigma_beta_language[12],1.01172,0.0115206,1.01783,0.717372,0.0494559,0.699121,3.06054,7969.66,7765.49,1.0007
mu_beta_task_unc[1],-0.0218647,0.0225138,1.99947,2.00272,-3.3138,-0.00800023,3.25716,7895.83,7628.14,0.999887
mu_beta_task_unc[2],-0.00565893,0.021835,1.99507,2.01453,-3.26198,0.0155572,3.22743,8221.37,7451.01,1.00028
mu_beta_task_unc[3],-0.00678701,0.023394,2.02206,2.02579,-3.35213,0.0230959,3.24983,7489.14,7221.23,1.00002
mu_beta_task_unc[4],0.00802181,0.0226079,2.01251,2.04442,-3.28861,0.0161484,3.29045,7947.47,7374.23,1.00013
mu_beta_task_unc[5],-0.00520472,0.0221298,2.01438,1.98256,-3.28545,-0.00798752,3.32548,8303.07,8091.65,1.00008
mu_beta_task_unc[6],-0.0165586,0.0218347,1.99734,1.97214,-3.29663,-0.0323445,3.25809,8403.32,8097.88,1.00043
mu_beta_task_unc[7],0.00981081,0.0230795,2.0105,1.99754,-3.36275,0.019127,3.27963,7607.65,7570.24,1.00013
mean_mu_beta_task,-0.00546304,0.00843851,0.753125,0.75376,-1.25442,-0.00947361,1.23393,8026.39,7379.43,1.00039
mu_beta_task[1],-0.0164017,0.0207676,1.85447,1.8584,-3.05986,-0.0117739,3.03113,7980.42,7788.02,0.999922
mu_beta_task[2],-0.000195936,0.0205877,1.84839,1.84679,-3.06474,-0.0102789,3.02825,7898.13,7757.13,1.00014
mu_beta_task[3],-0.00132389,0.0215869,1.88116,1.90222,-3.06901,0.0164829,3.05836,7651.3,7040.18,1.00031
mu_beta_task[4],0.0134848,0.0207777,1.86181,1.8718,-3.06037,-0.00083513,3.05497,8036.21,8167.6,0.999903
mu_beta_task[5],0.00025826,0.0205307,1.85276,1.80275,-3.00516,0.000222206,3.07542,8177.61,8225.31,1.00025
mu_beta_task[6],-0.0110956,0.0205298,1.86494,1.85541,-3.01547,-0.0277186,3.04393,8282.09,8098.13,1.00048
mu_beta_task[7],0.0152739,0.0212997,1.8613,1.85608,-3.07958,0.0427114,3.05244,7650.73,8036.73,1.00026
sigma_beta_task[1],1.00112,0.0112697,0.988777,0.702288,0.0529729,0.694813,3.02368,7961.35,7651.08,0.999854
sigma_beta_task[2],1.00448,0.011205,0.988183,0.7261,0.0480472,0.705835,2.96019,7752.13,7526.7,0.999821
sigma_beta_task[3],0.985326,0.011199,0.992551,0.696523,0.0565413,0.685782,3.05309,7756.84,8094.56,1.00006
sigma_beta_task[4],1.0115,0.0115447,1.0106,0.724134,0.0501135,0.697451,3.02616,7840.98,7399.51,1.00069
sigma_beta_task[5],0.979192,0.0108901,0.978848,0.698896,0.0512681,0.683218,2.98263,8140.91,8231.24,0.999942
sigma_beta_task[6],1.00967,0.0113297,0.998805,0.719619,0.0548137,0.708859,3.0007,8011.98,7575.8,0.999869
sigma_beta_task[7],0.998553,0.0112201,0.998295,0.700569,0.0519465,0.690041,2.9868,7824.47,6999.48,0.999997
phi_alpha,0.0508859,0.0230989,1.97679,1.96308,-3.21445,0.0655568,3.29492,7328.28,7807.59,1.00007
beta_task_phi_unc[1],0.0140349,0.0227506,1.98383,2.00987,-3.27866,0.0196885,3.27876,7606.94,7502.36,0.999737
beta_task_phi_unc[2],0.0202007,0.0223577,1.99834,2.03499,-3.2469,0.0269447,3.29703,7995.43,7762.65,0.999839
beta_task_phi_unc[3],-0.0207615,0.0225229,1.99092,2.00105,-3.26405,-0.030774,3.28079,7814.09,7771.22,1.00002
beta_task_phi_unc[4],0.0236752,0.0225495,1.99147,1.97828,-3.27925,0.0465805,3.29641,7842.16,7689.06,0.999775
beta_task_phi_unc[5],0.0207199,0.0224473,1.99424,1.97852,-3.26534,0.00446357,3.34271,7923.84,7746.87,0.999699
beta_task_phi_unc[6],-0.0169415,0.0226361,1.99446,1.97933,-3.28086,0.0048923,3.28222,7768.01,7648.96,1.00017
beta_task_phi_unc[7],-0.00254897,0.0221246,1.9943,1.99391,-3.30547,-0.00571322,3.27953,8142.96,7344.39,0.999951
mean_beta_task_phi,0.00548268,0.00849251,0.744589,0.728111,-1.21839,0.0111274,1.21562,7696.95,7832.87,1.00016
beta_task_phi[1],0.00855221,0.0212729,1.85579,1.86436,-3.04426,-0.00491079,3.09802,7613.78,7659.22,0.999771
beta_task_phi[2],0.014718,0.0207728,1.86553,1.87465,-3.08315,-0.0086344,3.07657,8068.33,7773.31,0.999988
beta_task_phi[3],-0.0262441,0.0206823,1.84309,1.86865,-3.06402,-0.0222036,2.97745,7943.45,7967.56,0.999836
beta_task_phi[4],0.0181925,0.0206311,1.83852,1.85576,-2.98441,0.0127539,3.0168,7955.89,7845.75,0.999953
beta_task_phi[5],0.0152373,0.0202941,1.83956,1.82789,-3.00645,0.00460566,3.01002,8225.42,7332.28,0.999822
beta_task_phi[6],-0.0224242,0.0211216,1.8481,1.85656,-3.07747,-0.0105866,3.02779,7654.53,7373.63,0.999996
beta_task_phi[7],-0.00803165,0.0205479,1.84637,1.83391,-3.03043,0.00621741,3.0478,8082.93,7629.79,0.999943
alpha_std[1],-0.0251188,0.0279361,2.46669,2.25364,-3.93215,-0.00157234,3.88116,7895.21,7809.01,0.999872
alpha_std[2],-0.0357997,0.0276866,2.45832,2.31207,-3.94222,-0.0498878,3.87074,7940.85,7958.37,0.999871
alpha_std[3],-0.033849,0.0274077,2.45532,2.25735,-3.92915,-0.0333248,3.83706,7997.98,7948.34,0.999892
alpha_std[4],-0.0517789,0.0275704,2.4613,2.27797,-4.00294,-0.0566774,3.76004,7972.5,7820.83,1.00009
alpha_std[5],-0.0141441,0.0277421,2.4692,2.27568,-3.9174,-0.0168385,3.89266,7962.54,7954.35,1.00013
alpha_std[6],-0.0330922,0.0277092,2.44489,2.26643,-3.98576,-0.00116458,3.82827,7974.89,7951.21,0.999721
alpha_std[7],-0.0121212,0.0273649,2.45978,2.26336,-3.87388,-0.00677762,3.84885,8038.69,7829.04,0.999756
alpha_std[8],-0.0211967,0.0279394,2.41729,2.26251,-3.84283,-0.0221939,3.8252,7556.61,7918.45,1.00015
alpha_std[9],-0.0320076,0.0278565,2.44434,2.29316,-4.01007,-0.0144955,3.84988,7687.24,7596.25,0.999903
alpha_std[10],-0.026976,0.0277747,2.42361,2.24726,-3.89498,-0.0402269,3.80114,7683.84,7983.1,1.00023
"beta_language_std_unc[1,1]",0.00815509,0.0265848,2.38506,2.17168,-3.75142,-0.0107837,3.80186,8128.29,7583.32,1.00044
"beta_language_std_unc[1,2]",-0.0248019,0.0275023,2.40465,2.22256,-3.87405,-0.00707939,3.78041,7783.78,7662.73,0.999838
"beta_language_std_unc[1,3]",-0.00993454,0.0264819,2.3785,2.22049,-3.83104,0.0123514,3.77009,8048.42,7741.3,1.00006
"beta_language_std_unc[1,4]",-0.000740413,0.0266271,2.36197,2.15971,-3.68967,0.0301167,3.74124,7869.4,7489.58,1.00025
"beta_language_std_unc[1,5]",-0.00210671,0.027416,2.37551,2.22745,-3.73961,-0.0277802,3.81116,7515.88,7674.83,1.00004
"beta_language_std_unc[1,6]",0.0141976,0.0267851,2.3726,2.1545,-3.79732,0.0658173,3.78342,7891.94,7807.95,0.999914
"beta_language_std_unc[1,7]",0.00595864,0.0260796,2.34376,2.14851,-3.71839,-0.00934448,3.76256,8089.27,7938.86,0.999763
"beta_language_std_unc[1,8]",-0.0207803,0.0271188,2.34598,2.22705,-3.73346,-0.0301473,3.60294,7449.95,7950.67,0.999845
"beta_language_std_unc[1,9]",0.00244213,0.0275321,2.42647,2.21713,-3.76969,-0.00425616,3.80252,7761.06,7885.48,1.00029
"beta_language_std_unc[1,10]",-0.00587076,0.0267526,2.35662,2.15643,-3.75962,-0.018681,3.77987,7774.17,7536.16,0.999814
"beta_language_std_unc[1,11]",0.00319172,0.026739,2.35614,2.16884,-3.67676,-0.021588,3.7496,7804.88,8015.67,1.00015
"beta_language_std_unc[1,12]",-0.0185054,0.0277878,2.40774,2.21281,-3.90872,-0.00206845,3.76386,7493.36,7886.84,0.999944
"beta_language_std_unc[2,1]",0.0139544,0.0267925,2.36699,2.18814,-3.8273,0.011775,3.7737,7749.46,7783.68,0.99971
"beta_language_std_unc[2,2]",-0.0245763,0.0263496,2.38462,2.2049,-3.84389,-0.0260289,3.73699,8204.07,7966.99,1.00022
"beta_language_std_unc[2,3]",0.0141805,0.0267409,2.37587,2.1885,-3.79983,0.0198059,3.81922,7885.83,7778.65,1.00023
"beta_language_std_unc[2,4]",-0.0151435,0.0270987,2.35029,2.18143,-3.76849,0.0135962,3.76379,7530.2,7367.31,0.999976
"beta_language_std_unc[2,5]",-0.0021294,0.0276913,2.40819,2.218,-3.77981,-0.0071318,3.77138,7597.67,7876.41,1.00005
"beta_language_std_unc[2,6]",0.028073,0.0273176,2.33893,2.20847,-3.75741,0.0465025,3.79024,7251.45,7733.89,1.00042
"beta_language_std_unc[2,7]",0.0184817,0.0268656,2.38915,2.18967,-3.782,-0.00155849,3.90154,7947.47,7769.23,0.999737
"beta_language_std_unc[2,8]",-0.0131084,0.026904,2.34353,2.19968,-3.78094,-0.0256469,3.63417,7635.46,7822.25,0.999805
"beta_language_std_unc[2,9]",0.0301777,0.0268565,2.37867,2.20873,-3.73679,0.0416077,3.84261,7875.8,6663.51,1.00002
"beta_language_std_unc[2,10]",-0.0478606,0.0261157,2.3406,2.17407,-3.78727,-0.0725515,3.67427,7995.44,7251.98,0.999841
"beta_language_std_unc[2,11]",-0.0100294,0.0268838,2.40916,2.19541,-3.79461,0.000958396,3.79211,8027.31,7585.27,1.00029
"beta_language_std_unc[2,12]",-0.021651,0.0274195,2.37825,2.20181,-3.90401,0.00036467,3.7666,7556.33,7730.57,0.99996
"beta_language_std_unc[3,1]",0.0287683,0.0267882,2.39824,2.172,-3.80312,0.0351505,3.81788,7969.79,7512.86,0.999877
"beta_language_std_unc[3,2]",-0.0204342,0.0266446,2.37914,2.18054,-3.7923,0.011728,3.79322,8042.34,7544.36,1.00011
"beta_language_std_unc[3,3]",-0.0140396,0.0270494,2.39288,2.23754,-3.81829,-0.0046323,3.80292,7883.32,7768.3,1.00058
"beta_language_std_unc[3,4]",0.0292213,0.0264791,2.36571,2.17798,-3.69777,0.0253721,3.80397,7952.23,7780.42,1.00038
"beta_language_std_unc[3,5]",0.0110182,0.0271098,2.36215,2.17469,-3.77835,0.00851256,3.80709,7648.31,7162.03,1.00017
"beta_language_std_unc[3,6]",0.0190154,0.027034,2.36333,2.18093,-3.75349,0.0432991,3.79484,7646.3,7753.39,1.00016
"beta_language_std_unc[3,7]",-0.00715129,0.0259053,2.39234,2.17735,-3.82972,-0.0127261,3.88239,8540.96,8145.09,0.999902
"beta_language_std_unc[3,8]",-0.0254956,0.0269851,2.36411,2.21345,-3.74648,0.00191767,3.62951,7687.14,7673.54,1.00061
"beta_language_std_unc[3,9]",0.0124522,0.0270641,2.40268,2.22139,-3.75361,0.0122241,3.92934,7913.95,7986.39,1.00006
"beta_language_std_unc[3,10]",-0.0161021,0.026603,2.31789,2.15172,-3.74586,-0.0343714,3.71972,7695.16,7097.75,1.00001
"beta_language_std_unc[3,11]",-0.00970005,0.0271331,2.38952,2.2273,-3.75568,-0.0434815,3.80815,7790.6,7972.78,1.00003
"beta_language_std_unc[3,12]",-0.0294826,0.0281978,2.40384,2.20069,-3.93061,0.0261261,3.76359,7398.38,7772.84,1.00009
"beta_language_std_unc[4,1]",0.0436615,0.027344,2.39432,2.19894,-3.66841,0.0103978,3.83736,7746.81,7809.02,0.999954
"beta_language_std_unc[4,2]",0.00843445,0.0266929,2.38877,2.19847,-3.77977,-0.000256994,3.83183,8143.29,7511.63,1.00029
"beta_language_std_unc[4,3]",-0.0103634,0.0268043,2.41304,2.2238,-3.87257,-0.00455685,3.80606,8096.98,7923.68,0.999923
"beta_language_std_unc[4,4]",0.0167775,0.0265823,2.37985,2.14742,-3.76322,0.0187321,3.79079,8000.84,7929.39,0.999893
"beta_language_std_unc[4,5]",-0.02506,0.0274283,2.43072,2.22305,-3.87254,-0.0210708,3.80641,7835.03,7809.32,1.00002
"beta_language_std_unc[4,6]",0.0127865,0.0270877,2.37601,2.15421,-3.8054,0.0571957,3.71514,7747.04,7789.15,1.00025
"beta_language_std_unc[4,7]",0.0148381,0.0264474,2.36691,2.1667,-3.79368,0.0163473,3.75467,8046.75,7849.73,0.999784
"beta_language_std_unc[4,8]",-0.0192593,0.0264259,2.34611,2.20584,-3.82425,0.00144628,3.65009,7856.93,7810.12,1.00033
"beta_language_std_unc[4,9]",-0.00149166,0.0261658,2.36358,2.19825,-3.70684,-0.00917917,3.76852,8152.5,7972.31,1.00028
"beta_language_std_unc[4,10]",-0.00715958,0.0265631,2.32277,2.15652,-3.76601,-0.0129362,3.71032,7606.27,7422.61,0.99985
"beta_language_std_unc[4,11]",0.000734503,0.0270197,2.40638,2.19278,-3.70737,-0.0288506,3.75799,7988.9,7847.57,1.00044
"beta_language_std_unc[4,12]",-0.0202507,0.027725,2.42978,2.2268,-3.86946,-0.0255006,3.8334,7789.79,8010.65,1.00032
"beta_language_std_unc[5,1]",0.0323739,0.0270756,2.38768,2.15784,-3.796,0.0426233,3.83711,7763.45,7893.97,0.999701
"beta_language_std_unc[5,2]",-0.00133853,0.02669,2.38165,2.21081,-3.84712,-0.0143667,3.79392,8035.48,8097.04,1.00019
"beta_language_std_unc[5,3]",-0.0162559,0.0264082,2.35639,2.20851,-3.84705,0.00360857,3.7128,7949.19,7995.66,1.00047
"beta_language_std_unc[5,4]",0.0305256,0.0268047,2.37336,2.15636,-3.7405,0.0427787,3.85191,7848.19,7834.58,1.00005
"beta_language_std_unc[5,5]",0.0172065,0.0266811,2.39836,2.17019,-3.77952,0.000163126,3.85426,8113.42,7709.65,1.00032
"beta_language_std_unc[5,6]",0.0231949,0.0272268,2.37194,2.16739,-3.74244,0.0358078,3.84024,7676.05,7193.64,1.00013
"beta_language_std_unc[5,7]",-0.0114197,0.0267308,2.37955,2.18309,-3.8073,-0.0198025,3.83163,7917.94,7973.42,0.999695
"beta_language_std_unc[5,8]",-0.0335875,0.0273195,2.34498,2.21011,-3.79901,0.00765641,3.65206,7364.24,7834.54,0.999964
"beta_language_std_unc[5,9]",0.0101405,0.0278111,2.42729,2.20835,-3.79073,-0.00794587,3.81478,7726.53,7837.81,1.00001
"beta_language_std_unc[5,10]",0.000753263,0.0270448,2.36319,2.17882,-3.75111,-0.0229522,3.79909,7651.95,7847.34,0.999904
"beta_language_std_unc[5,11]",-0.000803007,0.0263343,2.3817,2.17503,-3.83247,0.00883918,3.79448,8129.96,7839.3,1.00053
"beta_language_std_unc[5,12]",-0.00893544,0.027745,2.41707,2.20707,-3.86279,0.0487647,3.72944,7596.66,7890.14,1.00029
"beta_language_std_unc[6,1]",0.0318154,0.0274539,2.36175,2.1718,-3.66683,0.0175351,3.78965,7493.59,7982.83,0.999941
"beta_language_std_unc[6,2]",-0.00790259,0.027696,2.39916,2.20775,-3.81076,-0.00754281,3.8521,7562.64,7741.75,1.00046
"beta_language_std_unc[6,3]",-0.0369356,0.0267062,2.36144,2.20565,-3.88235,0.00353966,3.71617,7812.32,7696.64,1.00034
"beta_language_std_unc[6,4]",0.0134174,0.0271638,2.38019,2.1646,-3.77275,0.0236599,3.80145,7770.14,7807.43,0.999779
"beta_language_std_unc[6,5]",0.0223456,0.0272753,2.38221,2.20315,-3.76846,0.026083,3.82285,7664.55,7412.38,1.00041
"beta_language_std_unc[6,6]",0.0341208,0.0264202,2.35068,2.16309,-3.71449,0.0561626,3.8629,7942.0,7808.98,1.00055
"beta_language_std_unc[6,7]",0.00449459,0.0264253,2.37573,2.19024,-3.78414,0.00845853,3.84517,8060.13,8175.85,1.00002
"beta_language_std_unc[6,8]",-0.00417077,0.027158,2.35492,2.22026,-3.82008,0.0139357,3.75096,7505.86,7306.52,0.999977
"beta_language_std_unc[6,9]",0.0195467,0.0264183,2.38159,2.18254,-3.72691,0.0155947,3.84162,8172.87,7722.99,0.99979
"beta_language_std_unc[6,10]",-0.0140255,0.026853,2.38684,2.21039,-3.81741,-0.0191483,3.79094,7853.3,7915.6,0.999907
"beta_language_std_unc[6,11]",-0.0380974,0.026564,2.40881,2.20097,-3.78071,-0.0419926,3.7288,8200.86,7929.07,1.00064
"beta_language_std_unc[6,12]",0.003863,0.0274803,2.40794,2.21033,-3.77519,0.0486393,3.81797,7707.76,7807.15,1.00041
"beta_language_std_unc[7,1]",0.0227531,0.0266699,2.37434,2.15721,-3.69945,-0.00729613,3.87188,7909.99,7887.72,0.999959
"beta_language_std_unc[7,2]",-0.0229043,0.0270924,2.39142,2.19151,-3.82575,-0.0223719,3.80071,7799.62,8039.97,0.999981
"beta_language_std_unc[7,3]",0.0254982,0.0267374,2.41912,2.21812,-3.83585,0.0181914,3.8704,8136.28,7175.6,1.00021
"beta_language_std_unc[7,4]",0.035765,0.0264083,2.37685,2.15256,-3.72367,0.0545353,3.85032,8117.87,7939.36,0.999907
"beta_language_std_unc[7,5]",-0.00150074,0.0277769,2.39688,2.21983,-3.87224,-0.018232,3.84035,7481.11,7618.44,1.00005
"beta_language_std_unc[7,6]",-0.00796851,0.0270267,2.37062,2.14717,-3.79285,0.0604631,3.73707,7592.01,7770.82,0.999971
"beta_language_std_unc[7,7]",-0.0115824,0.0263232,2.35646,2.1705,-3.76385,-0.00426573,3.74643,8003.23,7850.15,1.00028
"beta_language_std_unc[7,8]",-0.0225979,0.0275428,2.4246,2.2129,-3.90253,-0.0308124,3.67571,7717.94,7774.02,1.00007
"beta_language_std_unc[7,9]",0.0176235,0.0272336,2.40003,2.18569,-3.70168,0.0196363,3.84591,7793.21,7718.93,0.999981
"beta_language_std_unc[7,10]",-0.0347042,0.0269383,2.37696,2.16856,-3.81731,-0.0466045,3.70281,7831.45,7724.18,0.999715
"beta_language_std_unc[7,11]",-0.0173112,0.0263134,2.38172,2.18599,-3.812,-0.0040396,3.78127,8164.91,7848.54,1.0004
"beta_language_std_unc[7,12]",-0.0342902,0.0275945,2.39978,2.21157,-3.904,-0.00462861,3.74056,7610.63,7531.01,1.00044
"beta_language_std_unc[8,1]",0.062354,0.0272711,2.36044,2.20001,-3.64657,0.0302178,3.86875,7559.59,7379.36,0.999915
"beta_language_std_unc[8,2]",-0.0240281,0.0274071,2.39096,2.19586,-3.80613,-0.0301206,3.74737,7783.57,7732.28,1.00016
"beta_language_std_unc[8,3]",0.00291142,0.0268402,2.39859,2.19569,-3.81123,0.027034,3.79921,8015.31,7622.23,1.00009
"beta_language_std_unc[8,4]",-0.0124756,0.0263007,2.36309,2.17419,-3.82376,0.0189231,3.72696,8059.66,7719.88,1.00023
"beta_language_std_unc[8,5]",-0.00441158,0.027351,2.41089,2.19972,-3.82965,-0.0106082,3.80353,7774.48,7507.49,0.999948
"beta_language_std_unc[8,6]",0.00945838,0.0266811,2.35248,2.17944,-3.81579,0.0506624,3.79742,7801.95,7807.97,1.00036
"beta_language_std_unc[8,7]",-0.00346225,0.026364,2.37944,2.17724,-3.7777,-0.0171699,3.80236,8192.15,7709.33,0.999912
"beta_language_std_unc[8,8]",-0.0239943,0.0270522,2.4081,2.22744,-3.83941,-0.0273918,3.69439,7924.87,7858.62,1.00005
"beta_language_std_unc[8,9]",-0.0202809,0.0271562,2.41552,2.23767,-3.91809,-0.00234739,3.86628,7902.72,7395.42,0.999931
"beta_language_std_unc[8,10]",-0.0434887,0.026897,2.32286,2.16844,-3.76503,-0.0321005,3.60343,7518.75,7591.84,0.999843
"beta_language_std_unc[8,11]",-0.00136618,0.02688,2.3935,2.17999,-3.76059,-0.00995968,3.73234,7926.97,6951.13,1.00033
"beta_language_std_unc[8,12]",-0.000169365,0.0283874,2.44091,2.25134,-3.89418,0.0243824,3.80186,7420.13,7850.31,1.00033
"beta_language_std_unc[9,1]",0.0218604,0.0274465,2.37869,2.15249,-3.78301,0.014024,3.82812,7576.38,7562.33,0.999784
"beta_language_std_unc[9,2]",-0.00880525,0.0274235,2.41424,2.19264,-3.8386,-0.00952162,3.80535,7912.63,8239.88,1.00051
"beta_language_std_unc[9,3]",-0.00828724,0.0268893,2.414,2.23944,-3.83496,0.00627459,3.78719,8045.5,7767.04,1.00012
"beta_language_std_unc[9,4]",0.00490987,0.0265285,2.35648,2.18101,-3.75866,0.0179891,3.78997,8021.11,7973.11,0.999952
"beta_language_std_unc[9,5]",-0.00226117,0.0272224,2.38987,2.20584,-3.87096,0.00987649,3.84371,7848.69,7526.07,1.0004
"beta_language_std_unc[9,6]",0.0252645,0.027005,2.37977,2.1686,-3.82157,0.0767348,3.73609,7769.66,7613.9,0.999851
"beta_language_std_unc[9,7]",0.0068685,0.0265451,2.40998,2.18952,-3.86002,0.0111231,3.78991,8257.73,7796.78,0.999939
"beta_language_std_unc[9,8]",-0.017053,0.0272329,2.37874,2.18076,-3.8154,-0.0112106,3.69926,7646.34,7705.23,0.999722
"beta_language_std_unc[9,9]",-0.00151257,0.0267061,2.39575,2.22119,-3.7367,-0.0205425,3.85442,8101.2,7857.54,1.00023
"beta_language_std_unc[9,10]",0.0158829,0.0271664,2.37757,2.20041,-3.73623,0.040188,3.80322,7695.86,7351.04,1.00032
"beta_language_std_unc[9,11]",-0.014555,0.026582,2.37213,2.21421,-3.74304,-0.0304476,3.81587,8008.0,7957.79,0.999952
"beta_language_std_unc[9,12]",-0.0127827,0.0275409,2.40847,2.21388,-3.84671,0.0104923,3.83315,7644.63,7808.64,1.00005
"beta_language_std_unc[10,1]",0.021329,0.0266246,2.36129,2.17613,-3.68761,0.0068122,3.85345,7920.48,7750.72,1.00026
"beta_language_std_unc[10,2]",-0.0168191,0.027209,2.44265,2.2401,-3.88916,-0.0173403,3.90426,8131.44,7808.21,1.00019
"beta_language_std_unc[10,3]",-0.0152104,0.0269996,2.42264,2.22567,-3.89409,0.00309149,3.80533,8095.28,7744.07,0.999943
"beta_language_std_unc[10,4]",-0.00282854,0.0268821,2.40743,2.18855,-3.8142,0.0192526,3.76026,7995.37,7436.66,1.00021
"beta_language_std_unc[10,5]",0.0314866,0.027237,2.41097,2.19499,-3.75135,0.00802287,3.88486,7809.7,7748.35,1.00021
"beta_language_std_unc[10,6]",0.0171646,0.0275997,2.37721,2.19952,-3.81489,0.0805948,3.76489,7443.62,7402.54,1.00055
"beta_language_std_unc[10,7]",-0.00381552,0.0270251,2.39551,2.18295,-3.8592,0.0161307,3.77296,7873.6,7918.27,0.999798
"beta_language_std_unc[10,8]",-0.0243725,0.0276523,2.35931,2.17972,-3.90135,-0.00357589,3.64614,7317.91,7731.88,1.00025
"beta_language_std_unc[10,9]",0.0103899,0.026323,2.35803,2.18391,-3.69869,-0.0118406,3.85676,7934.03,7800.04,1.00029
"beta_language_std_unc[10,10]",0.0149653,0.0267745,2.35669,2.18647,-3.75453,-0.010891,3.79702,7782.34,7410.68,0.999912
"beta_language_std_unc[10,11]",-0.023377,0.0269729,2.37874,2.17101,-3.74379,-0.0434793,3.76666,7811.3,7803.48,1.00083
"beta_language_std_unc[10,12]",0.00319528,0.0275209,2.42556,2.24962,-3.7981,0.0268041,3.85036,7731.21,7849.76,1.00011
"beta_language_std[1,1]",0.0122213,0.0258905,2.33924,2.18904,-3.69107,0.0010048,3.79733,8196.01,7620.55,1.00042
"beta_language_std[1,2]",-0.0207356,0.026858,2.36573,2.21576,-3.826,-0.00795134,3.77114,7752.23,7827.96,0.999954
"beta_language_std[1,3]",-0.00586836,0.0260562,2.34089,2.2026,-3.80692,0.0417944,3.7037,8070.65,7780.48,1.00016
"beta_language_std[1,4]",0.00332581,0.0262847,2.3274,2.16929,-3.68337,0.0425391,3.68766,7834.94,7958.9,1.00021
"beta_language_std[1,5]",0.00195954,0.026895,2.34078,2.2333,-3.72895,-0.0331932,3.72164,7580.18,7540.06,1.00008
"beta_language_std[1,6]",0.0182639,0.0265153,2.34023,2.16906,-3.80294,0.0672116,3.776,7815.54,7779.96,1.00005
"beta_language_std[1,7]",0.0100248,0.025544,2.31487,2.17666,-3.64413,0.00507952,3.71924,8237.61,7426.66,0.999711
"beta_language_std[1,8]",-0.016714,0.0267649,2.31175,2.21141,-3.71411,-0.0353578,3.59836,7444.48,7746.85,0.999863
"beta_language_std[1,9]",0.00650842,0.027122,2.38784,2.2355,-3.76078,-0.00200293,3.79958,7737.05,7827.44,1.0002
"beta_language_std[1,10]",-0.00180458,0.0262704,2.31504,2.14995,-3.72932,-0.00484586,3.78055,7779.97,7807.01,0.999863
"beta_language_std[1,11]",0.00725794,0.0264676,2.32248,2.16632,-3.6313,-0.0180918,3.74284,7747.28,7929.32,1.00021
"beta_language_std[1,12]",-0.0144392,0.0274668,2.36916,2.20624,-3.87804,0.0338143,3.73069,7461.51,7977.25,0.999949
"beta_language_std[2,1]",0.0164237,0.0265118,2.3283,2.20393,-3.77832,0.0190328,3.76952,7660.96,7670.27,0.999742
"beta_language_std[2,2]",-0.0221071,0.0260058,2.35662,2.20229,-3.81286,-0.000813376,3.72827,8230.59,7970.5,1.00025
"beta_language_std[2,3]",0.0166499,0.0261618,2.33904,2.21259,-3.75736,0.0170994,3.81046,7982.0,7805.68,1.00023
"beta_language_std[2,4]",-0.0126742,0.0265276,2.32073,2.19981,-3.72325,0.00519444,3.71156,7679.73,7365.08,0.999991
"beta_language_std[2,5]",0.0003399,0.0272235,2.36475,2.2203,-3.71515,-0.0154836,3.73351,7581.05,7744.42,1.00007
"beta_language_std[2,6]",0.0305423,0.0273763,2.30686,2.22734,-3.77435,0.036237,3.75175,7078.95,7721.6,1.0003
"beta_language_std[2,7]",0.020951,0.0264375,2.35128,2.17944,-3.74064,0.00369806,3.80227,7950.93,7724.42,0.999759
"beta_language_std[2,8]",-0.0106392,0.0262962,2.30762,2.18688,-3.71221,-0.0147456,3.66298,7734.21,7818.51,0.999864
"beta_language_std[2,9]",0.0326469,0.0266293,2.35237,2.22485,-3.74109,0.0328331,3.79444,7816.87,7379.74,0.999957
"beta_language_std[2,10]",-0.0453915,0.0257956,2.29994,2.15166,-3.74023,-0.0671034,3.6003,7910.72,7381.2,1.0001
"beta_language_std[2,11]",-0.00756009,0.0264685,2.37195,2.21637,-3.788,-0.0159729,3.75389,8043.25,7211.49,1.00027
"beta_language_std[2,12]",-0.0191818,0.0269939,2.33791,2.20977,-3.83136,-0.0027673,3.74589,7535.73,7309.86,1.00001
"beta_language_std[3,1]",0.0305958,0.026446,2.35794,2.19417,-3.73469,0.0273902,3.83889,7923.43,7446.3,0.999779
"beta_language_std[3,2]",-0.0186067,0.0262142,2.35656,2.21624,-3.8069,-0.0193504,3.77681,8153.6,7895.21,1.00005
"beta_language_std[3,3]",-0.0122121,0.0265996,2.35365,2.21357,-3.80806,0.012204,3.76948,7873.72,7619.13,1.00019
"beta_language_std[3,4]",0.0310488,0.0261862,2.33419,2.16996,-3.68499,0.0526155,3.75994,7969.26,7888.47,1.00045
"beta_language_std[3,5]",0.0128456,0.0265301,2.32407,2.15608,-3.68484,0.0145562,3.74312,7708.51,7205.85,1.00027
"beta_language_std[3,6]",0.0208428,0.0267122,2.33067,2.18648,-3.73706,0.0279017,3.73256,7598.88,6995.22,1.0003
"beta_language_std[3,7]",-0.00532381,0.025555,2.36092,2.18636,-3.80938,-0.00195342,3.83849,8544.7,8188.17,0.999973
"beta_language_std[3,8]",-0.0236681,0.0264343,2.32905,2.1908,-3.70952,0.00688158,3.60997,7761.4,7888.77,1.00046
"beta_language_std[3,9]",0.0142797,0.0267087,2.36486,2.20972,-3.7482,0.0158409,3.79435,7870.89,7951.02,0.999989
"beta_language_std[3,10]",-0.0142746,0.0265624,2.28255,2.18761,-3.6981,-0.0287002,3.67495,7491.56,7001.91,1.00002
"beta_language_std[3,11]",-0.00787251,0.0267641,2.35653,2.23424,-3.75419,-0.0508655,3.77536,7779.69,7929.39,1.00004
"beta_language_std[3,12]",-0.027655,0.0276735,2.35925,2.2108,-3.88157,0.0183114,3.66128,7410.21,7457.33,1.00008
"beta_language_std[4,1]",0.0425242,0.0269373,2.3574,2.20215,-3.66787,0.012166,3.85318,7727.15,7890.93,0.999982
"beta_language_std[4,2]",0.00729712,0.0264044,2.35993,2.21002,-3.72929,0.0237737,3.79396,8108.27,7274.84,1.00022
"beta_language_std[4,3]",-0.0115007,0.0263335,2.3777,2.22104,-3.82758,-0.0150312,3.81205,8141.85,7927.33,0.999835
"beta_language_std[4,4]",0.0156402,0.0262882,2.34046,2.14789,-3.74076,0.0203415,3.76499,7916.24,8098.57,0.999901
"beta_language_std[4,5]",-0.0261973,0.0268514,2.39064,2.21572,-3.85159,-0.028242,3.77243,7918.19,8057.05,1.00006
"beta_language_std[4,6]",0.0116492,0.0266366,2.33795,2.14526,-3.77211,0.0450084,3.65315,7755.68,7885.4,1.00029
"beta_language_std[4,7]",0.0137007,0.0261442,2.33289,2.18953,-3.75642,0.00467905,3.67995,8002.75,7959.54,0.999967
"beta_language_std[4,8]",-0.0203967,0.0259786,2.30909,2.20348,-3.74626,0.00771721,3.60726,7885.71,7849.81,1.00035
"beta_language_std[4,9]",-0.00262898,0.0257883,2.32845,2.24889,-3.6421,-0.0249849,3.73309,8099.92,7858.63,1.00018
"beta_language_std[4,10]",-0.00829686,0.0262815,2.29401,2.17294,-3.76553,-0.0133031,3.65581,7593.13,7575.84,0.999808
"beta_language_std[4,11]",-0.000402842,0.0265702,2.36358,2.21333,-3.72802,-0.0275965,3.80024,7966.26,7971.25,1.00048
"beta_language_std[4,12]",-0.0213881,0.0273715,2.3875,2.2193,-3.78886,-0.0110529,3.78697,7617.81,8011.74,1.00019
"beta_language_std[5,1]",0.028886,0.026518,2.3436,2.15228,-3.72695,0.0531412,3.76782,7795.6,7986.54,0.999754
"beta_language_std[5,2]",-0.00482647,0.0261858,2.34484,2.18792,-3.77755,0.00105067,3.74717,8133.24,7728.53,1.00015
"beta_language_std[5,3]",-0.0197438,0.0261391,2.329,2.23832,-3.78237,-0.00374198,3.71581,7933.61,7928.29,1.00093
"beta_language_std[5,4]",0.0270378,0.0263887,2.33864,2.15596,-3.7298,0.0121603,3.79721,7851.29,7768.67,1.00006
"beta_language_std[5,5]",0.0137186,0.0262422,2.3519,2.16182,-3.74316,0.00315403,3.76226,8054.07,7687.39,1.00034
"beta_language_std[5,6]",0.019707,0.0269384,2.33822,2.18095,-3.68288,0.0168387,3.76581,7554.36,7283.14,1.00018
"beta_language_std[5,7]",-0.0149076,0.0262619,2.34714,2.16389,-3.78632,-0.00274478,3.82335,8006.99,7931.77,0.999778
"beta_language_std[5,8]",-0.0370754,0.0267844,2.31551,2.22552,-3.77816,-0.00482567,3.62567,7476.94,7492.66,0.99999
"beta_language_std[5,9]",0.00665262,0.0273088,2.37937,2.21214,-3.73008,-0.0105489,3.701,7690.33,7738.52,1.00005
"beta_language_std[5,10]",-0.00273459,0.0266426,2.3246,2.16357,-3.71515,-0.0143745,3.71947,7650.76,7445.26,0.999884
"beta_language_std[5,11]",-0.00429091,0.0262198,2.35175,2.20654,-3.80162,0.00350129,3.80081,8012.03,7780.62,1.00052
"beta_language_std[5,12]",-0.0124233,0.0272278,2.38356,2.2261,-3.83033,0.0381941,3.73952,7678.29,8057.98,1.00023
"beta_language_std[6,1]",0.0294428,0.0269187,2.32455,2.16883,-3.68843,0.0113424,3.71916,7525.76,7459.68,0.999994
"beta_language_std[6,2]",-0.0102752,0.0272175,2.36207,2.19915,-3.78081,0.00159643,3.8067,7597.43,7411.49,1.00038
"beta_language_std[6,3]",-0.0393083,0.0262501,2.3279,2.20494,-3.87162,-0.0243068,3.69664,7851.93,8018.07,1.00026
"beta_language_std[6,4]",0.0110447,0.0265566,2.34385,2.1742,-3.7409,0.0260436,3.76962,7887.98,7647.18,0.999822
"beta_language_std[6,5]",0.0199731,0.026845,2.35634,2.22704,-3.75534,0.0144383,3.80215,7729.93,7524.88,1.00038
"beta_language_std[6,6]",0.0317481,0.0262375,2.31601,2.19498,-3.71725,0.0479683,3.77048,7801.92,7768.47,1.00054
"beta_language_std[6,7]",0.00212196,0.0258958,2.33343,2.17653,-3.72411,-0.0209734,3.77,8099.33,8230.44,0.999953
"beta_language_std[6,8]",-0.00654339,0.026857,2.32032,2.20922,-3.77831,0.0135695,3.74616,7458.15,7521.45,0.999956
"beta_language_std[6,9]",0.017174,0.0261072,2.34244,2.18998,-3.71062,0.0138771,3.76819,8075.02,7924.32,0.999901
"beta_language_std[6,10]",-0.0163981,0.0265486,2.34429,2.23465,-3.77387,-0.00225833,3.70914,7762.78,8018.19,0.999891
"beta_language_std[6,11]",-0.0404701,0.026216,2.37215,2.19777,-3.77164,-0.0522476,3.70767,8171.26,7849.82,1.00064
"beta_language_std[6,12]",0.00149028,0.0270899,2.37743,2.21085,-3.81413,0.0232042,3.7768,7732.64,7767.51,1.00008
"beta_language_std[7,1]",0.0270213,0.0264224,2.34124,2.17331,-3.68117,-0.0162196,3.83187,7845.17,7823.93,1.00019
"beta_language_std[7,2]",-0.018636,0.026654,2.35734,2.17375,-3.81091,0.0206932,3.8227,7836.47,8098.18,1.0001
"beta_language_std[7,3]",0.0297664,0.0262209,2.37004,2.21434,-3.7102,0.0156381,3.82261,8120.3,7951.42,1.00001
"beta_language_std[7,4]",0.0400333,0.0259489,2.33573,2.16961,-3.70303,0.0328716,3.83567,8122.27,7959.61,0.999943
"beta_language_std[7,5]",0.00276755,0.0271388,2.35789,2.25006,-3.84024,-0.013748,3.78227,7587.65,7170.31,1.00016
"beta_language_std[7,6]",-0.00370023,0.0270036,2.33806,2.16015,-3.78808,0.0621737,3.69226,7373.84,8059.13,0.999926
"beta_language_std[7,7]",-0.00731413,0.0262035,2.328,2.19128,-3.76995,-0.019616,3.75559,7915.87,7755.09,1.00016
"beta_language_std[7,8]",-0.0183296,0.0270465,2.37854,2.21242,-3.83586,-0.0459221,3.66866,7710.71,7775.68,1.00025
"beta_language_std[7,9]",0.0218918,0.0268813,2.36654,2.21558,-3.75881,0.040621,3.76431,7791.86,7753.24,0.99993
"beta_language_std[7,10]",-0.0304359,0.0262617,2.33396,2.19515,-3.78477,-0.0214176,3.69328,7929.85,7804.52,0.999671
"beta_language_std[7,11]",-0.0130429,0.0259978,2.34539,2.21904,-3.77809,-0.00502901,3.75606,8117.25,7807.24,1.00014
"beta_language_std[7,12]",-0.030022,0.0270618,2.36188,2.24807,-3.84349,-0.00929923,3.73446,7632.16,7886.7,1.00071
"beta_language_std[8,1]",0.0672668,0.0268883,2.33281,2.1806,-3.64894,0.0257086,3.85898,7589.64,7472.14,0.999902
"beta_language_std[8,2]",-0.0191154,0.0265107,2.35596,2.19054,-3.78023,-0.00346556,3.73797,8107.27,7825.55,1.00025
"beta_language_std[8,3]",0.00782418,0.0262451,2.35251,2.20001,-3.75199,0.0429348,3.79686,8055.14,7763.42,1.00004
"beta_language_std[8,4]",-0.00756284,0.0260734,2.33347,2.14855,-3.77897,0.0372109,3.75707,8008.14,8111.08,1.00025
"beta_language_std[8,5]",0.000501136,0.0269527,2.36999,2.19816,-3.74512,-0.000354639,3.76945,7758.32,7431.5,0.999919
"beta_language_std[8,6]",0.0143712,0.0263271,2.3312,2.20333,-3.78883,0.0411062,3.76533,7878.51,7728.21,1.00028
"beta_language_std[8,7]",0.00145047,0.0260227,2.34047,2.18518,-3.76736,-0.0453849,3.76869,8121.06,7665.84,0.999665
"beta_language_std[8,8]",-0.0190816,0.0268478,2.36654,2.22963,-3.80773,-0.019821,3.7037,7774.47,7863.19,1.00011
"beta_language_std[8,9]",-0.0153681,0.0267075,2.37274,2.22352,-3.83329,0.00413218,3.82752,7910.04,8006.98,0.9999
"beta_language_std[8,10]",-0.0385759,0.0265954,2.29459,2.16893,-3.77391,-0.0270844,3.62832,7496.89,7483.15,0.99987
"beta_language_std[8,11]",0.00354657,0.0263205,2.35219,2.17339,-3.72553,-0.0211921,3.75287,7983.17,7384.96,1.00062
"beta_language_std[8,12]",0.00474344,0.0281015,2.40403,2.2439,-3.88975,0.0276158,3.81244,7336.68,7890.75,1.00028
"beta_language_std[9,1]",0.0210663,0.0268612,2.34,2.18346,-3.71585,0.00590171,3.81999,7648.19,7686.61,0.999801
"beta_language_std[9,2]",-0.00959935,0.0269054,2.37703,2.218,-3.82368,0.000916048,3.78032,7978.07,8279.61,1.00022
"beta_language_std[9,3]",-0.00908138,0.0264363,2.37278,2.21911,-3.82277,-0.00144284,3.73614,8044.82,7837.95,1.00023
"beta_language_std[9,4]",0.00411577,0.026252,2.32564,2.17996,-3.7457,0.00360317,3.71868,7953.49,7890.54,1.00001
"beta_language_std[9,5]",-0.00305533,0.0267121,2.35189,2.22466,-3.83788,0.0137793,3.77625,7864.12,7678.56,1.00036
"beta_language_std[9,6]",0.0244704,0.0266704,2.34919,2.16389,-3.78901,0.0482314,3.72041,7762.57,7595.96,0.999942
"beta_language_std[9,7]",0.00607442,0.0261422,2.37676,2.21257,-3.81702,0.0204852,3.76966,8270.15,7730.36,0.999809
"beta_language_std[9,8]",-0.0178471,0.0269626,2.33897,2.18088,-3.81431,-0.0127066,3.65228,7532.64,7665.44,0.999745
"beta_language_std[9,9]",-0.00230671,0.0262774,2.36139,2.20116,-3.69449,-0.024019,3.79538,8131.43,7876.03,1.00027
"beta_language_std[9,10]",0.0150888,0.0266367,2.33777,2.21083,-3.74023,0.0261929,3.78242,7678.45,7553.73,1.00025
"beta_language_std[9,11]",-0.015349,0.0262192,2.33547,2.2383,-3.75791,-0.00253739,3.74164,7963.47,7971.15,1.00003
"beta_language_std[9,12]",-0.0135767,0.027199,2.38098,2.22969,-3.80989,0.0217863,3.81383,7667.61,7890.11,1.00003
"beta_language_std[10,1]",0.02032,0.0263158,2.33042,2.18606,-3.68567,-0.0216076,3.77139,7893.58,7728.17,1.00014
"beta_language_std[10,2]",-0.017828,0.0267103,2.39463,2.25321,-3.85761,0.00086977,3.84112,8086.69,7929.91,1.00024
"beta_language_std[10,3]",-0.0162194,0.0266293,2.38261,2.21159,-3.86634,-0.0026498,3.76981,8041.62,7441.76,1.00015
"beta_language_std[10,4]",-0.00383755,0.0264618,2.36544,2.18493,-3.76713,0.0057475,3.77467,7980.96,7877.84,1.00019
"beta_language_std[10,5]",0.0304776,0.0269408,2.37275,2.21255,-3.74713,0.0261176,3.85053,7764.78,7698.46,1.00006
"beta_language_std[10,6]",0.0161557,0.0270613,2.34308,2.20826,-3.77225,0.0558203,3.67866,7530.59,7323.2,1.00043
"beta_language_std[10,7]",-0.0048244,0.0266237,2.35918,2.19019,-3.83454,0.00550351,3.73293,7856.99,7793.38,0.99976
"beta_language_std[10,8]",-0.0253815,0.0274235,2.32776,2.18262,-3.83737,0.00946663,3.62106,7235.23,7767.11,1.00032
"beta_language_std[10,9]",0.00938092,0.0261202,2.33183,2.16122,-3.70693,-0.00242286,3.85771,8020.2,7456.03,1.00038
"beta_language_std[10,10]",0.0139563,0.0263685,2.32927,2.19021,-3.71009,-0.0056214,3.81284,7830.58,7516.91,0.999887
"beta_language_std[10,11]",-0.024386,0.0265024,2.3442,2.17102,-3.71547,-0.0550168,3.7415,7852.35,7844.78,1.0011
"beta_language_std[10,12]",0.00218634,0.0272212,2.39246,2.2219,-3.79304,0.0052793,3.77275,7691.19,7931.07,1.00002
"beta_task_std_unc[1,1]",-0.0256534,0.0251754,2.28659,2.16136,-3.70296,-0.040142,3.64136,8227.76,7929.58,1.00018
"beta_task_std_unc[1,2]",-0.00157618,0.0267019,2.3381,2.12445,-3.70355,-0.0103804,3.65839,7822.67,7805.81,1.00017
"beta_task_std_unc[1,3]",-0.0216672,0.0274045,2.35813,2.17033,-3.698,0.00569449,3.64425,7447.89,7577.48,1.00014
"beta_task_std_unc[1,4]",0.0118095,0.0263715,2.36475,2.13793,-3.72624,0.0166448,3.76724,8017.52,7763.33,1.00004
"beta_task_std_unc[1,5]",-0.0104246,0.0262001,2.31157,2.12465,-3.6604,-0.0366204,3.65695,7938.58,7786.39,1.00022
"beta_task_std_unc[1,6]",-0.0150016,0.0259473,2.36195,2.17446,-3.68467,-0.0420867,3.76234,8295.77,7521.04,1.0002
"beta_task_std_unc[1,7]",0.00302469,0.0270128,2.37419,2.15536,-3.78245,0.0187625,3.69339,7769.13,6879.87,1.00012
"beta_task_std_unc[2,1]",-0.020605,0.0266087,2.32854,2.15412,-3.71256,-0.0328262,3.65365,7699.85,7652.68,1.00004
"beta_task_std_unc[2,2]",-0.0224585,0.0259169,2.33741,2.17081,-3.7461,0.00204976,3.65684,8130.14,7678.18,0.99992
"beta_task_std_unc[2,3]",0.0119621,0.0265973,2.35414,2.15928,-3.70598,0.0128219,3.74946,7994.25,7344.61,0.999954
"beta_task_std_unc[2,4]",0.0245855,0.0265152,2.34206,2.17896,-3.64631,0.0496419,3.75369,7846.87,7938.02,1.00003
"beta_task_std_unc[2,5]",-0.00766981,0.0257714,2.31082,2.12332,-3.73248,0.00668638,3.67047,8107.96,8096.28,1.00016
"beta_task_std_unc[2,6]",0.00213495,0.0258183,2.33145,2.19339,-3.74458,-0.0341508,3.69123,8167.66,7827.43,1.00031
"beta_task_std_unc[2,7]",0.0105644,0.0265262,2.34301,2.12965,-3.78772,0.0352473,3.77011,7819.75,7950.14,0.9998
"beta_task_std_unc[3,1]",0.00558541,0.0258615,2.3002,2.14776,-3.67134,0.00541056,3.67604,7918.9,7846.3,0.999772
"beta_task_std_unc[3,2]",-0.0100466,0.0272628,2.33863,2.13527,-3.71457,-0.0177378,3.71599,7374.7,7447.16,1.00047
"beta_task_std_unc[3,3]",0.0162184,0.026359,2.34099,2.14895,-3.6775,0.0133027,3.74577,7927.85,7652.33,1.00052
"beta_task_std_unc[3,4]",-0.0182782,0.0264627,2.34915,2.15751,-3.72369,-0.00171717,3.68882,7909.1,8053.74,1.00012
"beta_task_std_unc[3,5]",0.021715,0.0261704,2.28686,2.09649,-3.59312,-0.00185219,3.71222,7730.78,7677.11,1.00027
"beta_task_std_unc[3,6]",0.00742892,0.0262675,2.37508,2.18229,-3.70596,-0.0265515,3.74501,8228.31,8000.48,1.00051
"beta_task_std_unc[3,7]",-0.00107489,0.0270978,2.33844,2.14061,-3.75484,0.000152632,3.67735,7611.19,7332.72,1.00023
"beta_task_std_unc[4,1]",-0.00136653,0.0262172,2.3347,2.11793,-3.67256,0.00930018,3.76344,7933.0,8065.34,0.999841
"beta_task_std_unc[4,2]",-0.0246606,0.0254715,2.33491,2.14188,-3.75926,-0.0188909,3.68453,8361.35,7956.82,1.00071
"beta_task_std_unc[4,3]",-0.0211643,0.0267362,2.32959,2.16451,-3.77052,0.0110036,3.58649,7615.81,6959.0,1.00039
"beta_task_std_unc[4,4]",0.00716282,0.0262011,2.3217,2.15643,-3.65982,-0.0135522,3.74986,7917.58,7898.5,0.99991
"beta_task_std_unc[4,5]",0.0212609,0.0259478,2.3304,2.14498,-3.61027,0.00738715,3.74542,8027.61,7853.91,1.00006
"beta_task_std_unc[4,6]",-0.0110027,0.0255616,2.32294,2.15979,-3.73129,-0.048712,3.74426,8320.42,7953.08,1.00012
"beta_task_std_unc[4,7]",0.0276796,0.0270547,2.36495,2.13974,-3.6784,0.0330309,3.7762,7631.25,7768.11,1.0001
"beta_task_std_unc[5,1]",-0.0227667,0.0258064,2.3394,2.14276,-3.70191,-0.0115672,3.62937,8216.51,7955.57,0.999954
"beta_task_std_unc[5,2]",0.00332594,0.0260947,2.28326,2.13822,-3.59152,-0.0222689,3.61562,7875.52,7928.2,1.00008
"beta_task_std_unc[5,3]",-0.0158904,0.0260398,2.3292,2.19156,-3.77594,-0.0191563,3.69623,7977.93,7651.44,1.00023
"beta_task_std_unc[5,4]",0.0207565,0.026495,2.36141,2.16589,-3.73667,0.0413699,3.72295,8002.03,7043.12,0.999924
"beta_task_std_unc[5,5]",-0.00404087,0.0252244,2.27536,2.08303,-3.61791,-0.0161927,3.69468,8215.49,7744.26,0.999872
"beta_task_std_unc[5,6]",-0.0160562,0.0263457,2.37159,2.18466,-3.77789,-0.0286917,3.69325,8151.91,8033.07,1.00044
"beta_task_std_unc[5,7]",-0.00359674,0.0269277,2.34097,2.1334,-3.75944,0.0140442,3.6978,7561.11,7872.74,1.00016
"beta_task_std_unc[6,1]",-0.0224588,0.0262836,2.31963,2.133,-3.6864,-0.0303768,3.67967,7817.25,7764.89,0.999957
"beta_task_std_unc[6,2]",0.00418995,0.0257978,2.25923,2.10619,-3.62167,0.00700207,3.63313,7683.24,7751.18,0.999966
"beta_task_std_unc[6,3]",0.0123805,0.0263711,2.31919,2.17815,-3.72463,0.00146874,3.73703,7839.85,7982.97,0.999944
"beta_task_std_unc[6,4]",0.0277793,0.0266678,2.37369,2.1478,-3.68278,0.0174401,3.79523,7899.74,7923.75,1.00013
"beta_task_std_unc[6,5]",-0.0101757,0.02554,2.32456,2.12953,-3.7396,0.0124158,3.58977,8317.97,7938.17,1.00005
"beta_task_std_unc[6,6]",0.0128238,0.0256425,2.33929,2.16905,-3.61492,-0.00809263,3.78577,8370.58,7929.3,1.00089
"beta_task_std_unc[6,7]",0.022061,0.0264317,2.33317,2.12451,-3.73444,0.0368398,3.74515,7785.18,7971.85,1.0004
"beta_task_std_unc[7,1]",-0.0128443,0.0265397,2.36776,2.14704,-3.70215,-0.0173376,3.80242,8080.6,8079.33,0.999948
"beta_task_std_unc[7,2]",-0.0268719,0.0255665,2.32074,2.13197,-3.65652,-0.0249643,3.68295,8248.86,8085.54,1.00011
"beta_task_std_unc[7,3]",-0.00164917,0.0271378,2.34402,2.20499,-3.7449,0.0441933,3.68052,7505.67,7355.9,1.00015
"beta_task_std_unc[7,4]",0.0294485,0.0262562,2.36064,2.18463,-3.75937,0.00836559,3.83718,8098.95,7636.7,1.00024
"beta_task_std_unc[7,5]",0.0232648,0.0262472,2.31758,2.09451,-3.67095,-0.00198703,3.7827,7881.43,7781.47,1.00018
"beta_task_std_unc[7,6]",-0.016323,0.0270466,2.3939,2.17199,-3.72411,-0.0224418,3.75648,7967.74,7715.05,0.999993
"beta_task_std_unc[7,7]",0.0106165,0.0271048,2.36189,2.16173,-3.76266,0.0159265,3.77592,7583.88,7741.93,1.00027
"beta_task_std_unc[8,1]",-0.0162888,0.0259301,2.30948,2.12478,-3.66522,-0.0188688,3.66181,7954.5,7953.58,0.999833
"beta_task_std_unc[8,2]",0.0192827,0.0259871,2.33681,2.1579,-3.59988,-0.0247804,3.71503,8039.41,7796.53,0.999974
"beta_task_std_unc[8,3]",-0.0131973,0.0274553,2.34031,2.18985,-3.71336,-0.0189725,3.67136,7849.6,7556.38,1.00075
"beta_task_std_unc[8,4]",0.0113877,0.0260705,2.33135,2.13858,-3.67856,0.0375705,3.64947,8007.68,7704.12,1.00015
"beta_task_std_unc[8,5]",0.000587821,0.0253578,2.30608,2.10273,-3.70594,-0.00918568,3.69414,8296.06,8016.02,1.00012
"beta_task_std_unc[8,6]",-0.000782942,0.0252984,2.31165,2.18635,-3.66452,-0.0243631,3.7216,8348.1,7837.27,1.00023
"beta_task_std_unc[8,7]",-0.000792682,0.0264195,2.32218,2.15152,-3.75328,-0.00264019,3.67606,7730.11,7544.02,1.00025
"beta_task_std_unc[9,1]",-0.0308242,0.0263038,2.32981,2.12139,-3.81769,-0.0361251,3.66215,7894.88,7643.47,1.00008
"beta_task_std_unc[9,2]",0.0179255,0.026494,2.36076,2.14739,-3.7305,0.0253836,3.71921,7935.96,7847.42,1.00036
"beta_task_std_unc[9,3]",0.0219373,0.0258683,2.32158,2.16789,-3.73731,0.0178306,3.6884,8127.67,7954.13,0.999793
"beta_task_std_unc[9,4]",0.00980107,0.0262417,2.31995,2.1238,-3.6277,-0.0017954,3.71791,7737.35,7873.86,1.00046
"beta_task_std_unc[9,5]",0.00761396,0.0255155,2.30464,2.11417,-3.65085,-0.00365357,3.70791,8185.76,7973.27,1.00016
"beta_task_std_unc[9,6]",-0.0493061,0.0262016,2.32189,2.18365,-3.78037,-0.0489014,3.68074,7830.53,7809.21,1.00036
"beta_task_std_unc[9,7]",0.0152336,0.0269513,2.35687,2.15638,-3.76881,0.0189636,3.74612,7643.6,7700.21,1.00071
"beta_task_std_unc[10,1]",0.000160938,0.0261126,2.3397,2.11863,-3.64288,-0.0268332,3.76506,7984.99,8144.71,0.999991
"beta_task_std_unc[10,2]",-0.0177152,0.0263034,2.34037,2.10382,-3.65601,-0.00715083,3.61794,7921.35,7676.45,1.00032
"beta_task_std_unc[10,3]",0.00600887,0.0267051,2.35902,2.15243,-3.72256,0.024563,3.74128,7969.36,7865.06,1.00016
"beta_task_std_unc[10,4]",0.0259446,0.0252161,2.31907,2.13194,-3.62529,0.0260309,3.73768,8475.56,8197.27,1.00014
"beta_task_std_unc[10,5]",0.00931029,0.0256046,2.31819,2.10781,-3.68012,0.0232155,3.6713,8259.56,8011.57,1.00037
"beta_task_std_unc[10,6]",-0.00559267,0.0258926,2.34943,2.17309,-3.63996,-0.0474669,3.73368,8210.69,7933.75,1.00056
"beta_task_std_unc[10,7]",0.0476373,0.0266782,2.32494,2.15196,-3.6745,0.0334788,3.81782,7614.38,7834.23,1.00048
"beta_task_std[1,1]",-0.017155,0.0248276,2.23219,2.15838,-3.67838,-0.021005,3.58472,8083.29,7816.75,1.00005
"beta_task_std[1,2]",0.00692217,0.025628,2.27629,2.0831,-3.67492,-0.000892742,3.62301,7979.06,7889.34,1.00009
"beta_task_std[1,3]",-0.0131688,0.026391,2.29926,2.16507,-3.73046,0.0167175,3.63176,7654.76,7599.99,1.0002
"beta_task_std[1,4]",0.0203079,0.0257713,2.29783,2.14213,-3.63807,0.00963904,3.69944,7940.66,8041.62,1.00003
"beta_task_std[1,5]",-0.00192624,0.0255607,2.25204,2.11937,-3.55612,-0.025826,3.58928,7890.91,7731.48,1.00032
"beta_task_std[1,6]",-0.00650323,0.0251993,2.30364,2.20163,-3.63394,-0.0226281,3.71096,8358.65,7437.8,1.00031
"beta_task_std[1,7]",0.0115231,0.0263866,2.31072,2.16423,-3.76689,0.0468412,3.68512,7692.5,7008.57,1.00014
"beta_task_std[2,1]",-0.0203927,0.026007,2.2718,2.17028,-3.67084,-0.038906,3.60963,7672.42,7711.12,1.00003
"beta_task_std[2,2]",-0.0222462,0.0253866,2.28428,2.15854,-3.68172,0.0129682,3.60361,8100.85,7926.16,1.00004
"beta_task_std[2,3]",0.0121744,0.0258159,2.29155,2.18148,-3.66226,0.00824764,3.68051,8031.92,7615.94,0.999896
"beta_task_std[2,4]",0.0247979,0.0257489,2.28143,2.1864,-3.63104,0.0284614,3.71284,7893.48,7403.61,0.999917
"beta_task_std[2,5]",-0.0074574,0.0251365,2.2584,2.10953,-3.67402,-0.0143231,3.66096,8135.92,7776.88,1.0
"beta_task_std[2,6]",0.00234726,0.0251938,2.27516,2.19919,-3.62226,-0.0273946,3.67425,8158.7,7928.34,1.00027
"beta_task_std[2,7]",0.0107768,0.0258675,2.27726,2.11257,-3.69872,0.031906,3.71024,7768.93,7675.5,0.999925
"beta_task_std[3,1]",0.00250716,0.0251488,2.24003,2.12347,-3.59796,-0.014517,3.61598,7951.73,7499.24,0.999822
"beta_task_std[3,2]",-0.013125,0.0264224,2.27224,2.12817,-3.67649,-0.026101,3.66828,7354.94,7786.8,1.00039
"beta_task_std[3,3]",0.0131401,0.0258572,2.289,2.16837,-3.69302,0.0347105,3.68597,7859.63,7846.96,1.00074
"beta_task_std[3,4]",-0.0213565,0.0257085,2.28721,2.16619,-3.69288,0.00324244,3.64803,7949.96,8185.31,1.00007
"beta_task_std[3,5]",0.0186367,0.0254536,2.23502,2.05698,-3.59435,0.00291999,3.70991,7761.8,7936.97,1.00023
"beta_task_std[3,6]",0.00435062,0.0255465,2.30094,2.19131,-3.63808,-0.0463968,3.66883,8152.26,7716.57,1.00042
"beta_task_std[3,7]",-0.0041532,0.0267827,2.27326,2.12211,-3.67395,0.0117009,3.61258,7426.31,7642.42,1.00029
"beta_task_std[4,1]",-0.00106786,0.0255116,2.26862,2.11805,-3.64248,0.0142855,3.62068,7924.86,7888.59,0.999833
"beta_task_std[4,2]",-0.0243619,0.0248471,2.27328,2.16192,-3.74453,-0.0280829,3.6008,8342.6,7667.81,1.0006
"beta_task_std[4,3]",-0.0208656,0.0264541,2.27474,2.16916,-3.76844,0.0169412,3.52655,7433.36,7410.09,1.00033
"beta_task_std[4,4]",0.00746149,0.0254373,2.26801,2.20102,-3.61184,-0.0112774,3.71959,7997.84,7672.82,0.999772
"beta_task_std[4,5]",0.0215597,0.0252095,2.27314,2.1462,-3.59809,0.0115001,3.72773,8113.83,7972.59,1.00012
"beta_task_std[4,6]",-0.010704,0.0250364,2.26465,2.16223,-3.62551,-0.0457884,3.68434,8253.29,7741.02,1.00022
"beta_task_std[4,7]",0.0279783,0.0261527,2.29113,2.15367,-3.58023,0.0294522,3.65781,7682.6,7797.38,1.00006
"beta_task_std[5,1]",-0.0172997,0.0253029,2.2769,2.1489,-3.67221,-0.00278318,3.58545,8092.06,8058.02,0.999867
"beta_task_std[5,2]",0.00879282,0.0253519,2.2249,2.13372,-3.5411,-0.00600167,3.62764,7868.17,7970.85,1.00001
"beta_task_std[5,3]",-0.0104235,0.025448,2.27062,2.22785,-3.67428,-0.0219772,3.62323,7978.21,7690.78,1.00009
"beta_task_std[5,4]",0.0262234,0.0256176,2.29462,2.1834,-3.67954,0.0384647,3.66328,8055.45,7689.2,0.999926
"beta_task_std[5,5]",0.00142605,0.0243474,2.22154,2.08474,-3.59485,-0.0193253,3.636,8389.25,7858.01,0.999992
"beta_task_std[5,6]",-0.0105893,0.0253968,2.30467,2.20126,-3.66219,-0.017463,3.64996,8258.64,7844.52,1.00055
"beta_task_std[5,7]",0.00187018,0.0262207,2.28486,2.1394,-3.7093,0.0145144,3.70929,7601.45,7822.66,1.00023
"beta_task_std[6,1]",-0.0291159,0.0254742,2.25822,2.15583,-3.67712,-0.0152701,3.57247,7879.22,7770.55,0.999878
"beta_task_std[6,2]",-0.0024672,0.0253422,2.20611,2.11775,-3.56999,-0.0128851,3.56736,7620.34,8052.4,1.00003
"beta_task_std[6,3]",0.00572334,0.0256894,2.26866,2.17262,-3.70975,-0.00334424,3.68757,7842.11,8144.1,0.999853
"beta_task_std[6,4]",0.0211222,0.0258961,2.3059,2.13934,-3.69107,0.00410683,3.7341,7911.57,7710.56,1.00002
"beta_task_std[6,5]",-0.0168329,0.024806,2.26633,2.11588,-3.67822,0.0177273,3.57582,8403.03,8057.48,1.00007
"beta_task_std[6,6]",0.00616662,0.0249775,2.28136,2.17516,-3.56874,-0.0022748,3.68308,8373.77,8054.95,1.00072
"beta_task_std[6,7]",0.0154039,0.0256728,2.26402,2.16296,-3.65487,0.011653,3.63877,7774.61,7877.88,1.00044
"beta_task_std[7,1]",-0.0136502,0.0263148,2.2994,2.19162,-3.64293,-0.00849935,3.70943,7917.81,8056.74,1.00009
"beta_task_std[7,2]",-0.0276779,0.0249654,2.25123,2.10357,-3.63679,-0.0313753,3.58011,8108.02,7876.14,1.00013
"beta_task_std[7,3]",-0.00245508,0.0264103,2.28421,2.19159,-3.672,0.024066,3.67704,7490.66,7554.15,1.00014
"beta_task_std[7,4]",0.0286425,0.0255648,2.30696,2.1969,-3.71944,0.0226032,3.79202,8150.02,7871.22,1.00031
"beta_task_std[7,5]",0.0224589,0.0256436,2.26137,2.12054,-3.59708,0.00391446,3.69077,7773.22,7900.32,1.00021
"beta_task_std[7,6]",-0.0171288,0.0262338,2.31948,2.16836,-3.71132,-0.0371166,3.7618,7924.95,7385.96,0.999937
"beta_task_std[7,7]",0.00981062,0.0261533,2.29301,2.13814,-3.67978,0.0332763,3.65795,7684.82,8015.91,1.00014
"beta_task_std[8,1]",-0.0163169,0.0254237,2.26041,2.17396,-3.62784,-0.0202614,3.6244,7923.15,7724.4,0.999878
"beta_task_std[8,2]",0.0192547,0.0250716,2.26287,2.17457,-3.58549,0.00836306,3.59209,8140.49,7847.71,0.999965
"beta_task_std[8,3]",-0.0132253,0.0262155,2.2798,2.19991,-3.65244,-0.00560086,3.57982,7895.27,7594.58,1.00078
"beta_task_std[8,4]",0.0113596,0.0251648,2.259,2.14761,-3.60054,0.0308834,3.60764,8101.39,7625.18,1.0001
"beta_task_std[8,5]",0.000559739,0.0248399,2.2505,2.09873,-3.70214,0.0168737,3.66545,8232.81,7807.5,1.00008
"beta_task_std[8,6]",-0.00081103,0.0248879,2.25182,2.16415,-3.60334,-0.00623033,3.67289,8224.47,7671.16,1.0002
"beta_task_std[8,7]",-0.000820691,0.0255291,2.25853,2.15316,-3.6967,0.014834,3.6165,7836.18,7848.61,1.00035
"beta_task_std[9,1]",-0.0297358,0.0254077,2.26341,2.14422,-3.68351,-0.034381,3.60979,7976.61,7684.62,0.999994
"beta_task_std[9,2]",0.0190139,0.0256611,2.28801,2.14428,-3.67585,0.0285798,3.67792,7938.04,7973.13,1.00036
"beta_task_std[9,3]",0.0230257,0.0254607,2.26467,2.17066,-3.63752,0.0289388,3.63271,7980.08,7709.75,0.999771
"beta_task_std[9,4]",0.0108895,0.0255506,2.25914,2.13562,-3.60392,0.0174139,3.63038,7789.94,8148.92,1.00034
"beta_task_std[9,5]",0.00870245,0.0249508,2.25611,2.1339,-3.62012,-0.0225329,3.74315,8202.71,7809.94,1.00023
"beta_task_std[9,6]",-0.0482177,0.0253699,2.25566,2.17114,-3.70532,-0.0765906,3.5985,7900.3,7687.68,1.00044
"beta_task_std[9,7]",0.016322,0.0263731,2.29795,2.13933,-3.71403,0.0280369,3.72434,7608.19,7724.11,1.00052
"beta_task_std[10,1]",-0.00923257,0.0253166,2.2757,2.11575,-3.5733,-0.0214141,3.67385,8058.49,7927.67,0.999911
"beta_task_std[10,2]",-0.0271086,0.0253828,2.2756,2.09572,-3.66789,-0.0377208,3.54811,7942.67,7811.97,1.00049
"beta_task_std[10,3]",-0.00338455,0.0254262,2.29071,2.15946,-3.7047,0.0354396,3.67441,8156.49,7555.97,1.00012
"beta_task_std[10,4]",0.0165511,0.0246444,2.26021,2.12813,-3.60951,0.0190216,3.6389,8431.41,7959.22,1.00016
"beta_task_std[10,5]",-8.31497e-05,0.0248026,2.26283,2.12865,-3.62736,0.0294843,3.63395,8365.32,8034.17,1.00029
"beta_task_std[10,6]",-0.0149861,0.0252477,2.28542,2.16812,-3.64441,-0.0538991,3.65708,8171.94,7912.17,1.00065
"beta_task_std[10,7]",0.0382439,0.026061,2.2656,2.16211,-3.57453,0.0557018,3.70589,7585.71,7801.86,1.00048
y_pred[1],,,,,,,,,,
y_pred[2],,,,,,,,,,
y_pred[3],,,,,,,,,,
y_pred[4],,,,,,,,,,
y_pred[5],,,,,,,,,,
y_pred[6],,,,,,,,,,
y_pred[7],,,,,,,,,,
y_pred[8],,,,,,,,,,
y_pred[9],,,,,,,,,,
y_pred[10],,,,,,,,,,
y_pred[11],,,,,,,,,,
y_pred[12],,,,,,,,,,
y_pred[13],,,,,,,,,,
y_pred[14],,,,,,,,,,
y_pred[15],,,,,,,,,,
y_pred[16],,,,,,,,,,
y_pred[17],,,,,,,,,,
y_pred[18],,,,,,,,,,
y_pred[19],,,,,,,,,,
y_pred[20],,,,,,,,,,
y_pred[21],,,,,,,,,,
y_pred[22],,,,,,,,,,
y_pred[23],,,,,,,,,,
y_pred[24],,,,,,,,,,
y_pred[25],,,,,,,,,,
y_pred[26],,,,,,,,,,
y_pred[27],,,,,,,,,,
y_pred[28],,,,,,,,,,
y_pred[29],,,,,,,,,,
y_pred[30],,,,,,,,,,
y_pred[31],,,,,,,,,,
y_pred[32],,,,,,,,,,
y_pred[33],,,,,,,,,,
y_pred[34],,,,,,,,,,
y_pred[35],,,,,,,,,,
y_pred[36],,,,,,,,,,
y_pred[37],,,,,,,,,,
y_pred[38],,,,,,,,,,
y_pred[39],,,,,,,,,,
y_pred[40],,,,,,,,,,
y_pred[41],,,,,,,,,,
y_pred[42],,,,,,,,,,
y_pred[43],,,,,,,,,,
y_pred[44],,,,,,,,,,
y_pred[45],,,,,,,,,,
y_pred[46],,,,,,,,,,
y_pred[47],,,,,,,,,,
y_pred[48],,,,,,,,,,
y_pred[49],,,,,,,,,,
y_pred[50],,,,,,,,,,
y_pred[51],,,,,,,,,,
y_pred[52],,,,,,,,,,
y_pred[53],,,,,,,,,,
y_pred[54],,,,,,,,,,
y_pred[55],,,,,,,,,,
y_pred[56],,,,,,,,,,
y_pred[57],,,,,,,,,,
y_pred[58],,,,,,,,,,
y_pred[59],,,,,,,,,,
y_pred[60],,,,,,,,,,
y_pred[61],,,,,,,,,,
y_pred[62],,,,,,,,,,
y_pred[63],,,,,,,,,,
y_pred[64],,,,,,,,,,
y_pred[65],,,,,,,,,,
y_pred[66],,,,,,,,,,
y_pred[67],,,,,,,,,,
y_pred[68],,,,,,,,,,
y_pred[69],,,,,,,,,,
y_pred[70],,,,,,,,,,
y_pred[71],,,,,,,,,,
y_pred[72],,,,,,,,,,
y_pred[73],,,,,,,,,,
y_pred[74],,,,,,,,,,
y_pred[75],,,,,,,,,,
y_pred[76],,,,,,,,,,
y_pred[77],,,,,,,,,,
y_pred[78],,,,,,,,,,
y_pred[79],,,,,,,,,,
y_pred[80],,,,,,,,,,
y_pred[81],,,,,,,,,,
y_pred[82],,,,,,,,,,
y_pred[83],,,,,,,,,,
y_pred[84],,,,,,,,,,
y_pred[85],,,,,,,,,,
y_pred[86],,,,,,,,,,
y_pred[87],,,,,,,,,,
y_pred[88],,,,,,,,,,
y_pred[89],,,,,,,,,,
y_pred[90],,,,,,,,,,
y_pred[91],,,,,,,,,,
y_pred[92],,,,,,,,,,
y_pred[93],,,,,,,,,,
y_pred[94],,,,,,,,,,
y_pred[95],,,,,,,,,,
y_pred[96],,,,,,,,,,
y_pred[97],,,,,,,,,,
y_pred[98],,,,,,,,,,
y_pred[99],,,,,,,,,,
y_pred[100],,,,,,,,,,
y_pred[101],,,,,,,,,,
y_pred[102],,,,,,,,,,
y_pred[103],,,,,,,,,,
y_pred[104],,,,,,,,,,
y_pred[105],,,,,,,,,,
y_pred[106],,,,,,,,,,
y_pred[107],,,,,,,,,,
y_pred[108],,,,,,,,,,
y_pred[109],,,,,,,,,,
y_pred[110],,,,,,,,,,
y_pred[111],,,,,,,,,,
y_pred[112],,,,,,,,,,
y_pred[113],,,,,,,,,,
y_pred[114],,,,,,,,,,
y_pred[115],,,,,,,,,,
y_pred[116],,,,,,,,,,
y_pred[117],,,,,,,,,,
y_pred[118],,,,,,,,,,
y_pred[119],,,,,,,,,,
y_pred[120],,,,,,,,,,
y_pred[121],,,,,,,,,,
y_pred[122],,,,,,,,,,
y_pred[123],,,,,,,,,,
y_pred[124],,,,,,,,,,
y_pred[125],,,,,,,,,,
y_pred[126],,,,,,,,,,
y_pred[127],,,,,,,,,,
y_pred[128],,,,,,,,,,
y_pred[129],,,,,,,,,,
y_pred[130],,,,,,,,,,
y_pred[131],,,,,,,,,,
y_pred[132],,,,,,,,,,
y_pred[133],,,,,,,,,,
y_pred[134],,,,,,,,,,
y_pred[135],,,,,,,,,,
y_pred[136],,,,,,,,,,
y_pred[137],,,,,,,,,,
y_pred[138],,,,,,,,,,
y_pred[139],,,,,,,,,,
y_pred[140],,,,,,,,,,
y_pred[141],,,,,,,,,,
y_pred[142],,,,,,,,,,
y_pred[143],,,,,,,,,,
y_pred[144],,,,,,,,,,
y_pred[145],,,,,,,,,,
y_pred[146],,,,,,,,,,
y_pred[147],,,,,,,,,,
y_pred[148],,,,,,,,,,
y_pred[149],,,,,,,,,,
y_pred[150],,,,,,,,,,
y_pred[151],,,,,,,,,,
y_pred[152],,,,,,,,,,
y_pred[153],,,,,,,,,,
y_pred[154],,,,,,,,,,
y_pred[155],,,,,,,,,,
y_pred[156],,,,,,,,,,
y_pred[157],,,,,,,,,,
y_pred[158],,,,,,,,,,
y_pred[159],,,,,,,,,,
y_pred[160],,,,,,,,,,
y_pred[161],,,,,,,,,,
y_pred[162],,,,,,,,,,
y_pred[163],,,,,,,,,,
y_pred[164],,,,,,,,,,
y_pred[165],,,,,,,,,,
y_pred[166],,,,,,,,,,
y_pred[167],,,,,,,,,,
y_pred[168],,,,,,,,,,
y_pred[169],,,,,,,,,,
y_pred[170],,,,,,,,,,
y_pred[171],,,,,,,,,,
y_pred[172],,,,,,,,,,
y_pred[173],,,,,,,,,,
y_pred[174],,,,,,,,,,
y_pred[175],,,,,,,,,,
y_pred[176],,,,,,,,,,
y_pred[177],,,,,,,,,,
y_pred[178],,,,,,,,,,
y_pred[179],,,,,,,,,,
y_pred[180],,,,,,,,,,
y_pred[181],,,,,,,,,,
y_pred[182],,,,,,,,,,
y_pred[183],,,,,,,,,,
y_pred[184],,,,,,,,,,
y_pred[185],,,,,,,,,,
y_pred[186],,,,,,,,,,
y_pred[187],,,,,,,,,,
y_pred[188],,,,,,,,,,
y_pred[189],,,,,,,,,,
y_pred[190],,,,,,,,,,
y_pred[191],,,,,,,,,,
y_pred[192],,,,,,,,,,
y_pred[193],,,,,,,,,,
y_pred[194],,,,,,,,,,
y_pred[195],,,,,,,,,,
y_pred[196],,,,,,,,,,
y_pred[197],,,,,,,,,,
y_pred[198],,,,,,,,,,
y_pred[199],,,,,,,,,,
y_pred[200],,,,,,,,,,
y_pred[201],,,,,,,,,,
y_pred[202],,,,,,,,,,
y_pred[203],,,,,,,,,,
y_pred[204],,,,,,,,,,
y_pred[205],,,,,,,,,,
y_pred[206],,,,,,,,,,
y_pred[207],,,,,,,,,,
y_pred[208],,,,,,,,,,
y_pred[209],,,,,,,,,,
y_pred[210],,,,,,,,,,
y_pred[211],,,,,,,,,,
y_pred[212],,,,,,,,,,
y_pred[213],,,,,,,,,,
y_pred[214],,,,,,,,,,
y_pred[215],,,,,,,,,,
y_pred[216],,,,,,,,,,
y_pred[217],,,,,,,,,,
y_pred[218],,,,,,,,,,
y_pred[219],,,,,,,,,,
y_pred[220],,,,,,,,,,
y_pred[221],,,,,,,,,,
y_pred[222],,,,,,,,,,
y_pred[223],,,,,,,,,,
y_pred[224],,,,,,,,,,
y_pred[225],,,,,,,,,,
y_pred[226],,,,,,,,,,
y_pred[227],,,,,,,,,,
y_pred[228],,,,,,,,,,
y_pred[229],,,,,,,,,,
y_pred[230],,,,,,,,,,
y_pred[231],,,,,,,,,,
y_pred[232],,,,,,,,,,
y_pred[233],,,,,,,,,,
y_pred[234],,,,,,,,,,
y_pred[235],,,,,,,,,,
y_pred[236],,,,,,,,,,
y_pred[237],,,,,,,,,,
y_pred[238],,,,,,,,,,
y_pred[239],,,,,,,,,,
y_pred[240],,,,,,,,,,
y_pred[241],,,,,,,,,,
y_pred[242],,,,,,,,,,
y_pred[243],,,,,,,,,,
y_pred[244],,,,,,,,,,
y_pred[245],,,,,,,,,,
y_pred[246],,,,,,,,,,
y_pred[247],,,,,,,,,,
y_pred[248],,,,,,,,,,
y_pred[249],,,,,,,,,,
y_pred[250],,,,,,,,,,
y_pred[251],,,,,,,,,,
y_pred[252],,,,,,,,,,
y_pred[253],,,,,,,,,,
y_pred[254],,,,,,,,,,
y_pred[255],,,,,,,,,,
y_pred[256],,,,,,,,,,
y_pred[257],,,,,,,,,,
y_pred[258],,,,,,,,,,
y_pred[259],,,,,,,,,,
y_pred[260],,,,,,,,,,
y_pred[261],,,,,,,,,,
y_pred[262],,,,,,,,,,
y_pred[263],,,,,,,,,,
y_pred[264],,,,,,,,,,
y_pred[265],,,,,,,,,,
y_pred[266],,,,,,,,,,
y_pred[267],,,,,,,,,,
y_pred[268],,,,,,,,,,
y_pred[269],,,,,,,,,,
y_pred[270],,,,,,,,,,
y_pred[271],,,,,,,,,,
y_pred[272],,,,,,,,,,
y_pred[273],,,,,,,,,,
y_pred[274],,,,,,,,,,
y_pred[275],,,,,,,,,,
y_pred[276],,,,,,,,,,
y_pred[277],,,,,,,,,,
y_pred[278],,,,,,,,,,
y_pred[279],,,,,,,,,,
y_pred[280],,,,,,,,,,
y_pred[281],,,,,,,,,,
y_pred[282],,,,,,,,,,
y_pred[283],,,,,,,,,,
y_pred[284],,,,,,,,,,
y_pred[285],,,,,,,,,,
y_pred[286],,,,,,,,,,
y_pred[287],,,,,,,,,,
y_pred[288],,,,,,,,,,
y_pred[289],,,,,,,,,,
y_pred[290],,,,,,,,,,
y_pred[291],,,,,,,,,,
y_pred[292],,,,,,,,,,
y_pred[293],,,,,,,,,,
y_pred[294],,,,,,,,,,
y_pred[295],,,,,,,,,,
y_pred[296],,,,,,,,,,
y_pred[297],,,,,,,,,,
y_pred[298],,,,,,,,,,
y_pred[299],,,,,,,,,,
y_pred[300],,,,,,,,,,
y_pred[301],,,,,,,,,,
y_pred[302],,,,,,,,,,
y_pred[303],,,,,,,,,,
y_pred[304],,,,,,,,,,
y_pred[305],,,,,,,,,,
y_pred[306],,,,,,,,,,
y_pred[307],,,,,,,,,,
y_pred[308],,,,,,,,,,
y_pred[309],,,,,,,,,,
y_pred[310],,,,,,,,,,
y_pred[311],,,,,,,,,,
y_pred[312],,,,,,,,,,
y_pred[313],,,,,,,,,,
y_pred[314],,,,,,,,,,
y_pred[315],,,,,,,,,,
y_pred[316],,,,,,,,,,
y_pred[317],,,,,,,,,,
y_pred[318],,,,,,,,,,
y_pred[319],,,,,,,,,,
y_pred[320],,,,,,,,,,
y_pred[321],,,,,,,,,,
y_pred[322],,,,,,,,,,
y_pred[323],,,,,,,,,,
y_pred[324],,,,,,,,,,
y_pred[325],,,,,,,,,,
y_pred[326],,,,,,,,,,
y_pred[327],,,,,,,,,,
y_pred[328],,,,,,,,,,
y_pred[329],,,,,,,,,,
y_pred[330],,,,,,,,,,
y_pred[331],,,,,,,,,,
y_pred[332],,,,,,,,,,
y_pred[333],,,,,,,,,,
y_pred[334],,,,,,,,,,
y_pred[335],,,,,,,,,,
y_pred[336],,,,,,,,,,
y_pred[337],,,,,,,,,,
y_pred[338],,,,,,,,,,
y_pred[339],,,,,,,,,,
y_pred[340],,,,,,,,,,
y_pred[341],,,,,,,,,,
y_pred[342],,,,,,,,,,
y_pred[343],,,,,,,,,,
y_pred[344],,,,,,,,,,
y_pred[345],,,,,,,,,,
y_pred[346],,,,,,,,,,
y_pred[347],,,,,,,,,,
y_pred[348],,,,,,,,,,
y_pred[349],,,,,,,,,,
y_pred[350],,,,,,,,,,
y_pred[351],,,,,,,,,,
y_pred[352],,,,,,,,,,
y_pred[353],,,,,,,,,,
y_pred[354],,,,,,,,,,
y_pred[355],,,,,,,,,,
y_pred[356],,,,,,,,,,
y_pred[357],,,,,,,,,,
y_pred[358],,,,,,,,,,
y_pred[359],,,,,,,,,,
y_pred[360],,,,,,,,,,
y_pred[361],,,,,,,,,,
y_pred[362],,,,,,,,,,
y_pred[363],,,,,,,,,,
y_pred[364],,,,,,,,,,
y_pred[365],,,,,,,,,,
y_pred[366],,,,,,,,,,
y_pred[367],,,,,,,,,,
y_pred[368],,,,,,,,,,
y_pred[369],,,,,,,,,,
y_pred[370],,,,,,,,,,
y_pred[371],,,,,,,,,,
y_pred[372],,,,,,,,,,
y_pred[373],,,,,,,,,,
y_pred[374],,,,,,,,,,
y_pred[375],,,,,,,,,,
y_pred[376],,,,,,,,,,
y_pred[377],,,,,,,,,,
y_pred[378],,,,,,,,,,
y_pred[379],,,,,,,,,,
y_pred[380],,,,,,,,,,
y_pred[381],,,,,,,,,,
y_pred[382],,,,,,,,,,
y_pred[383],,,,,,,,,,
y_pred[384],,,,,,,,,,
y_pred[385],,,,,,,,,,
y_pred[386],,,,,,,,,,
y_pred[387],,,,,,,,,,
y_pred[388],,,,,,,,,,
y_pred[389],,,,,,,,,,
y_pred[390],,,,,,,,,,
y_pred[391],,,,,,,,,,
y_pred[392],,,,,,,,,,
y_pred[393],,,,,,,,,,
y_pred[394],,,,,,,,,,
y_pred[395],,,,,,,,,,
y_pred[396],,,,,,,,,,
y_pred[397],,,,,,,,,,
y_pred[398],,,,,,,,,,
y_pred[399],,,,,,,,,,
y_pred[400],,,,,,,,,,
y_pred[401],,,,,,,,,,
y_pred[402],,,,,,,,,,
y_pred[403],,,,,,,,,,
y_pred[404],,,,,,,,,,
y_pred[405],,,,,,,,,,
y_pred[406],,,,,,,,,,
y_pred[407],,,,,,,,,,
y_pred[408],,,,,,,,,,
y_pred[409],,,,,,,,,,
y_pred[410],,,,,,,,,,
y_pred[411],,,,,,,,,,
y_pred[412],,,,,,,,,,
y_pred[413],,,,,,,,,,
y_pred[414],,,,,,,,,,
y_pred[415],,,,,,,,,,
y_pred[416],,,,,,,,,,
y_pred[417],,,,,,,,,,
y_pred[418],,,,,,,,,,
y_pred[419],,,,,,,,,,
y_pred[420],,,,,,,,,,
y_pred[421],,,,,,,,,,
y_pred[422],,,,,,,,,,
y_pred[423],,,,,,,,,,
y_pred[424],,,,,,,,,,
y_pred[425],,,,,,,,,,
y_pred[426],,,,,,,,,,
y_pred[427],,,,,,,,,,
y_pred[428],,,,,,,,,,
y_pred[429],,,,,,,,,,
y_pred[430],,,,,,,,,,
y_pred[431],,,,,,,,,,
y_pred[432],,,,,,,,,,
y_pred[433],,,,,,,,,,
y_pred[434],,,,,,,,,,
y_pred[435],,,,,,,,,,
y_pred[436],,,,,,,,,,
y_pred[437],,,,,,,,,,
y_pred[438],,,,,,,,,,
y_pred[439],,,,,,,,,,
y_pred[440],,,,,,,,,,
y_pred[441],,,,,,,,,,
y_pred[442],,,,,,,,,,
y_pred[443],,,,,,,,,,
y_pred[444],,,,,,,,,,
y_pred[445],,,,,,,,,,
y_pred[446],,,,,,,,,,
y_pred[447],,,,,,,,,,
y_pred[448],,,,,,,,,,
y_pred[449],,,,,,,,,,
y_pred[450],,,,,,,,,,
y_pred[451],,,,,,,,,,
y_pred[452],,,,,,,,,,
y_pred[453],,,,,,,,,,
y_pred[454],,,,,,,,,,
y_pred[455],,,,,,,,,,
y_pred[456],,,,,,,,,,
y_pred[457],,,,,,,,,,
y_pred[458],,,,,,,,,,
y_pred[459],,,,,,,,,,
y_pred[460],,,,,,,,,,
y_pred[461],,,,,,,,,,
y_pred[462],,,,,,,,,,
y_pred[463],,,,,,,,,,
y_pred[464],,,,,,,,,,
y_pred[465],,,,,,,,,,
y_pred[466],,,,,,,,,,
y_pred[467],,,,,,,,,,
y_pred[468],,,,,,,,,,
y_pred[469],,,,,,,,,,
y_pred[470],,,,,,,,,,
y_pred[471],,,,,,,,,,
y_pred[472],,,,,,,,,,
y_pred[473],,,,,,,,,,
y_pred[474],,,,,,,,,,
y_pred[475],,,,,,,,,,
y_pred[476],,,,,,,,,,
y_pred[477],,,,,,,,,,
y_pred[478],,,,,,,,,,
y_pred[479],,,,,,,,,,
y_pred[480],,,,,,,,,,
y_pred[481],,,,,,,,,,
y_pred[482],,,,,,,,,,
y_pred[483],,,,,,,,,,
y_pred[484],,,,,,,,,,
y_pred[485],,,,,,,,,,
y_pred[486],,,,,,,,,,
y_pred[487],,,,,,,,,,
y_pred[488],,,,,,,,,,
y_pred[489],,,,,,,,,,
y_pred[490],,,,,,,,,,
y_pred[491],,,,,,,,,,
y_pred[492],,,,,,,,,,
y_pred[493],,,,,,,,,,
y_pred[494],,,,,,,,,,
y_pred[495],,,,,,,,,,
y_pred[496],,,,,,,,,,
y_pred[497],,,,,,,,,,
y_pred[498],,,,,,,,,,
y_pred[499],,,,,,,,,,
y_pred[500],,,,,,,,,,
y_pred[501],,,,,,,,,,
y_pred[502],,,,,,,,,,
y_pred[503],,,,,,,,,,
y_pred[504],,,,,,,,,,
y_pred[505],,,,,,,,,,
y_pred[506],,,,,,,,,,
y_pred[507],,,,,,,,,,
y_pred[508],,,,,,,,,,
y_pred[509],,,,,,,,,,
y_pred[510],,,,,,,,,,
y_pred[511],,,,,,,,,,
y_pred[512],,,,,,,,,,
y_pred[513],,,,,,,,,,
y_pred[514],,,,,,,,,,
y_pred[515],,,,,,,,,,
y_pred[516],,,,,,,,,,
y_pred[517],,,,,,,,,,
y_pred[518],,,,,,,,,,
y_pred[519],,,,,,,,,,
y_pred[520],,,,,,,,,,
y_pred[521],,,,,,,,,,
y_pred[522],,,,,,,,,,
y_pred[523],,,,,,,,,,
y_pred[524],,,,,,,,,,
y_pred[525],,,,,,,,,,
y_pred[526],,,,,,,,,,
y_pred[527],,,,,,,,,,
y_pred[528],,,,,,,,,,
y_pred[529],,,,,,,,,,
y_pred[530],,,,,,,,,,
y_pred[531],,,,,,,,,,
y_pred[532],,,,,,,,,,
y_pred[533],,,,,,,,,,
y_pred[534],,,,,,,,,,
y_pred[535],,,,,,,,,,
y_pred[536],,,,,,,,,,
y_pred[537],,,,,,,,,,
y_pred[538],,,,,,,,,,
y_pred[539],,,,,,,,,,
y_pred[540],,,,,,,,,,
y_pred[541],,,,,,,,,,
y_pred[542],,,,,,,,,,
y_pred[543],,,,,,,,,,
y_pred[544],,,,,,,,,,
y_pred[545],,,,,,,,,,
y_pred[546],,,,,,,,,,
y_pred[547],,,,,,,,,,
y_pred[548],,,,,,,,,,
y_pred[549],,,,,,,,,,
y_pred[550],,,,,,,,,,
y_pred[551],,,,,,,,,,
y_pred[552],,,,,,,,,,
y_pred[553],,,,,,,,,,
y_pred[554],,,,,,,,,,
y_pred[555],,,,,,,,,,
y_pred[556],,,,,,,,,,
y_pred[557],,,,,,,,,,
y_pred[558],,,,,,,,,,
y_pred[559],,,,,,,,,,
y_pred[560],,,,,,,,,,
y_pred[561],,,,,,,,,,
y_pred[562],,,,,,,,,,
y_pred[563],,,,,,,,,,
y_pred[564],,,,,,,,,,
y_pred[565],,,,,,,,,,
y_pred[566],,,,,,,,,,
y_pred[567],,,,,,,,,,
y_pred[568],,,,,,,,,,
y_pred[569],,,,,,,,,,
y_pred[570],,,,,,,,,,
y_pred[571],,,,,,,,,,
y_pred[572],,,,,,,,,,
y_pred[573],,,,,,,,,,
y_pred[574],,,,,,,,,,
y_pred[575],,,,,,,,,,
y_pred[576],,,,,,,,,,
y_pred[577],,,,,,,,,,
y_pred[578],,,,,,,,,,
y_pred[579],,,,,,,,,,
y_pred[580],,,,,,,,,,
y_pred[581],,,,,,,,,,
y_pred[582],,,,,,,,,,
y_pred[583],,,,,,,,,,
y_pred[584],,,,,,,,,,
y_pred[585],,,,,,,,,,
y_pred[586],,,,,,,,,,
y_pred[587],,,,,,,,,,
y_pred[588],,,,,,,,,,
y_pred[589],,,,,,,,,,
y_pred[590],,,,,,,,,,
y_pred[591],,,,,,,,,,
y_pred[592],,,,,,,,,,
y_pred[593],,,,,,,,,,
y_pred[594],,,,,,,,,,
y_pred[595],,,,,,,,,,
y_pred[596],,,,,,,,,,
y_pred[597],,,,,,,,,,
y_pred[598],,,,,,,,,,
y_pred[599],,,,,,,,,,
y_pred[600],,,,,,,,,,
y_pred[601],,,,,,,,,,
y_pred[602],,,,,,,,,,
y_pred[603],,,,,,,,,,
y_pred[604],,,,,,,,,,
y_pred[605],,,,,,,,,,
y_pred[606],,,,,,,,,,
y_pred[607],,,,,,,,,,
y_pred[608],,,,,,,,,,
y_pred[609],,,,,,,,,,
y_pred[610],,,,,,,,,,
y_pred[611],,,,,,,,,,
y_pred[612],,,,,,,,,,
y_pred[613],,,,,,,,,,
y_pred[614],,,,,,,,,,
y_pred[615],,,,,,,,,,
y_pred[616],,,,,,,,,,
y_pred[617],,,,,,,,,,
y_pred[618],,,,,,,,,,
y_pred[619],,,,,,,,,,
y_pred[620],,,,,,,,,,
y_pred[621],,,,,,,,,,
y_pred[622],,,,,,,,,,
y_pred[623],,,,,,,,,,
y_pred[624],,,,,,,,,,
y_pred[625],,,,,,,,,,
y_pred[626],,,,,,,,,,
y_pred[627],,,,,,,,,,
y_pred[628],,,,,,,,,,
y_pred[629],,,,,,,,,,
y_pred[630],,,,,,,,,,
y_pred[631],,,,,,,,,,
y_pred[632],,,,,,,,,,
y_pred[633],,,,,,,,,,
y_pred[634],,,,,,,,,,
y_pred[635],,,,,,,,,,
y_pred[636],,,,,,,,,,
y_pred[637],,,,,,,,,,
y_pred[638],,,,,,,,,,
y_pred[639],,,,,,,,,,
y_pred[640],,,,,,,,,,
y_pred[641],,,,,,,,,,
y_pred[642],,,,,,,,,,
y_pred[643],,,,,,,,,,
y_pred[644],,,,,,,,,,
y_pred[645],,,,,,,,,,
y_pred[646],,,,,,,,,,
y_pred[647],,,,,,,,,,
y_pred[648],,,,,,,,,,
y_pred[649],,,,,,,,,,
y_pred[650],,,,,,,,,,
y_pred[651],,,,,,,,,,
y_pred[652],,,,,,,,,,
y_pred[653],,,,,,,,,,
y_pred[654],,,,,,,,,,
y_pred[655],,,,,,,,,,
y_pred[656],,,,,,,,,,
y_pred[657],,,,,,,,,,
y_pred[658],,,,,,,,,,
y_pred[659],,,,,,,,,,
y_pred[660],,,,,,,,,,
y_pred[661],,,,,,,,,,
y_pred[662],,,,,,,,,,
y_pred[663],,,,,,,,,,
y_pred[664],,,,,,,,,,
y_pred[665],,,,,,,,,,
y_pred[666],,,,,,,,,,
y_pred[667],,,,,,,,,,
y_pred[668],,,,,,,,,,
y_pred[669],,,,,,,,,,
y_pred[670],,,,,,,,,,
y_pred[671],,,,,,,,,,
y_pred[672],,,,,,,,,,
y_pred[673],,,,,,,,,,
y_pred[674],,,,,,,,,,
y_pred[675],,,,,,,,,,
y_pred[676],,,,,,,,,,
y_pred[677],,,,,,,,,,
y_pred[678],,,,,,,,,,
y_pred[679],,,,,,,,,,
y_pred[680],,,,,,,,,,
y_pred[681],,,,,,,,,,
y_pred[682],,,,,,,,,,
y_pred[683],,,,,,,,,,
y_pred[684],,,,,,,,,,
y_pred[685],,,,,,,,,,
y_pred[686],,,,,,,,,,
y_pred[687],,,,,,,,,,
y_pred[688],,,,,,,,,,
y_pred[689],,,,,,,,,,
y_pred[690],,,,,,,,,,
y_pred[691],,,,,,,,,,
y_pred[692],,,,,,,,,,
y_pred[693],,,,,,,,,,
y_pred[694],,,,,,,,,,
y_pred[695],,,,,,,,,,
y_pred[696],,,,,,,,,,
y_pred[697],,,,,,,,,,
y_pred[698],,,,,,,,,,
y_pred[699],,,,,,,,,,
y_pred[700],,,,,,,,,,
y_pred[701],,,,,,,,,,
y_pred[702],,,,,,,,,,
y_pred[703],,,,,,,,,,
y_pred[704],,,,,,,,,,
y_pred[705],,,,,,,,,,
y_pred[706],,,,,,,,,,
y_pred[707],,,,,,,,,,
y_pred[708],,,,,,,,,,
y_pred[709],,,,,,,,,,
y_pred[710],,,,,,,,,,
y_pred[711],,,,,,,,,,
y_pred[712],,,,,,,,,,
y_pred[713],,,,,,,,,,
y_pred[714],,,,,,,,,,
y_pred[715],,,,,,,,,,
y_pred[716],,,,,,,,,,
y_pred[717],,,,,,,,,,
y_pred[718],,,,,,,,,,
y_pred[719],,,,,,,,,,
y_pred[720],,,,,,,,,,
y_pred[721],,,,,,,,,,
y_pred[722],,,,,,,,,,
y_pred[723],,,,,,,,,,
y_pred[724],,,,,,,,,,
y_pred[725],,,,,,,,,,
y_pred[726],,,,,,,,,,
y_pred[727],,,,,,,,,,
y_pred[728],,,,,,,,,,
y_pred[729],,,,,,,,,,
y_pred[730],,,,,,,,,,
y_pred[731],,,,,,,,,,
y_pred[732],,,,,,,,,,
y_pred[733],,,,,,,,,,
y_pred[734],,,,,,,,,,
y_pred[735],,,,,,,,,,
y_pred[736],,,,,,,,,,
y_pred[737],,,,,,,,,,
y_pred[738],,,,,,,,,,
y_pred[739],,,,,,,,,,
y_pred[740],,,,,,,,,,
y_pred[741],,,,,,,,,,
y_pred[742],,,,,,,,,,
y_pred[743],,,,,,,,,,
y_pred[744],,,,,,,,,,
y_pred[745],,,,,,,,,,
y_pred[746],,,,,,,,,,
y_pred[747],,,,,,,,,,
y_pred[748],,,,,,,,,,
y_pred[749],,,,,,,,,,
y_pred[750],,,,,,,,,,
y_pred[751],,,,,,,,,,
y_pred[752],,,,,,,,,,
y_pred[753],,,,,,,,,,
y_pred[754],,,,,,,,,,
y_pred[755],,,,,,,,,,
y_pred[756],,,,,,,,,,
y_pred[757],,,,,,,,,,
y_pred[758],,,,,,,,,,
y_pred[759],,,,,,,,,,
y_pred[760],,,,,,,,,,
y_pred[761],,,,,,,,,,
y_pred[762],,,,,,,,,,
y_pred[763],,,,,,,,,,
y_pred[764],,,,,,,,,,
y_pred[765],,,,,,,,,,
y_pred[766],,,,,,,,,,
y_pred[767],,,,,,,,,,
y_pred[768],,,,,,,,,,
y_pred[769],,,,,,,,,,
y_pred[770],,,,,,,,,,
y_pred[771],,,,,,,,,,
y_pred[772],,,,,,,,,,
y_pred[773],,,,,,,,,,
y_pred[774],,,,,,,,,,
y_pred[775],,,,,,,,,,
y_pred[776],,,,,,,,,,
y_pred[777],,,,,,,,,,
y_pred[778],,,,,,,,,,
y_pred[779],,,,,,,,,,
y_pred[780],,,,,,,,,,
y_pred[781],,,,,,,,,,
y_pred[782],,,,,,,,,,
y_pred[783],,,,,,,,,,
y_pred[784],,,,,,,,,,
y_pred[785],,,,,,,,,,
y_pred[786],,,,,,,,,,
y_pred[787],,,,,,,,,,
y_pred[788],,,,,,,,,,
y_pred[789],,,,,,,,,,
y_pred[790],,,,,,,,,,
y_pred[791],,,,,,,,,,
y_pred[792],,,,,,,,,,
y_pred[793],,,,,,,,,,
y_pred[794],,,,,,,,,,
y_pred[795],,,,,,,,,,
y_pred[796],,,,,,,,,,
y_pred[797],,,,,,,,,,
y_pred[798],,,,,,,,,,
y_pred[799],,,,,,,,,,
y_pred[800],,,,,,,,,,
y_pred[801],,,,,,,,,,
y_pred[802],,,,,,,,,,
y_pred[803],,,,,,,,,,
y_pred[804],,,,,,,,,,
y_pred[805],,,,,,,,,,
y_pred[806],,,,,,,,,,
y_pred[807],,,,,,,,,,
y_pred[808],,,,,,,,,,
y_pred[809],,,,,,,,,,
y_pred[810],,,,,,,,,,
y_pred[811],,,,,,,,,,
y_pred[812],,,,,,,,,,
y_pred[813],,,,,,,,,,
y_pred[814],,,,,,,,,,
y_pred[815],,,,,,,,,,
y_pred[816],,,,,,,,,,
y_pred[817],,,,,,,,,,
y_pred[818],,,,,,,,,,
y_pred[819],,,,,,,,,,
y_pred[820],,,,,,,,,,
y_pred[821],,,,,,,,,,
y_pred[822],,,,,,,,,,
y_pred[823],,,,,,,,,,
y_pred[824],,,,,,,,,,
y_pred[825],,,,,,,,,,
y_pred[826],,,,,,,,,,
y_pred[827],,,,,,,,,,
y_pred[828],,,,,,,,,,
y_pred[829],,,,,,,,,,
y_pred[830],,,,,,,,,,
y_pred[831],,,,,,,,,,
y_pred[832],,,,,,,,,,
y_pred[833],,,,,,,,,,
y_pred[834],,,,,,,,,,
y_pred[835],,,,,,,,,,
y_pred[836],,,,,,,,,,
y_pred[837],,,,,,,,,,
y_pred[838],,,,,,,,,,
y_pred[839],,,,,,,,,,
y_pred[840],,,,,,,,,,
y_pred[841],,,,,,,,,,
y_pred[842],,,,,,,,,,
y_pred[843],,,,,,,,,,
y_pred[844],,,,,,,,,,
y_pred[845],,,,,,,,,,
y_pred[846],,,,,,,,,,
y_pred[847],,,,,,,,,,
y_pred[848],,,,,,,,,,
y_pred[849],,,,,,,,,,
y_pred[850],,,,,,,,,,
y_pred[851],,,,,,,,,,
y_pred[852],,,,,,,,,,
y_pred[853],,,,,,,,,,
y_pred[854],,,,,,,,,,
y_pred[855],,,,,,,,,,
y_pred[856],,,,,,,,,,
y_pred[857],,,,,,,,,,
y_pred[858],,,,,,,,,,
y_pred[859],,,,,,,,,,
y_pred[860],,,,,,,,,,
y_pred[861],,,,,,,,,,
y_pred[862],,,,,,,,,,
y_pred[863],,,,,,,,,,
y_pred[864],,,,,,,,,,
y_pred[865],,,,,,,,,,
y_pred[866],,,,,,,,,,
y_pred[867],,,,,,,,,,
y_pred[868],,,,,,,,,,
y_pred[869],,,,,,,,,,
y_pred[870],,,,,,,,,,
y_pred[871],,,,,,,,,,
y_pred[872],,,,,,,,,,
y_pred[873],,,,,,,,,,
y_pred[874],,,,,,,,,,
y_pred[875],,,,,,,,,,
y_pred[876],,,,,,,,,,
y_pred[877],,,,,,,,,,
y_pred[878],,,,,,,,,,
y_pred[879],,,,,,,,,,
y_pred[880],,,,,,,,,,
y_pred[881],,,,,,,,,,
y_pred[882],,,,,,,,,,
y_pred[883],,,,,,,,,,
y_pred[884],,,,,,,,,,
y_pred[885],,,,,,,,,,
y_pred[886],,,,,,,,,,
y_pred[887],,,,,,,,,,
y_pred[888],,,,,,,,,,
y_pred[889],,,,,,,,,,
y_pred[890],,,,,,,,,,
y_pred[891],,,,,,,,,,
y_pred[892],,,,,,,,,,
y_pred[893],,,,,,,,,,
y_pred[894],,,,,,,,,,
y_pred[895],,,,,,,,,,
y_pred[896],,,,,,,,,,
y_pred[897],,,,,,,,,,
y_pred[898],,,,,,,,,,
y_pred[899],,,,,,,,,,
y_pred[900],,,,,,,,,,
y_pred[901],,,,,,,,,,
y_pred[902],,,,,,,,,,
y_pred[903],,,,,,,,,,
y_pred[904],,,,,,,,,,
y_pred[905],,,,,,,,,,
y_pred[906],,,,,,,,,,
y_pred[907],,,,,,,,,,
y_pred[908],,,,,,,,,,
y_pred[909],,,,,,,,,,
y_pred[910],,,,,,,,,,
y_pred[911],,,,,,,,,,
y_pred[912],,,,,,,,,,
y_pred[913],,,,,,,,,,
y_pred[914],,,,,,,,,,
y_pred[915],,,,,,,,,,
y_pred[916],,,,,,,,,,
y_pred[917],,,,,,,,,,
y_pred[918],,,,,,,,,,
y_pred[919],,,,,,,,,,
y_pred[920],,,,,,,,,,
y_pred[921],,,,,,,,,,
y_pred[922],,,,,,,,,,
y_pred[923],,,,,,,,,,
y_pred[924],,,,,,,,,,
y_pred[925],,,,,,,,,,
y_pred[926],,,,,,,,,,
y_pred[927],,,,,,,,,,
y_pred[928],,,,,,,,,,
y_pred[929],,,,,,,,,,
y_pred[930],,,,,,,,,,
y_pred[931],,,,,,,,,,
y_pred[932],,,,,,,,,,
y_pred[933],,,,,,,,,,
y_pred[934],,,,,,,,,,
y_pred[935],,,,,,,,,,
y_pred[936],,,,,,,,,,
y_pred[937],,,,,,,,,,
y_pred[938],,,,,,,,,,
y_pred[939],,,,,,,,,,
y_pred[940],,,,,,,,,,
y_pred[941],,,,,,,,,,
y_pred[942],,,,,,,,,,
y_pred[943],,,,,,,,,,
y_pred[944],,,,,,,,,,
y_pred[945],,,,,,,,,,
y_pred[946],,,,,,,,,,
y_pred[947],,,,,,,,,,
y_pred[948],,,,,,,,,,
y_pred[949],,,,,,,,,,
y_pred[950],,,,,,,,,,
y_pred[951],,,,,,,,,,
y_pred[952],,,,,,,,,,
y_pred[953],,,,,,,,,,
y_pred[954],,,,,,,,,,
y_pred[955],,,,,,,,,,
y_pred[956],,,,,,,,,,
y_pred[957],,,,,,,,,,
y_pred[958],,,,,,,,,,
y_pred[959],,,,,,,,,,
y_pred[960],,,,,,,,,,
y_pred[961],,,,,,,,,,
y_pred[962],,,,,,,,,,
y_pred[963],,,,,,,,,,
y_pred[964],,,,,,,,,,
y_pred[965],,,,,,,,,,
y_pred[966],,,,,,,,,,
y_pred[967],,,,,,,,,,
y_pred[968],,,,,,,,,,
y_pred[969],,,,,,,,,,
y_pred[970],,,,,,,,,,
y_pred[971],,,,,,,,,,
y_pred[972],,,,,,,,,,
y_pred[973],,,,,,,,,,
y_pred[974],,,,,,,,,,
y_pred[975],,,,,,,,,,
y_pred[976],,,,,,,,,,
y_pred[977],,,,,,,,,,
y_pred[978],,,,,,,,,,
y_pred[979],,,,,,,,,,
y_pred[980],,,,,,,,,,
y_pred[981],,,,,,,,,,
y_pred[982],,,,,,,,,,
y_pred[983],,,,,,,,,,
y_pred[984],,,,,,,,,,
y_pred[985],,,,,,,,,,
y_pred[986],,,,,,,,,,
y_pred[987],,,,,,,,,,
y_pred[988],,,,,,,,,,
y_pred[989],,,,,,,,,,
y_pred[990],,,,,,,,,,
y_pred[991],,,,,,,,,,
y_pred[992],,,,,,,,,,
y_pred[993],,,,,,,,,,
y_pred[994],,,,,,,,,,
y_pred[995],,,,,,,,,,
y_pred[996],,,,,,,,,,
y_pred[997],,,,,,,,,,
y_pred[998],,,,,,,,,,
y_pred[999],,,,,,,,,,
y_pred[1000],,,,,,,,,,
y_pred[1001],,,,,,,,,,
y_pred[1002],,,,,,,,,,
y_pred[1003],,,,,,,,,,
y_pred[1004],,,,,,,,,,
y_pred[1005],,,,,,,,,,
y_pred[1006],,,,,,,,,,
y_pred[1007],,,,,,,,,,
y_pred[1008],,,,,,,,,,
y_pred[1009],,,,,,,,,,
y_pred[1010],,,,,,,,,,
y_pred[1011],,,,,,,,,,
y_pred[1012],,,,,,,,,,
y_pred[1013],,,,,,,,,,
y_pred[1014],,,,,,,,,,
y_pred[1015],,,,,,,,,,
y_pred[1016],,,,,,,,,,
y_pred[1017],,,,,,,,,,
y_pred[1018],,,,,,,,,,
y_pred[1019],,,,,,,,,,
y_pred[1020],,,,,,,,,,
y_pred[1021],,,,,,,,,,
y_pred[1022],,,,,,,,,,
y_pred[1023],,,,,,,,,,
y_pred[1024],,,,,,,,,,
y_pred[1025],,,,,,,,,,
y_pred[1026],,,,,,,,,,
y_pred[1027],,,,,,,,,,
y_pred[1028],,,,,,,,,,
y_pred[1029],,,,,,,,,,
y_pred[1030],,,,,,,,,,
y_pred[1031],,,,,,,,,,
y_pred[1032],,,,,,,,,,
y_pred[1033],,,,,,,,,,
y_pred[1034],,,,,,,,,,
y_pred[1035],,,,,,,,,,
y_pred[1036],,,,,,,,,,
y_pred[1037],,,,,,,,,,
y_pred[1038],,,,,,,,,,
y_pred[1039],,,,,,,,,,
y_pred[1040],,,,,,,,,,
y_pred[1041],,,,,,,,,,
y_pred[1042],,,,,,,,,,
y_pred[1043],,,,,,,,,,
y_pred[1044],,,,,,,,,,
y_pred[1045],,,,,,,,,,
y_pred[1046],,,,,,,,,,
y_pred[1047],,,,,,,,,,
y_pred[1048],,,,,,,,,,
y_pred[1049],,,,,,,,,,
y_pred[1050],,,,,,,,,,
y_pred[1051],,,,,,,,,,
y_pred[1052],,,,,,,,,,
y_pred[1053],,,,,,,,,,
y_pred[1054],,,,,,,,,,
y_pred[1055],,,,,,,,,,
y_pred[1056],,,,,,,,,,
y_pred[1057],,,,,,,,,,
y_pred[1058],,,,,,,,,,
y_pred[1059],,,,,,,,,,
y_pred[1060],,,,,,,,,,
y_pred[1061],,,,,,,,,,
y_pred[1062],,,,,,,,,,
y_pred[1063],,,,,,,,,,
y_pred[1064],,,,,,,,,,
y_pred[1065],,,,,,,,,,
y_pred[1066],,,,,,,,,,
y_pred[1067],,,,,,,,,,
y_pred[1068],,,,,,,,,,
y_pred[1069],,,,,,,,,,
y_pred[1070],,,,,,,,,,
y_pred[1071],,,,,,,,,,
y_pred[1072],,,,,,,,,,
y_pred[1073],,,,,,,,,,
y_pred[1074],,,,,,,,,,
y_pred[1075],,,,,,,,,,
y_pred[1076],,,,,,,,,,
y_pred[1077],,,,,,,,,,
y_pred[1078],,,,,,,,,,
y_pred[1079],,,,,,,,,,
y_pred[1080],,,,,,,,,,
y_pred[1081],,,,,,,,,,
y_pred[1082],,,,,,,,,,
y_pred[1083],,,,,,,,,,
y_pred[1084],,,,,,,,,,
y_pred[1085],,,,,,,,,,
y_pred[1086],,,,,,,,,,
y_pred[1087],,,,,,,,,,
y_pred[1088],,,,,,,,,,
y_pred[1089],,,,,,,,,,
y_pred[1090],,,,,,,,,,
y_pred[1091],,,,,,,,,,
y_pred[1092],,,,,,,,,,
y_pred[1093],,,,,,,,,,
y_pred[1094],,,,,,,,,,
y_pred[1095],,,,,,,,,,
y_pred[1096],,,,,,,,,,
y_pred[1097],,,,,,,,,,
y_pred[1098],,,,,,,,,,
y_pred[1099],,,,,,,,,,
y_pred[1100],,,,,,,,,,
y_pred[1101],,,,,,,,,,
y_pred[1102],,,,,,,,,,
y_pred[1103],,,,,,,,,,
y_pred[1104],,,,,,,,,,
y_pred[1105],,,,,,,,,,
y_pred[1106],,,,,,,,,,
y_pred[1107],,,,,,,,,,
y_pred[1108],,,,,,,,,,
y_pred[1109],,,,,,,,,,
y_pred[1110],,,,,,,,,,
y_pred[1111],,,,,,,,,,
y_pred[1112],,,,,,,,,,
y_pred[1113],,,,,,,,,,
y_pred[1114],,,,,,,,,,
y_pred[1115],,,,,,,,,,
y_pred[1116],,,,,,,,,,
y_pred[1117],,,,,,,,,,
y_pred[1118],,,,,,,,,,
y_pred[1119],,,,,,,,,,
y_pred[1120],,,,,,,,,,
y_pred[1121],,,,,,,,,,
y_pred[1122],,,,,,,,,,
y_pred[1123],,,,,,,,,,
y_pred[1124],,,,,,,,,,
y_pred[1125],,,,,,,,,,
y_pred[1126],,,,,,,,,,
y_pred[1127],,,,,,,,,,
y_pred[1128],,,,,,,,,,
y_pred[1129],,,,,,,,,,
y_pred[1130],,,,,,,,,,
y_pred[1131],,,,,,,,,,
y_pred[1132],,,,,,,,,,
y_pred[1133],,,,,,,,,,
y_pred[1134],,,,,,,,,,
y_pred[1135],,,,,,,,,,
y_pred[1136],,,,,,,,,,
y_pred[1137],,,,,,,,,,
y_pred[1138],,,,,,,,,,
y_pred[1139],,,,,,,,,,
y_pred[1140],,,,,,,,,,
y_pred[1141],,,,,,,,,,
y_pred[1142],,,,,,,,,,
y_pred[1143],,,,,,,,,,
y_pred[1144],,,,,,,,,,
y_pred[1145],,,,,,,,,,
y_pred[1146],,,,,,,,,,
y_pred[1147],,,,,,,,,,
y_pred[1148],,,,,,,,,,
y_pred[1149],,,,,,,,,,
y_pred[1150],,,,,,,,,,
y_pred[1151],,,,,,,,,,
y_pred[1152],,,,,,,,,,
y_pred[1153],,,,,,,,,,
y_pred[1154],,,,,,,,,,
y_pred[1155],,,,,,,,,,
y_pred[1156],,,,,,,,,,
y_pred[1157],,,,,,,,,,
y_pred[1158],,,,,,,,,,
y_pred[1159],,,,,,,,,,
y_pred[1160],,,,,,,,,,
y_pred[1161],,,,,,,,,,
y_pred[1162],,,,,,,,,,
y_pred[1163],,,,,,,,,,
y_pred[1164],,,,,,,,,,
y_pred[1165],,,,,,,,,,
y_pred[1166],,,,,,,,,,
y_pred[1167],,,,,,,,,,
y_pred[1168],,,,,,,,,,
y_pred[1169],,,,,,,,,,
y_pred[1170],,,,,,,,,,
y_pred[1171],,,,,,,,,,
y_pred[1172],,,,,,,,,,
y_pred[1173],,,,,,,,,,
y_pred[1174],,,,,,,,,,
y_pred[1175],,,,,,,,,,
y_pred[1176],,,,,,,,,,
y_pred[1177],,,,,,,,,,
y_pred[1178],,,,,,,,,,
y_pred[1179],,,,,,,,,,
y_pred[1180],,,,,,,,,,
y_pred[1181],,,,,,,,,,
y_pred[1182],,,,,,,,,,
y_pred[1183],,,,,,,,,,
y_pred[1184],,,,,,,,,,
y_pred[1185],,,,,,,,,,
y_pred[1186],,,,,,,,,,
y_pred[1187],,,,,,,,,,
y_pred[1188],,,,,,,,,,
y_pred[1189],,,,,,,,,,
y_pred[1190],,,,,,,,,,
y_pred[1191],,,,,,,,,,
y_pred[1192],,,,,,,,,,
y_pred[1193],,,,,,,,,,
y_pred[1194],,,,,,,,,,
y_pred[1195],,,,,,,,,,
y_pred[1196],,,,,,,,,,
y_pred[1197],,,,,,,,,,
y_pred[1198],,,,,,,,,,
y_pred[1199],,,,,,,,,,
y_pred[1200],,,,,,,,,,
y_pred[1201],,,,,,,,,,
y_pred[1202],,,,,,,,,,
y_pred[1203],,,,,,,,,,
y_pred[1204],,,,,,,,,,
y_pred[1205],,,,,,,,,,
y_pred[1206],,,,,,,,,,
y_pred[1207],,,,,,,,,,
y_pred[1208],,,,,,,,,,
y_pred[1209],,,,,,,,,,
y_pred[1210],,,,,,,,,,
y_pred[1211],,,,,,,,,,
y_pred[1212],,,,,,,,,,
y_pred[1213],,,,,,,,,,
y_pred[1214],,,,,,,,,,
y_pred[1215],,,,,,,,,,
y_pred[1216],,,,,,,,,,
y_pred[1217],,,,,,,,,,
y_pred[1218],,,,,,,,,,
y_pred[1219],,,,,,,,,,
y_pred[1220],,,,,,,,,,
y_pred[1221],,,,,,,,,,
y_pred[1222],,,,,,,,,,
y_pred[1223],,,,,,,,,,
y_pred[1224],,,,,,,,,,
y_pred[1225],,,,,,,,,,
y_pred[1226],,,,,,,,,,
y_pred[1227],,,,,,,,,,
y_pred[1228],,,,,,,,,,
y_pred[1229],,,,,,,,,,
y_pred[1230],,,,,,,,,,
y_pred[1231],,,,,,,,,,
y_pred[1232],,,,,,,,,,
y_pred[1233],,,,,,,,,,
y_pred[1234],,,,,,,,,,
y_pred[1235],,,,,,,,,,
y_pred[1236],,,,,,,,,,
y_pred[1237],,,,,,,,,,
y_pred[1238],,,,,,,,,,
y_pred[1239],,,,,,,,,,
y_pred[1240],,,,,,,,,,
y_pred[1241],,,,,,,,,,
y_pred[1242],,,,,,,,,,
y_pred[1243],,,,,,,,,,
y_pred[1244],,,,,,,,,,
y_pred[1245],,,,,,,,,,
y_pred[1246],,,,,,,,,,
y_pred[1247],,,,,,,,,,
y_pred[1248],,,,,,,,,,
y_pred[1249],,,,,,,,,,
y_pred[1250],,,,,,,,,,
y_pred[1251],,,,,,,,,,
y_pred[1252],,,,,,,,,,
y_pred[1253],,,,,,,,,,
y_pred[1254],,,,,,,,,,
y_pred[1255],,,,,,,,,,
y_pred[1256],,,,,,,,,,
y_pred[1257],,,,,,,,,,
y_pred[1258],,,,,,,,,,
y_pred[1259],,,,,,,,,,
y_pred[1260],,,,,,,,,,
y_pred[1261],,,,,,,,,,
y_pred[1262],,,,,,,,,,
y_pred[1263],,,,,,,,,,
y_pred[1264],,,,,,,,,,
y_pred[1265],,,,,,,,,,
y_pred[1266],,,,,,,,,,
y_pred[1267],,,,,,,,,,
y_pred[1268],,,,,,,,,,
y_pred[1269],,,,,,,,,,
y_pred[1270],,,,,,,,,,
y_pred[1271],,,,,,,,,,
y_pred[1272],,,,,,,,,,
y_pred[1273],,,,,,,,,,
y_pred[1274],,,,,,,,,,
y_pred[1275],,,,,,,,,,
y_pred[1276],,,,,,,,,,
y_pred[1277],,,,,,,,,,
y_pred[1278],,,,,,,,,,
y_pred[1279],,,,,,,,,,
y_pred[1280],,,,,,,,,,
y_pred[1281],,,,,,,,,,
y_pred[1282],,,,,,,,,,
y_pred[1283],,,,,,,,,,
y_pred[1284],,,,,,,,,,
y_pred[1285],,,,,,,,,,
y_pred[1286],,,,,,,,,,
y_pred[1287],,,,,,,,,,
y_pred[1288],,,,,,,,,,
y_pred[1289],,,,,,,,,,
y_pred[1290],,,,,,,,,,
y_pred[1291],,,,,,,,,,
y_pred[1292],,,,,,,,,,
y_pred[1293],,,,,,,,,,
y_pred[1294],,,,,,,,,,
y_pred[1295],,,,,,,,,,
y_pred[1296],,,,,,,,,,
y_pred[1297],,,,,,,,,,
y_pred[1298],,,,,,,,,,
y_pred[1299],,,,,,,,,,
y_pred[1300],,,,,,,,,,
y_pred[1301],,,,,,,,,,
y_pred[1302],,,,,,,,,,
y_pred[1303],,,,,,,,,,
y_pred[1304],,,,,,,,,,
y_pred[1305],,,,,,,,,,
y_pred[1306],,,,,,,,,,
y_pred[1307],,,,,,,,,,
y_pred[1308],,,,,,,,,,
y_pred[1309],,,,,,,,,,
y_pred[1310],,,,,,,,,,
y_pred[1311],,,,,,,,,,
y_pred[1312],,,,,,,,,,
y_pred[1313],,,,,,,,,,
y_pred[1314],,,,,,,,,,
y_pred[1315],,,,,,,,,,
y_pred[1316],,,,,,,,,,
y_pred[1317],,,,,,,,,,
y_pred[1318],,,,,,,,,,
y_pred[1319],,,,,,,,,,
y_pred[1320],,,,,,,,,,
y_pred[1321],,,,,,,,,,
y_pred[1322],,,,,,,,,,
y_pred[1323],,,,,,,,,,
y_pred[1324],,,,,,,,,,
y_pred[1325],,,,,,,,,,
y_pred[1326],,,,,,,,,,
y_pred[1327],,,,,,,,,,
y_pred[1328],,,,,,,,,,
y_pred[1329],,,,,,,,,,
y_pred[1330],,,,,,,,,,
y_pred[1331],,,,,,,,,,
y_pred[1332],,,,,,,,,,
y_pred[1333],,,,,,,,,,
y_pred[1334],,,,,,,,,,
y_pred[1335],,,,,,,,,,
y_pred[1336],,,,,,,,,,
y_pred[1337],,,,,,,,,,
y_pred[1338],,,,,,,,,,
y_pred[1339],,,,,,,,,,
y_pred[1340],,,,,,,,,,
y_pred[1341],,,,,,,,,,
y_pred[1342],,,,,,,,,,
y_pred[1343],,,,,,,,,,
y_pred[1344],,,,,,,,,,
y_pred[1345],,,,,,,,,,
y_pred[1346],,,,,,,,,,
y_pred[1347],,,,,,,,,,
y_pred[1348],,,,,,,,,,
y_pred[1349],,,,,,,,,,
y_pred[1350],,,,,,,,,,
y_pred[1351],,,,,,,,,,
y_pred[1352],,,,,,,,,,
y_pred[1353],,,,,,,,,,
y_pred[1354],,,,,,,,,,
y_pred[1355],,,,,,,,,,
y_pred[1356],,,,,,,,,,
y_pred[1357],,,,,,,,,,
y_pred[1358],,,,,,,,,,
y_pred[1359],,,,,,,,,,
y_pred[1360],,,,,,,,,,
y_pred[1361],,,,,,,,,,
y_pred[1362],,,,,,,,,,
y_pred[1363],,,,,,,,,,
y_pred[1364],,,,,,,,,,
y_pred[1365],,,,,,,,,,
y_pred[1366],,,,,,,,,,
y_pred[1367],,,,,,,,,,
y_pred[1368],,,,,,,,,,
y_pred[1369],,,,,,,,,,
y_pred[1370],,,,,,,,,,
y_pred[1371],,,,,,,,,,
y_pred[1372],,,,,,,,,,
y_pred[1373],,,,,,,,,,
y_pred[1374],,,,,,,,,,
y_pred[1375],,,,,,,,,,
y_pred[1376],,,,,,,,,,
y_pred[1377],,,,,,,,,,
y_pred[1378],,,,,,,,,,
y_pred[1379],,,,,,,,,,
y_pred[1380],,,,,,,,,,
y_pred[1381],,,,,,,,,,
y_pred[1382],,,,,,,,,,
y_pred[1383],,,,,,,,,,
y_pred[1384],,,,,,,,,,
y_pred[1385],,,,,,,,,,
y_pred[1386],,,,,,,,,,
y_pred[1387],,,,,,,,,,
y_pred[1388],,,,,,,,,,
y_pred[1389],,,,,,,,,,
y_pred[1390],,,,,,,,,,
y_pred[1391],,,,,,,,,,
y_pred[1392],,,,,,,,,,
y_pred[1393],,,,,,,,,,
y_pred[1394],,,,,,,,,,
y_pred[1395],,,,,,,,,,
y_pred[1396],,,,,,,,,,
y_pred[1397],,,,,,,,,,
y_pred[1398],,,,,,,,,,
y_pred[1399],,,,,,,,,,
y_pred[1400],,,,,,,,,,
y_pred[1401],,,,,,,,,,
y_pred[1402],,,,,,,,,,
y_pred[1403],,,,,,,,,,
y_pred[1404],,,,,,,,,,
y_pred[1405],,,,,,,,,,
y_pred[1406],,,,,,,,,,
y_pred[1407],,,,,,,,,,
y_pred[1408],,,,,,,,,,
y_pred[1409],,,,,,,,,,
y_pred[1410],,,,,,,,,,
y_pred[1411],,,,,,,,,,
y_pred[1412],,,,,,,,,,
y_pred[1413],,,,,,,,,,
y_pred[1414],,,,,,,,,,
y_pred[1415],,,,,,,,,,
y_pred[1416],,,,,,,,,,
y_pred[1417],,,,,,,,,,
y_pred[1418],,,,,,,,,,
y_pred[1419],,,,,,,,,,
y_pred[1420],,,,,,,,,,
y_pred[1421],,,,,,,,,,
y_pred[1422],,,,,,,,,,
y_pred[1423],,,,,,,,,,
y_pred[1424],,,,,,,,,,
y_pred[1425],,,,,,,,,,
y_pred[1426],,,,,,,,,,
y_pred[1427],,,,,,,,,,
y_pred[1428],,,,,,,,,,
y_pred[1429],,,,,,,,,,
y_pred[1430],,,,,,,,,,
y_pred[1431],,,,,,,,,,
y_pred[1432],,,,,,,,,,
y_pred[1433],,,,,,,,,,
y_pred[1434],,,,,,,,,,
y_pred[1435],,,,,,,,,,
y_pred[1436],,,,,,,,,,
y_pred[1437],,,,,,,,,,
y_pred[1438],,,,,,,,,,
y_pred[1439],,,,,,,,,,
y_pred[1440],,,,,,,,,,
y_pred[1441],,,,,,,,,,
y_pred[1442],,,,,,,,,,
y_pred[1443],,,,,,,,,,
y_pred[1444],,,,,,,,,,
y_pred[1445],,,,,,,,,,
y_pred[1446],,,,,,,,,,
y_pred[1447],,,,,,,,,,
y_pred[1448],,,,,,,,,,
y_pred[1449],,,,,,,,,,
y_pred[1450],,,,,,,,,,
y_pred[1451],,,,,,,,,,
y_pred[1452],,,,,,,,,,
y_pred[1453],,,,,,,,,,
y_pred[1454],,,,,,,,,,
y_pred[1455],,,,,,,,,,
y_pred[1456],,,,,,,,,,
y_pred[1457],,,,,,,,,,
y_pred[1458],,,,,,,,,,
y_pred[1459],,,,,,,,,,
y_pred[1460],,,,,,,,,,
y_pred[1461],,,,,,,,,,
y_pred[1462],,,,,,,,,,
y_pred[1463],,,,,,,,,,
y_pred[1464],,,,,,,,,,
y_pred[1465],,,,,,,,,,
y_pred[1466],,,,,,,,,,
y_pred[1467],,,,,,,,,,
y_pred[1468],,,,,,,,,,
y_pred[1469],,,,,,,,,,
y_pred[1470],,,,,,,,,,
y_pred[1471],,,,,,,,,,
y_pred[1472],,,,,,,,,,
y_pred[1473],,,,,,,,,,
y_pred[1474],,,,,,,,,,
y_pred[1475],,,,,,,,,,
y_pred[1476],,,,,,,,,,
y_pred[1477],,,,,,,,,,
y_pred[1478],,,,,,,,,,
y_pred[1479],,,,,,,,,,
y_pred[1480],,,,,,,,,,
y_pred[1481],,,,,,,,,,
y_pred[1482],,,,,,,,,,
y_pred[1483],,,,,,,,,,
y_pred[1484],,,,,,,,,,
y_pred[1485],,,,,,,,,,
y_pred[1486],,,,,,,,,,
y_pred[1487],,,,,,,,,,
y_pred[1488],,,,,,,,,,
y_pred[1489],,,,,,,,,,
y_pred[1490],,,,,,,,,,
y_pred[1491],,,,,,,,,,
y_pred[1492],,,,,,,,,,
y_pred[1493],,,,,,,,,,
y_pred[1494],,,,,,,,,,
y_pred[1495],,,,,,,,,,
y_pred[1496],,,,,,,,,,
y_pred[1497],,,,,,,,,,
y_pred[1498],,,,,,,,,,
y_pred[1499],,,,,,,,,,
y_pred[1500],,,,,,,,,,
y_pred[1501],,,,,,,,,,
y_pred[1502],,,,,,,,,,
y_pred[1503],,,,,,,,,,
y_pred[1504],,,,,,,,,,
y_pred[1505],,,,,,,,,,
y_pred[1506],,,,,,,,,,
y_pred[1507],,,,,,,,,,
y_pred[1508],,,,,,,,,,
y_pred[1509],,,,,,,,,,
y_pred[1510],,,,,,,,,,
y_pred[1511],,,,,,,,,,
y_pred[1512],,,,,,,,,,
y_pred[1513],,,,,,,,,,
y_pred[1514],,,,,,,,,,
y_pred[1515],,,,,,,,,,
y_pred[1516],,,,,,,,,,
y_pred[1517],,,,,,,,,,
y_pred[1518],,,,,,,,,,
y_pred[1519],,,,,,,,,,
y_pred[1520],,,,,,,,,,
y_pred[1521],,,,,,,,,,
y_pred[1522],,,,,,,,,,
y_pred[1523],,,,,,,,,,
y_pred[1524],,,,,,,,,,
y_pred[1525],,,,,,,,,,
y_pred[1526],,,,,,,,,,
y_pred[1527],,,,,,,,,,
y_pred[1528],,,,,,,,,,
y_pred[1529],,,,,,,,,,
y_pred[1530],,,,,,,,,,
y_pred[1531],,,,,,,,,,
y_pred[1532],,,,,,,,,,
y_pred[1533],,,,,,,,,,
y_pred[1534],,,,,,,,,,
y_pred[1535],,,,,,,,,,
y_pred[1536],,,,,,,,,,
y_pred[1537],,,,,,,,,,
y_pred[1538],,,,,,,,,,
y_pred[1539],,,,,,,,,,
y_pred[1540],,,,,,,,,,
y_pred[1541],,,,,,,,,,
y_pred[1542],,,,,,,,,,
y_pred[1543],,,,,,,,,,
y_pred[1544],,,,,,,,,,
y_pred[1545],,,,,,,,,,
y_pred[1546],,,,,,,,,,
y_pred[1547],,,,,,,,,,
y_pred[1548],,,,,,,,,,
y_pred[1549],,,,,,,,,,
y_pred[1550],,,,,,,,,,
y_pred[1551],,,,,,,,,,
y_pred[1552],,,,,,,,,,
y_pred[1553],,,,,,,,,,
y_pred[1554],,,,,,,,,,
y_pred[1555],,,,,,,,,,
y_pred[1556],,,,,,,,,,
y_pred[1557],,,,,,,,,,
y_pred[1558],,,,,,,,,,
y_pred[1559],,,,,,,,,,
y_pred[1560],,,,,,,,,,
y_pred[1561],,,,,,,,,,
y_pred[1562],,,,,,,,,,
y_pred[1563],,,,,,,,,,
y_pred[1564],,,,,,,,,,
y_pred[1565],,,,,,,,,,
y_pred[1566],,,,,,,,,,
y_pred[1567],,,,,,,,,,
y_pred[1568],,,,,,,,,,
y_pred[1569],,,,,,,,,,
y_pred[1570],,,,,,,,,,
y_pred[1571],,,,,,,,,,
y_pred[1572],,,,,,,,,,
y_pred[1573],,,,,,,,,,
y_pred[1574],,,,,,,,,,
y_pred[1575],,,,,,,,,,
y_pred[1576],,,,,,,,,,
y_pred[1577],,,,,,,,,,
y_pred[1578],,,,,,,,,,
y_pred[1579],,,,,,,,,,
y_pred[1580],,,,,,,,,,
y_pred[1581],,,,,,,,,,
y_pred[1582],,,,,,,,,,
y_pred[1583],,,,,,,,,,
y_pred[1584],,,,,,,,,,
y_pred[1585],,,,,,,,,,
y_pred[1586],,,,,,,,,,
y_pred[1587],,,,,,,,,,
y_pred[1588],,,,,,,,,,
y_pred[1589],,,,,,,,,,
y_pred[1590],,,,,,,,,,
y_pred[1591],,,,,,,,,,
y_pred[1592],,,,,,,,,,
y_pred[1593],,,,,,,,,,
y_pred[1594],,,,,,,,,,
y_pred[1595],,,,,,,,,,
y_pred[1596],,,,,,,,,,
y_pred[1597],,,,,,,,,,
y_pred[1598],,,,,,,,,,
y_pred[1599],,,,,,,,,,
y_pred[1600],,,,,,,,,,
y_pred[1601],,,,,,,,,,
y_pred[1602],,,,,,,,,,
y_pred[1603],,,,,,,,,,
y_pred[1604],,,,,,,,,,
y_pred[1605],,,,,,,,,,
y_pred[1606],,,,,,,,,,
y_pred[1607],,,,,,,,,,
y_pred[1608],,,,,,,,,,
y_pred[1609],,,,,,,,,,
y_pred[1610],,,,,,,,,,
y_pred[1611],,,,,,,,,,
y_pred[1612],,,,,,,,,,
y_pred[1613],,,,,,,,,,
y_pred[1614],,,,,,,,,,
y_pred[1615],,,,,,,,,,
y_pred[1616],,,,,,,,,,
y_pred[1617],,,,,,,,,,
y_pred[1618],,,,,,,,,,
y_pred[1619],,,,,,,,,,
y_pred[1620],,,,,,,,,,
y_pred[1621],,,,,,,,,,
y_pred[1622],,,,,,,,,,
y_pred[1623],,,,,,,,,,
y_pred[1624],,,,,,,,,,
y_pred[1625],,,,,,,,,,
y_pred[1626],,,,,,,,,,
y_pred[1627],,,,,,,,,,
y_pred[1628],,,,,,,,,,
y_pred[1629],,,,,,,,,,
y_pred[1630],,,,,,,,,,
y_pred[1631],,,,,,,,,,
y_pred[1632],,,,,,,,,,
y_pred[1633],,,,,,,,,,
y_pred[1634],,,,,,,,,,
y_pred[1635],,,,,,,,,,
y_pred[1636],,,,,,,,,,
y_pred[1637],,,,,,,,,,
y_pred[1638],,,,,,,,,,
y_pred[1639],,,,,,,,,,
y_pred[1640],,,,,,,,,,
y_pred[1641],,,,,,,,,,
y_pred[1642],,,,,,,,,,
y_pred[1643],,,,,,,,,,
y_pred[1644],,,,,,,,,,
y_pred[1645],,,,,,,,,,
y_pred[1646],,,,,,,,,,
y_pred[1647],,,,,,,,,,
y_pred[1648],,,,,,,,,,
y_pred[1649],,,,,,,,,,
y_pred[1650],,,,,,,,,,
y_pred[1651],,,,,,,,,,
y_pred[1652],,,,,,,,,,
y_pred[1653],,,,,,,,,,
y_pred[1654],,,,,,,,,,
y_pred[1655],,,,,,,,,,
y_pred[1656],,,,,,,,,,
y_pred[1657],,,,,,,,,,
y_pred[1658],,,,,,,,,,
y_pred[1659],,,,,,,,,,
y_pred[1660],,,,,,,,,,
y_pred[1661],,,,,,,,,,
y_pred[1662],,,,,,,,,,
y_pred[1663],,,,,,,,,,
y_pred[1664],,,,,,,,,,
y_pred[1665],,,,,,,,,,
y_pred[1666],,,,,,,,,,
y_pred[1667],,,,,,,,,,
y_pred[1668],,,,,,,,,,
y_pred[1669],,,,,,,,,,
y_pred[1670],,,,,,,,,,
y_pred[1671],,,,,,,,,,
y_pred[1672],,,,,,,,,,
y_pred[1673],,,,,,,,,,
y_pred[1674],,,,,,,,,,
y_pred[1675],,,,,,,,,,
y_pred[1676],,,,,,,,,,
y_pred[1677],,,,,,,,,,
y_pred[1678],,,,,,,,,,
y_pred[1679],,,,,,,,,,
y_pred[1680],,,,,,,,,,
y_pred[1681],,,,,,,,,,
y_pred[1682],,,,,,,,,,
y_pred[1683],,,,,,,,,,
y_pred[1684],,,,,,,,,,
y_pred[1685],,,,,,,,,,
y_pred[1686],,,,,,,,,,
y_pred[1687],,,,,,,,,,
y_pred[1688],,,,,,,,,,
y_pred[1689],,,,,,,,,,
y_pred[1690],,,,,,,,,,
y_pred[1691],,,,,,,,,,
y_pred[1692],,,,,,,,,,
y_pred[1693],,,,,,,,,,
y_pred[1694],,,,,,,,,,
y_pred[1695],,,,,,,,,,
y_pred[1696],,,,,,,,,,
y_pred[1697],,,,,,,,,,
y_pred[1698],,,,,,,,,,
y_pred[1699],,,,,,,,,,
y_pred[1700],,,,,,,,,,
y_pred[1701],,,,,,,,,,
y_pred[1702],,,,,,,,,,
y_pred[1703],,,,,,,,,,
y_pred[1704],,,,,,,,,,
y_pred[1705],,,,,,,,,,
y_pred[1706],,,,,,,,,,
y_pred[1707],,,,,,,,,,
y_pred[1708],,,,,,,,,,
y_pred[1709],,,,,,,,,,
y_pred[1710],,,,,,,,,,
y_pred[1711],,,,,,,,,,
y_pred[1712],,,,,,,,,,
y_pred[1713],,,,,,,,,,
y_pred[1714],,,,,,,,,,
y_pred[1715],,,,,,,,,,
y_pred[1716],,,,,,,,,,
y_pred[1717],,,,,,,,,,
y_pred[1718],,,,,,,,,,
y_pred[1719],,,,,,,,,,
y_pred[1720],,,,,,,,,,
y_pred[1721],,,,,,,,,,
y_pred[1722],,,,,,,,,,
y_pred[1723],,,,,,,,,,
y_pred[1724],,,,,,,,,,
y_pred[1725],,,,,,,,,,
y_pred[1726],,,,,,,,,,
y_pred[1727],,,,,,,,,,
y_pred[1728],,,,,,,,,,
y_pred[1729],,,,,,,,,,
y_pred[1730],,,,,,,,,,
y_pred[1731],,,,,,,,,,
y_pred[1732],,,,,,,,,,
y_pred[1733],,,,,,,,,,
y_pred[1734],,,,,,,,,,
y_pred[1735],,,,,,,,,,
y_pred[1736],,,,,,,,,,
y_pred[1737],,,,,,,,,,
y_pred[1738],,,,,,,,,,
y_pred[1739],,,,,,,,,,
y_pred[1740],,,,,,,,,,
y_pred[1741],,,,,,,,,,
y_pred[1742],,,,,,,,,,
y_pred[1743],,,,,,,,,,
y_pred[1744],,,,,,,,,,
y_pred[1745],,,,,,,,,,
y_pred[1746],,,,,,,,,,
y_pred[1747],,,,,,,,,,
y_pred[1748],,,,,,,,,,
y_pred[1749],,,,,,,,,,
y_pred[1750],,,,,,,,,,
y_pred[1751],,,,,,,,,,
y_pred[1752],,,,,,,,,,
y_pred[1753],,,,,,,,,,
y_pred[1754],,,,,,,,,,
y_pred[1755],,,,,,,,,,
y_pred[1756],,,,,,,,,,
y_pred[1757],,,,,,,,,,
y_pred[1758],,,,,,,,,,
y_pred[1759],,,,,,,,,,
y_pred[1760],,,,,,,,,,
y_pred[1761],,,,,,,,,,
y_pred[1762],,,,,,,,,,
y_pred[1763],,,,,,,,,,
y_pred[1764],,,,,,,,,,
y_pred[1765],,,,,,,,,,
y_pred[1766],,,,,,,,,,
y_pred[1767],,,,,,,,,,
y_pred[1768],,,,,,,,,,
y_pred[1769],,,,,,,,,,
y_pred[1770],,,,,,,,,,
y_pred[1771],,,,,,,,,,
y_pred[1772],,,,,,,,,,
y_pred[1773],,,,,,,,,,
y_pred[1774],,,,,,,,,,
y_pred[1775],,,,,,,,,,
y_pred[1776],,,,,,,,,,
y_pred[1777],,,,,,,,,,
y_pred[1778],,,,,,,,,,
y_pred[1779],,,,,,,,,,
y_pred[1780],,,,,,,,,,
y_pred[1781],,,,,,,,,,
y_pred[1782],,,,,,,,,,
y_pred[1783],,,,,,,,,,
y_pred[1784],,,,,,,,,,
y_pred[1785],,,,,,,,,,
y_pred[1786],,,,,,,,,,
y_pred[1787],,,,,,,,,,
y_pred[1788],,,,,,,,,,
y_pred[1789],,,,,,,,,,
y_pred[1790],,,,,,,,,,
y_pred[1791],,,,,,,,,,
y_pred[1792],,,,,,,,,,
y_pred[1793],,,,,,,,,,
y_pred[1794],,,,,,,,,,
y_pred[1795],,,,,,,,,,
y_pred[1796],,,,,,,,,,
y_pred[1797],,,,,,,,,,
y_pred[1798],,,,,,,,,,
y_pred[1799],,,,,,,,,,
y_pred[1800],,,,,,,,,,
y_pred[1801],,,,,,,,,,
y_pred[1802],,,,,,,,,,
y_pred[1803],,,,,,,,,,
y_pred[1804],,,,,,,,,,
y_pred[1805],,,,,,,,,,
y_pred[1806],,,,,,,,,,
y_pred[1807],,,,,,,,,,
y_pred[1808],,,,,,,,,,
y_pred[1809],,,,,,,,,,
y_pred[1810],,,,,,,,,,
y_pred[1811],,,,,,,,,,
y_pred[1812],,,,,,,,,,
y_pred[1813],,,,,,,,,,
y_pred[1814],,,,,,,,,,
y_pred[1815],,,,,,,,,,
y_pred[1816],,,,,,,,,,
y_pred[1817],,,,,,,,,,
y_pred[1818],,,,,,,,,,
y_pred[1819],,,,,,,,,,
y_pred[1820],,,,,,,,,,
y_pred[1821],,,,,,,,,,
y_pred[1822],,,,,,,,,,
y_pred[1823],,,,,,,,,,
y_pred[1824],,,,,,,,,,
y_pred[1825],,,,,,,,,,
y_pred[1826],,,,,,,,,,
y_pred[1827],,,,,,,,,,
y_pred[1828],,,,,,,,,,
y_pred[1829],,,,,,,,,,
y_pred[1830],,,,,,,,,,
y_pred[1831],,,,,,,,,,
y_pred[1832],,,,,,,,,,
y_pred[1833],,,,,,,,,,
y_pred[1834],,,,,,,,,,
y_pred[1835],,,,,,,,,,
y_pred[1836],,,,,,,,,,
y_pred[1837],,,,,,,,,,
y_pred[1838],,,,,,,,,,
y_pred[1839],,,,,,,,,,
y_pred[1840],,,,,,,,,,
y_pred[1841],,,,,,,,,,
y_pred[1842],,,,,,,,,,
y_pred[1843],,,,,,,,,,
y_pred[1844],,,,,,,,,,
y_pred[1845],,,,,,,,,,
y_pred[1846],,,,,,,,,,
y_pred[1847],,,,,,,,,,
y_pred[1848],,,,,,,,,,
y_pred[1849],,,,,,,,,,
y_pred[1850],,,,,,,,,,
y_pred[1851],,,,,,,,,,
y_pred[1852],,,,,,,,,,
y_pred[1853],,,,,,,,,,
y_pred[1854],,,,,,,,,,
y_pred[1855],,,,,,,,,,
y_pred[1856],,,,,,,,,,
y_pred[1857],,,,,,,,,,
y_pred[1858],,,,,,,,,,
y_pred[1859],,,,,,,,,,
y_pred[1860],,,,,,,,,,
y_pred[1861],,,,,,,,,,
y_pred[1862],,,,,,,,,,
y_pred[1863],,,,,,,,,,
y_pred[1864],,,,,,,,,,
y_pred[1865],,,,,,,,,,
y_pred[1866],,,,,,,,,,
y_pred[1867],,,,,,,,,,
y_pred[1868],,,,,,,,,,
y_pred[1869],,,,,,,,,,
y_pred[1870],,,,,,,,,,
y_pred[1871],,,,,,,,,,
y_pred[1872],,,,,,,,,,
y_pred[1873],,,,,,,,,,
y_pred[1874],,,,,,,,,,
y_pred[1875],,,,,,,,,,
y_pred[1876],,,,,,,,,,
y_pred[1877],,,,,,,,,,
y_pred[1878],,,,,,,,,,
y_pred[1879],,,,,,,,,,
y_pred[1880],,,,,,,,,,
y_pred[1881],,,,,,,,,,
y_pred[1882],,,,,,,,,,
y_pred[1883],,,,,,,,,,
y_pred[1884],,,,,,,,,,
y_pred[1885],,,,,,,,,,
y_pred[1886],,,,,,,,,,
y_pred[1887],,,,,,,,,,
y_pred[1888],,,,,,,,,,
y_pred[1889],,,,,,,,,,
y_pred[1890],,,,,,,,,,
y_pred[1891],,,,,,,,,,
y_pred[1892],,,,,,,,,,
y_pred[1893],,,,,,,,,,
y_pred[1894],,,,,,,,,,
y_pred[1895],,,,,,,,,,
y_pred[1896],,,,,,,,,,
y_pred[1897],,,,,,,,,,
y_pred[1898],,,,,,,,,,
y_pred[1899],,,,,,,,,,
y_pred[1900],,,,,,,,,,
y_pred[1901],,,,,,,,,,
y_pred[1902],,,,,,,,,,
y_pred[1903],,,,,,,,,,
y_pred[1904],,,,,,,,,,
y_pred[1905],,,,,,,,,,
y_pred[1906],,,,,,,,,,
y_pred[1907],,,,,,,,,,
y_pred[1908],,,,,,,,,,
y_pred[1909],,,,,,,,,,
y_pred[1910],,,,,,,,,,
y_pred[1911],,,,,,,,,,
y_pred[1912],,,,,,,,,,
y_pred[1913],,,,,,,,,,
y_pred[1914],,,,,,,,,,
y_pred[1915],,,,,,,,,,
y_pred[1916],,,,,,,,,,
y_pred[1917],,,,,,,,,,
y_pred[1918],,,,,,,,,,
y_pred[1919],,,,,,,,,,
y_pred[1920],,,,,,,,,,
y_pred[1921],,,,,,,,,,
y_pred[1922],,,,,,,,,,
y_pred[1923],,,,,,,,,,
y_pred[1924],,,,,,,,,,
y_pred[1925],,,,,,,,,,
y_pred[1926],,,,,,,,,,
y_pred[1927],,,,,,,,,,
y_pred[1928],,,,,,,,,,
y_pred[1929],,,,,,,,,,
y_pred[1930],,,,,,,,,,
y_pred[1931],,,,,,,,,,
y_pred[1932],,,,,,,,,,
y_pred[1933],,,,,,,,,,
y_pred[1934],,,,,,,,,,
y_pred[1935],,,,,,,,,,
y_pred[1936],,,,,,,,,,
y_pred[1937],,,,,,,,,,
y_pred[1938],,,,,,,,,,
y_pred[1939],,,,,,,,,,
y_pred[1940],,,,,,,,,,
y_pred[1941],,,,,,,,,,
y_pred[1942],,,,,,,,,,
y_pred[1943],,,,,,,,,,
y_pred[1944],,,,,,,,,,
y_pred[1945],,,,,,,,,,
y_pred[1946],,,,,,,,,,
y_pred[1947],,,,,,,,,,
y_pred[1948],,,,,,,,,,
y_pred[1949],,,,,,,,,,
y_pred[1950],,,,,,,,,,
y_pred[1951],,,,,,,,,,
y_pred[1952],,,,,,,,,,
y_pred[1953],,,,,,,,,,
y_pred[1954],,,,,,,,,,
y_pred[1955],,,,,,,,,,
y_pred[1956],,,,,,,,,,
y_pred[1957],,,,,,,,,,
y_pred[1958],,,,,,,,,,
y_pred[1959],,,,,,,,,,
y_pred[1960],,,,,,,,,,
y_pred[1961],,,,,,,,,,
y_pred[1962],,,,,,,,,,
y_pred[1963],,,,,,,,,,
y_pred[1964],,,,,,,,,,
y_pred[1965],,,,,,,,,,
y_pred[1966],,,,,,,,,,
y_pred[1967],,,,,,,,,,
y_pred[1968],,,,,,,,,,
y_pred[1969],,,,,,,,,,
y_pred[1970],,,,,,,,,,
y_pred[1971],,,,,,,,,,
y_pred[1972],,,,,,,,,,
y_pred[1973],,,,,,,,,,
y_pred[1974],,,,,,,,,,
y_pred[1975],,,,,,,,,,
y_pred[1976],,,,,,,,,,
y_pred[1977],,,,,,,,,,
y_pred[1978],,,,,,,,,,
y_pred[1979],,,,,,,,,,
y_pred[1980],,,,,,,,,,
y_pred[1981],,,,,,,,,,
y_pred[1982],,,,,,,,,,
y_pred[1983],,,,,,,,,,
y_pred[1984],,,,,,,,,,
y_pred[1985],,,,,,,,,,
y_pred[1986],,,,,,,,,,
y_pred[1987],,,,,,,,,,
y_pred[1988],,,,,,,,,,
y_pred[1989],,,,,,,,,,
y_pred[1990],,,,,,,,,,
y_pred[1991],,,,,,,,,,
y_pred[1992],,,,,,,,,,
y_pred[1993],,,,,,,,,,
y_pred[1994],,,,,,,,,,
y_pred[1995],,,,,,,,,,
y_pred[1996],,,,,,,,,,
y_pred[1997],,,,,,,,,,
y_pred[1998],,,,,,,,,,
y_pred[1999],,,,,,,,,,
y_pred[2000],,,,,,,,,,
y_pred[2001],,,,,,,,,,
y_pred[2002],,,,,,,,,,
y_pred[2003],,,,,,,,,,
y_pred[2004],,,,,,,,,,
y_pred[2005],,,,,,,,,,
y_pred[2006],,,,,,,,,,
y_pred[2007],,,,,,,,,,
y_pred[2008],,,,,,,,,,
y_pred[2009],,,,,,,,,,
y_pred[2010],,,,,,,,,,
y_pred[2011],,,,,,,,,,
y_pred[2012],,,,,,,,,,
y_pred[2013],,,,,,,,,,
y_pred[2014],,,,,,,,,,
y_pred[2015],,,,,,,,,,
y_pred[2016],,,,,,,,,,
y_pred[2017],,,,,,,,,,
y_pred[2018],,,,,,,,,,
y_pred[2019],,,,,,,,,,
y_pred[2020],,,,,,,,,,
y_pred[2021],,,,,,,,,,
y_pred[2022],,,,,,,,,,
y_pred[2023],,,,,,,,,,
y_pred[2024],,,,,,,,,,
y_pred[2025],,,,,,,,,,
y_pred[2026],,,,,,,,,,
y_pred[2027],,,,,,,,,,
y_pred[2028],,,,,,,,,,
y_pred[2029],,,,,,,,,,
y_pred[2030],,,,,,,,,,
y_pred[2031],,,,,,,,,,
y_pred[2032],,,,,,,,,,
y_pred[2033],,,,,,,,,,
y_pred[2034],,,,,,,,,,
y_pred[2035],,,,,,,,,,
y_pred[2036],,,,,,,,,,
y_pred[2037],,,,,,,,,,
y_pred[2038],,,,,,,,,,
y_pred[2039],,,,,,,,,,
y_pred[2040],,,,,,,,,,
y_pred[2041],,,,,,,,,,
y_pred[2042],,,,,,,,,,
y_pred[2043],,,,,,,,,,
y_pred[2044],,,,,,,,,,
y_pred[2045],,,,,,,,,,
y_pred[2046],,,,,,,,,,
y_pred[2047],,,,,,,,,,
y_pred[2048],,,,,,,,,,
y_pred[2049],,,,,,,,,,
y_pred[2050],,,,,,,,,,
y_pred[2051],,,,,,,,,,
y_pred[2052],,,,,,,,,,
y_pred[2053],,,,,,,,,,
y_pred[2054],,,,,,,,,,
y_pred[2055],,,,,,,,,,
y_pred[2056],,,,,,,,,,
y_pred[2057],,,,,,,,,,
y_pred[2058],,,,,,,,,,
y_pred[2059],,,,,,,,,,
y_pred[2060],,,,,,,,,,
y_pred[2061],,,,,,,,,,
y_pred[2062],,,,,,,,,,
y_pred[2063],,,,,,,,,,
y_pred[2064],,,,,,,,,,
y_pred[2065],,,,,,,,,,
y_pred[2066],,,,,,,,,,
y_pred[2067],,,,,,,,,,
y_pred[2068],,,,,,,,,,
y_pred[2069],,,,,,,,,,
y_pred[2070],,,,,,,,,,
y_pred[2071],,,,,,,,,,
y_pred[2072],,,,,,,,,,
y_pred[2073],,,,,,,,,,
y_pred[2074],,,,,,,,,,
y_pred[2075],,,,,,,,,,
y_pred[2076],,,,,,,,,,
y_pred[2077],,,,,,,,,,
y_pred[2078],,,,,,,,,,
y_pred[2079],,,,,,,,,,
y_pred[2080],,,,,,,,,,
y_pred[2081],,,,,,,,,,
y_pred[2082],,,,,,,,,,
y_pred[2083],,,,,,,,,,
y_pred[2084],,,,,,,,,,
y_pred[2085],,,,,,,,,,
y_pred[2086],,,,,,,,,,
y_pred[2087],,,,,,,,,,
y_pred[2088],,,,,,,,,,
y_pred[2089],,,,,,,,,,
y_pred[2090],,,,,,,,,,
y_pred[2091],,,,,,,,,,
y_pred[2092],,,,,,,,,,
y_pred[2093],,,,,,,,,,
y_pred[2094],,,,,,,,,,
y_pred[2095],,,,,,,,,,
y_pred[2096],,,,,,,,,,
y_pred[2097],,,,,,,,,,
y_pred[2098],,,,,,,,,,
y_pred[2099],,,,,,,,,,
y_pred[2100],,,,,,,,,,
y_pred[2101],,,,,,,,,,
y_pred[2102],,,,,,,,,,
y_pred[2103],,,,,,,,,,
y_pred[2104],,,,,,,,,,
y_pred[2105],,,,,,,,,,
y_pred[2106],,,,,,,,,,
y_pred[2107],,,,,,,,,,
y_pred[2108],,,,,,,,,,
y_pred[2109],,,,,,,,,,
y_pred[2110],,,,,,,,,,
y_pred[2111],,,,,,,,,,
y_pred[2112],,,,,,,,,,
y_pred[2113],,,,,,,,,,
y_pred[2114],,,,,,,,,,
y_pred[2115],,,,,,,,,,
y_pred[2116],,,,,,,,,,
y_pred[2117],,,,,,,,,,
y_pred[2118],,,,,,,,,,
y_pred[2119],,,,,,,,,,
y_pred[2120],,,,,,,,,,
y_pred[2121],,,,,,,,,,
y_pred[2122],,,,,,,,,,
y_pred[2123],,,,,,,,,,
y_pred[2124],,,,,,,,,,
y_pred[2125],,,,,,,,,,
y_pred[2126],,,,,,,,,,
y_pred[2127],,,,,,,,,,
y_pred[2128],,,,,,,,,,
y_pred[2129],,,,,,,,,,
y_pred[2130],,,,,,,,,,
y_pred[2131],,,,,,,,,,
y_pred[2132],,,,,,,,,,
y_pred[2133],,,,,,,,,,
y_pred[2134],,,,,,,,,,
y_pred[2135],,,,,,,,,,
y_pred[2136],,,,,,,,,,
y_pred[2137],,,,,,,,,,
y_pred[2138],,,,,,,,,,
y_pred[2139],,,,,,,,,,
y_pred[2140],,,,,,,,,,
y_pred[2141],,,,,,,,,,
y_pred[2142],,,,,,,,,,
y_pred[2143],,,,,,,,,,
y_pred[2144],,,,,,,,,,
y_pred[2145],,,,,,,,,,
y_pred[2146],,,,,,,,,,
y_pred[2147],,,,,,,,,,
y_pred[2148],,,,,,,,,,
y_pred[2149],,,,,,,,,,
y_pred[2150],,,,,,,,,,
y_pred[2151],,,,,,,,,,
y_pred[2152],,,,,,,,,,
y_pred[2153],,,,,,,,,,
y_pred[2154],,,,,,,,,,
y_pred[2155],,,,,,,,,,
y_pred[2156],,,,,,,,,,
y_pred[2157],,,,,,,,,,
y_pred[2158],,,,,,,,,,
y_pred[2159],,,,,,,,,,
y_pred[2160],,,,,,,,,,
y_pred[2161],,,,,,,,,,
y_pred[2162],,,,,,,,,,
y_pred[2163],,,,,,,,,,
y_pred[2164],,,,,,,,,,
y_pred[2165],,,,,,,,,,
y_pred[2166],,,,,,,,,,
y_pred[2167],,,,,,,,,,
y_pred[2168],,,,,,,,,,
y_pred[2169],,,,,,,,,,
y_pred[2170],,,,,,,,,,
y_pred[2171],,,,,,,,,,
y_pred[2172],,,,,,,,,,
y_pred[2173],,,,,,,,,,
y_pred[2174],,,,,,,,,,
y_pred[2175],,,,,,,,,,
y_pred[2176],,,,,,,,,,
y_pred[2177],,,,,,,,,,
y_pred[2178],,,,,,,,,,
y_pred[2179],,,,,,,,,,
y_pred[2180],,,,,,,,,,
y_pred[2181],,,,,,,,,,
y_pred[2182],,,,,,,,,,
y_pred[2183],,,,,,,,,,
y_pred[2184],,,,,,,,,,
y_pred[2185],,,,,,,,,,
y_pred[2186],,,,,,,,,,
y_pred[2187],,,,,,,,,,
y_pred[2188],,,,,,,,,,
y_pred[2189],,,,,,,,,,
y_pred[2190],,,,,,,,,,
y_pred[2191],,,,,,,,,,
y_pred[2192],,,,,,,,,,
y_pred[2193],,,,,,,,,,
y_pred[2194],,,,,,,,,,
y_pred[2195],,,,,,,,,,
y_pred[2196],,,,,,,,,,
y_pred[2197],,,,,,,,,,
y_pred[2198],,,,,,,,,,
y_pred[2199],,,,,,,,,,
y_pred[2200],,,,,,,,,,
y_pred[2201],,,,,,,,,,
y_pred[2202],,,,,,,,,,
y_pred[2203],,,,,,,,,,
y_pred[2204],,,,,,,,,,
y_pred[2205],,,,,,,,,,
y_pred[2206],,,,,,,,,,
y_pred[2207],,,,,,,,,,
y_pred[2208],,,,,,,,,,
y_pred[2209],,,,,,,,,,
y_pred[2210],,,,,,,,,,
y_pred[2211],,,,,,,,,,
y_pred[2212],,,,,,,,,,
y_pred[2213],,,,,,,,,,
y_pred[2214],,,,,,,,,,
y_pred[2215],,,,,,,,,,
y_pred[2216],,,,,,,,,,
y_pred[2217],,,,,,,,,,
y_pred[2218],,,,,,,,,,
y_pred[2219],,,,,,,,,,
y_pred[2220],,,,,,,,,,
y_pred[2221],,,,,,,,,,
y_pred[2222],,,,,,,,,,
y_pred[2223],,,,,,,,,,
y_pred[2224],,,,,,,,,,
y_pred[2225],,,,,,,,,,
y_pred[2226],,,,,,,,,,
y_pred[2227],,,,,,,,,,
y_pred[2228],,,,,,,,,,
y_pred[2229],,,,,,,,,,
y_pred[2230],,,,,,,,,,
y_pred[2231],,,,,,,,,,
y_pred[2232],,,,,,,,,,
y_pred[2233],,,,,,,,,,
y_pred[2234],,,,,,,,,,
y_pred[2235],,,,,,,,,,
y_pred[2236],,,,,,,,,,
y_pred[2237],,,,,,,,,,
y_pred[2238],,,,,,,,,,
y_pred[2239],,,,,,,,,,
y_pred[2240],,,,,,,,,,
y_pred[2241],,,,,,,,,,
y_pred[2242],,,,,,,,,,
y_pred[2243],,,,,,,,,,
y_pred[2244],,,,,,,,,,
y_pred[2245],,,,,,,,,,
y_pred[2246],,,,,,,,,,
y_pred[2247],,,,,,,,,,
y_pred[2248],,,,,,,,,,
y_pred[2249],,,,,,,,,,
y_pred[2250],,,,,,,,,,
y_pred[2251],,,,,,,,,,
y_pred[2252],,,,,,,,,,
y_pred[2253],,,,,,,,,,
y_pred[2254],,,,,,,,,,
y_pred[2255],,,,,,,,,,
y_pred[2256],,,,,,,,,,
y_pred[2257],,,,,,,,,,
y_pred[2258],,,,,,,,,,
y_pred[2259],,,,,,,,,,
y_pred[2260],,,,,,,,,,
y_pred[2261],,,,,,,,,,
y_pred[2262],,,,,,,,,,
y_pred[2263],,,,,,,,,,
y_pred[2264],,,,,,,,,,
y_pred[2265],,,,,,,,,,
y_pred[2266],,,,,,,,,,
y_pred[2267],,,,,,,,,,
y_pred[2268],,,,,,,,,,
y_pred[2269],,,,,,,,,,
y_pred[2270],,,,,,,,,,
y_pred[2271],,,,,,,,,,
y_pred[2272],,,,,,,,,,
y_pred[2273],,,,,,,,,,
y_pred[2274],,,,,,,,,,
y_pred[2275],,,,,,,,,,
y_pred[2276],,,,,,,,,,
y_pred[2277],,,,,,,,,,
y_pred[2278],,,,,,,,,,
y_pred[2279],,,,,,,,,,
y_pred[2280],,,,,,,,,,
y_pred[2281],,,,,,,,,,
y_pred[2282],,,,,,,,,,
y_pred[2283],,,,,,,,,,
y_pred[2284],,,,,,,,,,
y_pred[2285],,,,,,,,,,
y_pred[2286],,,,,,,,,,
y_pred[2287],,,,,,,,,,
y_pred[2288],,,,,,,,,,
y_pred[2289],,,,,,,,,,
y_pred[2290],,,,,,,,,,
y_pred[2291],,,,,,,,,,
y_pred[2292],,,,,,,,,,
y_pred[2293],,,,,,,,,,
y_pred[2294],,,,,,,,,,
y_pred[2295],,,,,,,,,,
y_pred[2296],,,,,,,,,,
y_pred[2297],,,,,,,,,,
y_pred[2298],,,,,,,,,,
y_pred[2299],,,,,,,,,,
y_pred[2300],,,,,,,,,,
y_pred[2301],,,,,,,,,,
y_pred[2302],,,,,,,,,,
y_pred[2303],,,,,,,,,,
y_pred[2304],,,,,,,,,,
y_pred[2305],,,,,,,,,,
y_pred[2306],,,,,,,,,,
y_pred[2307],,,,,,,,,,
y_pred[2308],,,,,,,,,,
y_pred[2309],,,,,,,,,,
y_pred[2310],,,,,,,,,,
y_pred[2311],,,,,,,,,,
y_pred[2312],,,,,,,,,,
y_pred[2313],,,,,,,,,,
y_pred[2314],,,,,,,,,,
y_pred[2315],,,,,,,,,,
y_pred[2316],,,,,,,,,,
y_pred[2317],,,,,,,,,,
y_pred[2318],,,,,,,,,,
y_pred[2319],,,,,,,,,,
y_pred[2320],,,,,,,,,,
y_pred[2321],,,,,,,,,,
y_pred[2322],,,,,,,,,,
y_pred[2323],,,,,,,,,,
y_pred[2324],,,,,,,,,,
y_pred[2325],,,,,,,,,,
y_pred[2326],,,,,,,,,,
y_pred[2327],,,,,,,,,,
y_pred[2328],,,,,,,,,,
y_pred[2329],,,,,,,,,,
y_pred[2330],,,,,,,,,,
y_pred[2331],,,,,,,,,,
y_pred[2332],,,,,,,,,,
y_pred[2333],,,,,,,,,,
y_pred[2334],,,,,,,,,,
y_pred[2335],,,,,,,,,,
y_pred[2336],,,,,,,,,,
y_pred[2337],,,,,,,,,,
y_pred[2338],,,,,,,,,,
y_pred[2339],,,,,,,,,,
y_pred[2340],,,,,,,,,,
y_pred[2341],,,,,,,,,,
y_pred[2342],,,,,,,,,,
y_pred[2343],,,,,,,,,,
y_pred[2344],,,,,,,,,,
y_pred[2345],,,,,,,,,,
y_pred[2346],,,,,,,,,,
y_pred[2347],,,,,,,,,,
y_pred[2348],,,,,,,,,,
y_pred[2349],,,,,,,,,,
y_pred[2350],,,,,,,,,,
y_pred[2351],,,,,,,,,,
y_pred[2352],,,,,,,,,,
y_pred[2353],,,,,,,,,,
y_pred[2354],,,,,,,,,,
y_pred[2355],,,,,,,,,,
y_pred[2356],,,,,,,,,,
y_pred[2357],,,,,,,,,,
y_pred[2358],,,,,,,,,,
y_pred[2359],,,,,,,,,,
y_pred[2360],,,,,,,,,,
y_pred[2361],,,,,,,,,,
y_pred[2362],,,,,,,,,,
y_pred[2363],,,,,,,,,,
y_pred[2364],,,,,,,,,,
y_pred[2365],,,,,,,,,,
y_pred[2366],,,,,,,,,,
y_pred[2367],,,,,,,,,,
y_pred[2368],,,,,,,,,,
y_pred[2369],,,,,,,,,,
y_pred[2370],,,,,,,,,,
y_pred[2371],,,,,,,,,,
y_pred[2372],,,,,,,,,,
y_pred[2373],,,,,,,,,,
y_pred[2374],,,,,,,,,,
y_pred[2375],,,,,,,,,,
y_pred[2376],,,,,,,,,,
y_pred[2377],,,,,,,,,,
y_pred[2378],,,,,,,,,,
y_pred[2379],,,,,,,,,,
y_pred[2380],,,,,,,,,,
y_pred[2381],,,,,,,,,,
y_pred[2382],,,,,,,,,,
y_pred[2383],,,,,,,,,,
y_pred[2384],,,,,,,,,,
y_pred[2385],,,,,,,,,,
y_pred[2386],,,,,,,,,,
y_pred[2387],,,,,,,,,,
y_pred[2388],,,,,,,,,,
y_pred[2389],,,,,,,,,,
y_pred[2390],,,,,,,,,,
y_pred[2391],,,,,,,,,,
y_pred[2392],,,,,,,,,,
y_pred[2393],,,,,,,,,,
y_pred[2394],,,,,,,,,,
y_pred[2395],,,,,,,,,,
y_pred[2396],,,,,,,,,,
y_pred[2397],,,,,,,,,,
y_pred[2398],,,,,,,,,,
y_pred[2399],,,,,,,,,,
y_pred[2400],,,,,,,,,,
y_pred[2401],,,,,,,,,,
y_pred[2402],,,,,,,,,,
y_pred[2403],,,,,,,,,,
y_pred[2404],,,,,,,,,,
y_pred[2405],,,,,,,,,,
y_pred[2406],,,,,,,,,,
y_pred[2407],,,,,,,,,,
y_pred[2408],,,,,,,,,,
y_pred[2409],,,,,,,,,,
y_pred[2410],,,,,,,,,,
y_pred[2411],,,,,,,,,,
y_pred[2412],,,,,,,,,,
y_pred[2413],,,,,,,,,,
y_pred[2414],,,,,,,,,,
y_pred[2415],,,,,,,,,,
y_pred[2416],,,,,,,,,,
y_pred[2417],,,,,,,,,,
y_pred[2418],,,,,,,,,,
y_pred[2419],,,,,,,,,,
y_pred[2420],,,,,,,,,,
y_pred[2421],,,,,,,,,,
y_pred[2422],,,,,,,,,,
y_pred[2423],,,,,,,,,,
y_pred[2424],,,,,,,,,,
y_pred[2425],,,,,,,,,,
y_pred[2426],,,,,,,,,,
y_pred[2427],,,,,,,,,,
y_pred[2428],,,,,,,,,,
y_pred[2429],,,,,,,,,,
y_pred[2430],,,,,,,,,,
y_pred[2431],,,,,,,,,,
y_pred[2432],,,,,,,,,,
y_pred[2433],,,,,,,,,,
y_pred[2434],,,,,,,,,,
y_pred[2435],,,,,,,,,,
y_pred[2436],,,,,,,,,,
y_pred[2437],,,,,,,,,,
y_pred[2438],,,,,,,,,,
y_pred[2439],,,,,,,,,,
y_pred[2440],,,,,,,,,,
y_pred[2441],,,,,,,,,,
y_pred[2442],,,,,,,,,,
y_pred[2443],,,,,,,,,,
y_pred[2444],,,,,,,,,,
y_pred[2445],,,,,,,,,,
y_pred[2446],,,,,,,,,,
y_pred[2447],,,,,,,,,,
y_pred[2448],,,,,,,,,,
y_pred[2449],,,,,,,,,,
y_pred[2450],,,,,,,,,,
y_pred[2451],,,,,,,,,,
y_pred[2452],,,,,,,,,,
y_pred[2453],,,,,,,,,,
y_pred[2454],,,,,,,,,,
y_pred[2455],,,,,,,,,,
y_pred[2456],,,,,,,,,,
y_pred[2457],,,,,,,,,,
y_pred[2458],,,,,,,,,,
y_pred[2459],,,,,,,,,,
y_pred[2460],,,,,,,,,,
y_pred[2461],,,,,,,,,,
y_pred[2462],,,,,,,,,,
y_pred[2463],,,,,,,,,,
y_pred[2464],,,,,,,,,,
y_pred[2465],,,,,,,,,,
y_pred[2466],,,,,,,,,,
y_pred[2467],,,,,,,,,,
y_pred[2468],,,,,,,,,,
y_pred[2469],,,,,,,,,,
y_pred[2470],,,,,,,,,,
y_pred[2471],,,,,,,,,,
y_pred[2472],,,,,,,,,,
y_pred[2473],,,,,,,,,,
y_pred[2474],,,,,,,,,,
y_pred[2475],,,,,,,,,,
y_pred[2476],,,,,,,,,,
y_pred[2477],,,,,,,,,,
y_pred[2478],,,,,,,,,,
y_pred[2479],,,,,,,,,,
y_pred[2480],,,,,,,,,,
y_pred[2481],,,,,,,,,,
y_pred[2482],,,,,,,,,,
y_pred[2483],,,,,,,,,,
y_pred[2484],,,,,,,,,,
y_pred[2485],,,,,,,,,,
y_pred[2486],,,,,,,,,,
y_pred[2487],,,,,,,,,,
y_pred[2488],,,,,,,,,,
y_pred[2489],,,,,,,,,,
y_pred[2490],,,,,,,,,,
y_pred[2491],,,,,,,,,,
y_pred[2492],,,,,,,,,,
y_pred[2493],,,,,,,,,,
y_pred[2494],,,,,,,,,,
y_pred[2495],,,,,,,,,,
y_pred[2496],,,,,,,,,,
y_pred[2497],,,,,,,,,,
y_pred[2498],,,,,,,,,,
y_pred[2499],,,,,,,,,,
y_pred[2500],,,,,,,,,,
y_pred[2501],,,,,,,,,,
y_pred[2502],,,,,,,,,,
y_pred[2503],,,,,,,,,,
y_pred[2504],,,,,,,,,,
y_pred[2505],,,,,,,,,,
y_pred[2506],,,,,,,,,,
y_pred[2507],,,,,,,,,,
y_pred[2508],,,,,,,,,,
y_pred[2509],,,,,,,,,,
y_pred[2510],,,,,,,,,,
y_pred[2511],,,,,,,,,,
y_pred[2512],,,,,,,,,,
y_pred[2513],,,,,,,,,,
y_pred[2514],,,,,,,,,,
y_pred[2515],,,,,,,,,,
y_pred[2516],,,,,,,,,,
y_pred[2517],,,,,,,,,,
y_pred[2518],,,,,,,,,,
y_pred[2519],,,,,,,,,,
y_pred[2520],,,,,,,,,,
y_pred[2521],,,,,,,,,,
y_pred[2522],,,,,,,,,,
y_pred[2523],,,,,,,,,,
y_pred[2524],,,,,,,,,,
y_pred[2525],,,,,,,,,,
y_pred[2526],,,,,,,,,,
y_pred[2527],,,,,,,,,,
y_pred[2528],,,,,,,,,,
y_pred[2529],,,,,,,,,,
y_pred[2530],,,,,,,,,,
y_pred[2531],,,,,,,,,,
y_pred[2532],,,,,,,,,,
y_pred[2533],,,,,,,,,,
y_pred[2534],,,,,,,,,,
y_pred[2535],,,,,,,,,,
y_pred[2536],,,,,,,,,,
y_pred[2537],,,,,,,,,,
y_pred[2538],,,,,,,,,,
y_pred[2539],,,,,,,,,,
y_pred[2540],,,,,,,,,,
y_pred[2541],,,,,,,,,,
y_pred[2542],,,,,,,,,,
y_pred[2543],,,,,,,,,,
y_pred[2544],,,,,,,,,,
y_pred[2545],,,,,,,,,,
y_pred[2546],,,,,,,,,,
y_pred[2547],,,,,,,,,,
y_pred[2548],,,,,,,,,,
y_pred[2549],,,,,,,,,,
y_pred[2550],,,,,,,,,,
y_pred[2551],,,,,,,,,,
y_pred[2552],,,,,,,,,,
y_pred[2553],,,,,,,,,,
y_pred[2554],,,,,,,,,,
y_pred[2555],,,,,,,,,,
y_pred[2556],,,,,,,,,,
y_pred[2557],,,,,,,,,,
y_pred[2558],,,,,,,,,,
y_pred[2559],,,,,,,,,,
y_pred[2560],,,,,,,,,,
y_pred[2561],,,,,,,,,,
y_pred[2562],,,,,,,,,,
y_pred[2563],,,,,,,,,,
y_pred[2564],,,,,,,,,,
y_pred[2565],,,,,,,,,,
y_pred[2566],,,,,,,,,,
y_pred[2567],,,,,,,,,,
y_pred[2568],,,,,,,,,,
y_pred[2569],,,,,,,,,,
y_pred[2570],,,,,,,,,,
y_pred[2571],,,,,,,,,,
y_pred[2572],,,,,,,,,,
y_pred[2573],,,,,,,,,,
y_pred[2574],,,,,,,,,,
y_pred[2575],,,,,,,,,,
y_pred[2576],,,,,,,,,,
y_pred[2577],,,,,,,,,,
y_pred[2578],,,,,,,,,,
y_pred[2579],,,,,,,,,,
y_pred[2580],,,,,,,,,,
y_pred[2581],,,,,,,,,,
y_pred[2582],,,,,,,,,,
y_pred[2583],,,,,,,,,,
y_pred[2584],,,,,,,,,,
y_pred[2585],,,,,,,,,,
y_pred[2586],,,,,,,,,,
y_pred[2587],,,,,,,,,,
y_pred[2588],,,,,,,,,,
y_pred[2589],,,,,,,,,,
y_pred[2590],,,,,,,,,,
y_pred[2591],,,,,,,,,,
y_pred[2592],,,,,,,,,,
y_pred[2593],,,,,,,,,,
y_pred[2594],,,,,,,,,,
y_pred[2595],,,,,,,,,,
y_pred[2596],,,,,,,,,,
y_pred[2597],,,,,,,,,,
y_pred[2598],,,,,,,,,,
y_pred[2599],,,,,,,,,,
y_pred[2600],,,,,,,,,,
y_pred[2601],,,,,,,,,,
y_pred[2602],,,,,,,,,,
y_pred[2603],,,,,,,,,,
y_pred[2604],,,,,,,,,,
y_pred[2605],,,,,,,,,,
y_pred[2606],,,,,,,,,,
y_pred[2607],,,,,,,,,,
y_pred[2608],,,,,,,,,,
y_pred[2609],,,,,,,,,,
y_pred[2610],,,,,,,,,,
y_pred[2611],,,,,,,,,,
y_pred[2612],,,,,,,,,,
y_pred[2613],,,,,,,,,,
y_pred[2614],,,,,,,,,,
y_pred[2615],,,,,,,,,,
y_pred[2616],,,,,,,,,,
y_pred[2617],,,,,,,,,,
y_pred[2618],,,,,,,,,,
y_pred[2619],,,,,,,,,,
y_pred[2620],,,,,,,,,,
y_pred[2621],,,,,,,,,,
y_pred[2622],,,,,,,,,,
y_pred[2623],,,,,,,,,,
y_pred[2624],,,,,,,,,,
y_pred[2625],,,,,,,,,,
y_pred[2626],,,,,,,,,,
y_pred[2627],,,,,,,,,,
y_pred[2628],,,,,,,,,,
y_pred[2629],,,,,,,,,,
y_pred[2630],,,,,,,,,,
y_pred[2631],,,,,,,,,,
y_pred[2632],,,,,,,,,,
y_pred[2633],,,,,,,,,,
y_pred[2634],,,,,,,,,,
y_pred[2635],,,,,,,,,,
y_pred[2636],,,,,,,,,,
y_pred[2637],,,,,,,,,,
y_pred[2638],,,,,,,,,,
y_pred[2639],,,,,,,,,,
y_pred[2640],,,,,,,,,,
y_pred[2641],,,,,,,,,,
y_pred[2642],,,,,,,,,,
y_pred[2643],,,,,,,,,,
y_pred[2644],,,,,,,,,,
y_pred[2645],,,,,,,,,,
y_pred[2646],,,,,,,,,,
y_pred[2647],,,,,,,,,,
y_pred[2648],,,,,,,,,,
y_pred[2649],,,,,,,,,,
y_pred[2650],,,,,,,,,,
y_pred[2651],,,,,,,,,,
y_pred[2652],,,,,,,,,,
y_pred[2653],,,,,,,,,,
y_pred[2654],,,,,,,,,,
y_pred[2655],,,,,,,,,,
y_pred[2656],,,,,,,,,,
y_pred[2657],,,,,,,,,,
y_pred[2658],,,,,,,,,,
y_pred[2659],,,,,,,,,,
y_pred[2660],,,,,,,,,,
y_pred[2661],,,,,,,,,,
y_pred[2662],,,,,,,,,,
y_pred[2663],,,,,,,,,,
y_pred[2664],,,,,,,,,,
y_pred[2665],,,,,,,,,,
y_pred[2666],,,,,,,,,,
y_pred[2667],,,,,,,,,,
y_pred[2668],,,,,,,,,,
y_pred[2669],,,,,,,,,,
y_pred[2670],,,,,,,,,,
y_pred[2671],,,,,,,,,,
y_pred[2672],,,,,,,,,,
y_pred[2673],,,,,,,,,,
y_pred[2674],,,,,,,,,,
y_pred[2675],,,,,,,,,,
y_pred[2676],,,,,,,,,,
y_pred[2677],,,,,,,,,,
y_pred[2678],,,,,,,,,,
y_pred[2679],,,,,,,,,,
y_pred[2680],,,,,,,,,,
y_pred[2681],,,,,,,,,,
y_pred[2682],,,,,,,,,,
y_pred[2683],,,,,,,,,,
y_pred[2684],,,,,,,,,,
y_pred[2685],,,,,,,,,,
y_pred[2686],,,,,,,,,,
y_pred[2687],,,,,,,,,,
y_pred[2688],,,,,,,,,,
y_pred[2689],,,,,,,,,,
y_pred[2690],,,,,,,,,,
y_pred[2691],,,,,,,,,,
y_pred[2692],,,,,,,,,,
y_pred[2693],,,,,,,,,,
y_pred[2694],,,,,,,,,,
y_pred[2695],,,,,,,,,,
y_pred[2696],,,,,,,,,,
y_pred[2697],,,,,,,,,,
y_pred[2698],,,,,,,,,,
y_pred[2699],,,,,,,,,,
y_pred[2700],,,,,,,,,,
y_pred[2701],,,,,,,,,,
y_pred[2702],,,,,,,,,,
y_pred[2703],,,,,,,,,,
y_pred[2704],,,,,,,,,,
y_pred[2705],,,,,,,,,,
y_pred[2706],,,,,,,,,,
y_pred[2707],,,,,,,,,,
y_pred[2708],,,,,,,,,,
y_pred[2709],,,,,,,,,,
y_pred[2710],,,,,,,,,,
y_pred[2711],,,,,,,,,,
y_pred[2712],,,,,,,,,,
y_pred[2713],,,,,,,,,,
y_pred[2714],,,,,,,,,,
y_pred[2715],,,,,,,,,,
y_pred[2716],,,,,,,,,,
y_pred[2717],,,,,,,,,,
y_pred[2718],,,,,,,,,,
y_pred[2719],,,,,,,,,,
y_pred[2720],,,,,,,,,,
y_pred[2721],,,,,,,,,,
y_pred[2722],,,,,,,,,,
y_pred[2723],,,,,,,,,,
y_pred[2724],,,,,,,,,,
y_pred[2725],,,,,,,,,,
y_pred[2726],,,,,,,,,,
y_pred[2727],,,,,,,,,,
y_pred[2728],,,,,,,,,,
y_pred[2729],,,,,,,,,,
y_pred[2730],,,,,,,,,,
y_pred[2731],,,,,,,,,,
y_pred[2732],,,,,,,,,,
y_pred[2733],,,,,,,,,,
y_pred[2734],,,,,,,,,,
y_pred[2735],,,,,,,,,,
y_pred[2736],,,,,,,,,,
y_pred[2737],,,,,,,,,,
y_pred[2738],,,,,,,,,,
y_pred[2739],,,,,,,,,,
y_pred[2740],,,,,,,,,,
y_pred[2741],,,,,,,,,,
y_pred[2742],,,,,,,,,,
y_pred[2743],,,,,,,,,,
y_pred[2744],,,,,,,,,,
y_pred[2745],,,,,,,,,,
y_pred[2746],,,,,,,,,,
y_pred[2747],,,,,,,,,,
y_pred[2748],,,,,,,,,,
y_pred[2749],,,,,,,,,,
y_pred[2750],,,,,,,,,,
y_pred[2751],,,,,,,,,,
y_pred[2752],,,,,,,,,,
y_pred[2753],,,,,,,,,,
y_pred[2754],,,,,,,,,,
y_pred[2755],,,,,,,,,,
y_pred[2756],,,,,,,,,,
y_pred[2757],,,,,,,,,,
y_pred[2758],,,,,,,,,,
y_pred[2759],,,,,,,,,,
y_pred[2760],,,,,,,,,,
y_pred[2761],,,,,,,,,,
y_pred[2762],,,,,,,,,,
y_pred[2763],,,,,,,,,,
y_pred[2764],,,,,,,,,,
y_pred[2765],,,,,,,,,,
y_pred[2766],,,,,,,,,,
y_pred[2767],,,,,,,,,,
y_pred[2768],,,,,,,,,,
y_pred[2769],,,,,,,,,,
y_pred[2770],,,,,,,,,,
y_pred[2771],,,,,,,,,,
y_pred[2772],,,,,,,,,,
y_pred[2773],,,,,,,,,,
y_pred[2774],,,,,,,,,,
y_pred[2775],,,,,,,,,,
y_pred[2776],,,,,,,,,,
y_pred[2777],,,,,,,,,,
y_pred[2778],,,,,,,,,,
y_pred[2779],,,,,,,,,,
y_pred[2780],,,,,,,,,,
y_pred[2781],,,,,,,,,,
y_pred[2782],,,,,,,,,,
y_pred[2783],,,,,,,,,,
y_pred[2784],,,,,,,,,,
y_pred[2785],,,,,,,,,,
y_pred[2786],,,,,,,,,,
y_pred[2787],,,,,,,,,,
y_pred[2788],,,,,,,,,,
y_pred[2789],,,,,,,,,,
y_pred[2790],,,,,,,,,,
y_pred[2791],,,,,,,,,,
y_pred[2792],,,,,,,,,,
y_pred[2793],,,,,,,,,,
y_pred[2794],,,,,,,,,,
y_pred[2795],,,,,,,,,,
y_pred[2796],,,,,,,,,,
y_pred[2797],,,,,,,,,,
y_pred[2798],,,,,,,,,,
y_pred[2799],,,,,,,,,,
y_pred[2800],,,,,,,,,,
y_pred[2801],,,,,,,,,,
y_pred[2802],,,,,,,,,,
y_pred[2803],,,,,,,,,,
y_pred[2804],,,,,,,,,,
y_pred[2805],,,,,,,,,,
y_pred[2806],,,,,,,,,,
y_pred[2807],,,,,,,,,,
y_pred[2808],,,,,,,,,,
y_pred[2809],,,,,,,,,,
y_pred[2810],,,,,,,,,,
y_pred[2811],,,,,,,,,,
y_pred[2812],,,,,,,,,,
y_pred[2813],,,,,,,,,,
y_pred[2814],,,,,,,,,,
y_pred[2815],,,,,,,,,,
y_pred[2816],,,,,,,,,,
y_pred[2817],,,,,,,,,,
y_pred[2818],,,,,,,,,,
y_pred[2819],,,,,,,,,,
y_pred[2820],,,,,,,,,,
y_pred[2821],,,,,,,,,,
y_pred[2822],,,,,,,,,,
y_pred[2823],,,,,,,,,,
y_pred[2824],,,,,,,,,,
y_pred[2825],,,,,,,,,,
y_pred[2826],,,,,,,,,,
y_pred[2827],,,,,,,,,,
y_pred[2828],,,,,,,,,,
y_pred[2829],,,,,,,,,,
y_pred[2830],,,,,,,,,,
y_pred[2831],,,,,,,,,,
y_pred[2832],,,,,,,,,,
y_pred[2833],,,,,,,,,,
y_pred[2834],,,,,,,,,,
y_pred[2835],,,,,,,,,,
y_pred[2836],,,,,,,,,,
y_pred[2837],,,,,,,,,,
y_pred[2838],,,,,,,,,,
y_pred[2839],,,,,,,,,,
y_pred[2840],,,,,,,,,,
y_pred[2841],,,,,,,,,,
y_pred[2842],,,,,,,,,,
y_pred[2843],,,,,,,,,,
y_pred[2844],,,,,,,,,,
y_pred[2845],,,,,,,,,,
y_pred[2846],,,,,,,,,,
y_pred[2847],,,,,,,,,,
y_pred[2848],,,,,,,,,,
y_pred[2849],,,,,,,,,,
y_pred[2850],,,,,,,,,,
y_pred[2851],,,,,,,,,,
y_pred[2852],,,,,,,,,,
y_pred[2853],,,,,,,,,,
y_pred[2854],,,,,,,,,,
y_pred[2855],,,,,,,,,,
y_pred[2856],,,,,,,,,,
y_pred[2857],,,,,,,,,,
y_pred[2858],,,,,,,,,,
y_pred[2859],,,,,,,,,,
y_pred[2860],,,,,,,,,,
y_pred[2861],,,,,,,,,,
y_pred[2862],,,,,,,,,,
y_pred[2863],,,,,,,,,,
y_pred[2864],,,,,,,,,,
y_pred[2865],,,,,,,,,,
y_pred[2866],,,,,,,,,,
y_pred[2867],,,,,,,,,,
y_pred[2868],,,,,,,,,,
y_pred[2869],,,,,,,,,,
y_pred[2870],,,,,,,,,,
y_pred[2871],,,,,,,,,,
y_pred[2872],,,,,,,,,,
y_pred[2873],,,,,,,,,,
y_pred[2874],,,,,,,,,,
y_pred[2875],,,,,,,,,,
y_pred[2876],,,,,,,,,,
y_pred[2877],,,,,,,,,,
y_pred[2878],,,,,,,,,,
y_pred[2879],,,,,,,,,,
y_pred[2880],,,,,,,,,,
y_pred[2881],,,,,,,,,,
y_pred[2882],,,,,,,,,,
y_pred[2883],,,,,,,,,,
y_pred[2884],,,,,,,,,,
y_pred[2885],,,,,,,,,,
y_pred[2886],,,,,,,,,,
y_pred[2887],,,,,,,,,,
y_pred[2888],,,,,,,,,,
y_pred[2889],,,,,,,,,,
y_pred[2890],,,,,,,,,,
y_pred[2891],,,,,,,,,,
y_pred[2892],,,,,,,,,,
y_pred[2893],,,,,,,,,,
y_pred[2894],,,,,,,,,,
y_pred[2895],,,,,,,,,,
y_pred[2896],,,,,,,,,,
y_pred[2897],,,,,,,,,,
y_pred[2898],,,,,,,,,,
y_pred[2899],,,,,,,,,,
y_pred[2900],,,,,,,,,,
y_pred[2901],,,,,,,,,,
y_pred[2902],,,,,,,,,,
y_pred[2903],,,,,,,,,,
y_pred[2904],,,,,,,,,,
y_pred[2905],,,,,,,,,,
y_pred[2906],,,,,,,,,,
y_pred[2907],,,,,,,,,,
y_pred[2908],,,,,,,,,,
y_pred[2909],,,,,,,,,,
y_pred[2910],,,,,,,,,,
y_pred[2911],,,,,,,,,,
y_pred[2912],,,,,,,,,,
y_pred[2913],,,,,,,,,,
y_pred[2914],,,,,,,,,,
y_pred[2915],,,,,,,,,,
y_pred[2916],,,,,,,,,,
y_pred[2917],,,,,,,,,,
y_pred[2918],,,,,,,,,,
y_pred[2919],,,,,,,,,,
y_pred[2920],,,,,,,,,,
y_pred[2921],,,,,,,,,,
y_pred[2922],,,,,,,,,,
y_pred[2923],,,,,,,,,,
y_pred[2924],,,,,,,,,,
y_pred[2925],,,,,,,,,,
y_pred[2926],,,,,,,,,,
y_pred[2927],,,,,,,,,,
y_pred[2928],,,,,,,,,,
y_pred[2929],,,,,,,,,,
y_pred[2930],,,,,,,,,,
y_pred[2931],,,,,,,,,,
y_pred[2932],,,,,,,,,,
y_pred[2933],,,,,,,,,,
y_pred[2934],,,,,,,,,,
y_pred[2935],,,,,,,,,,
y_pred[2936],,,,,,,,,,
y_pred[2937],,,,,,,,,,
y_pred[2938],,,,,,,,,,
y_pred[2939],,,,,,,,,,
y_pred[2940],,,,,,,,,,
y_pred[2941],,,,,,,,,,
y_pred[2942],,,,,,,,,,
y_pred[2943],,,,,,,,,,
y_pred[2944],,,,,,,,,,
y_pred[2945],,,,,,,,,,
y_pred[2946],,,,,,,,,,
y_pred[2947],,,,,,,,,,
y_pred[2948],,,,,,,,,,
y_pred[2949],,,,,,,,,,
y_pred[2950],,,,,,,,,,
y_pred[2951],,,,,,,,,,
y_pred[2952],,,,,,,,,,
y_pred[2953],,,,,,,,,,
y_pred[2954],,,,,,,,,,
y_pred[2955],,,,,,,,,,
y_pred[2956],,,,,,,,,,
y_pred[2957],,,,,,,,,,
y_pred[2958],,,,,,,,,,
y_pred[2959],,,,,,,,,,
y_pred[2960],,,,,,,,,,
y_pred[2961],,,,,,,,,,
y_pred[2962],,,,,,,,,,
y_pred[2963],,,,,,,,,,
y_pred[2964],,,,,,,,,,
y_pred[2965],,,,,,,,,,
y_pred[2966],,,,,,,,,,
y_pred[2967],,,,,,,,,,
y_pred[2968],,,,,,,,,,
y_pred[2969],,,,,,,,,,
y_pred[2970],,,,,,,,,,
y_pred[2971],,,,,,,,,,
y_pred[2972],,,,,,,,,,
y_pred[2973],,,,,,,,,,
y_pred[2974],,,,,,,,,,
y_pred[2975],,,,,,,,,,
y_pred[2976],,,,,,,,,,
y_pred[2977],,,,,,,,,,
y_pred[2978],,,,,,,,,,
y_pred[2979],,,,,,,,,,
y_pred[2980],,,,,,,,,,
y_pred[2981],,,,,,,,,,
y_pred[2982],,,,,,,,,,
y_pred[2983],,,,,,,,,,
y_pred[2984],,,,,,,,,,
y_pred[2985],,,,,,,,,,
y_pred[2986],,,,,,,,,,
y_pred[2987],,,,,,,,,,
y_pred[2988],,,,,,,,,,
y_pred[2989],,,,,,,,,,
y_pred[2990],,,,,,,,,,
y_pred[2991],,,,,,,,,,
y_pred[2992],,,,,,,,,,
y_pred[2993],,,,,,,,,,
y_pred[2994],,,,,,,,,,
y_pred[2995],,,,,,,,,,
y_pred[2996],,,,,,,,,,
y_pred[2997],,,,,,,,,,
y_pred[2998],,,,,,,,,,
y_pred[2999],,,,,,,,,,
y_pred[3000],,,,,,,,,,
y_pred[3001],,,,,,,,,,
y_pred[3002],,,,,,,,,,
y_pred[3003],,,,,,,,,,
y_pred[3004],,,,,,,,,,
y_pred[3005],,,,,,,,,,
y_pred[3006],,,,,,,,,,
y_pred[3007],,,,,,,,,,
y_pred[3008],,,,,,,,,,
y_pred[3009],,,,,,,,,,
y_pred[3010],,,,,,,,,,
y_pred[3011],,,,,,,,,,
y_pred[3012],,,,,,,,,,
y_pred[3013],,,,,,,,,,
y_pred[3014],,,,,,,,,,
y_pred[3015],,,,,,,,,,
y_pred[3016],,,,,,,,,,
y_pred[3017],,,,,,,,,,
y_pred[3018],,,,,,,,,,
y_pred[3019],,,,,,,,,,
y_pred[3020],,,,,,,,,,
y_pred[3021],,,,,,,,,,
y_pred[3022],,,,,,,,,,
y_pred[3023],,,,,,,,,,
y_pred[3024],,,,,,,,,,
y_pred[3025],,,,,,,,,,
y_pred[3026],,,,,,,,,,
y_pred[3027],,,,,,,,,,
y_pred[3028],,,,,,,,,,
y_pred[3029],,,,,,,,,,
y_pred[3030],,,,,,,,,,
y_pred[3031],,,,,,,,,,
y_pred[3032],,,,,,,,,,
y_pred[3033],,,,,,,,,,
y_pred[3034],,,,,,,,,,
y_pred[3035],,,,,,,,,,
y_pred[3036],,,,,,,,,,
y_pred[3037],,,,,,,,,,
y_pred[3038],,,,,,,,,,
y_pred[3039],,,,,,,,,,
y_pred[3040],,,,,,,,,,
y_pred[3041],,,,,,,,,,
y_pred[3042],,,,,,,,,,
y_pred[3043],,,,,,,,,,
y_pred[3044],,,,,,,,,,
y_pred[3045],,,,,,,,,,
y_pred[3046],,,,,,,,,,
y_pred[3047],,,,,,,,,,
y_pred[3048],,,,,,,,,,
y_pred[3049],,,,,,,,,,
y_pred[3050],,,,,,,,,,
y_pred[3051],,,,,,,,,,
y_pred[3052],,,,,,,,,,
y_pred[3053],,,,,,,,,,
y_pred[3054],,,,,,,,,,
y_pred[3055],,,,,,,,,,
y_pred[3056],,,,,,,,,,
y_pred[3057],,,,,,,,,,
y_pred[3058],,,,,,,,,,
y_pred[3059],,,,,,,,,,
y_pred[3060],,,,,,,,,,
y_pred[3061],,,,,,,,,,
y_pred[3062],,,,,,,,,,
y_pred[3063],,,,,,,,,,
y_pred[3064],,,,,,,,,,
y_pred[3065],,,,,,,,,,
y_pred[3066],,,,,,,,,,
y_pred[3067],,,,,,,,,,
y_pred[3068],,,,,,,,,,
y_pred[3069],,,,,,,,,,
y_pred[3070],,,,,,,,,,
y_pred[3071],,,,,,,,,,
y_pred[3072],,,,,,,,,,
y_pred[3073],,,,,,,,,,
y_pred[3074],,,,,,,,,,
y_pred[3075],,,,,,,,,,
y_pred[3076],,,,,,,,,,
y_pred[3077],,,,,,,,,,
y_pred[3078],,,,,,,,,,
y_pred[3079],,,,,,,,,,
y_pred[3080],,,,,,,,,,
y_pred[3081],,,,,,,,,,
y_pred[3082],,,,,,,,,,
y_pred[3083],,,,,,,,,,
y_pred[3084],,,,,,,,,,
y_pred[3085],,,,,,,,,,
y_pred[3086],,,,,,,,,,
y_pred[3087],,,,,,,,,,
y_pred[3088],,,,,,,,,,
y_pred[3089],,,,,,,,,,
y_pred[3090],,,,,,,,,,
y_pred[3091],,,,,,,,,,
y_pred[3092],,,,,,,,,,
y_pred[3093],,,,,,,,,,
y_pred[3094],,,,,,,,,,
y_pred[3095],,,,,,,,,,
y_pred[3096],,,,,,,,,,
y_pred[3097],,,,,,,,,,
y_pred[3098],,,,,,,,,,
y_pred[3099],,,,,,,,,,
y_pred[3100],,,,,,,,,,
y_pred[3101],,,,,,,,,,
y_pred[3102],,,,,,,,,,
y_pred[3103],,,,,,,,,,
y_pred[3104],,,,,,,,,,
y_pred[3105],,,,,,,,,,
y_pred[3106],,,,,,,,,,
y_pred[3107],,,,,,,,,,
y_pred[3108],,,,,,,,,,
y_pred[3109],,,,,,,,,,
y_pred[3110],,,,,,,,,,
y_pred[3111],,,,,,,,,,
y_pred[3112],,,,,,,,,,
y_pred[3113],,,,,,,,,,
y_pred[3114],,,,,,,,,,
y_pred[3115],,,,,,,,,,
y_pred[3116],,,,,,,,,,
y_pred[3117],,,,,,,,,,
y_pred[3118],,,,,,,,,,
y_pred[3119],,,,,,,,,,
y_pred[3120],,,,,,,,,,
y_pred[3121],,,,,,,,,,
y_pred[3122],,,,,,,,,,
y_pred[3123],,,,,,,,,,
y_pred[3124],,,,,,,,,,
y_pred[3125],,,,,,,,,,
y_pred[3126],,,,,,,,,,
y_pred[3127],,,,,,,,,,
y_pred[3128],,,,,,,,,,
y_pred[3129],,,,,,,,,,
y_pred[3130],,,,,,,,,,
y_pred[3131],,,,,,,,,,
y_pred[3132],,,,,,,,,,
y_pred[3133],,,,,,,,,,
y_pred[3134],,,,,,,,,,
y_pred[3135],,,,,,,,,,
y_pred[3136],,,,,,,,,,
y_pred[3137],,,,,,,,,,
y_pred[3138],,,,,,,,,,
y_pred[3139],,,,,,,,,,
y_pred[3140],,,,,,,,,,
y_pred[3141],,,,,,,,,,
y_pred[3142],,,,,,,,,,
y_pred[3143],,,,,,,,,,
y_pred[3144],,,,,,,,,,
y_pred[3145],,,,,,,,,,
y_pred[3146],,,,,,,,,,
y_pred[3147],,,,,,,,,,
y_pred[3148],,,,,,,,,,
y_pred[3149],,,,,,,,,,
y_pred[3150],,,,,,,,,,
y_pred[3151],,,,,,,,,,
y_pred[3152],,,,,,,,,,
y_pred[3153],,,,,,,,,,
y_pred[3154],,,,,,,,,,
y_pred[3155],,,,,,,,,,
y_pred[3156],,,,,,,,,,
y_pred[3157],,,,,,,,,,
y_pred[3158],,,,,,,,,,
y_pred[3159],,,,,,,,,,
y_pred[3160],,,,,,,,,,
y_pred[3161],,,,,,,,,,
y_pred[3162],,,,,,,,,,
y_pred[3163],,,,,,,,,,
y_pred[3164],,,,,,,,,,
y_pred[3165],,,,,,,,,,
y_pred[3166],,,,,,,,,,
y_pred[3167],,,,,,,,,,
y_pred[3168],,,,,,,,,,
y_pred[3169],,,,,,,,,,
y_pred[3170],,,,,,,,,,
y_pred[3171],,,,,,,,,,
y_pred[3172],,,,,,,,,,
y_pred[3173],,,,,,,,,,
y_pred[3174],,,,,,,,,,
y_pred[3175],,,,,,,,,,
y_pred[3176],,,,,,,,,,
y_pred[3177],,,,,,,,,,
y_pred[3178],,,,,,,,,,
y_pred[3179],,,,,,,,,,
y_pred[3180],,,,,,,,,,
y_pred[3181],,,,,,,,,,
y_pred[3182],,,,,,,,,,
y_pred[3183],,,,,,,,,,
y_pred[3184],,,,,,,,,,
y_pred[3185],,,,,,,,,,
y_pred[3186],,,,,,,,,,
y_pred[3187],,,,,,,,,,
y_pred[3188],,,,,,,,,,
y_pred[3189],,,,,,,,,,
y_pred[3190],,,,,,,,,,
y_pred[3191],,,,,,,,,,
y_pred[3192],,,,,,,,,,
y_pred[3193],,,,,,,,,,
y_pred[3194],,,,,,,,,,
y_pred[3195],,,,,,,,,,
y_pred[3196],,,,,,,,,,
y_pred[3197],,,,,,,,,,
y_pred[3198],,,,,,,,,,
y_pred[3199],,,,,,,,,,
y_pred[3200],,,,,,,,,,
y_pred[3201],,,,,,,,,,
y_pred[3202],,,,,,,,,,
y_pred[3203],,,,,,,,,,
y_pred[3204],,,,,,,,,,
y_pred[3205],,,,,,,,,,
y_pred[3206],,,,,,,,,,
y_pred[3207],,,,,,,,,,
y_pred[3208],,,,,,,,,,
y_pred[3209],,,,,,,,,,
y_pred[3210],,,,,,,,,,
y_pred[3211],,,,,,,,,,
y_pred[3212],,,,,,,,,,
y_pred[3213],,,,,,,,,,
y_pred[3214],,,,,,,,,,
y_pred[3215],,,,,,,,,,
y_pred[3216],,,,,,,,,,
y_pred[3217],,,,,,,,,,
y_pred[3218],,,,,,,,,,
y_pred[3219],,,,,,,,,,
y_pred[3220],,,,,,,,,,
y_pred[3221],,,,,,,,,,
y_pred[3222],,,,,,,,,,
y_pred[3223],,,,,,,,,,
y_pred[3224],,,,,,,,,,
y_pred[3225],,,,,,,,,,
y_pred[3226],,,,,,,,,,
y_pred[3227],,,,,,,,,,
y_pred[3228],,,,,,,,,,
y_pred[3229],,,,,,,,,,
y_pred[3230],,,,,,,,,,
y_pred[3231],,,,,,,,,,
y_pred[3232],,,,,,,,,,
y_pred[3233],,,,,,,,,,
y_pred[3234],,,,,,,,,,
y_pred[3235],,,,,,,,,,
y_pred[3236],,,,,,,,,,
y_pred[3237],,,,,,,,,,
y_pred[3238],,,,,,,,,,
y_pred[3239],,,,,,,,,,
y_pred[3240],,,,,,,,,,
y_pred[3241],,,,,,,,,,
y_pred[3242],,,,,,,,,,
y_pred[3243],,,,,,,,,,
y_pred[3244],,,,,,,,,,
y_pred[3245],,,,,,,,,,
y_pred[3246],,,,,,,,,,
y_pred[3247],,,,,,,,,,
y_pred[3248],,,,,,,,,,
y_pred[3249],,,,,,,,,,
y_pred[3250],,,,,,,,,,
y_pred[3251],,,,,,,,,,
y_pred[3252],,,,,,,,,,
y_pred[3253],,,,,,,,,,
y_pred[3254],,,,,,,,,,
y_pred[3255],,,,,,,,,,
y_pred[3256],,,,,,,,,,
y_pred[3257],,,,,,,,,,
y_pred[3258],,,,,,,,,,
y_pred[3259],,,,,,,,,,
y_pred[3260],,,,,,,,,,
y_pred[3261],,,,,,,,,,
y_pred[3262],,,,,,,,,,
y_pred[3263],,,,,,,,,,
y_pred[3264],,,,,,,,,,
y_pred[3265],,,,,,,,,,
y_pred[3266],,,,,,,,,,
y_pred[3267],,,,,,,,,,
y_pred[3268],,,,,,,,,,
y_pred[3269],,,,,,,,,,
y_pred[3270],,,,,,,,,,
y_pred[3271],,,,,,,,,,
y_pred[3272],,,,,,,,,,
y_pred[3273],,,,,,,,,,
y_pred[3274],,,,,,,,,,
y_pred[3275],,,,,,,,,,
y_pred[3276],,,,,,,,,,
y_pred[3277],,,,,,,,,,
y_pred[3278],,,,,,,,,,
y_pred[3279],,,,,,,,,,
y_pred[3280],,,,,,,,,,
y_pred[3281],,,,,,,,,,
y_pred[3282],,,,,,,,,,
y_pred[3283],,,,,,,,,,
y_pred[3284],,,,,,,,,,
y_pred[3285],,,,,,,,,,
y_pred[3286],,,,,,,,,,
y_pred[3287],,,,,,,,,,
y_pred[3288],,,,,,,,,,
y_pred[3289],,,,,,,,,,
y_pred[3290],,,,,,,,,,
y_pred[3291],,,,,,,,,,
y_pred[3292],,,,,,,,,,
y_pred[3293],,,,,,,,,,
y_pred[3294],,,,,,,,,,
y_pred[3295],,,,,,,,,,
y_pred[3296],,,,,,,,,,
y_pred[3297],,,,,,,,,,
y_pred[3298],,,,,,,,,,
y_pred[3299],,,,,,,,,,
y_pred[3300],,,,,,,,,,
y_pred[3301],,,,,,,,,,
y_pred[3302],,,,,,,,,,
y_pred[3303],,,,,,,,,,
y_pred[3304],,,,,,,,,,
y_pred[3305],,,,,,,,,,
y_pred[3306],,,,,,,,,,
y_pred[3307],,,,,,,,,,
y_pred[3308],,,,,,,,,,
y_pred[3309],,,,,,,,,,
y_pred[3310],,,,,,,,,,
y_pred[3311],,,,,,,,,,
y_pred[3312],,,,,,,,,,
y_pred[3313],,,,,,,,,,
y_pred[3314],,,,,,,,,,
y_pred[3315],,,,,,,,,,
y_pred[3316],,,,,,,,,,
y_pred[3317],,,,,,,,,,
y_pred[3318],,,,,,,,,,
y_pred[3319],,,,,,,,,,
y_pred[3320],,,,,,,,,,
y_pred[3321],,,,,,,,,,
y_pred[3322],,,,,,,,,,
y_pred[3323],,,,,,,,,,
y_pred[3324],,,,,,,,,,
y_pred[3325],,,,,,,,,,
y_pred[3326],,,,,,,,,,
y_pred[3327],,,,,,,,,,
y_pred[3328],,,,,,,,,,
y_pred[3329],,,,,,,,,,
y_pred[3330],,,,,,,,,,
y_pred[3331],,,,,,,,,,
y_pred[3332],,,,,,,,,,
y_pred[3333],,,,,,,,,,
y_pred[3334],,,,,,,,,,
y_pred[3335],,,,,,,,,,
y_pred[3336],,,,,,,,,,
y_pred[3337],,,,,,,,,,
y_pred[3338],,,,,,,,,,
y_pred[3339],,,,,,,,,,
y_pred[3340],,,,,,,,,,
y_pred[3341],,,,,,,,,,
y_pred[3342],,,,,,,,,,
y_pred[3343],,,,,,,,,,
y_pred[3344],,,,,,,,,,
y_pred[3345],,,,,,,,,,
y_pred[3346],,,,,,,,,,
y_pred[3347],,,,,,,,,,
y_pred[3348],,,,,,,,,,
y_pred[3349],,,,,,,,,,
y_pred[3350],,,,,,,,,,
y_pred[3351],,,,,,,,,,
y_pred[3352],,,,,,,,,,
y_pred[3353],,,,,,,,,,
y_pred[3354],,,,,,,,,,
y_pred[3355],,,,,,,,,,
y_pred[3356],,,,,,,,,,
y_pred[3357],,,,,,,,,,
y_pred[3358],,,,,,,,,,
y_pred[3359],,,,,,,,,,
y_pred[3360],,,,,,,,,,
y_pred[3361],,,,,,,,,,
y_pred[3362],,,,,,,,,,
y_pred[3363],,,,,,,,,,
y_pred[3364],,,,,,,,,,
y_pred[3365],,,,,,,,,,
y_pred[3366],,,,,,,,,,
y_pred[3367],,,,,,,,,,
y_pred[3368],,,,,,,,,,
y_pred[3369],,,,,,,,,,
y_pred[3370],,,,,,,,,,
y_pred[3371],,,,,,,,,,
y_pred[3372],,,,,,,,,,
y_pred[3373],,,,,,,,,,
y_pred[3374],,,,,,,,,,
y_pred[3375],,,,,,,,,,
y_pred[3376],,,,,,,,,,
y_pred[3377],,,,,,,,,,
y_pred[3378],,,,,,,,,,
y_pred[3379],,,,,,,,,,
y_pred[3380],,,,,,,,,,
y_pred[3381],,,,,,,,,,
y_pred[3382],,,,,,,,,,
y_pred[3383],,,,,,,,,,
y_pred[3384],,,,,,,,,,
y_pred[3385],,,,,,,,,,
y_pred[3386],,,,,,,,,,
y_pred[3387],,,,,,,,,,
y_pred[3388],,,,,,,,,,
y_pred[3389],,,,,,,,,,
y_pred[3390],,,,,,,,,,
y_pred[3391],,,,,,,,,,
y_pred[3392],,,,,,,,,,
y_pred[3393],,,,,,,,,,
y_pred[3394],,,,,,,,,,
y_pred[3395],,,,,,,,,,
y_pred[3396],,,,,,,,,,
y_pred[3397],,,,,,,,,,
y_pred[3398],,,,,,,,,,
y_pred[3399],,,,,,,,,,
y_pred[3400],,,,,,,,,,
y_pred[3401],,,,,,,,,,
y_pred[3402],,,,,,,,,,
y_pred[3403],,,,,,,,,,
y_pred[3404],,,,,,,,,,
y_pred[3405],,,,,,,,,,
y_pred[3406],,,,,,,,,,
y_pred[3407],,,,,,,,,,
y_pred[3408],,,,,,,,,,
y_pred[3409],,,,,,,,,,
y_pred[3410],,,,,,,,,,
y_pred[3411],,,,,,,,,,
y_pred[3412],,,,,,,,,,
y_pred[3413],,,,,,,,,,
y_pred[3414],,,,,,,,,,
y_pred[3415],,,,,,,,,,
y_pred[3416],,,,,,,,,,
y_pred[3417],,,,,,,,,,
y_pred[3418],,,,,,,,,,
y_pred[3419],,,,,,,,,,
y_pred[3420],,,,,,,,,,
y_pred[3421],,,,,,,,,,
y_pred[3422],,,,,,,,,,
y_pred[3423],,,,,,,,,,
y_pred[3424],,,,,,,,,,
y_pred[3425],,,,,,,,,,
y_pred[3426],,,,,,,,,,
y_pred[3427],,,,,,,,,,
y_pred[3428],,,,,,,,,,
y_pred[3429],,,,,,,,,,
y_pred[3430],,,,,,,,,,
y_pred[3431],,,,,,,,,,
y_pred[3432],,,,,,,,,,
y_pred[3433],,,,,,,,,,
y_pred[3434],,,,,,,,,,
y_pred[3435],,,,,,,,,,
y_pred[3436],,,,,,,,,,
y_pred[3437],,,,,,,,,,
y_pred[3438],,,,,,,,,,
y_pred[3439],,,,,,,,,,
y_pred[3440],,,,,,,,,,
y_pred[3441],,,,,,,,,,
y_pred[3442],,,,,,,,,,
y_pred[3443],,,,,,,,,,
y_pred[3444],,,,,,,,,,
y_pred[3445],,,,,,,,,,
y_pred[3446],,,,,,,,,,
y_pred[3447],,,,,,,,,,
y_pred[3448],,,,,,,,,,
y_pred[3449],,,,,,,,,,
y_pred[3450],,,,,,,,,,
y_pred[3451],,,,,,,,,,
y_pred[3452],,,,,,,,,,
y_pred[3453],,,,,,,,,,
y_pred[3454],,,,,,,,,,
y_pred[3455],,,,,,,,,,
y_pred[3456],,,,,,,,,,
y_pred[3457],,,,,,,,,,
y_pred[3458],,,,,,,,,,
y_pred[3459],,,,,,,,,,
y_pred[3460],,,,,,,,,,
y_pred[3461],,,,,,,,,,
y_pred[3462],,,,,,,,,,
y_pred[3463],,,,,,,,,,
y_pred[3464],,,,,,,,,,
y_pred[3465],,,,,,,,,,
y_pred[3466],,,,,,,,,,
y_pred[3467],,,,,,,,,,
y_pred[3468],,,,,,,,,,
y_pred[3469],,,,,,,,,,
y_pred[3470],,,,,,,,,,
y_pred[3471],,,,,,,,,,
y_pred[3472],,,,,,,,,,
y_pred[3473],,,,,,,,,,
y_pred[3474],,,,,,,,,,
y_pred[3475],,,,,,,,,,
y_pred[3476],,,,,,,,,,
y_pred[3477],,,,,,,,,,
y_pred[3478],,,,,,,,,,
y_pred[3479],,,,,,,,,,
y_pred[3480],,,,,,,,,,
y_pred[3481],,,,,,,,,,
y_pred[3482],,,,,,,,,,
y_pred[3483],,,,,,,,,,
y_pred[3484],,,,,,,,,,
y_pred[3485],,,,,,,,,,
y_pred[3486],,,,,,,,,,
y_pred[3487],,,,,,,,,,
y_pred[3488],,,,,,,,,,
y_pred[3489],,,,,,,,,,
y_pred[3490],,,,,,,,,,
y_pred[3491],,,,,,,,,,
y_pred[3492],,,,,,,,,,
y_pred[3493],,,,,,,,,,
y_pred[3494],,,,,,,,,,
y_pred[3495],,,,,,,,,,
y_pred[3496],,,,,,,,,,
y_pred[3497],,,,,,,,,,
y_pred[3498],,,,,,,,,,
y_pred[3499],,,,,,,,,,
y_pred[3500],,,,,,,,,,
y_pred[3501],,,,,,,,,,
y_pred[3502],,,,,,,,,,
y_pred[3503],,,,,,,,,,
y_pred[3504],,,,,,,,,,
y_pred[3505],,,,,,,,,,
y_pred[3506],,,,,,,,,,
y_pred[3507],,,,,,,,,,
y_pred[3508],,,,,,,,,,
y_pred[3509],,,,,,,,,,
y_pred[3510],,,,,,,,,,
y_pred[3511],,,,,,,,,,
y_pred[3512],,,,,,,,,,
y_pred[3513],,,,,,,,,,
y_pred[3514],,,,,,,,,,
y_pred[3515],,,,,,,,,,
y_pred[3516],,,,,,,,,,
y_pred[3517],,,,,,,,,,
y_pred[3518],,,,,,,,,,
y_pred[3519],,,,,,,,,,
y_pred[3520],,,,,,,,,,
y_pred[3521],,,,,,,,,,
y_pred[3522],,,,,,,,,,
y_pred[3523],,,,,,,,,,
y_pred[3524],,,,,,,,,,
y_pred[3525],,,,,,,,,,
y_pred[3526],,,,,,,,,,
y_pred[3527],,,,,,,,,,
y_pred[3528],,,,,,,,,,
y_pred[3529],,,,,,,,,,
y_pred[3530],,,,,,,,,,
y_pred[3531],,,,,,,,,,
y_pred[3532],,,,,,,,,,
y_pred[3533],,,,,,,,,,
y_pred[3534],,,,,,,,,,
y_pred[3535],,,,,,,,,,
y_pred[3536],,,,,,,,,,
y_pred[3537],,,,,,,,,,
y_pred[3538],,,,,,,,,,
y_pred[3539],,,,,,,,,,
y_pred[3540],,,,,,,,,,
y_pred[3541],,,,,,,,,,
y_pred[3542],,,,,,,,,,
y_pred[3543],,,,,,,,,,
y_pred[3544],,,,,,,,,,
y_pred[3545],,,,,,,,,,
y_pred[3546],,,,,,,,,,
y_pred[3547],,,,,,,,,,
y_pred[3548],,,,,,,,,,
y_pred[3549],,,,,,,,,,
y_pred[3550],,,,,,,,,,
y_pred[3551],,,,,,,,,,
y_pred[3552],,,,,,,,,,
y_pred[3553],,,,,,,,,,
y_pred[3554],,,,,,,,,,
y_pred[3555],,,,,,,,,,
y_pred[3556],,,,,,,,,,
y_pred[3557],,,,,,,,,,
y_pred[3558],,,,,,,,,,
y_pred[3559],,,,,,,,,,
y_pred[3560],,,,,,,,,,
y_pred[3561],,,,,,,,,,
y_pred[3562],,,,,,,,,,
y_pred[3563],,,,,,,,,,
y_pred[3564],,,,,,,,,,
y_pred[3565],,,,,,,,,,
y_pred[3566],,,,,,,,,,
y_pred[3567],,,,,,,,,,
y_pred[3568],,,,,,,,,,
y_pred[3569],,,,,,,,,,
y_pred[3570],,,,,,,,,,
y_pred[3571],,,,,,,,,,
y_pred[3572],,,,,,,,,,
y_pred[3573],,,,,,,,,,
y_pred[3574],,,,,,,,,,
y_pred[3575],,,,,,,,,,
y_pred[3576],,,,,,,,,,
y_pred[3577],,,,,,,,,,
y_pred[3578],,,,,,,,,,
y_pred[3579],,,,,,,,,,
y_pred[3580],,,,,,,,,,
y_pred[3581],,,,,,,,,,
y_pred[3582],,,,,,,,,,
y_pred[3583],,,,,,,,,,
y_pred[3584],,,,,,,,,,
y_pred[3585],,,,,,,,,,
y_pred[3586],,,,,,,,,,
y_pred[3587],,,,,,,,,,
y_pred[3588],,,,,,,,,,
y_pred[3589],,,,,,,,,,
y_pred[3590],,,,,,,,,,
y_pred[3591],,,,,,,,,,
y_pred[3592],,,,,,,,,,
y_pred[3593],,,,,,,,,,
y_pred[3594],,,,,,,,,,
y_pred[3595],,,,,,,,,,
y_pred[3596],,,,,,,,,,
y_pred[3597],,,,,,,,,,
y_pred[3598],,,,,,,,,,
y_pred[3599],,,,,,,,,,
y_pred[3600],,,,,,,,,,
y_pred[3601],,,,,,,,,,
y_pred[3602],,,,,,,,,,
y_pred[3603],,,,,,,,,,
y_pred[3604],,,,,,,,,,
y_pred[3605],,,,,,,,,,
y_pred[3606],,,,,,,,,,
y_pred[3607],,,,,,,,,,
y_pred[3608],,,,,,,,,,
y_pred[3609],,,,,,,,,,
y_pred[3610],,,,,,,,,,
y_pred[3611],,,,,,,,,,
y_pred[3612],,,,,,,,,,
y_pred[3613],,,,,,,,,,
y_pred[3614],,,,,,,,,,
y_pred[3615],,,,,,,,,,
y_pred[3616],,,,,,,,,,
y_pred[3617],,,,,,,,,,
y_pred[3618],,,,,,,,,,
y_pred[3619],,,,,,,,,,
y_pred[3620],,,,,,,,,,
y_pred[3621],,,,,,,,,,
y_pred[3622],,,,,,,,,,
y_pred[3623],,,,,,,,,,
y_pred[3624],,,,,,,,,,
y_pred[3625],,,,,,,,,,
y_pred[3626],,,,,,,,,,
y_pred[3627],,,,,,,,,,
y_pred[3628],,,,,,,,,,
y_pred[3629],,,,,,,,,,
y_pred[3630],,,,,,,,,,
y_pred[3631],,,,,,,,,,
y_pred[3632],,,,,,,,,,
y_pred[3633],,,,,,,,,,
y_pred[3634],,,,,,,,,,
y_pred[3635],,,,,,,,,,
y_pred[3636],,,,,,,,,,
y_pred[3637],,,,,,,,,,
y_pred[3638],,,,,,,,,,
y_pred[3639],,,,,,,,,,
y_pred[3640],,,,,,,,,,
y_pred[3641],,,,,,,,,,
y_pred[3642],,,,,,,,,,
y_pred[3643],,,,,,,,,,
y_pred[3644],,,,,,,,,,
y_pred[3645],,,,,,,,,,
y_pred[3646],,,,,,,,,,
y_pred[3647],,,,,,,,,,
y_pred[3648],,,,,,,,,,
y_pred[3649],,,,,,,,,,
y_pred[3650],,,,,,,,,,
y_pred[3651],,,,,,,,,,
y_pred[3652],,,,,,,,,,
y_pred[3653],,,,,,,,,,
y_pred[3654],,,,,,,,,,
y_pred[3655],,,,,,,,,,
y_pred[3656],,,,,,,,,,
y_pred[3657],,,,,,,,,,
y_pred[3658],,,,,,,,,,
y_pred[3659],,,,,,,,,,
y_pred[3660],,,,,,,,,,
y_pred[3661],,,,,,,,,,
y_pred[3662],,,,,,,,,,
y_pred[3663],,,,,,,,,,
y_pred[3664],,,,,,,,,,
y_pred[3665],,,,,,,,,,
y_pred[3666],,,,,,,,,,
y_pred[3667],,,,,,,,,,
y_pred[3668],,,,,,,,,,
y_pred[3669],,,,,,,,,,
y_pred[3670],,,,,,,,,,
y_pred[3671],,,,,,,,,,
y_pred[3672],,,,,,,,,,
y_pred[3673],,,,,,,,,,
y_pred[3674],,,,,,,,,,
y_pred[3675],,,,,,,,,,
y_pred[3676],,,,,,,,,,
y_pred[3677],,,,,,,,,,
y_pred[3678],,,,,,,,,,
y_pred[3679],,,,,,,,,,
y_pred[3680],,,,,,,,,,
y_pred[3681],,,,,,,,,,
y_pred[3682],,,,,,,,,,
y_pred[3683],,,,,,,,,,
y_pred[3684],,,,,,,,,,
y_pred[3685],,,,,,,,,,
y_pred[3686],,,,,,,,,,
y_pred[3687],,,,,,,,,,
y_pred[3688],,,,,,,,,,
y_pred[3689],,,,,,,,,,
y_pred[3690],,,,,,,,,,
y_pred[3691],,,,,,,,,,
y_pred[3692],,,,,,,,,,
y_pred[3693],,,,,,,,,,
y_pred[3694],,,,,,,,,,
y_pred[3695],,,,,,,,,,
y_pred[3696],,,,,,,,,,
y_pred[3697],,,,,,,,,,
y_pred[3698],,,,,,,,,,
y_pred[3699],,,,,,,,,,
y_pred[3700],,,,,,,,,,
y_pred[3701],,,,,,,,,,
y_pred[3702],,,,,,,,,,
y_pred[3703],,,,,,,,,,
y_pred[3704],,,,,,,,,,
y_pred[3705],,,,,,,,,,
y_pred[3706],,,,,,,,,,
y_pred[3707],,,,,,,,,,
y_pred[3708],,,,,,,,,,
y_pred[3709],,,,,,,,,,
y_pred[3710],,,,,,,,,,
y_pred[3711],,,,,,,,,,
y_pred[3712],,,,,,,,,,
y_pred[3713],,,,,,,,,,
y_pred[3714],,,,,,,,,,
y_pred[3715],,,,,,,,,,
y_pred[3716],,,,,,,,,,
y_pred[3717],,,,,,,,,,
y_pred[3718],,,,,,,,,,
y_pred[3719],,,,,,,,,,
y_pred[3720],,,,,,,,,,
y_pred[3721],,,,,,,,,,
y_pred[3722],,,,,,,,,,
y_pred[3723],,,,,,,,,,
y_pred[3724],,,,,,,,,,
y_pred[3725],,,,,,,,,,
y_pred[3726],,,,,,,,,,
y_pred[3727],,,,,,,,,,
y_pred[3728],,,,,,,,,,
y_pred[3729],,,,,,,,,,
y_pred[3730],,,,,,,,,,
y_pred[3731],,,,,,,,,,
y_pred[3732],,,,,,,,,,
y_pred[3733],,,,,,,,,,
y_pred[3734],,,,,,,,,,
y_pred[3735],,,,,,,,,,
y_pred[3736],,,,,,,,,,
y_pred[3737],,,,,,,,,,
y_pred[3738],,,,,,,,,,
y_pred[3739],,,,,,,,,,
y_pred[3740],,,,,,,,,,
y_pred[3741],,,,,,,,,,
y_pred[3742],,,,,,,,,,
y_pred[3743],,,,,,,,,,
y_pred[3744],,,,,,,,,,
y_pred[3745],,,,,,,,,,
y_pred[3746],,,,,,,,,,
y_pred[3747],,,,,,,,,,
y_pred[3748],,,,,,,,,,
y_pred[3749],,,,,,,,,,
y_pred[3750],,,,,,,,,,
y_pred[3751],,,,,,,,,,
y_pred[3752],,,,,,,,,,
y_pred[3753],,,,,,,,,,
y_pred[3754],,,,,,,,,,
y_pred[3755],,,,,,,,,,
y_pred[3756],,,,,,,,,,
y_pred[3757],,,,,,,,,,
y_pred[3758],,,,,,,,,,
y_pred[3759],,,,,,,,,,
y_pred[3760],,,,,,,,,,
y_pred[3761],,,,,,,,,,
y_pred[3762],,,,,,,,,,
y_pred[3763],,,,,,,,,,
y_pred[3764],,,,,,,,,,
y_pred[3765],,,,,,,,,,
y_pred[3766],,,,,,,,,,
y_pred[3767],,,,,,,,,,
y_pred[3768],,,,,,,,,,
y_pred[3769],,,,,,,,,,
y_pred[3770],,,,,,,,,,
y_pred[3771],,,,,,,,,,
y_pred[3772],,,,,,,,,,
y_pred[3773],,,,,,,,,,
y_pred[3774],,,,,,,,,,
y_pred[3775],,,,,,,,,,
y_pred[3776],,,,,,,,,,
y_pred[3777],,,,,,,,,,
y_pred[3778],,,,,,,,,,
y_pred[3779],,,,,,,,,,
y_pred[3780],,,,,,,,,,
y_pred[3781],,,,,,,,,,
y_pred[3782],,,,,,,,,,
y_pred[3783],,,,,,,,,,
y_pred[3784],,,,,,,,,,
y_pred[3785],,,,,,,,,,
y_pred[3786],,,,,,,,,,
y_pred[3787],,,,,,,,,,
y_pred[3788],,,,,,,,,,
y_pred[3789],,,,,,,,,,
y_pred[3790],,,,,,,,,,
y_pred[3791],,,,,,,,,,
y_pred[3792],,,,,,,,,,
y_pred[3793],,,,,,,,,,
y_pred[3794],,,,,,,,,,
y_pred[3795],,,,,,,,,,
y_pred[3796],,,,,,,,,,
y_pred[3797],,,,,,,,,,
y_pred[3798],,,,,,,,,,
y_pred[3799],,,,,,,,,,
y_pred[3800],,,,,,,,,,
y_pred[3801],,,,,,,,,,
y_pred[3802],,,,,,,,,,
y_pred[3803],,,,,,,,,,
y_pred[3804],,,,,,,,,,
y_pred[3805],,,,,,,,,,
y_pred[3806],,,,,,,,,,
y_pred[3807],,,,,,,,,,
y_pred[3808],,,,,,,,,,
y_pred[3809],,,,,,,,,,
y_pred[3810],,,,,,,,,,
y_pred[3811],,,,,,,,,,
y_pred[3812],,,,,,,,,,
y_pred[3813],,,,,,,,,,
y_pred[3814],,,,,,,,,,
y_pred[3815],,,,,,,,,,
y_pred[3816],,,,,,,,,,
y_pred[3817],,,,,,,,,,
y_pred[3818],,,,,,,,,,
y_pred[3819],,,,,,,,,,
y_pred[3820],,,,,,,,,,
y_pred[3821],,,,,,,,,,
y_pred[3822],,,,,,,,,,
y_pred[3823],,,,,,,,,,
y_pred[3824],,,,,,,,,,
y_pred[3825],,,,,,,,,,
y_pred[3826],,,,,,,,,,
y_pred[3827],,,,,,,,,,
y_pred[3828],,,,,,,,,,
y_pred[3829],,,,,,,,,,
y_pred[3830],,,,,,,,,,
y_pred[3831],,,,,,,,,,
y_pred[3832],,,,,,,,,,
y_pred[3833],,,,,,,,,,
y_pred[3834],,,,,,,,,,
y_pred[3835],,,,,,,,,,
y_pred[3836],,,,,,,,,,
y_pred[3837],,,,,,,,,,
y_pred[3838],,,,,,,,,,
y_pred[3839],,,,,,,,,,
y_pred[3840],,,,,,,,,,
y_pred[3841],,,,,,,,,,
y_pred[3842],,,,,,,,,,
y_pred[3843],,,,,,,,,,
y_pred[3844],,,,,,,,,,
y_pred[3845],,,,,,,,,,
y_pred[3846],,,,,,,,,,
y_pred[3847],,,,,,,,,,
y_pred[3848],,,,,,,,,,
y_pred[3849],,,,,,,,,,
y_pred[3850],,,,,,,,,,
y_pred[3851],,,,,,,,,,
y_pred[3852],,,,,,,,,,
y_pred[3853],,,,,,,,,,
y_pred[3854],,,,,,,,,,
y_pred[3855],,,,,,,,,,
y_pred[3856],,,,,,,,,,
y_pred[3857],,,,,,,,,,
y_pred[3858],,,,,,,,,,
y_pred[3859],,,,,,,,,,
y_pred[3860],,,,,,,,,,
y_pred[3861],,,,,,,,,,
y_pred[3862],,,,,,,,,,
y_pred[3863],,,,,,,,,,
y_pred[3864],,,,,,,,,,
y_pred[3865],,,,,,,,,,
y_pred[3866],,,,,,,,,,
y_pred[3867],,,,,,,,,,
y_pred[3868],,,,,,,,,,
y_pred[3869],,,,,,,,,,
y_pred[3870],,,,,,,,,,
y_pred[3871],,,,,,,,,,
y_pred[3872],,,,,,,,,,
y_pred[3873],,,,,,,,,,
y_pred[3874],,,,,,,,,,
y_pred[3875],,,,,,,,,,
y_pred[3876],,,,,,,,,,
y_pred[3877],,,,,,,,,,
y_pred[3878],,,,,,,,,,
y_pred[3879],,,,,,,,,,
y_pred[3880],,,,,,,,,,
y_pred[3881],,,,,,,,,,
y_pred[3882],,,,,,,,,,
y_pred[3883],,,,,,,,,,
y_pred[3884],,,,,,,,,,
y_pred[3885],,,,,,,,,,
y_pred[3886],,,,,,,,,,
y_pred[3887],,,,,,,,,,
y_pred[3888],,,,,,,,,,
y_pred[3889],,,,,,,,,,
y_pred[3890],,,,,,,,,,
y_pred[3891],,,,,,,,,,
y_pred[3892],,,,,,,,,,
y_pred[3893],,,,,,,,,,
y_pred[3894],,,,,,,,,,
y_pred[3895],,,,,,,,,,
y_pred[3896],,,,,,,,,,
y_pred[3897],,,,,,,,,,
y_pred[3898],,,,,,,,,,
y_pred[3899],,,,,,,,,,
y_pred[3900],,,,,,,,,,
y_pred[3901],,,,,,,,,,
y_pred[3902],,,,,,,,,,
y_pred[3903],,,,,,,,,,
y_pred[3904],,,,,,,,,,
y_pred[3905],,,,,,,,,,
y_pred[3906],,,,,,,,,,
y_pred[3907],,,,,,,,,,
y_pred[3908],,,,,,,,,,
y_pred[3909],,,,,,,,,,
y_pred[3910],,,,,,,,,,
y_pred[3911],,,,,,,,,,
y_pred[3912],,,,,,,,,,
y_pred[3913],,,,,,,,,,
y_pred[3914],,,,,,,,,,
y_pred[3915],,,,,,,,,,
y_pred[3916],,,,,,,,,,
y_pred[3917],,,,,,,,,,
y_pred[3918],,,,,,,,,,
y_pred[3919],,,,,,,,,,
y_pred[3920],,,,,,,,,,
y_pred[3921],,,,,,,,,,
y_pred[3922],,,,,,,,,,
y_pred[3923],,,,,,,,,,
y_pred[3924],,,,,,,,,,
y_pred[3925],,,,,,,,,,
y_pred[3926],,,,,,,,,,
y_pred[3927],,,,,,,,,,
y_pred[3928],,,,,,,,,,
y_pred[3929],,,,,,,,,,
y_pred[3930],,,,,,,,,,
y_pred[3931],,,,,,,,,,
y_pred[3932],,,,,,,,,,
y_pred[3933],,,,,,,,,,
y_pred[3934],,,,,,,,,,
y_pred[3935],,,,,,,,,,
y_pred[3936],,,,,,,,,,
y_pred[3937],,,,,,,,,,
y_pred[3938],,,,,,,,,,
y_pred[3939],,,,,,,,,,
y_pred[3940],,,,,,,,,,
y_pred[3941],,,,,,,,,,
y_pred[3942],,,,,,,,,,
y_pred[3943],,,,,,,,,,
y_pred[3944],,,,,,,,,,
y_pred[3945],,,,,,,,,,
y_pred[3946],,,,,,,,,,
y_pred[3947],,,,,,,,,,
y_pred[3948],,,,,,,,,,
y_pred[3949],,,,,,,,,,
y_pred[3950],,,,,,,,,,
y_pred[3951],,,,,,,,,,
y_pred[3952],,,,,,,,,,
y_pred[3953],,,,,,,,,,
y_pred[3954],,,,,,,,,,
y_pred[3955],,,,,,,,,,
y_pred[3956],,,,,,,,,,
y_pred[3957],,,,,,,,,,
y_pred[3958],,,,,,,,,,
y_pred[3959],,,,,,,,,,
y_pred[3960],,,,,,,,,,
y_pred[3961],,,,,,,,,,
y_pred[3962],,,,,,,,,,
y_pred[3963],,,,,,,,,,
y_pred[3964],,,,,,,,,,
y_pred[3965],,,,,,,,,,
y_pred[3966],,,,,,,,,,
y_pred[3967],,,,,,,,,,
y_pred[3968],,,,,,,,,,
y_pred[3969],,,,,,,,,,
y_pred[3970],,,,,,,,,,
y_pred[3971],,,,,,,,,,
y_pred[3972],,,,,,,,,,
y_pred[3973],,,,,,,,,,
y_pred[3974],,,,,,,,,,
y_pred[3975],,,,,,,,,,
y_pred[3976],,,,,,,,,,
y_pred[3977],,,,,,,,,,
y_pred[3978],,,,,,,,,,
y_pred[3979],,,,,,,,,,
y_pred[3980],,,,,,,,,,
y_pred[3981],,,,,,,,,,
y_pred[3982],,,,,,,,,,
y_pred[3983],,,,,,,,,,
y_pred[3984],,,,,,,,,,
y_pred[3985],,,,,,,,,,
y_pred[3986],,,,,,,,,,
y_pred[3987],,,,,,,,,,
y_pred[3988],,,,,,,,,,
y_pred[3989],,,,,,,,,,
y_pred[3990],,,,,,,,,,
y_pred[3991],,,,,,,,,,
y_pred[3992],,,,,,,,,,
y_pred[3993],,,,,,,,,,
y_pred[3994],,,,,,,,,,
y_pred[3995],,,,,,,,,,
y_pred[3996],,,,,,,,,,
y_pred[3997],,,,,,,,,,
y_pred[3998],,,,,,,,,,
y_pred[3999],,,,,,,,,,
y_pred[4000],,,,,,,,,,
y_pred[4001],,,,,,,,,,
y_pred[4002],,,,,,,,,,
y_pred[4003],,,,,,,,,,
y_pred[4004],,,,,,,,,,
y_pred[4005],,,,,,,,,,
y_pred[4006],,,,,,,,,,
y_pred[4007],,,,,,,,,,
y_pred[4008],,,,,,,,,,
y_pred[4009],,,,,,,,,,
y_pred[4010],,,,,,,,,,
y_pred[4011],,,,,,,,,,
y_pred[4012],,,,,,,,,,
y_pred[4013],,,,,,,,,,
y_pred[4014],,,,,,,,,,
y_pred[4015],,,,,,,,,,
y_pred[4016],,,,,,,,,,
y_pred[4017],,,,,,,,,,
y_pred[4018],,,,,,,,,,
y_pred[4019],,,,,,,,,,
y_pred[4020],,,,,,,,,,
y_pred[4021],,,,,,,,,,
y_pred[4022],,,,,,,,,,
y_pred[4023],,,,,,,,,,
y_pred[4024],,,,,,,,,,
y_pred[4025],,,,,,,,,,
y_pred[4026],,,,,,,,,,
y_pred[4027],,,,,,,,,,
y_pred[4028],,,,,,,,,,
y_pred[4029],,,,,,,,,,
y_pred[4030],,,,,,,,,,
y_pred[4031],,,,,,,,,,
y_pred[4032],,,,,,,,,,
y_pred[4033],,,,,,,,,,
y_pred[4034],,,,,,,,,,
y_pred[4035],,,,,,,,,,
y_pred[4036],,,,,,,,,,
y_pred[4037],,,,,,,,,,
y_pred[4038],,,,,,,,,,
y_pred[4039],,,,,,,,,,
y_pred[4040],,,,,,,,,,
y_pred[4041],,,,,,,,,,
y_pred[4042],,,,,,,,,,
y_pred[4043],,,,,,,,,,
y_pred[4044],,,,,,,,,,
y_pred[4045],,,,,,,,,,
y_pred[4046],,,,,,,,,,
y_pred[4047],,,,,,,,,,
y_pred[4048],,,,,,,,,,
y_pred[4049],,,,,,,,,,
y_pred[4050],,,,,,,,,,
y_pred[4051],,,,,,,,,,
y_pred[4052],,,,,,,,,,
y_pred[4053],,,,,,,,,,
y_pred[4054],,,,,,,,,,
y_pred[4055],,,,,,,,,,
y_pred[4056],,,,,,,,,,
y_pred[4057],,,,,,,,,,
y_pred[4058],,,,,,,,,,
y_pred[4059],,,,,,,,,,
y_pred[4060],,,,,,,,,,
y_pred[4061],,,,,,,,,,
y_pred[4062],,,,,,,,,,
y_pred[4063],,,,,,,,,,
y_pred[4064],,,,,,,,,,
y_pred[4065],,,,,,,,,,
y_pred[4066],,,,,,,,,,
y_pred[4067],,,,,,,,,,
y_pred[4068],,,,,,,,,,
y_pred[4069],,,,,,,,,,
y_pred[4070],,,,,,,,,,
y_pred[4071],,,,,,,,,,
y_pred[4072],,,,,,,,,,
y_pred[4073],,,,,,,,,,
y_pred[4074],,,,,,,,,,
y_pred[4075],,,,,,,,,,
y_pred[4076],,,,,,,,,,
y_pred[4077],,,,,,,,,,
y_pred[4078],,,,,,,,,,
y_pred[4079],,,,,,,,,,
y_pred[4080],,,,,,,,,,
y_pred[4081],,,,,,,,,,
y_pred[4082],,,,,,,,,,
y_pred[4083],,,,,,,,,,
y_pred[4084],,,,,,,,,,
y_pred[4085],,,,,,,,,,
y_pred[4086],,,,,,,,,,
y_pred[4087],,,,,,,,,,
y_pred[4088],,,,,,,,,,
y_pred[4089],,,,,,,,,,
y_pred[4090],,,,,,,,,,
y_pred[4091],,,,,,,,,,
y_pred[4092],,,,,,,,,,
y_pred[4093],,,,,,,,,,
y_pred[4094],,,,,,,,,,
y_pred[4095],,,,,,,,,,
y_pred[4096],,,,,,,,,,
y_pred[4097],,,,,,,,,,
y_pred[4098],,,,,,,,,,
y_pred[4099],,,,,,,,,,
y_pred[4100],,,,,,,,,,
y_pred[4101],,,,,,,,,,
y_pred[4102],,,,,,,,,,
y_pred[4103],,,,,,,,,,
y_pred[4104],,,,,,,,,,
y_pred[4105],,,,,,,,,,
y_pred[4106],,,,,,,,,,
y_pred[4107],,,,,,,,,,
y_pred[4108],,,,,,,,,,
y_pred[4109],,,,,,,,,,
y_pred[4110],,,,,,,,,,
y_pred[4111],,,,,,,,,,
y_pred[4112],,,,,,,,,,
y_pred[4113],,,,,,,,,,
y_pred[4114],,,,,,,,,,
y_pred[4115],,,,,,,,,,
y_pred[4116],,,,,,,,,,
y_pred[4117],,,,,,,,,,
y_pred[4118],,,,,,,,,,
y_pred[4119],,,,,,,,,,
y_pred[4120],,,,,,,,,,
y_pred[4121],,,,,,,,,,
y_pred[4122],,,,,,,,,,
y_pred[4123],,,,,,,,,,
y_pred[4124],,,,,,,,,,
y_pred[4125],,,,,,,,,,
y_pred[4126],,,,,,,,,,
y_pred[4127],,,,,,,,,,
y_pred[4128],,,,,,,,,,
y_pred[4129],,,,,,,,,,
y_pred[4130],,,,,,,,,,
y_pred[4131],,,,,,,,,,
y_pred[4132],,,,,,,,,,
y_pred[4133],,,,,,,,,,
y_pred[4134],,,,,,,,,,
y_pred[4135],,,,,,,,,,
y_pred[4136],,,,,,,,,,
y_pred[4137],,,,,,,,,,
y_pred[4138],,,,,,,,,,
y_pred[4139],,,,,,,,,,
y_pred[4140],,,,,,,,,,
y_pred[4141],,,,,,,,,,
y_pred[4142],,,,,,,,,,
y_pred[4143],,,,,,,,,,
y_pred[4144],,,,,,,,,,
y_pred[4145],,,,,,,,,,
y_pred[4146],,,,,,,,,,
y_pred[4147],,,,,,,,,,
y_pred[4148],,,,,,,,,,
y_pred[4149],,,,,,,,,,
y_pred[4150],,,,,,,,,,
y_pred[4151],,,,,,,,,,
y_pred[4152],,,,,,,,,,
y_pred[4153],,,,,,,,,,
y_pred[4154],,,,,,,,,,
y_pred[4155],,,,,,,,,,
y_pred[4156],,,,,,,,,,
y_pred[4157],,,,,,,,,,
y_pred[4158],,,,,,,,,,
y_pred[4159],,,,,,,,,,
y_pred[4160],,,,,,,,,,
y_pred[4161],,,,,,,,,,
y_pred[4162],,,,,,,,,,
y_pred[4163],,,,,,,,,,
y_pred[4164],,,,,,,,,,
y_pred[4165],,,,,,,,,,
y_pred[4166],,,,,,,,,,
y_pred[4167],,,,,,,,,,
y_pred[4168],,,,,,,,,,
y_pred[4169],,,,,,,,,,
y_pred[4170],,,,,,,,,,
y_pred[4171],,,,,,,,,,
y_pred[4172],,,,,,,,,,
y_pred[4173],,,,,,,,,,
y_pred[4174],,,,,,,,,,
y_pred[4175],,,,,,,,,,
y_pred[4176],,,,,,,,,,
y_pred[4177],,,,,,,,,,
y_pred[4178],,,,,,,,,,
y_pred[4179],,,,,,,,,,
y_pred[4180],,,,,,,,,,
y_pred[4181],,,,,,,,,,
y_pred[4182],,,,,,,,,,
y_pred[4183],,,,,,,,,,
y_pred[4184],,,,,,,,,,
y_pred[4185],,,,,,,,,,
y_pred[4186],,,,,,,,,,
y_pred[4187],,,,,,,,,,
y_pred[4188],,,,,,,,,,
y_pred[4189],,,,,,,,,,
y_pred[4190],,,,,,,,,,
y_pred[4191],,,,,,,,,,
y_pred[4192],,,,,,,,,,
y_pred[4193],,,,,,,,,,
y_pred[4194],,,,,,,,,,
y_pred[4195],,,,,,,,,,
y_pred[4196],,,,,,,,,,
y_pred[4197],,,,,,,,,,
y_pred[4198],,,,,,,,,,
y_pred[4199],,,,,,,,,,
y_pred[4200],,,,,,,,,,
y_pred[4201],,,,,,,,,,
y_pred[4202],,,,,,,,,,
y_pred[4203],,,,,,,,,,
y_pred[4204],,,,,,,,,,
y_pred[4205],,,,,,,,,,
y_pred[4206],,,,,,,,,,
y_pred[4207],,,,,,,,,,
y_pred[4208],,,,,,,,,,
y_pred[4209],,,,,,,,,,
y_pred[4210],,,,,,,,,,
y_pred[4211],,,,,,,,,,
y_pred[4212],,,,,,,,,,
y_pred[4213],,,,,,,,,,
y_pred[4214],,,,,,,,,,
y_pred[4215],,,,,,,,,,
y_pred[4216],,,,,,,,,,
y_pred[4217],,,,,,,,,,
y_pred[4218],,,,,,,,,,
y_pred[4219],,,,,,,,,,
y_pred[4220],,,,,,,,,,
y_pred[4221],,,,,,,,,,
y_pred[4222],,,,,,,,,,
y_pred[4223],,,,,,,,,,
y_pred[4224],,,,,,,,,,
y_pred[4225],,,,,,,,,,
y_pred[4226],,,,,,,,,,
y_pred[4227],,,,,,,,,,
y_pred[4228],,,,,,,,,,
y_pred[4229],,,,,,,,,,
y_pred[4230],,,,,,,,,,
y_pred[4231],,,,,,,,,,
y_pred[4232],,,,,,,,,,
y_pred[4233],,,,,,,,,,
y_pred[4234],,,,,,,,,,
y_pred[4235],,,,,,,,,,
y_pred[4236],,,,,,,,,,
y_pred[4237],,,,,,,,,,
y_pred[4238],,,,,,,,,,
y_pred[4239],,,,,,,,,,
y_pred[4240],,,,,,,,,,
y_pred[4241],,,,,,,,,,
y_pred[4242],,,,,,,,,,
y_pred[4243],,,,,,,,,,
y_pred[4244],,,,,,,,,,
y_pred[4245],,,,,,,,,,
y_pred[4246],,,,,,,,,,
y_pred[4247],,,,,,,,,,
y_pred[4248],,,,,,,,,,
y_pred[4249],,,,,,,,,,
y_pred[4250],,,,,,,,,,
y_pred[4251],,,,,,,,,,
y_pred[4252],,,,,,,,,,
y_pred[4253],,,,,,,,,,
y_pred[4254],,,,,,,,,,
y_pred[4255],,,,,,,,,,
y_pred[4256],,,,,,,,,,
y_pred[4257],,,,,,,,,,
y_pred[4258],,,,,,,,,,
y_pred[4259],,,,,,,,,,
y_pred[4260],,,,,,,,,,
y_pred[4261],,,,,,,,,,
y_pred[4262],,,,,,,,,,
y_pred[4263],,,,,,,,,,
y_pred[4264],,,,,,,,,,
y_pred[4265],,,,,,,,,,
y_pred[4266],,,,,,,,,,
y_pred[4267],,,,,,,,,,
y_pred[4268],,,,,,,,,,
y_pred[4269],,,,,,,,,,
y_pred[4270],,,,,,,,,,
y_pred[4271],,,,,,,,,,
y_pred[4272],,,,,,,,,,
y_pred[4273],,,,,,,,,,
y_pred[4274],,,,,,,,,,
y_pred[4275],,,,,,,,,,
y_pred[4276],,,,,,,,,,
y_pred[4277],,,,,,,,,,
y_pred[4278],,,,,,,,,,
y_pred[4279],,,,,,,,,,
y_pred[4280],,,,,,,,,,
y_pred[4281],,,,,,,,,,
y_pred[4282],,,,,,,,,,
y_pred[4283],,,,,,,,,,
y_pred[4284],,,,,,,,,,
y_pred[4285],,,,,,,,,,
y_pred[4286],,,,,,,,,,
y_pred[4287],,,,,,,,,,
y_pred[4288],,,,,,,,,,
y_pred[4289],,,,,,,,,,
y_pred[4290],,,,,,,,,,
y_pred[4291],,,,,,,,,,
y_pred[4292],,,,,,,,,,
y_pred[4293],,,,,,,,,,
y_pred[4294],,,,,,,,,,
y_pred[4295],,,,,,,,,,
y_pred[4296],,,,,,,,,,
y_pred[4297],,,,,,,,,,
y_pred[4298],,,,,,,,,,
y_pred[4299],,,,,,,,,,
y_pred[4300],,,,,,,,,,
y_pred[4301],,,,,,,,,,
y_pred[4302],,,,,,,,,,
y_pred[4303],,,,,,,,,,
y_pred[4304],,,,,,,,,,
y_pred[4305],,,,,,,,,,
y_pred[4306],,,,,,,,,,
y_pred[4307],,,,,,,,,,
y_pred[4308],,,,,,,,,,
y_pred[4309],,,,,,,,,,
y_pred[4310],,,,,,,,,,
y_pred[4311],,,,,,,,,,
y_pred[4312],,,,,,,,,,
y_pred[4313],,,,,,,,,,
y_pred[4314],,,,,,,,,,
y_pred[4315],,,,,,,,,,
y_pred[4316],,,,,,,,,,
y_pred[4317],,,,,,,,,,
y_pred[4318],,,,,,,,,,
y_pred[4319],,,,,,,,,,
y_pred[4320],,,,,,,,,,
y_pred[4321],,,,,,,,,,
y_pred[4322],,,,,,,,,,
y_pred[4323],,,,,,,,,,
y_pred[4324],,,,,,,,,,
y_pred[4325],,,,,,,,,,
y_pred[4326],,,,,,,,,,
y_pred[4327],,,,,,,,,,
y_pred[4328],,,,,,,,,,
y_pred[4329],,,,,,,,,,
y_pred[4330],,,,,,,,,,
y_pred[4331],,,,,,,,,,
y_pred[4332],,,,,,,,,,
y_pred[4333],,,,,,,,,,
y_pred[4334],,,,,,,,,,
y_pred[4335],,,,,,,,,,
y_pred[4336],,,,,,,,,,
y_pred[4337],,,,,,,,,,
y_pred[4338],,,,,,,,,,
y_pred[4339],,,,,,,,,,
y_pred[4340],,,,,,,,,,
y_pred[4341],,,,,,,,,,
y_pred[4342],,,,,,,,,,
y_pred[4343],,,,,,,,,,
y_pred[4344],,,,,,,,,,
y_pred[4345],,,,,,,,,,
y_pred[4346],,,,,,,,,,
y_pred[4347],,,,,,,,,,
y_pred[4348],,,,,,,,,,
y_pred[4349],,,,,,,,,,
y_pred[4350],,,,,,,,,,
y_pred[4351],,,,,,,,,,
y_pred[4352],,,,,,,,,,
y_pred[4353],,,,,,,,,,
y_pred[4354],,,,,,,,,,
y_pred[4355],,,,,,,,,,
y_pred[4356],,,,,,,,,,
y_pred[4357],,,,,,,,,,
y_pred[4358],,,,,,,,,,
y_pred[4359],,,,,,,,,,
y_pred[4360],,,,,,,,,,
y_pred[4361],,,,,,,,,,
y_pred[4362],,,,,,,,,,
y_pred[4363],,,,,,,,,,
y_pred[4364],,,,,,,,,,
y_pred[4365],,,,,,,,,,
y_pred[4366],,,,,,,,,,
y_pred[4367],,,,,,,,,,
y_pred[4368],,,,,,,,,,
y_pred[4369],,,,,,,,,,
y_pred[4370],,,,,,,,,,
y_pred[4371],,,,,,,,,,
y_pred[4372],,,,,,,,,,
y_pred[4373],,,,,,,,,,
y_pred[4374],,,,,,,,,,
y_pred[4375],,,,,,,,,,
y_pred[4376],,,,,,,,,,
y_pred[4377],,,,,,,,,,
y_pred[4378],,,,,,,,,,
y_pred[4379],,,,,,,,,,
y_pred[4380],,,,,,,,,,
y_pred[4381],,,,,,,,,,
y_pred[4382],,,,,,,,,,
y_pred[4383],,,,,,,,,,
y_pred[4384],,,,,,,,,,
y_pred[4385],,,,,,,,,,
y_pred[4386],,,,,,,,,,
y_pred[4387],,,,,,,,,,
y_pred[4388],,,,,,,,,,
y_pred[4389],,,,,,,,,,
y_pred[4390],,,,,,,,,,
y_pred[4391],,,,,,,,,,
y_pred[4392],,,,,,,,,,
y_pred[4393],,,,,,,,,,
y_pred[4394],,,,,,,,,,
y_pred[4395],,,,,,,,,,
y_pred[4396],,,,,,,,,,
y_pred[4397],,,,,,,,,,
y_pred[4398],,,,,,,,,,
y_pred[4399],,,,,,,,,,
y_pred[4400],,,,,,,,,,
y_pred[4401],,,,,,,,,,
y_pred[4402],,,,,,,,,,
y_pred[4403],,,,,,,,,,
y_pred[4404],,,,,,,,,,
y_pred[4405],,,,,,,,,,
y_pred[4406],,,,,,,,,,
y_pred[4407],,,,,,,,,,
y_pred[4408],,,,,,,,,,
y_pred[4409],,,,,,,,,,
y_pred[4410],,,,,,,,,,
y_pred[4411],,,,,,,,,,
y_pred[4412],,,,,,,,,,
y_pred[4413],,,,,,,,,,
y_pred[4414],,,,,,,,,,
y_pred[4415],,,,,,,,,,
y_pred[4416],,,,,,,,,,
y_pred[4417],,,,,,,,,,
y_pred[4418],,,,,,,,,,
y_pred[4419],,,,,,,,,,
y_pred[4420],,,,,,,,,,
y_pred[4421],,,,,,,,,,
y_pred[4422],,,,,,,,,,
y_pred[4423],,,,,,,,,,
y_pred[4424],,,,,,,,,,
y_pred[4425],,,,,,,,,,
y_pred[4426],,,,,,,,,,
y_pred[4427],,,,,,,,,,
y_pred[4428],,,,,,,,,,
y_pred[4429],,,,,,,,,,
y_pred[4430],,,,,,,,,,
y_pred[4431],,,,,,,,,,
y_pred[4432],,,,,,,,,,
y_pred[4433],,,,,,,,,,
y_pred[4434],,,,,,,,,,
y_pred[4435],,,,,,,,,,
y_pred[4436],,,,,,,,,,
y_pred[4437],,,,,,,,,,
y_pred[4438],,,,,,,,,,
y_pred[4439],,,,,,,,,,
y_pred[4440],,,,,,,,,,
y_pred[4441],,,,,,,,,,
y_pred[4442],,,,,,,,,,
y_pred[4443],,,,,,,,,,
y_pred[4444],,,,,,,,,,
y_pred[4445],,,,,,,,,,
y_pred[4446],,,,,,,,,,
y_pred[4447],,,,,,,,,,
y_pred[4448],,,,,,,,,,
y_pred[4449],,,,,,,,,,
y_pred[4450],,,,,,,,,,
y_pred[4451],,,,,,,,,,
y_pred[4452],,,,,,,,,,
y_pred[4453],,,,,,,,,,
y_pred[4454],,,,,,,,,,
y_pred[4455],,,,,,,,,,
y_pred[4456],,,,,,,,,,
y_pred[4457],,,,,,,,,,
y_pred[4458],,,,,,,,,,
y_pred[4459],,,,,,,,,,
y_pred[4460],,,,,,,,,,
y_pred[4461],,,,,,,,,,
y_pred[4462],,,,,,,,,,
y_pred[4463],,,,,,,,,,
y_pred[4464],,,,,,,,,,
y_pred[4465],,,,,,,,,,
y_pred[4466],,,,,,,,,,
y_pred[4467],,,,,,,,,,
y_pred[4468],,,,,,,,,,
y_pred[4469],,,,,,,,,,
y_pred[4470],,,,,,,,,,
y_pred[4471],,,,,,,,,,
y_pred[4472],,,,,,,,,,
y_pred[4473],,,,,,,,,,
y_pred[4474],,,,,,,,,,
y_pred[4475],,,,,,,,,,
y_pred[4476],,,,,,,,,,
y_pred[4477],,,,,,,,,,
y_pred[4478],,,,,,,,,,
y_pred[4479],,,,,,,,,,
y_pred[4480],,,,,,,,,,
y_pred[4481],,,,,,,,,,
y_pred[4482],,,,,,,,,,
y_pred[4483],,,,,,,,,,
y_pred[4484],,,,,,,,,,
y_pred[4485],,,,,,,,,,
y_pred[4486],,,,,,,,,,
y_pred[4487],,,,,,,,,,
y_pred[4488],,,,,,,,,,
y_pred[4489],,,,,,,,,,
y_pred[4490],,,,,,,,,,
y_pred[4491],,,,,,,,,,
y_pred[4492],,,,,,,,,,
y_pred[4493],,,,,,,,,,
y_pred[4494],,,,,,,,,,
y_pred[4495],,,,,,,,,,
y_pred[4496],,,,,,,,,,
y_pred[4497],,,,,,,,,,
y_pred[4498],,,,,,,,,,
y_pred[4499],,,,,,,,,,
y_pred[4500],,,,,,,,,,
y_pred[4501],,,,,,,,,,
y_pred[4502],,,,,,,,,,
y_pred[4503],,,,,,,,,,
y_pred[4504],,,,,,,,,,
y_pred[4505],,,,,,,,,,
y_pred[4506],,,,,,,,,,
y_pred[4507],,,,,,,,,,
y_pred[4508],,,,,,,,,,
y_pred[4509],,,,,,,,,,
y_pred[4510],,,,,,,,,,
y_pred[4511],,,,,,,,,,
y_pred[4512],,,,,,,,,,
y_pred[4513],,,,,,,,,,
y_pred[4514],,,,,,,,,,
y_pred[4515],,,,,,,,,,
y_pred[4516],,,,,,,,,,
y_pred[4517],,,,,,,,,,
y_pred[4518],,,,,,,,,,
y_pred[4519],,,,,,,,,,
y_pred[4520],,,,,,,,,,
y_pred[4521],,,,,,,,,,
y_pred[4522],,,,,,,,,,
y_pred[4523],,,,,,,,,,
y_pred[4524],,,,,,,,,,
y_pred[4525],,,,,,,,,,
y_pred[4526],,,,,,,,,,
y_pred[4527],,,,,,,,,,
y_pred[4528],,,,,,,,,,
y_pred[4529],,,,,,,,,,
y_pred[4530],,,,,,,,,,
y_pred[4531],,,,,,,,,,
y_pred[4532],,,,,,,,,,
y_pred[4533],,,,,,,,,,
y_pred[4534],,,,,,,,,,
y_pred[4535],,,,,,,,,,
y_pred[4536],,,,,,,,,,
y_pred[4537],,,,,,,,,,
y_pred[4538],,,,,,,,,,
y_pred[4539],,,,,,,,,,
y_pred[4540],,,,,,,,,,
y_pred[4541],,,,,,,,,,
y_pred[4542],,,,,,,,,,
y_pred[4543],,,,,,,,,,
y_pred[4544],,,,,,,,,,
y_pred[4545],,,,,,,,,,
y_pred[4546],,,,,,,,,,
y_pred[4547],,,,,,,,,,
y_pred[4548],,,,,,,,,,
y_pred[4549],,,,,,,,,,
y_pred[4550],,,,,,,,,,
y_pred[4551],,,,,,,,,,
y_pred[4552],,,,,,,,,,
y_pred[4553],,,,,,,,,,
y_pred[4554],,,,,,,,,,
y_pred[4555],,,,,,,,,,
y_pred[4556],,,,,,,,,,
y_pred[4557],,,,,,,,,,
y_pred[4558],,,,,,,,,,
y_pred[4559],,,,,,,,,,
y_pred[4560],,,,,,,,,,
y_pred[4561],,,,,,,,,,
y_pred[4562],,,,,,,,,,
y_pred[4563],,,,,,,,,,
y_pred[4564],,,,,,,,,,
y_pred[4565],,,,,,,,,,
y_pred[4566],,,,,,,,,,
y_pred[4567],,,,,,,,,,
y_pred[4568],,,,,,,,,,
y_pred[4569],,,,,,,,,,
y_pred[4570],,,,,,,,,,
y_pred[4571],,,,,,,,,,
y_pred[4572],,,,,,,,,,
y_pred[4573],,,,,,,,,,
y_pred[4574],,,,,,,,,,
y_pred[4575],,,,,,,,,,
y_pred[4576],,,,,,,,,,
y_pred[4577],,,,,,,,,,
y_pred[4578],,,,,,,,,,
y_pred[4579],,,,,,,,,,
y_pred[4580],,,,,,,,,,
y_pred[4581],,,,,,,,,,
y_pred[4582],,,,,,,,,,
y_pred[4583],,,,,,,,,,
y_pred[4584],,,,,,,,,,
y_pred[4585],,,,,,,,,,
y_pred[4586],,,,,,,,,,
y_pred[4587],,,,,,,,,,
y_pred[4588],,,,,,,,,,
y_pred[4589],,,,,,,,,,
y_pred[4590],,,,,,,,,,
y_pred[4591],,,,,,,,,,
y_pred[4592],,,,,,,,,,
y_pred[4593],,,,,,,,,,
y_pred[4594],,,,,,,,,,
y_pred[4595],,,,,,,,,,
y_pred[4596],,,,,,,,,,
y_pred[4597],,,,,,,,,,
y_pred[4598],,,,,,,,,,
y_pred[4599],,,,,,,,,,
y_pred[4600],,,,,,,,,,
y_pred[4601],,,,,,,,,,
y_pred[4602],,,,,,,,,,
y_pred[4603],,,,,,,,,,
y_pred[4604],,,,,,,,,,
y_pred[4605],,,,,,,,,,
y_pred[4606],,,,,,,,,,
y_pred[4607],,,,,,,,,,
y_pred[4608],,,,,,,,,,
y_pred[4609],,,,,,,,,,
y_pred[4610],,,,,,,,,,
y_pred[4611],,,,,,,,,,
y_pred[4612],,,,,,,,,,
y_pred[4613],,,,,,,,,,
y_pred[4614],,,,,,,,,,
y_pred[4615],,,,,,,,,,
y_pred[4616],,,,,,,,,,
y_pred[4617],,,,,,,,,,
y_pred[4618],,,,,,,,,,
y_pred[4619],,,,,,,,,,
y_pred[4620],,,,,,,,,,
y_pred[4621],,,,,,,,,,
y_pred[4622],,,,,,,,,,
y_pred[4623],,,,,,,,,,
y_pred[4624],,,,,,,,,,
y_pred[4625],,,,,,,,,,
y_pred[4626],,,,,,,,,,
y_pred[4627],,,,,,,,,,
y_pred[4628],,,,,,,,,,
y_pred[4629],,,,,,,,,,
y_pred[4630],,,,,,,,,,
y_pred[4631],,,,,,,,,,
y_pred[4632],,,,,,,,,,
y_pred[4633],,,,,,,,,,
y_pred[4634],,,,,,,,,,
y_pred[4635],,,,,,,,,,
y_pred[4636],,,,,,,,,,
y_pred[4637],,,,,,,,,,
y_pred[4638],,,,,,,,,,
y_pred[4639],,,,,,,,,,
y_pred[4640],,,,,,,,,,
y_pred[4641],,,,,,,,,,
y_pred[4642],,,,,,,,,,
y_pred[4643],,,,,,,,,,
y_pred[4644],,,,,,,,,,
y_pred[4645],,,,,,,,,,
y_pred[4646],,,,,,,,,,
y_pred[4647],,,,,,,,,,
y_pred[4648],,,,,,,,,,
y_pred[4649],,,,,,,,,,
y_pred[4650],,,,,,,,,,
y_pred[4651],,,,,,,,,,
y_pred[4652],,,,,,,,,,
y_pred[4653],,,,,,,,,,
y_pred[4654],,,,,,,,,,
y_pred[4655],,,,,,,,,,
y_pred[4656],,,,,,,,,,
y_pred[4657],,,,,,,,,,
y_pred[4658],,,,,,,,,,
y_pred[4659],,,,,,,,,,
y_pred[4660],,,,,,,,,,
y_pred[4661],,,,,,,,,,
y_pred[4662],,,,,,,,,,
y_pred[4663],,,,,,,,,,
y_pred[4664],,,,,,,,,,
y_pred[4665],,,,,,,,,,
y_pred[4666],,,,,,,,,,
y_pred[4667],,,,,,,,,,
y_pred[4668],,,,,,,,,,
y_pred[4669],,,,,,,,,,
y_pred[4670],,,,,,,,,,
y_pred[4671],,,,,,,,,,
y_pred[4672],,,,,,,,,,
y_pred[4673],,,,,,,,,,
y_pred[4674],,,,,,,,,,
y_pred[4675],,,,,,,,,,
y_pred[4676],,,,,,,,,,
y_pred[4677],,,,,,,,,,
y_pred[4678],,,,,,,,,,
y_pred[4679],,,,,,,,,,
y_pred[4680],,,,,,,,,,
y_pred[4681],,,,,,,,,,
y_pred[4682],,,,,,,,,,
y_pred[4683],,,,,,,,,,
y_pred[4684],,,,,,,,,,
y_pred[4685],,,,,,,,,,
y_pred[4686],,,,,,,,,,
y_pred[4687],,,,,,,,,,
y_pred[4688],,,,,,,,,,
y_pred[4689],,,,,,,,,,
y_pred[4690],,,,,,,,,,
y_pred[4691],,,,,,,,,,
y_pred[4692],,,,,,,,,,
y_pred[4693],,,,,,,,,,
y_pred[4694],,,,,,,,,,
y_pred[4695],,,,,,,,,,
y_pred[4696],,,,,,,,,,
y_pred[4697],,,,,,,,,,
y_pred[4698],,,,,,,,,,
y_pred[4699],,,,,,,,,,
y_pred[4700],,,,,,,,,,
y_pred[4701],,,,,,,,,,
y_pred[4702],,,,,,,,,,
y_pred[4703],,,,,,,,,,
y_pred[4704],,,,,,,,,,
y_pred[4705],,,,,,,,,,
y_pred[4706],,,,,,,,,,
y_pred[4707],,,,,,,,,,
y_pred[4708],,,,,,,,,,
y_pred[4709],,,,,,,,,,
y_pred[4710],,,,,,,,,,
y_pred[4711],,,,,,,,,,
y_pred[4712],,,,,,,,,,
y_pred[4713],,,,,,,,,,
y_pred[4714],,,,,,,,,,
y_pred[4715],,,,,,,,,,
y_pred[4716],,,,,,,,,,
y_pred[4717],,,,,,,,,,
y_pred[4718],,,,,,,,,,
y_pred[4719],,,,,,,,,,
y_pred[4720],,,,,,,,,,
y_pred[4721],,,,,,,,,,
y_pred[4722],,,,,,,,,,
y_pred[4723],,,,,,,,,,
y_pred[4724],,,,,,,,,,
y_pred[4725],,,,,,,,,,
y_pred[4726],,,,,,,,,,
y_pred[4727],,,,,,,,,,
y_pred[4728],,,,,,,,,,
y_pred[4729],,,,,,,,,,
y_pred[4730],,,,,,,,,,
y_pred[4731],,,,,,,,,,
y_pred[4732],,,,,,,,,,
y_pred[4733],,,,,,,,,,
y_pred[4734],,,,,,,,,,
y_pred[4735],,,,,,,,,,
y_pred[4736],,,,,,,,,,
y_pred[4737],,,,,,,,,,
y_pred[4738],,,,,,,,,,
y_pred[4739],,,,,,,,,,
y_pred[4740],,,,,,,,,,
y_pred[4741],,,,,,,,,,
y_pred[4742],,,,,,,,,,
y_pred[4743],,,,,,,,,,
y_pred[4744],,,,,,,,,,
y_pred[4745],,,,,,,,,,
y_pred[4746],,,,,,,,,,
y_pred[4747],,,,,,,,,,
y_pred[4748],,,,,,,,,,
y_pred[4749],,,,,,,,,,
y_pred[4750],,,,,,,,,,
y_pred[4751],,,,,,,,,,
y_pred[4752],,,,,,,,,,
y_pred[4753],,,,,,,,,,
y_pred[4754],,,,,,,,,,
y_pred[4755],,,,,,,,,,
y_pred[4756],,,,,,,,,,
y_pred[4757],,,,,,,,,,
y_pred[4758],,,,,,,,,,
y_pred[4759],,,,,,,,,,
y_pred[4760],,,,,,,,,,
y_pred[4761],,,,,,,,,,
y_pred[4762],,,,,,,,,,
y_pred[4763],,,,,,,,,,
y_pred[4764],,,,,,,,,,
y_pred[4765],,,,,,,,,,
y_pred[4766],,,,,,,,,,
y_pred[4767],,,,,,,,,,
y_pred[4768],,,,,,,,,,
y_pred[4769],,,,,,,,,,
y_pred[4770],,,,,,,,,,
y_pred[4771],,,,,,,,,,
y_pred[4772],,,,,,,,,,
y_pred[4773],,,,,,,,,,
y_pred[4774],,,,,,,,,,
y_pred[4775],,,,,,,,,,
y_pred[4776],,,,,,,,,,
y_pred[4777],,,,,,,,,,
y_pred[4778],,,,,,,,,,
y_pred[4779],,,,,,,,,,
y_pred[4780],,,,,,,,,,
y_pred[4781],,,,,,,,,,
y_pred[4782],,,,,,,,,,
y_pred[4783],,,,,,,,,,
y_pred[4784],,,,,,,,,,
y_pred[4785],,,,,,,,,,
y_pred[4786],,,,,,,,,,
y_pred[4787],,,,,,,,,,
y_pred[4788],,,,,,,,,,
y_pred[4789],,,,,,,,,,
y_pred[4790],,,,,,,,,,
y_pred[4791],,,,,,,,,,
y_pred[4792],,,,,,,,,,
y_pred[4793],,,,,,,,,,
y_pred[4794],,,,,,,,,,
y_pred[4795],,,,,,,,,,
y_pred[4796],,,,,,,,,,
y_pred[4797],,,,,,,,,,
y_pred[4798],,,,,,,,,,
y_pred[4799],,,,,,,,,,
y_pred[4800],,,,,,,,,,
y_pred[4801],,,,,,,,,,
y_pred[4802],,,,,,,,,,
y_pred[4803],,,,,,,,,,
y_pred[4804],,,,,,,,,,
y_pred[4805],,,,,,,,,,
y_pred[4806],,,,,,,,,,
y_pred[4807],,,,,,,,,,
y_pred[4808],,,,,,,,,,
y_pred[4809],,,,,,,,,,
y_pred[4810],,,,,,,,,,
y_pred[4811],,,,,,,,,,
y_pred[4812],,,,,,,,,,
y_pred[4813],,,,,,,,,,
y_pred[4814],,,,,,,,,,
y_pred[4815],,,,,,,,,,
y_pred[4816],,,,,,,,,,
y_pred[4817],,,,,,,,,,
y_pred[4818],,,,,,,,,,
y_pred[4819],,,,,,,,,,
y_pred[4820],,,,,,,,,,
y_pred[4821],,,,,,,,,,
y_pred[4822],,,,,,,,,,
y_pred[4823],,,,,,,,,,
y_pred[4824],,,,,,,,,,
y_pred[4825],,,,,,,,,,
y_pred[4826],,,,,,,,,,
y_pred[4827],,,,,,,,,,
y_pred[4828],,,,,,,,,,
y_pred[4829],,,,,,,,,,
y_pred[4830],,,,,,,,,,
y_pred[4831],,,,,,,,,,
y_pred[4832],,,,,,,,,,
y_pred[4833],,,,,,,,,,
y_pred[4834],,,,,,,,,,
y_pred[4835],,,,,,,,,,
y_pred[4836],,,,,,,,,,
y_pred[4837],,,,,,,,,,
y_pred[4838],,,,,,,,,,
y_pred[4839],,,,,,,,,,
y_pred[4840],,,,,,,,,,
y_pred[4841],,,,,,,,,,
y_pred[4842],,,,,,,,,,
y_pred[4843],,,,,,,,,,
y_pred[4844],,,,,,,,,,
y_pred[4845],,,,,,,,,,
y_pred[4846],,,,,,,,,,
y_pred[4847],,,,,,,,,,
y_pred[4848],,,,,,,,,,
y_pred[4849],,,,,,,,,,
y_pred[4850],,,,,,,,,,
y_pred[4851],,,,,,,,,,
y_pred[4852],,,,,,,,,,
y_pred[4853],,,,,,,,,,
y_pred[4854],,,,,,,,,,
y_pred[4855],,,,,,,,,,
y_pred[4856],,,,,,,,,,
y_pred[4857],,,,,,,,,,
y_pred[4858],,,,,,,,,,
y_pred[4859],,,,,,,,,,
y_pred[4860],,,,,,,,,,
y_pred[4861],,,,,,,,,,
y_pred[4862],,,,,,,,,,
y_pred[4863],,,,,,,,,,
y_pred[4864],,,,,,,,,,
y_pred[4865],,,,,,,,,,
y_pred[4866],,,,,,,,,,
y_pred[4867],,,,,,,,,,
y_pred[4868],,,,,,,,,,
y_pred[4869],,,,,,,,,,
y_pred[4870],,,,,,,,,,
y_pred[4871],,,,,,,,,,
y_pred[4872],,,,,,,,,,
y_pred[4873],,,,,,,,,,
y_pred[4874],,,,,,,,,,
y_pred[4875],,,,,,,,,,
y_pred[4876],,,,,,,,,,
y_pred[4877],,,,,,,,,,
y_pred[4878],,,,,,,,,,
y_pred[4879],,,,,,,,,,
y_pred[4880],,,,,,,,,,
y_pred[4881],,,,,,,,,,
y_pred[4882],,,,,,,,,,
y_pred[4883],,,,,,,,,,
y_pred[4884],,,,,,,,,,
y_pred[4885],,,,,,,,,,
y_pred[4886],,,,,,,,,,
y_pred[4887],,,,,,,,,,
y_pred[4888],,,,,,,,,,
y_pred[4889],,,,,,,,,,
y_pred[4890],,,,,,,,,,
y_pred[4891],,,,,,,,,,
y_pred[4892],,,,,,,,,,
y_pred[4893],,,,,,,,,,
y_pred[4894],,,,,,,,,,
y_pred[4895],,,,,,,,,,
y_pred[4896],,,,,,,,,,
y_pred[4897],,,,,,,,,,
y_pred[4898],,,,,,,,,,
y_pred[4899],,,,,,,,,,
y_pred[4900],,,,,,,,,,
y_pred[4901],,,,,,,,,,
y_pred[4902],,,,,,,,,,
y_pred[4903],,,,,,,,,,
y_pred[4904],,,,,,,,,,
y_pred[4905],,,,,,,,,,
y_pred[4906],,,,,,,,,,
y_pred[4907],,,,,,,,,,
y_pred[4908],,,,,,,,,,
y_pred[4909],,,,,,,,,,
y_pred[4910],,,,,,,,,,
y_pred[4911],,,,,,,,,,
y_pred[4912],,,,,,,,,,
y_pred[4913],,,,,,,,,,
y_pred[4914],,,,,,,,,,
y_pred[4915],,,,,,,,,,
y_pred[4916],,,,,,,,,,
y_pred[4917],,,,,,,,,,
y_pred[4918],,,,,,,,,,
y_pred[4919],,,,,,,,,,
y_pred[4920],,,,,,,,,,
y_pred[4921],,,,,,,,,,
y_pred[4922],,,,,,,,,,
y_pred[4923],,,,,,,,,,
y_pred[4924],,,,,,,,,,
y_pred[4925],,,,,,,,,,
y_pred[4926],,,,,,,,,,
y_pred[4927],,,,,,,,,,
y_pred[4928],,,,,,,,,,
y_pred[4929],,,,,,,,,,
y_pred[4930],,,,,,,,,,
y_pred[4931],,,,,,,,,,
y_pred[4932],,,,,,,,,,
y_pred[4933],,,,,,,,,,
y_pred[4934],,,,,,,,,,
y_pred[4935],,,,,,,,,,
y_pred[4936],,,,,,,,,,
y_pred[4937],,,,,,,,,,
y_pred[4938],,,,,,,,,,
y_pred[4939],,,,,,,,,,
y_pred[4940],,,,,,,,,,
y_pred[4941],,,,,,,,,,
y_pred[4942],,,,,,,,,,
y_pred[4943],,,,,,,,,,
y_pred[4944],,,,,,,,,,
y_pred[4945],,,,,,,,,,
y_pred[4946],,,,,,,,,,
y_pred[4947],,,,,,,,,,
y_pred[4948],,,,,,,,,,
y_pred[4949],,,,,,,,,,
y_pred[4950],,,,,,,,,,
y_pred[4951],,,,,,,,,,
y_pred[4952],,,,,,,,,,
y_pred[4953],,,,,,,,,,
y_pred[4954],,,,,,,,,,
y_pred[4955],,,,,,,,,,
y_pred[4956],,,,,,,,,,
y_pred[4957],,,,,,,,,,
y_pred[4958],,,,,,,,,,
y_pred[4959],,,,,,,,,,
y_pred[4960],,,,,,,,,,
y_pred[4961],,,,,,,,,,
y_pred[4962],,,,,,,,,,
y_pred[4963],,,,,,,,,,
y_pred[4964],,,,,,,,,,
y_pred[4965],,,,,,,,,,
y_pred[4966],,,,,,,,,,
y_pred[4967],,,,,,,,,,
y_pred[4968],,,,,,,,,,
y_pred[4969],,,,,,,,,,
y_pred[4970],,,,,,,,,,
y_pred[4971],,,,,,,,,,
y_pred[4972],,,,,,,,,,
y_pred[4973],,,,,,,,,,
y_pred[4974],,,,,,,,,,
y_pred[4975],,,,,,,,,,
y_pred[4976],,,,,,,,,,
y_pred[4977],,,,,,,,,,
y_pred[4978],,,,,,,,,,
y_pred[4979],,,,,,,,,,
y_pred[4980],,,,,,,,,,
y_pred[4981],,,,,,,,,,
y_pred[4982],,,,,,,,,,
y_pred[4983],,,,,,,,,,
y_pred[4984],,,,,,,,,,
y_pred[4985],,,,,,,,,,
y_pred[4986],,,,,,,,,,
y_pred[4987],,,,,,,,,,
y_pred[4988],,,,,,,,,,
y_pred[4989],,,,,,,,,,
y_pred[4990],,,,,,,,,,
y_pred[4991],,,,,,,,,,
y_pred[4992],,,,,,,,,,
y_pred[4993],,,,,,,,,,
y_pred[4994],,,,,,,,,,
y_pred[4995],,,,,,,,,,
y_pred[4996],,,,,,,,,,
y_pred[4997],,,,,,,,,,
y_pred[4998],,,,,,,,,,
y_pred[4999],,,,,,,,,,
y_pred[5000],,,,,,,,,,
y_pred[5001],,,,,,,,,,
y_pred[5002],,,,,,,,,,
y_pred[5003],,,,,,,,,,
y_pred[5004],,,,,,,,,,
y_pred[5005],,,,,,,,,,
y_pred[5006],,,,,,,,,,
y_pred[5007],,,,,,,,,,
y_pred[5008],,,,,,,,,,
y_pred[5009],,,,,,,,,,
y_pred[5010],,,,,,,,,,
y_pred[5011],,,,,,,,,,
y_pred[5012],,,,,,,,,,
y_pred[5013],,,,,,,,,,
y_pred[5014],,,,,,,,,,
y_pred[5015],,,,,,,,,,
y_pred[5016],,,,,,,,,,
y_pred[5017],,,,,,,,,,
y_pred[5018],,,,,,,,,,
y_pred[5019],,,,,,,,,,
y_pred[5020],,,,,,,,,,
y_pred[5021],,,,,,,,,,
y_pred[5022],,,,,,,,,,
y_pred[5023],,,,,,,,,,
y_pred[5024],,,,,,,,,,
y_pred[5025],,,,,,,,,,
y_pred[5026],,,,,,,,,,
y_pred[5027],,,,,,,,,,
y_pred[5028],,,,,,,,,,
y_pred[5029],,,,,,,,,,
y_pred[5030],,,,,,,,,,
y_pred[5031],,,,,,,,,,
y_pred[5032],,,,,,,,,,
y_pred[5033],,,,,,,,,,
y_pred[5034],,,,,,,,,,
y_pred[5035],,,,,,,,,,
y_pred[5036],,,,,,,,,,
y_pred[5037],,,,,,,,,,
y_pred[5038],,,,,,,,,,
y_pred[5039],,,,,,,,,,
y_pred[5040],,,,,,,,,,
y_pred[5041],,,,,,,,,,
y_pred[5042],,,,,,,,,,
y_pred[5043],,,,,,,,,,
y_pred[5044],,,,,,,,,,
y_pred[5045],,,,,,,,,,
y_pred[5046],,,,,,,,,,
y_pred[5047],,,,,,,,,,
y_pred[5048],,,,,,,,,,
y_pred[5049],,,,,,,,,,
y_pred[5050],,,,,,,,,,
y_pred[5051],,,,,,,,,,
y_pred[5052],,,,,,,,,,
y_pred[5053],,,,,,,,,,
y_pred[5054],,,,,,,,,,
y_pred[5055],,,,,,,,,,
y_pred[5056],,,,,,,,,,
y_pred[5057],,,,,,,,,,
y_pred[5058],,,,,,,,,,
y_pred[5059],,,,,,,,,,
y_pred[5060],,,,,,,,,,
y_pred[5061],,,,,,,,,,
y_pred[5062],,,,,,,,,,
y_pred[5063],,,,,,,,,,
y_pred[5064],,,,,,,,,,
y_pred[5065],,,,,,,,,,
y_pred[5066],,,,,,,,,,
y_pred[5067],,,,,,,,,,
y_pred[5068],,,,,,,,,,
y_pred[5069],,,,,,,,,,
y_pred[5070],,,,,,,,,,
y_pred[5071],,,,,,,,,,
y_pred[5072],,,,,,,,,,
y_pred[5073],,,,,,,,,,
y_pred[5074],,,,,,,,,,
y_pred[5075],,,,,,,,,,
y_pred[5076],,,,,,,,,,
y_pred[5077],,,,,,,,,,
y_pred[5078],,,,,,,,,,
y_pred[5079],,,,,,,,,,
y_pred[5080],,,,,,,,,,
y_pred[5081],,,,,,,,,,
y_pred[5082],,,,,,,,,,
y_pred[5083],,,,,,,,,,
y_pred[5084],,,,,,,,,,
y_pred[5085],,,,,,,,,,
y_pred[5086],,,,,,,,,,
y_pred[5087],,,,,,,,,,
y_pred[5088],,,,,,,,,,
y_pred[5089],,,,,,,,,,
y_pred[5090],,,,,,,,,,
y_pred[5091],,,,,,,,,,
y_pred[5092],,,,,,,,,,
y_pred[5093],,,,,,,,,,
y_pred[5094],,,,,,,,,,
y_pred[5095],,,,,,,,,,
y_pred[5096],,,,,,,,,,
y_pred[5097],,,,,,,,,,
y_pred[5098],,,,,,,,,,
y_pred[5099],,,,,,,,,,
y_pred[5100],,,,,,,,,,
y_pred[5101],,,,,,,,,,
y_pred[5102],,,,,,,,,,
y_pred[5103],,,,,,,,,,
y_pred[5104],,,,,,,,,,
y_pred[5105],,,,,,,,,,
y_pred[5106],,,,,,,,,,
y_pred[5107],,,,,,,,,,
y_pred[5108],,,,,,,,,,
y_pred[5109],,,,,,,,,,
y_pred[5110],,,,,,,,,,
y_pred[5111],,,,,,,,,,
y_pred[5112],,,,,,,,,,
y_pred[5113],,,,,,,,,,
y_pred[5114],,,,,,,,,,
y_pred[5115],,,,,,,,,,
y_pred[5116],,,,,,,,,,
y_pred[5117],,,,,,,,,,
y_pred[5118],,,,,,,,,,
y_pred[5119],,,,,,,,,,
y_pred[5120],,,,,,,,,,
y_pred[5121],,,,,,,,,,
y_pred[5122],,,,,,,,,,
y_pred[5123],,,,,,,,,,
y_pred[5124],,,,,,,,,,
y_pred[5125],,,,,,,,,,
y_pred[5126],,,,,,,,,,
y_pred[5127],,,,,,,,,,
y_pred[5128],,,,,,,,,,
y_pred[5129],,,,,,,,,,
y_pred[5130],,,,,,,,,,
y_pred[5131],,,,,,,,,,
y_pred[5132],,,,,,,,,,
y_pred[5133],,,,,,,,,,
y_pred[5134],,,,,,,,,,
y_pred[5135],,,,,,,,,,
y_pred[5136],,,,,,,,,,
y_pred[5137],,,,,,,,,,
y_pred[5138],,,,,,,,,,
y_pred[5139],,,,,,,,,,
y_pred[5140],,,,,,,,,,
y_pred[5141],,,,,,,,,,
y_pred[5142],,,,,,,,,,
y_pred[5143],,,,,,,,,,
y_pred[5144],,,,,,,,,,
y_pred[5145],,,,,,,,,,
y_pred[5146],,,,,,,,,,
y_pred[5147],,,,,,,,,,
y_pred[5148],,,,,,,,,,
y_pred[5149],,,,,,,,,,
y_pred[5150],,,,,,,,,,
y_pred[5151],,,,,,,,,,
y_pred[5152],,,,,,,,,,
y_pred[5153],,,,,,,,,,
y_pred[5154],,,,,,,,,,
y_pred[5155],,,,,,,,,,
y_pred[5156],,,,,,,,,,
y_pred[5157],,,,,,,,,,
y_pred[5158],,,,,,,,,,
y_pred[5159],,,,,,,,,,
y_pred[5160],,,,,,,,,,
y_pred[5161],,,,,,,,,,
y_pred[5162],,,,,,,,,,
y_pred[5163],,,,,,,,,,
y_pred[5164],,,,,,,,,,
y_pred[5165],,,,,,,,,,
y_pred[5166],,,,,,,,,,
y_pred[5167],,,,,,,,,,
y_pred[5168],,,,,,,,,,
y_pred[5169],,,,,,,,,,
y_pred[5170],,,,,,,,,,
y_pred[5171],,,,,,,,,,
y_pred[5172],,,,,,,,,,
y_pred[5173],,,,,,,,,,
y_pred[5174],,,,,,,,,,
y_pred[5175],,,,,,,,,,
y_pred[5176],,,,,,,,,,
y_pred[5177],,,,,,,,,,
y_pred[5178],,,,,,,,,,
y_pred[5179],,,,,,,,,,
y_pred[5180],,,,,,,,,,
y_pred[5181],,,,,,,,,,
y_pred[5182],,,,,,,,,,
y_pred[5183],,,,,,,,,,
y_pred[5184],,,,,,,,,,
y_pred[5185],,,,,,,,,,
y_pred[5186],,,,,,,,,,
y_pred[5187],,,,,,,,,,
y_pred[5188],,,,,,,,,,
y_pred[5189],,,,,,,,,,
y_pred[5190],,,,,,,,,,
y_pred[5191],,,,,,,,,,
y_pred[5192],,,,,,,,,,
y_pred[5193],,,,,,,,,,
y_pred[5194],,,,,,,,,,
y_pred[5195],,,,,,,,,,
y_pred[5196],,,,,,,,,,
y_pred[5197],,,,,,,,,,
y_pred[5198],,,,,,,,,,
y_pred[5199],,,,,,,,,,
y_pred[5200],,,,,,,,,,
y_pred[5201],,,,,,,,,,
y_pred[5202],,,,,,,,,,
y_pred[5203],,,,,,,,,,
y_pred[5204],,,,,,,,,,
y_pred[5205],,,,,,,,,,
y_pred[5206],,,,,,,,,,
y_pred[5207],,,,,,,,,,
y_pred[5208],,,,,,,,,,
y_pred[5209],,,,,,,,,,
y_pred[5210],,,,,,,,,,
y_pred[5211],,,,,,,,,,
y_pred[5212],,,,,,,,,,
y_pred[5213],,,,,,,,,,
y_pred[5214],,,,,,,,,,
y_pred[5215],,,,,,,,,,
y_pred[5216],,,,,,,,,,
y_pred[5217],,,,,,,,,,
y_pred[5218],,,,,,,,,,
y_pred[5219],,,,,,,,,,
y_pred[5220],,,,,,,,,,
y_pred[5221],,,,,,,,,,
y_pred[5222],,,,,,,,,,
y_pred[5223],,,,,,,,,,
y_pred[5224],,,,,,,,,,
y_pred[5225],,,,,,,,,,
y_pred[5226],,,,,,,,,,
y_pred[5227],,,,,,,,,,
y_pred[5228],,,,,,,,,,
y_pred[5229],,,,,,,,,,
y_pred[5230],,,,,,,,,,
y_pred[5231],,,,,,,,,,
y_pred[5232],,,,,,,,,,
y_pred[5233],,,,,,,,,,
y_pred[5234],,,,,,,,,,
y_pred[5235],,,,,,,,,,
y_pred[5236],,,,,,,,,,
y_pred[5237],,,,,,,,,,
y_pred[5238],,,,,,,,,,
y_pred[5239],,,,,,,,,,
y_pred[5240],,,,,,,,,,
y_pred[5241],,,,,,,,,,
y_pred[5242],,,,,,,,,,
y_pred[5243],,,,,,,,,,
y_pred[5244],,,,,,,,,,
y_pred[5245],,,,,,,,,,
y_pred[5246],,,,,,,,,,
y_pred[5247],,,,,,,,,,
y_pred[5248],,,,,,,,,,
y_pred[5249],,,,,,,,,,
y_pred[5250],,,,,,,,,,
y_pred[5251],,,,,,,,,,
y_pred[5252],,,,,,,,,,
y_pred[5253],,,,,,,,,,
y_pred[5254],,,,,,,,,,
y_pred[5255],,,,,,,,,,
y_pred[5256],,,,,,,,,,
y_pred[5257],,,,,,,,,,
y_pred[5258],,,,,,,,,,
y_pred[5259],,,,,,,,,,
y_pred[5260],,,,,,,,,,
y_pred[5261],,,,,,,,,,
y_pred[5262],,,,,,,,,,
y_pred[5263],,,,,,,,,,
y_pred[5264],,,,,,,,,,
y_pred[5265],,,,,,,,,,
y_pred[5266],,,,,,,,,,
y_pred[5267],,,,,,,,,,
y_pred[5268],,,,,,,,,,
y_pred[5269],,,,,,,,,,
y_pred[5270],,,,,,,,,,
y_pred[5271],,,,,,,,,,
y_pred[5272],,,,,,,,,,
y_pred[5273],,,,,,,,,,
y_pred[5274],,,,,,,,,,
y_pred[5275],,,,,,,,,,
y_pred[5276],,,,,,,,,,
y_pred[5277],,,,,,,,,,
y_pred[5278],,,,,,,,,,
y_pred[5279],,,,,,,,,,
y_pred[5280],,,,,,,,,,
y_pred[5281],,,,,,,,,,
y_pred[5282],,,,,,,,,,
y_pred[5283],,,,,,,,,,
y_pred[5284],,,,,,,,,,
y_pred[5285],,,,,,,,,,
y_pred[5286],,,,,,,,,,
y_pred[5287],,,,,,,,,,
y_pred[5288],,,,,,,,,,
y_pred[5289],,,,,,,,,,
y_pred[5290],,,,,,,,,,
y_pred[5291],,,,,,,,,,
y_pred[5292],,,,,,,,,,
y_pred[5293],,,,,,,,,,
y_pred[5294],,,,,,,,,,
y_pred[5295],,,,,,,,,,
y_pred[5296],,,,,,,,,,
y_pred[5297],,,,,,,,,,
y_pred[5298],,,,,,,,,,
y_pred[5299],,,,,,,,,,
y_pred[5300],,,,,,,,,,
y_pred[5301],,,,,,,,,,
y_pred[5302],,,,,,,,,,
y_pred[5303],,,,,,,,,,
y_pred[5304],,,,,,,,,,
y_pred[5305],,,,,,,,,,
y_pred[5306],,,,,,,,,,
y_pred[5307],,,,,,,,,,
y_pred[5308],,,,,,,,,,
y_pred[5309],,,,,,,,,,
y_pred[5310],,,,,,,,,,
y_pred[5311],,,,,,,,,,
y_pred[5312],,,,,,,,,,
y_pred[5313],,,,,,,,,,
y_pred[5314],,,,,,,,,,
y_pred[5315],,,,,,,,,,
y_pred[5316],,,,,,,,,,
y_pred[5317],,,,,,,,,,
y_pred[5318],,,,,,,,,,
y_pred[5319],,,,,,,,,,
y_pred[5320],,,,,,,,,,
y_pred[5321],,,,,,,,,,
y_pred[5322],,,,,,,,,,
y_pred[5323],,,,,,,,,,
y_pred[5324],,,,,,,,,,
y_pred[5325],,,,,,,,,,
y_pred[5326],,,,,,,,,,
y_pred[5327],,,,,,,,,,
y_pred[5328],,,,,,,,,,
y_pred[5329],,,,,,,,,,
y_pred[5330],,,,,,,,,,
y_pred[5331],,,,,,,,,,
y_pred[5332],,,,,,,,,,
y_pred[5333],,,,,,,,,,
y_pred[5334],,,,,,,,,,
y_pred[5335],,,,,,,,,,
y_pred[5336],,,,,,,,,,
y_pred[5337],,,,,,,,,,
y_pred[5338],,,,,,,,,,
y_pred[5339],,,,,,,,,,
y_pred[5340],,,,,,,,,,
y_pred[5341],,,,,,,,,,
y_pred[5342],,,,,,,,,,
y_pred[5343],,,,,,,,,,
y_pred[5344],,,,,,,,,,
y_pred[5345],,,,,,,,,,
y_pred[5346],,,,,,,,,,
y_pred[5347],,,,,,,,,,
y_pred[5348],,,,,,,,,,
y_pred[5349],,,,,,,,,,
y_pred[5350],,,,,,,,,,
y_pred[5351],,,,,,,,,,
y_pred[5352],,,,,,,,,,
y_pred[5353],,,,,,,,,,
y_pred[5354],,,,,,,,,,
y_pred[5355],,,,,,,,,,
y_pred[5356],,,,,,,,,,
y_pred[5357],,,,,,,,,,
y_pred[5358],,,,,,,,,,
y_pred[5359],,,,,,,,,,
y_pred[5360],,,,,,,,,,
y_pred[5361],,,,,,,,,,
y_pred[5362],,,,,,,,,,
y_pred[5363],,,,,,,,,,
y_pred[5364],,,,,,,,,,
y_pred[5365],,,,,,,,,,
y_pred[5366],,,,,,,,,,
y_pred[5367],,,,,,,,,,
y_pred[5368],,,,,,,,,,
y_pred[5369],,,,,,,,,,
y_pred[5370],,,,,,,,,,
y_pred[5371],,,,,,,,,,
y_pred[5372],,,,,,,,,,
y_pred[5373],,,,,,,,,,
y_pred[5374],,,,,,,,,,
y_pred[5375],,,,,,,,,,
y_pred[5376],,,,,,,,,,
y_pred[5377],,,,,,,,,,
y_pred[5378],,,,,,,,,,
y_pred[5379],,,,,,,,,,
y_pred[5380],,,,,,,,,,
y_pred[5381],,,,,,,,,,
y_pred[5382],,,,,,,,,,
y_pred[5383],,,,,,,,,,
y_pred[5384],,,,,,,,,,
y_pred[5385],,,,,,,,,,
y_pred[5386],,,,,,,,,,
y_pred[5387],,,,,,,,,,
y_pred[5388],,,,,,,,,,
y_pred[5389],,,,,,,,,,
y_pred[5390],,,,,,,,,,
y_pred[5391],,,,,,,,,,
y_pred[5392],,,,,,,,,,
y_pred[5393],,,,,,,,,,
y_pred[5394],,,,,,,,,,
y_pred[5395],,,,,,,,,,
y_pred[5396],,,,,,,,,,
y_pred[5397],,,,,,,,,,
y_pred[5398],,,,,,,,,,
y_pred[5399],,,,,,,,,,
y_pred[5400],,,,,,,,,,
y_pred[5401],,,,,,,,,,
y_pred[5402],,,,,,,,,,
y_pred[5403],,,,,,,,,,
y_pred[5404],,,,,,,,,,
y_pred[5405],,,,,,,,,,
y_pred[5406],,,,,,,,,,
y_pred[5407],,,,,,,,,,
y_pred[5408],,,,,,,,,,
y_pred[5409],,,,,,,,,,
y_pred[5410],,,,,,,,,,
y_pred[5411],,,,,,,,,,
y_pred[5412],,,,,,,,,,
y_pred[5413],,,,,,,,,,
y_pred[5414],,,,,,,,,,
y_pred[5415],,,,,,,,,,
y_pred[5416],,,,,,,,,,
y_pred[5417],,,,,,,,,,
y_pred[5418],,,,,,,,,,
y_pred[5419],,,,,,,,,,
y_pred[5420],,,,,,,,,,
y_pred[5421],,,,,,,,,,
y_pred[5422],,,,,,,,,,
y_pred[5423],,,,,,,,,,
y_pred[5424],,,,,,,,,,
y_pred[5425],,,,,,,,,,
y_pred[5426],,,,,,,,,,
y_pred[5427],,,,,,,,,,
y_pred[5428],,,,,,,,,,
y_pred[5429],,,,,,,,,,
y_pred[5430],,,,,,,,,,
y_pred[5431],,,,,,,,,,
y_pred[5432],,,,,,,,,,
y_pred[5433],,,,,,,,,,
y_pred[5434],,,,,,,,,,
y_pred[5435],,,,,,,,,,
y_pred[5436],,,,,,,,,,
y_pred[5437],,,,,,,,,,
y_pred[5438],,,,,,,,,,
y_pred[5439],,,,,,,,,,
y_pred[5440],,,,,,,,,,
y_pred[5441],,,,,,,,,,
y_pred[5442],,,,,,,,,,
y_pred[5443],,,,,,,,,,
y_pred[5444],,,,,,,,,,
y_pred[5445],,,,,,,,,,
y_pred[5446],,,,,,,,,,
y_pred[5447],,,,,,,,,,
y_pred[5448],,,,,,,,,,
y_pred[5449],,,,,,,,,,
y_pred[5450],,,,,,,,,,
y_pred[5451],,,,,,,,,,
y_pred[5452],,,,,,,,,,
y_pred[5453],,,,,,,,,,
y_pred[5454],,,,,,,,,,
y_pred[5455],,,,,,,,,,
y_pred[5456],,,,,,,,,,
y_pred[5457],,,,,,,,,,
y_pred[5458],,,,,,,,,,
y_pred[5459],,,,,,,,,,
y_pred[5460],,,,,,,,,,
y_pred[5461],,,,,,,,,,
y_pred[5462],,,,,,,,,,
y_pred[5463],,,,,,,,,,
y_pred[5464],,,,,,,,,,
y_pred[5465],,,,,,,,,,
y_pred[5466],,,,,,,,,,
y_pred[5467],,,,,,,,,,
y_pred[5468],,,,,,,,,,
y_pred[5469],,,,,,,,,,
y_pred[5470],,,,,,,,,,
y_pred[5471],,,,,,,,,,
y_pred[5472],,,,,,,,,,
y_pred[5473],,,,,,,,,,
y_pred[5474],,,,,,,,,,
y_pred[5475],,,,,,,,,,
y_pred[5476],,,,,,,,,,
y_pred[5477],,,,,,,,,,
y_pred[5478],,,,,,,,,,
y_pred[5479],,,,,,,,,,
y_pred[5480],,,,,,,,,,
y_pred[5481],,,,,,,,,,
y_pred[5482],,,,,,,,,,
y_pred[5483],,,,,,,,,,
y_pred[5484],,,,,,,,,,
y_pred[5485],,,,,,,,,,
y_pred[5486],,,,,,,,,,
y_pred[5487],,,,,,,,,,
y_pred[5488],,,,,,,,,,
y_pred[5489],,,,,,,,,,
y_pred[5490],,,,,,,,,,
y_pred[5491],,,,,,,,,,
y_pred[5492],,,,,,,,,,
y_pred[5493],,,,,,,,,,
y_pred[5494],,,,,,,,,,
y_pred[5495],,,,,,,,,,
y_pred[5496],,,,,,,,,,
y_pred[5497],,,,,,,,,,
y_pred[5498],,,,,,,,,,
y_pred[5499],,,,,,,,,,
y_pred[5500],,,,,,,,,,
y_pred[5501],,,,,,,,,,
y_pred[5502],,,,,,,,,,
y_pred[5503],,,,,,,,,,
y_pred[5504],,,,,,,,,,
y_pred[5505],,,,,,,,,,
y_pred[5506],,,,,,,,,,
y_pred[5507],,,,,,,,,,
y_pred[5508],,,,,,,,,,
y_pred[5509],,,,,,,,,,
y_pred[5510],,,,,,,,,,
y_pred[5511],,,,,,,,,,
y_pred[5512],,,,,,,,,,
y_pred[5513],,,,,,,,,,
y_pred[5514],,,,,,,,,,
y_pred[5515],,,,,,,,,,
y_pred[5516],,,,,,,,,,
y_pred[5517],,,,,,,,,,
y_pred[5518],,,,,,,,,,
y_pred[5519],,,,,,,,,,
y_pred[5520],,,,,,,,,,
y_pred[5521],,,,,,,,,,
y_pred[5522],,,,,,,,,,
y_pred[5523],,,,,,,,,,
y_pred[5524],,,,,,,,,,
y_pred[5525],,,,,,,,,,
y_pred[5526],,,,,,,,,,
y_pred[5527],,,,,,,,,,
y_pred[5528],,,,,,,,,,
y_pred[5529],,,,,,,,,,
y_pred[5530],,,,,,,,,,
y_pred[5531],,,,,,,,,,
y_pred[5532],,,,,,,,,,
y_pred[5533],,,,,,,,,,
y_pred[5534],,,,,,,,,,
y_pred[5535],,,,,,,,,,
y_pred[5536],,,,,,,,,,
y_pred[5537],,,,,,,,,,
y_pred[5538],,,,,,,,,,
y_pred[5539],,,,,,,,,,
y_pred[5540],,,,,,,,,,
y_pred[5541],,,,,,,,,,
y_pred[5542],,,,,,,,,,
y_pred[5543],,,,,,,,,,
y_pred[5544],,,,,,,,,,
y_pred[5545],,,,,,,,,,
y_pred[5546],,,,,,,,,,
y_pred[5547],,,,,,,,,,
y_pred[5548],,,,,,,,,,
y_pred[5549],,,,,,,,,,
y_pred[5550],,,,,,,,,,
y_pred[5551],,,,,,,,,,
y_pred[5552],,,,,,,,,,
y_pred[5553],,,,,,,,,,
y_pred[5554],,,,,,,,,,
y_pred[5555],,,,,,,,,,
y_pred[5556],,,,,,,,,,
y_pred[5557],,,,,,,,,,
y_pred[5558],,,,,,,,,,
y_pred[5559],,,,,,,,,,
y_pred[5560],,,,,,,,,,
y_pred[5561],,,,,,,,,,
y_pred[5562],,,,,,,,,,
y_pred[5563],,,,,,,,,,
y_pred[5564],,,,,,,,,,
y_pred[5565],,,,,,,,,,
y_pred[5566],,,,,,,,,,
y_pred[5567],,,,,,,,,,
y_pred[5568],,,,,,,,,,
y_pred[5569],,,,,,,,,,
y_pred[5570],,,,,,,,,,
y_pred[5571],,,,,,,,,,
y_pred[5572],,,,,,,,,,
y_pred[5573],,,,,,,,,,
y_pred[5574],,,,,,,,,,
y_pred[5575],,,,,,,,,,
y_pred[5576],,,,,,,,,,
y_pred[5577],,,,,,,,,,
y_pred[5578],,,,,,,,,,
y_pred[5579],,,,,,,,,,
y_pred[5580],,,,,,,,,,
y_pred[5581],,,,,,,,,,
y_pred[5582],,,,,,,,,,
y_pred[5583],,,,,,,,,,
y_pred[5584],,,,,,,,,,
y_pred[5585],,,,,,,,,,
y_pred[5586],,,,,,,,,,
y_pred[5587],,,,,,,,,,
y_pred[5588],,,,,,,,,,
y_pred[5589],,,,,,,,,,
y_pred[5590],,,,,,,,,,
y_pred[5591],,,,,,,,,,
y_pred[5592],,,,,,,,,,
y_pred[5593],,,,,,,,,,
y_pred[5594],,,,,,,,,,
y_pred[5595],,,,,,,,,,
y_pred[5596],,,,,,,,,,
y_pred[5597],,,,,,,,,,
y_pred[5598],,,,,,,,,,
y_pred[5599],,,,,,,,,,
y_pred[5600],,,,,,,,,,
y_pred[5601],,,,,,,,,,
y_pred[5602],,,,,,,,,,
y_pred[5603],,,,,,,,,,
y_pred[5604],,,,,,,,,,
y_pred[5605],,,,,,,,,,
y_pred[5606],,,,,,,,,,
y_pred[5607],,,,,,,,,,
y_pred[5608],,,,,,,,,,
y_pred[5609],,,,,,,,,,
y_pred[5610],,,,,,,,,,
y_pred[5611],,,,,,,,,,
y_pred[5612],,,,,,,,,,
y_pred[5613],,,,,,,,,,
y_pred[5614],,,,,,,,,,
y_pred[5615],,,,,,,,,,
y_pred[5616],,,,,,,,,,
y_pred[5617],,,,,,,,,,
y_pred[5618],,,,,,,,,,
y_pred[5619],,,,,,,,,,
y_pred[5620],,,,,,,,,,
y_pred[5621],,,,,,,,,,
y_pred[5622],,,,,,,,,,
y_pred[5623],,,,,,,,,,
y_pred[5624],,,,,,,,,,
y_pred[5625],,,,,,,,,,
y_pred[5626],,,,,,,,,,
y_pred[5627],,,,,,,,,,
y_pred[5628],,,,,,,,,,
y_pred[5629],,,,,,,,,,
y_pred[5630],,,,,,,,,,
y_pred[5631],,,,,,,,,,
y_pred[5632],,,,,,,,,,
y_pred[5633],,,,,,,,,,
y_pred[5634],,,,,,,,,,
y_pred[5635],,,,,,,,,,
y_pred[5636],,,,,,,,,,
y_pred[5637],,,,,,,,,,
y_pred[5638],,,,,,,,,,
y_pred[5639],,,,,,,,,,
y_pred[5640],,,,,,,,,,
y_pred[5641],,,,,,,,,,
y_pred[5642],,,,,,,,,,
y_pred[5643],,,,,,,,,,
y_pred[5644],,,,,,,,,,
y_pred[5645],,,,,,,,,,
y_pred[5646],,,,,,,,,,
y_pred[5647],,,,,,,,,,
y_pred[5648],,,,,,,,,,
y_pred[5649],,,,,,,,,,
y_pred[5650],,,,,,,,,,
y_pred[5651],,,,,,,,,,
y_pred[5652],,,,,,,,,,
y_pred[5653],,,,,,,,,,
y_pred[5654],,,,,,,,,,
y_pred[5655],,,,,,,,,,
y_pred[5656],,,,,,,,,,
y_pred[5657],,,,,,,,,,
y_pred[5658],,,,,,,,,,
y_pred[5659],,,,,,,,,,
y_pred[5660],,,,,,,,,,
y_pred[5661],,,,,,,,,,
y_pred[5662],,,,,,,,,,
y_pred[5663],,,,,,,,,,
y_pred[5664],,,,,,,,,,
y_pred[5665],,,,,,,,,,
y_pred[5666],,,,,,,,,,
y_pred[5667],,,,,,,,,,
y_pred[5668],,,,,,,,,,
y_pred[5669],,,,,,,,,,
y_pred[5670],,,,,,,,,,
y_pred[5671],,,,,,,,,,
y_pred[5672],,,,,,,,,,
y_pred[5673],,,,,,,,,,
y_pred[5674],,,,,,,,,,
y_pred[5675],,,,,,,,,,
y_pred[5676],,,,,,,,,,
y_pred[5677],,,,,,,,,,
y_pred[5678],,,,,,,,,,
y_pred[5679],,,,,,,,,,
y_pred[5680],,,,,,,,,,
y_pred[5681],,,,,,,,,,
y_pred[5682],,,,,,,,,,
y_pred[5683],,,,,,,,,,
y_pred[5684],,,,,,,,,,
y_pred[5685],,,,,,,,,,
y_pred[5686],,,,,,,,,,
y_pred[5687],,,,,,,,,,
y_pred[5688],,,,,,,,,,
y_pred[5689],,,,,,,,,,
y_pred[5690],,,,,,,,,,
y_pred[5691],,,,,,,,,,
y_pred[5692],,,,,,,,,,
y_pred[5693],,,,,,,,,,
y_pred[5694],,,,,,,,,,
y_pred[5695],,,,,,,,,,
y_pred[5696],,,,,,,,,,
y_pred[5697],,,,,,,,,,
y_pred[5698],,,,,,,,,,
y_pred[5699],,,,,,,,,,
y_pred[5700],,,,,,,,,,
y_pred[5701],,,,,,,,,,
y_pred[5702],,,,,,,,,,
y_pred[5703],,,,,,,,,,
y_pred[5704],,,,,,,,,,
y_pred[5705],,,,,,,,,,
y_pred[5706],,,,,,,,,,
y_pred[5707],,,,,,,,,,
y_pred[5708],,,,,,,,,,
y_pred[5709],,,,,,,,,,
y_pred[5710],,,,,,,,,,
y_pred[5711],,,,,,,,,,
y_pred[5712],,,,,,,,,,
y_pred[5713],,,,,,,,,,
y_pred[5714],,,,,,,,,,
y_pred[5715],,,,,,,,,,
y_pred[5716],,,,,,,,,,
y_pred[5717],,,,,,,,,,
y_pred[5718],,,,,,,,,,
y_pred[5719],,,,,,,,,,
y_pred[5720],,,,,,,,,,
y_pred[5721],,,,,,,,,,
y_pred[5722],,,,,,,,,,
y_pred[5723],,,,,,,,,,
y_pred[5724],,,,,,,,,,
y_pred[5725],,,,,,,,,,
y_pred[5726],,,,,,,,,,
y_pred[5727],,,,,,,,,,
y_pred[5728],,,,,,,,,,
y_pred[5729],,,,,,,,,,
y_pred[5730],,,,,,,,,,
y_pred[5731],,,,,,,,,,
y_pred[5732],,,,,,,,,,
y_pred[5733],,,,,,,,,,
y_pred[5734],,,,,,,,,,
y_pred[5735],,,,,,,,,,
y_pred[5736],,,,,,,,,,
y_pred[5737],,,,,,,,,,
y_pred[5738],,,,,,,,,,
y_pred[5739],,,,,,,,,,
y_pred[5740],,,,,,,,,,
y_pred[5741],,,,,,,,,,
y_pred[5742],,,,,,,,,,
y_pred[5743],,,,,,,,,,
y_pred[5744],,,,,,,,,,
y_pred[5745],,,,,,,,,,
y_pred[5746],,,,,,,,,,
y_pred[5747],,,,,,,,,,
y_pred[5748],,,,,,,,,,
y_pred[5749],,,,,,,,,,
y_pred[5750],,,,,,,,,,
y_pred[5751],,,,,,,,,,
y_pred[5752],,,,,,,,,,
y_pred[5753],,,,,,,,,,
y_pred[5754],,,,,,,,,,
y_pred[5755],,,,,,,,,,
y_pred[5756],,,,,,,,,,
y_pred[5757],,,,,,,,,,
y_pred[5758],,,,,,,,,,
y_pred[5759],,,,,,,,,,
y_pred[5760],,,,,,,,,,
y_pred[5761],,,,,,,,,,
y_pred[5762],,,,,,,,,,
y_pred[5763],,,,,,,,,,
y_pred[5764],,,,,,,,,,
y_pred[5765],,,,,,,,,,
y_pred[5766],,,,,,,,,,
y_pred[5767],,,,,,,,,,
y_pred[5768],,,,,,,,,,
y_pred[5769],,,,,,,,,,
y_pred[5770],,,,,,,,,,
y_pred[5771],,,,,,,,,,
y_pred[5772],,,,,,,,,,
y_pred[5773],,,,,,,,,,
y_pred[5774],,,,,,,,,,
y_pred[5775],,,,,,,,,,
y_pred[5776],,,,,,,,,,
y_pred[5777],,,,,,,,,,
y_pred[5778],,,,,,,,,,
y_pred[5779],,,,,,,,,,
y_pred[5780],,,,,,,,,,
y_pred[5781],,,,,,,,,,
y_pred[5782],,,,,,,,,,
y_pred[5783],,,,,,,,,,
y_pred[5784],,,,,,,,,,
y_pred[5785],,,,,,,,,,
y_pred[5786],,,,,,,,,,
y_pred[5787],,,,,,,,,,
y_pred[5788],,,,,,,,,,
y_pred[5789],,,,,,,,,,
y_pred[5790],,,,,,,,,,
y_pred[5791],,,,,,,,,,
y_pred[5792],,,,,,,,,,
y_pred[5793],,,,,,,,,,
y_pred[5794],,,,,,,,,,
y_pred[5795],,,,,,,,,,
y_pred[5796],,,,,,,,,,
y_pred[5797],,,,,,,,,,
y_pred[5798],,,,,,,,,,
y_pred[5799],,,,,,,,,,
y_pred[5800],,,,,,,,,,
y_pred[5801],,,,,,,,,,
y_pred[5802],,,,,,,,,,
y_pred[5803],,,,,,,,,,
y_pred[5804],,,,,,,,,,
y_pred[5805],,,,,,,,,,
y_pred[5806],,,,,,,,,,
y_pred[5807],,,,,,,,,,
y_pred[5808],,,,,,,,,,
y_pred[5809],,,,,,,,,,
y_pred[5810],,,,,,,,,,
y_pred[5811],,,,,,,,,,
y_pred[5812],,,,,,,,,,
y_pred[5813],,,,,,,,,,
y_pred[5814],,,,,,,,,,
y_pred[5815],,,,,,,,,,
y_pred[5816],,,,,,,,,,
y_pred[5817],,,,,,,,,,
y_pred[5818],,,,,,,,,,
y_pred[5819],,,,,,,,,,
y_pred[5820],,,,,,,,,,
y_pred[5821],,,,,,,,,,
y_pred[5822],,,,,,,,,,
y_pred[5823],,,,,,,,,,
y_pred[5824],,,,,,,,,,
y_pred[5825],,,,,,,,,,
y_pred[5826],,,,,,,,,,
y_pred[5827],,,,,,,,,,
y_pred[5828],,,,,,,,,,
y_pred[5829],,,,,,,,,,
y_pred[5830],,,,,,,,,,
y_pred[5831],,,,,,,,,,
y_pred[5832],,,,,,,,,,
y_pred[5833],,,,,,,,,,
y_pred[5834],,,,,,,,,,
y_pred[5835],,,,,,,,,,
y_pred[5836],,,,,,,,,,
y_pred[5837],,,,,,,,,,
y_pred[5838],,,,,,,,,,
y_pred[5839],,,,,,,,,,
y_pred[5840],,,,,,,,,,
y_pred[5841],,,,,,,,,,
y_pred[5842],,,,,,,,,,
y_pred[5843],,,,,,,,,,
y_pred[5844],,,,,,,,,,
y_pred[5845],,,,,,,,,,
y_pred[5846],,,,,,,,,,
y_pred[5847],,,,,,,,,,
y_pred[5848],,,,,,,,,,
y_pred[5849],,,,,,,,,,
y_pred[5850],,,,,,,,,,
y_pred[5851],,,,,,,,,,
y_pred[5852],,,,,,,,,,
y_pred[5853],,,,,,,,,,
y_pred[5854],,,,,,,,,,
y_pred[5855],,,,,,,,,,
y_pred[5856],,,,,,,,,,
y_pred[5857],,,,,,,,,,
y_pred[5858],,,,,,,,,,
y_pred[5859],,,,,,,,,,
y_pred[5860],,,,,,,,,,
y_pred[5861],,,,,,,,,,
y_pred[5862],,,,,,,,,,
y_pred[5863],,,,,,,,,,
y_pred[5864],,,,,,,,,,
y_pred[5865],,,,,,,,,,
y_pred[5866],,,,,,,,,,
y_pred[5867],,,,,,,,,,
y_pred[5868],,,,,,,,,,
y_pred[5869],,,,,,,,,,
y_pred[5870],,,,,,,,,,
y_pred[5871],,,,,,,,,,
y_pred[5872],,,,,,,,,,
y_pred[5873],,,,,,,,,,
y_pred[5874],,,,,,,,,,
y_pred[5875],,,,,,,,,,
y_pred[5876],,,,,,,,,,
y_pred[5877],,,,,,,,,,
y_pred[5878],,,,,,,,,,
y_pred[5879],,,,,,,,,,
y_pred[5880],,,,,,,,,,
y_pred[5881],,,,,,,,,,
y_pred[5882],,,,,,,,,,
y_pred[5883],,,,,,,,,,
y_pred[5884],,,,,,,,,,
y_pred[5885],,,,,,,,,,
y_pred[5886],,,,,,,,,,
y_pred[5887],,,,,,,,,,
y_pred[5888],,,,,,,,,,
y_pred[5889],,,,,,,,,,
y_pred[5890],,,,,,,,,,
y_pred[5891],,,,,,,,,,
y_pred[5892],,,,,,,,,,
y_pred[5893],,,,,,,,,,
y_pred[5894],,,,,,,,,,
y_pred[5895],,,,,,,,,,
y_pred[5896],,,,,,,,,,
y_pred[5897],,,,,,,,,,
y_pred[5898],,,,,,,,,,
y_pred[5899],,,,,,,,,,
y_pred[5900],,,,,,,,,,
y_pred[5901],,,,,,,,,,
y_pred[5902],,,,,,,,,,
y_pred[5903],,,,,,,,,,
y_pred[5904],,,,,,,,,,
y_pred[5905],,,,,,,,,,
y_pred[5906],,,,,,,,,,
y_pred[5907],,,,,,,,,,
y_pred[5908],,,,,,,,,,
y_pred[5909],,,,,,,,,,
y_pred[5910],,,,,,,,,,
y_pred[5911],,,,,,,,,,
y_pred[5912],,,,,,,,,,
y_pred[5913],,,,,,,,,,
y_pred[5914],,,,,,,,,,
y_pred[5915],,,,,,,,,,
y_pred[5916],,,,,,,,,,
y_pred[5917],,,,,,,,,,
y_pred[5918],,,,,,,,,,
y_pred[5919],,,,,,,,,,
y_pred[5920],,,,,,,,,,
y_pred[5921],,,,,,,,,,
y_pred[5922],,,,,,,,,,
y_pred[5923],,,,,,,,,,
y_pred[5924],,,,,,,,,,
y_pred[5925],,,,,,,,,,
y_pred[5926],,,,,,,,,,
y_pred[5927],,,,,,,,,,
y_pred[5928],,,,,,,,,,
y_pred[5929],,,,,,,,,,
y_pred[5930],,,,,,,,,,
y_pred[5931],,,,,,,,,,
y_pred[5932],,,,,,,,,,
y_pred[5933],,,,,,,,,,
y_pred[5934],,,,,,,,,,
y_pred[5935],,,,,,,,,,
y_pred[5936],,,,,,,,,,
y_pred[5937],,,,,,,,,,
y_pred[5938],,,,,,,,,,
y_pred[5939],,,,,,,,,,
y_pred[5940],,,,,,,,,,
y_pred[5941],,,,,,,,,,
y_pred[5942],,,,,,,,,,
y_pred[5943],,,,,,,,,,
y_pred[5944],,,,,,,,,,
y_pred[5945],,,,,,,,,,
y_pred[5946],,,,,,,,,,
y_pred[5947],,,,,,,,,,
y_pred[5948],,,,,,,,,,
y_pred[5949],,,,,,,,,,
y_pred[5950],,,,,,,,,,
y_pred[5951],,,,,,,,,,
y_pred[5952],,,,,,,,,,
y_pred[5953],,,,,,,,,,
y_pred[5954],,,,,,,,,,
y_pred[5955],,,,,,,,,,
y_pred[5956],,,,,,,,,,
y_pred[5957],,,,,,,,,,
y_pred[5958],,,,,,,,,,
y_pred[5959],,,,,,,,,,
y_pred[5960],,,,,,,,,,
y_pred[5961],,,,,,,,,,
y_pred[5962],,,,,,,,,,
y_pred[5963],,,,,,,,,,
y_pred[5964],,,,,,,,,,
y_pred[5965],,,,,,,,,,
y_pred[5966],,,,,,,,,,
y_pred[5967],,,,,,,,,,
y_pred[5968],,,,,,,,,,
y_pred[5969],,,,,,,,,,
y_pred[5970],,,,,,,,,,
y_pred[5971],,,,,,,,,,
y_pred[5972],,,,,,,,,,
y_pred[5973],,,,,,,,,,
y_pred[5974],,,,,,,,,,
y_pred[5975],,,,,,,,,,
y_pred[5976],,,,,,,,,,
y_pred[5977],,,,,,,,,,
y_pred[5978],,,,,,,,,,
y_pred[5979],,,,,,,,,,
y_pred[5980],,,,,,,,,,
y_pred[5981],,,,,,,,,,
y_pred[5982],,,,,,,,,,
y_pred[5983],,,,,,,,,,
y_pred[5984],,,,,,,,,,
y_pred[5985],,,,,,,,,,
y_pred[5986],,,,,,,,,,
y_pred[5987],,,,,,,,,,
y_pred[5988],,,,,,,,,,
y_pred[5989],,,,,,,,,,
y_pred[5990],,,,,,,,,,
y_pred[5991],,,,,,,,,,
y_pred[5992],,,,,,,,,,
y_pred[5993],,,,,,,,,,
y_pred[5994],,,,,,,,,,
y_pred[5995],,,,,,,,,,
y_pred[5996],,,,,,,,,,
y_pred[5997],,,,,,,,,,
y_pred[5998],,,,,,,,,,
y_pred[5999],,,,,,,,,,
y_pred[6000],,,,,,,,,,
y_pred[6001],,,,,,,,,,
y_pred[6002],,,,,,,,,,
y_pred[6003],,,,,,,,,,
y_pred[6004],,,,,,,,,,
y_pred[6005],,,,,,,,,,
y_pred[6006],,,,,,,,,,
y_pred[6007],,,,,,,,,,
y_pred[6008],,,,,,,,,,
y_pred[6009],,,,,,,,,,
y_pred[6010],,,,,,,,,,
y_pred[6011],,,,,,,,,,
y_pred[6012],,,,,,,,,,
y_pred[6013],,,,,,,,,,
y_pred[6014],,,,,,,,,,
y_pred[6015],,,,,,,,,,
y_pred[6016],,,,,,,,,,
y_pred[6017],,,,,,,,,,
y_pred[6018],,,,,,,,,,
y_pred[6019],,,,,,,,,,
y_pred[6020],,,,,,,,,,
y_pred[6021],,,,,,,,,,
y_pred[6022],,,,,,,,,,
y_pred[6023],,,,,,,,,,
y_pred[6024],,,,,,,,,,
y_pred[6025],,,,,,,,,,
y_pred[6026],,,,,,,,,,
y_pred[6027],,,,,,,,,,
y_pred[6028],,,,,,,,,,
y_pred[6029],,,,,,,,,,
y_pred[6030],,,,,,,,,,
y_pred[6031],,,,,,,,,,
y_pred[6032],,,,,,,,,,
y_pred[6033],,,,,,,,,,
y_pred[6034],,,,,,,,,,
y_pred[6035],,,,,,,,,,
y_pred[6036],,,,,,,,,,
y_pred[6037],,,,,,,,,,
y_pred[6038],,,,,,,,,,
y_pred[6039],,,,,,,,,,
y_pred[6040],,,,,,,,,,
y_pred[6041],,,,,,,,,,
y_pred[6042],,,,,,,,,,
y_pred[6043],,,,,,,,,,
y_pred[6044],,,,,,,,,,
y_pred[6045],,,,,,,,,,
y_pred[6046],,,,,,,,,,
y_pred[6047],,,,,,,,,,
y_pred[6048],,,,,,,,,,
y_pred[6049],,,,,,,,,,
y_pred[6050],,,,,,,,,,
y_pred[6051],,,,,,,,,,
y_pred[6052],,,,,,,,,,
y_pred[6053],,,,,,,,,,
y_pred[6054],,,,,,,,,,
y_pred[6055],,,,,,,,,,
y_pred[6056],,,,,,,,,,
y_pred[6057],,,,,,,,,,
y_pred[6058],,,,,,,,,,
y_pred[6059],,,,,,,,,,
y_pred[6060],,,,,,,,,,
y_pred[6061],,,,,,,,,,
y_pred[6062],,,,,,,,,,
y_pred[6063],,,,,,,,,,
y_pred[6064],,,,,,,,,,
y_pred[6065],,,,,,,,,,
y_pred[6066],,,,,,,,,,
y_pred[6067],,,,,,,,,,
y_pred[6068],,,,,,,,,,
y_pred[6069],,,,,,,,,,
y_pred[6070],,,,,,,,,,
y_pred[6071],,,,,,,,,,
y_pred[6072],,,,,,,,,,
y_pred[6073],,,,,,,,,,
y_pred[6074],,,,,,,,,,
y_pred[6075],,,,,,,,,,
y_pred[6076],,,,,,,,,,
y_pred[6077],,,,,,,,,,
y_pred[6078],,,,,,,,,,
y_pred[6079],,,,,,,,,,
y_pred[6080],,,,,,,,,,
y_pred[6081],,,,,,,,,,
y_pred[6082],,,,,,,,,,
y_pred[6083],,,,,,,,,,
y_pred[6084],,,,,,,,,,
y_pred[6085],,,,,,,,,,
y_pred[6086],,,,,,,,,,
y_pred[6087],,,,,,,,,,
y_pred[6088],,,,,,,,,,
y_pred[6089],,,,,,,,,,
y_pred[6090],,,,,,,,,,
y_pred[6091],,,,,,,,,,
y_pred[6092],,,,,,,,,,
y_pred[6093],,,,,,,,,,
y_pred[6094],,,,,,,,,,
y_pred[6095],,,,,,,,,,
y_pred[6096],,,,,,,,,,
y_pred[6097],,,,,,,,,,
y_pred[6098],,,,,,,,,,
y_pred[6099],,,,,,,,,,
y_pred[6100],,,,,,,,,,
y_pred[6101],,,,,,,,,,
y_pred[6102],,,,,,,,,,
y_pred[6103],,,,,,,,,,
y_pred[6104],,,,,,,,,,
y_pred[6105],,,,,,,,,,
y_pred[6106],,,,,,,,,,
y_pred[6107],,,,,,,,,,
y_pred[6108],,,,,,,,,,
y_pred[6109],,,,,,,,,,
y_pred[6110],,,,,,,,,,
y_pred[6111],,,,,,,,,,
y_pred[6112],,,,,,,,,,
y_pred[6113],,,,,,,,,,
y_pred[6114],,,,,,,,,,
y_pred[6115],,,,,,,,,,
y_pred[6116],,,,,,,,,,
y_pred[6117],,,,,,,,,,
y_pred[6118],,,,,,,,,,
y_pred[6119],,,,,,,,,,
y_pred[6120],,,,,,,,,,
y_pred[6121],,,,,,,,,,
y_pred[6122],,,,,,,,,,
y_pred[6123],,,,,,,,,,
y_pred[6124],,,,,,,,,,
y_pred[6125],,,,,,,,,,
y_pred[6126],,,,,,,,,,
y_pred[6127],,,,,,,,,,
y_pred[6128],,,,,,,,,,
y_pred[6129],,,,,,,,,,
y_pred[6130],,,,,,,,,,
y_pred[6131],,,,,,,,,,
y_pred[6132],,,,,,,,,,
y_pred[6133],,,,,,,,,,
y_pred[6134],,,,,,,,,,
y_pred[6135],,,,,,,,,,
y_pred[6136],,,,,,,,,,
y_pred[6137],,,,,,,,,,
y_pred[6138],,,,,,,,,,
y_pred[6139],,,,,,,,,,
y_pred[6140],,,,,,,,,,
y_pred[6141],,,,,,,,,,
y_pred[6142],,,,,,,,,,
y_pred[6143],,,,,,,,,,
y_pred[6144],,,,,,,,,,
y_pred[6145],,,,,,,,,,
y_pred[6146],,,,,,,,,,
y_pred[6147],,,,,,,,,,
y_pred[6148],,,,,,,,,,
y_pred[6149],,,,,,,,,,
y_pred[6150],,,,,,,,,,
y_pred[6151],,,,,,,,,,
y_pred[6152],,,,,,,,,,
y_pred[6153],,,,,,,,,,
y_pred[6154],,,,,,,,,,
y_pred[6155],,,,,,,,,,
y_pred[6156],,,,,,,,,,
y_pred[6157],,,,,,,,,,
y_pred[6158],,,,,,,,,,
y_pred[6159],,,,,,,,,,
y_pred[6160],,,,,,,,,,
y_pred[6161],,,,,,,,,,
y_pred[6162],,,,,,,,,,
y_pred[6163],,,,,,,,,,
y_pred[6164],,,,,,,,,,
y_pred[6165],,,,,,,,,,
y_pred[6166],,,,,,,,,,
y_pred[6167],,,,,,,,,,
y_pred[6168],,,,,,,,,,
y_pred[6169],,,,,,,,,,
y_pred[6170],,,,,,,,,,
y_pred[6171],,,,,,,,,,
y_pred[6172],,,,,,,,,,
y_pred[6173],,,,,,,,,,
y_pred[6174],,,,,,,,,,
y_pred[6175],,,,,,,,,,
y_pred[6176],,,,,,,,,,
y_pred[6177],,,,,,,,,,
y_pred[6178],,,,,,,,,,
y_pred[6179],,,,,,,,,,
y_pred[6180],,,,,,,,,,
y_pred[6181],,,,,,,,,,
y_pred[6182],,,,,,,,,,
y_pred[6183],,,,,,,,,,
y_pred[6184],,,,,,,,,,
y_pred[6185],,,,,,,,,,
y_pred[6186],,,,,,,,,,
y_pred[6187],,,,,,,,,,
y_pred[6188],,,,,,,,,,
y_pred[6189],,,,,,,,,,
y_pred[6190],,,,,,,,,,
y_pred[6191],,,,,,,,,,
y_pred[6192],,,,,,,,,,
y_pred[6193],,,,,,,,,,
y_pred[6194],,,,,,,,,,
y_pred[6195],,,,,,,,,,
y_pred[6196],,,,,,,,,,
y_pred[6197],,,,,,,,,,
y_pred[6198],,,,,,,,,,
y_pred[6199],,,,,,,,,,
y_pred[6200],,,,,,,,,,
y_pred[6201],,,,,,,,,,
y_pred[6202],,,,,,,,,,
y_pred[6203],,,,,,,,,,
y_pred[6204],,,,,,,,,,
y_pred[6205],,,,,,,,,,
y_pred[6206],,,,,,,,,,
y_pred[6207],,,,,,,,,,
y_pred[6208],,,,,,,,,,
y_pred[6209],,,,,,,,,,
y_pred[6210],,,,,,,,,,
y_pred[6211],,,,,,,,,,
y_pred[6212],,,,,,,,,,
y_pred[6213],,,,,,,,,,
y_pred[6214],,,,,,,,,,
y_pred[6215],,,,,,,,,,
y_pred[6216],,,,,,,,,,
y_pred[6217],,,,,,,,,,
y_pred[6218],,,,,,,,,,
y_pred[6219],,,,,,,,,,
y_pred[6220],,,,,,,,,,
y_pred[6221],,,,,,,,,,
y_pred[6222],,,,,,,,,,
y_pred[6223],,,,,,,,,,
y_pred[6224],,,,,,,,,,
y_pred[6225],,,,,,,,,,
y_pred[6226],,,,,,,,,,
y_pred[6227],,,,,,,,,,
y_pred[6228],,,,,,,,,,
y_pred[6229],,,,,,,,,,
y_pred[6230],,,,,,,,,,
y_pred[6231],,,,,,,,,,
y_pred[6232],,,,,,,,,,
y_pred[6233],,,,,,,,,,
y_pred[6234],,,,,,,,,,
y_pred[6235],,,,,,,,,,
y_pred[6236],,,,,,,,,,
y_pred[6237],,,,,,,,,,
y_pred[6238],,,,,,,,,,
y_pred[6239],,,,,,,,,,
y_pred[6240],,,,,,,,,,
y_pred[6241],,,,,,,,,,
y_pred[6242],,,,,,,,,,
y_pred[6243],,,,,,,,,,
y_pred[6244],,,,,,,,,,
y_pred[6245],,,,,,,,,,
y_pred[6246],,,,,,,,,,
y_pred[6247],,,,,,,,,,
y_pred[6248],,,,,,,,,,
y_pred[6249],,,,,,,,,,
y_pred[6250],,,,,,,,,,
y_pred[6251],,,,,,,,,,
y_pred[6252],,,,,,,,,,
y_pred[6253],,,,,,,,,,
y_pred[6254],,,,,,,,,,
y_pred[6255],,,,,,,,,,
y_pred[6256],,,,,,,,,,
y_pred[6257],,,,,,,,,,
y_pred[6258],,,,,,,,,,
y_pred[6259],,,,,,,,,,
y_pred[6260],,,,,,,,,,
y_pred[6261],,,,,,,,,,
y_pred[6262],,,,,,,,,,
y_pred[6263],,,,,,,,,,
y_pred[6264],,,,,,,,,,
y_pred[6265],,,,,,,,,,
y_pred[6266],,,,,,,,,,
y_pred[6267],,,,,,,,,,
y_pred[6268],,,,,,,,,,
y_pred[6269],,,,,,,,,,
y_pred[6270],,,,,,,,,,
y_pred[6271],,,,,,,,,,
y_pred[6272],,,,,,,,,,
y_pred[6273],,,,,,,,,,
y_pred[6274],,,,,,,,,,
y_pred[6275],,,,,,,,,,
y_pred[6276],,,,,,,,,,
y_pred[6277],,,,,,,,,,
y_pred[6278],,,,,,,,,,
y_pred[6279],,,,,,,,,,
y_pred[6280],,,,,,,,,,
y_pred[6281],,,,,,,,,,
y_pred[6282],,,,,,,,,,
y_pred[6283],,,,,,,,,,
y_pred[6284],,,,,,,,,,
y_pred[6285],,,,,,,,,,
y_pred[6286],,,,,,,,,,
y_pred[6287],,,,,,,,,,
y_pred[6288],,,,,,,,,,
y_pred[6289],,,,,,,,,,
y_pred[6290],,,,,,,,,,
y_pred[6291],,,,,,,,,,
y_pred[6292],,,,,,,,,,
y_pred[6293],,,,,,,,,,
y_pred[6294],,,,,,,,,,
y_pred[6295],,,,,,,,,,
y_pred[6296],,,,,,,,,,
y_pred[6297],,,,,,,,,,
y_pred[6298],,,,,,,,,,
y_pred[6299],,,,,,,,,,
y_pred[6300],,,,,,,,,,
y_pred[6301],,,,,,,,,,
y_pred[6302],,,,,,,,,,
y_pred[6303],,,,,,,,,,
y_pred[6304],,,,,,,,,,
y_pred[6305],,,,,,,,,,
y_pred[6306],,,,,,,,,,
y_pred[6307],,,,,,,,,,
y_pred[6308],,,,,,,,,,
y_pred[6309],,,,,,,,,,
y_pred[6310],,,,,,,,,,
y_pred[6311],,,,,,,,,,
y_pred[6312],,,,,,,,,,
y_pred[6313],,,,,,,,,,
y_pred[6314],,,,,,,,,,
y_pred[6315],,,,,,,,,,
y_pred[6316],,,,,,,,,,
y_pred[6317],,,,,,,,,,
y_pred[6318],,,,,,,,,,
y_pred[6319],,,,,,,,,,
y_pred[6320],,,,,,,,,,
y_pred[6321],,,,,,,,,,
y_pred[6322],,,,,,,,,,
y_pred[6323],,,,,,,,,,
y_pred[6324],,,,,,,,,,
y_pred[6325],,,,,,,,,,
y_pred[6326],,,,,,,,,,
y_pred[6327],,,,,,,,,,
y_pred[6328],,,,,,,,,,
y_pred[6329],,,,,,,,,,
y_pred[6330],,,,,,,,,,
y_pred[6331],,,,,,,,,,
y_pred[6332],,,,,,,,,,
y_pred[6333],,,,,,,,,,
y_pred[6334],,,,,,,,,,
y_pred[6335],,,,,,,,,,
y_pred[6336],,,,,,,,,,
y_pred[6337],,,,,,,,,,
y_pred[6338],,,,,,,,,,
y_pred[6339],,,,,,,,,,
y_pred[6340],,,,,,,,,,
y_pred[6341],,,,,,,,,,
y_pred[6342],,,,,,,,,,
y_pred[6343],,,,,,,,,,
y_pred[6344],,,,,,,,,,
y_pred[6345],,,,,,,,,,
y_pred[6346],,,,,,,,,,
y_pred[6347],,,,,,,,,,
y_pred[6348],,,,,,,,,,
y_pred[6349],,,,,,,,,,
y_pred[6350],,,,,,,,,,
y_pred[6351],,,,,,,,,,
y_pred[6352],,,,,,,,,,
y_pred[6353],,,,,,,,,,
y_pred[6354],,,,,,,,,,
y_pred[6355],,,,,,,,,,
y_pred[6356],,,,,,,,,,
y_pred[6357],,,,,,,,,,
y_pred[6358],,,,,,,,,,
y_pred[6359],,,,,,,,,,
y_pred[6360],,,,,,,,,,
y_pred[6361],,,,,,,,,,
y_pred[6362],,,,,,,,,,
y_pred[6363],,,,,,,,,,
y_pred[6364],,,,,,,,,,
y_pred[6365],,,,,,,,,,
y_pred[6366],,,,,,,,,,
y_pred[6367],,,,,,,,,,
y_pred[6368],,,,,,,,,,
y_pred[6369],,,,,,,,,,
y_pred[6370],,,,,,,,,,
y_pred[6371],,,,,,,,,,
y_pred[6372],,,,,,,,,,
y_pred[6373],,,,,,,,,,
y_pred[6374],,,,,,,,,,
y_pred[6375],,,,,,,,,,
y_pred[6376],,,,,,,,,,
y_pred[6377],,,,,,,,,,
y_pred[6378],,,,,,,,,,
y_pred[6379],,,,,,,,,,
y_pred[6380],,,,,,,,,,
y_pred[6381],,,,,,,,,,
y_pred[6382],,,,,,,,,,
y_pred[6383],,,,,,,,,,
y_pred[6384],,,,,,,,,,
y_pred[6385],,,,,,,,,,
y_pred[6386],,,,,,,,,,
y_pred[6387],,,,,,,,,,
y_pred[6388],,,,,,,,,,
y_pred[6389],,,,,,,,,,
y_pred[6390],,,,,,,,,,
y_pred[6391],,,,,,,,,,
y_pred[6392],,,,,,,,,,
y_pred[6393],,,,,,,,,,
y_pred[6394],,,,,,,,,,
y_pred[6395],,,,,,,,,,
y_pred[6396],,,,,,,,,,
y_pred[6397],,,,,,,,,,
y_pred[6398],,,,,,,,,,
y_pred[6399],,,,,,,,,,
y_pred[6400],,,,,,,,,,
y_pred[6401],,,,,,,,,,
y_pred[6402],,,,,,,,,,
y_pred[6403],,,,,,,,,,
y_pred[6404],,,,,,,,,,
y_pred[6405],,,,,,,,,,
y_pred[6406],,,,,,,,,,
y_pred[6407],,,,,,,,,,
y_pred[6408],,,,,,,,,,
y_pred[6409],,,,,,,,,,
y_pred[6410],,,,,,,,,,
y_pred[6411],,,,,,,,,,
y_pred[6412],,,,,,,,,,
y_pred[6413],,,,,,,,,,
y_pred[6414],,,,,,,,,,
y_pred[6415],,,,,,,,,,
y_pred[6416],,,,,,,,,,
y_pred[6417],,,,,,,,,,
y_pred[6418],,,,,,,,,,
y_pred[6419],,,,,,,,,,
y_pred[6420],,,,,,,,,,
y_pred[6421],,,,,,,,,,
y_pred[6422],,,,,,,,,,
y_pred[6423],,,,,,,,,,
y_pred[6424],,,,,,,,,,
y_pred[6425],,,,,,,,,,
y_pred[6426],,,,,,,,,,
y_pred[6427],,,,,,,,,,
y_pred[6428],,,,,,,,,,
y_pred[6429],,,,,,,,,,
y_pred[6430],,,,,,,,,,
y_pred[6431],,,,,,,,,,
y_pred[6432],,,,,,,,,,
y_pred[6433],,,,,,,,,,
y_pred[6434],,,,,,,,,,
y_pred[6435],,,,,,,,,,
y_pred[6436],,,,,,,,,,
y_pred[6437],,,,,,,,,,
y_pred[6438],,,,,,,,,,
y_pred[6439],,,,,,,,,,
y_pred[6440],,,,,,,,,,
y_pred[6441],,,,,,,,,,
y_pred[6442],,,,,,,,,,
y_pred[6443],,,,,,,,,,
y_pred[6444],,,,,,,,,,
y_pred[6445],,,,,,,,,,
y_pred[6446],,,,,,,,,,
y_pred[6447],,,,,,,,,,
y_pred[6448],,,,,,,,,,
y_pred[6449],,,,,,,,,,
y_pred[6450],,,,,,,,,,
y_pred[6451],,,,,,,,,,
y_pred[6452],,,,,,,,,,
y_pred[6453],,,,,,,,,,
y_pred[6454],,,,,,,,,,
y_pred[6455],,,,,,,,,,
y_pred[6456],,,,,,,,,,
y_pred[6457],,,,,,,,,,
y_pred[6458],,,,,,,,,,
y_pred[6459],,,,,,,,,,
y_pred[6460],,,,,,,,,,
y_pred[6461],,,,,,,,,,
y_pred[6462],,,,,,,,,,
y_pred[6463],,,,,,,,,,
y_pred[6464],,,,,,,,,,
y_pred[6465],,,,,,,,,,
y_pred[6466],,,,,,,,,,
y_pred[6467],,,,,,,,,,
y_pred[6468],,,,,,,,,,
y_pred[6469],,,,,,,,,,
y_pred[6470],,,,,,,,,,
y_pred[6471],,,,,,,,,,
y_pred[6472],,,,,,,,,,
y_pred[6473],,,,,,,,,,
y_pred[6474],,,,,,,,,,
y_pred[6475],,,,,,,,,,
y_pred[6476],,,,,,,,,,
y_pred[6477],,,,,,,,,,
y_pred[6478],,,,,,,,,,
y_pred[6479],,,,,,,,,,
y_pred[6480],,,,,,,,,,
y_pred[6481],,,,,,,,,,
y_pred[6482],,,,,,,,,,
y_pred[6483],,,,,,,,,,
y_pred[6484],,,,,,,,,,
y_pred[6485],,,,,,,,,,
y_pred[6486],,,,,,,,,,
y_pred[6487],,,,,,,,,,
y_pred[6488],,,,,,,,,,
y_pred[6489],,,,,,,,,,
y_pred[6490],,,,,,,,,,
y_pred[6491],,,,,,,,,,
y_pred[6492],,,,,,,,,,
y_pred[6493],,,,,,,,,,
y_pred[6494],,,,,,,,,,
y_pred[6495],,,,,,,,,,
y_pred[6496],,,,,,,,,,
y_pred[6497],,,,,,,,,,
y_pred[6498],,,,,,,,,,
y_pred[6499],,,,,,,,,,
y_pred[6500],,,,,,,,,,
y_pred[6501],,,,,,,,,,
y_pred[6502],,,,,,,,,,
y_pred[6503],,,,,,,,,,
y_pred[6504],,,,,,,,,,
y_pred[6505],,,,,,,,,,
y_pred[6506],,,,,,,,,,
y_pred[6507],,,,,,,,,,
y_pred[6508],,,,,,,,,,
y_pred[6509],,,,,,,,,,
y_pred[6510],,,,,,,,,,
y_pred[6511],,,,,,,,,,
y_pred[6512],,,,,,,,,,
y_pred[6513],,,,,,,,,,
y_pred[6514],,,,,,,,,,
y_pred[6515],,,,,,,,,,
y_pred[6516],,,,,,,,,,
y_pred[6517],,,,,,,,,,
y_pred[6518],,,,,,,,,,
y_pred[6519],,,,,,,,,,
y_pred[6520],,,,,,,,,,
y_pred[6521],,,,,,,,,,
y_pred[6522],,,,,,,,,,
y_pred[6523],,,,,,,,,,
y_pred[6524],,,,,,,,,,
y_pred[6525],,,,,,,,,,
y_pred[6526],,,,,,,,,,
y_pred[6527],,,,,,,,,,
y_pred[6528],,,,,,,,,,
y_pred[6529],,,,,,,,,,
y_pred[6530],,,,,,,,,,
y_pred[6531],,,,,,,,,,
y_pred[6532],,,,,,,,,,
y_pred[6533],,,,,,,,,,
y_pred[6534],,,,,,,,,,
y_pred[6535],,,,,,,,,,
y_pred[6536],,,,,,,,,,
y_pred[6537],,,,,,,,,,
y_pred[6538],,,,,,,,,,
y_pred[6539],,,,,,,,,,
y_pred[6540],,,,,,,,,,
y_pred[6541],,,,,,,,,,
y_pred[6542],,,,,,,,,,
y_pred[6543],,,,,,,,,,
y_pred[6544],,,,,,,,,,
y_pred[6545],,,,,,,,,,
y_pred[6546],,,,,,,,,,
y_pred[6547],,,,,,,,,,
y_pred[6548],,,,,,,,,,
y_pred[6549],,,,,,,,,,
y_pred[6550],,,,,,,,,,
y_pred[6551],,,,,,,,,,
y_pred[6552],,,,,,,,,,
y_pred[6553],,,,,,,,,,
y_pred[6554],,,,,,,,,,
y_pred[6555],,,,,,,,,,
y_pred[6556],,,,,,,,,,
y_pred[6557],,,,,,,,,,
y_pred[6558],,,,,,,,,,
y_pred[6559],,,,,,,,,,
y_pred[6560],,,,,,,,,,
y_pred[6561],,,,,,,,,,
y_pred[6562],,,,,,,,,,
y_pred[6563],,,,,,,,,,
y_pred[6564],,,,,,,,,,
y_pred[6565],,,,,,,,,,
y_pred[6566],,,,,,,,,,
y_pred[6567],,,,,,,,,,
y_pred[6568],,,,,,,,,,
y_pred[6569],,,,,,,,,,
y_pred[6570],,,,,,,,,,
y_pred[6571],,,,,,,,,,
y_pred[6572],,,,,,,,,,
y_pred[6573],,,,,,,,,,
y_pred[6574],,,,,,,,,,
y_pred[6575],,,,,,,,,,
y_pred[6576],,,,,,,,,,
y_pred[6577],,,,,,,,,,
y_pred[6578],,,,,,,,,,
y_pred[6579],,,,,,,,,,
y_pred[6580],,,,,,,,,,
y_pred[6581],,,,,,,,,,
y_pred[6582],,,,,,,,,,
y_pred[6583],,,,,,,,,,
y_pred[6584],,,,,,,,,,
y_pred[6585],,,,,,,,,,
y_pred[6586],,,,,,,,,,
y_pred[6587],,,,,,,,,,
y_pred[6588],,,,,,,,,,
y_pred[6589],,,,,,,,,,
y_pred[6590],,,,,,,,,,
y_pred[6591],,,,,,,,,,
y_pred[6592],,,,,,,,,,
y_pred[6593],,,,,,,,,,
y_pred[6594],,,,,,,,,,
y_pred[6595],,,,,,,,,,
y_pred[6596],,,,,,,,,,
y_pred[6597],,,,,,,,,,
y_pred[6598],,,,,,,,,,
y_pred[6599],,,,,,,,,,
y_pred[6600],,,,,,,,,,
y_pred[6601],,,,,,,,,,
y_pred[6602],,,,,,,,,,
y_pred[6603],,,,,,,,,,
y_pred[6604],,,,,,,,,,
y_pred[6605],,,,,,,,,,
y_pred[6606],,,,,,,,,,
y_pred[6607],,,,,,,,,,
y_pred[6608],,,,,,,,,,
y_pred[6609],,,,,,,,,,
y_pred[6610],,,,,,,,,,
y_pred[6611],,,,,,,,,,
y_pred[6612],,,,,,,,,,
y_pred[6613],,,,,,,,,,
y_pred[6614],,,,,,,,,,
y_pred[6615],,,,,,,,,,
y_pred[6616],,,,,,,,,,
y_pred[6617],,,,,,,,,,
y_pred[6618],,,,,,,,,,
y_pred[6619],,,,,,,,,,
y_pred[6620],,,,,,,,,,
y_pred[6621],,,,,,,,,,
y_pred[6622],,,,,,,,,,
y_pred[6623],,,,,,,,,,
y_pred[6624],,,,,,,,,,
y_pred[6625],,,,,,,,,,
y_pred[6626],,,,,,,,,,
y_pred[6627],,,,,,,,,,
y_pred[6628],,,,,,,,,,
y_pred[6629],,,,,,,,,,
y_pred[6630],,,,,,,,,,
y_pred[6631],,,,,,,,,,
y_pred[6632],,,,,,,,,,
y_pred[6633],,,,,,,,,,
y_pred[6634],,,,,,,,,,
y_pred[6635],,,,,,,,,,
y_pred[6636],,,,,,,,,,
y_pred[6637],,,,,,,,,,
y_pred[6638],,,,,,,,,,
y_pred[6639],,,,,,,,,,
y_pred[6640],,,,,,,,,,
y_pred[6641],,,,,,,,,,
y_pred[6642],,,,,,,,,,
y_pred[6643],,,,,,,,,,
y_pred[6644],,,,,,,,,,
y_pred[6645],,,,,,,,,,
y_pred[6646],,,,,,,,,,
y_pred[6647],,,,,,,,,,
y_pred[6648],,,,,,,,,,
y_pred[6649],,,,,,,,,,
y_pred[6650],,,,,,,,,,
y_pred[6651],,,,,,,,,,
y_pred[6652],,,,,,,,,,
y_pred[6653],,,,,,,,,,
y_pred[6654],,,,,,,,,,
y_pred[6655],,,,,,,,,,
y_pred[6656],,,,,,,,,,
y_pred[6657],,,,,,,,,,
y_pred[6658],,,,,,,,,,
y_pred[6659],,,,,,,,,,
y_pred[6660],,,,,,,,,,
y_pred[6661],,,,,,,,,,
y_pred[6662],,,,,,,,,,
y_pred[6663],,,,,,,,,,
y_pred[6664],,,,,,,,,,
y_pred[6665],,,,,,,,,,
y_pred[6666],,,,,,,,,,
y_pred[6667],,,,,,,,,,
y_pred[6668],,,,,,,,,,
y_pred[6669],,,,,,,,,,
y_pred[6670],,,,,,,,,,
y_pred[6671],,,,,,,,,,
y_pred[6672],,,,,,,,,,
y_pred[6673],,,,,,,,,,
y_pred[6674],,,,,,,,,,
y_pred[6675],,,,,,,,,,
y_pred[6676],,,,,,,,,,
y_pred[6677],,,,,,,,,,
y_pred[6678],,,,,,,,,,
y_pred[6679],,,,,,,,,,
y_pred[6680],,,,,,,,,,
y_pred[6681],,,,,,,,,,
y_pred[6682],,,,,,,,,,
y_pred[6683],,,,,,,,,,
y_pred[6684],,,,,,,,,,
y_pred[6685],,,,,,,,,,
y_pred[6686],,,,,,,,,,
y_pred[6687],,,,,,,,,,
y_pred[6688],,,,,,,,,,
y_pred[6689],,,,,,,,,,
y_pred[6690],,,,,,,,,,
y_pred[6691],,,,,,,,,,
y_pred[6692],,,,,,,,,,
y_pred[6693],,,,,,,,,,
y_pred[6694],,,,,,,,,,
y_pred[6695],,,,,,,,,,
y_pred[6696],,,,,,,,,,
y_pred[6697],,,,,,,,,,
y_pred[6698],,,,,,,,,,
y_pred[6699],,,,,,,,,,
y_pred[6700],,,,,,,,,,
y_pred[6701],,,,,,,,,,
y_pred[6702],,,,,,,,,,
y_pred[6703],,,,,,,,,,
y_pred[6704],,,,,,,,,,
y_pred[6705],,,,,,,,,,
y_pred[6706],,,,,,,,,,
y_pred[6707],,,,,,,,,,
y_pred[6708],,,,,,,,,,
y_pred[6709],,,,,,,,,,
y_pred[6710],,,,,,,,,,
y_pred[6711],,,,,,,,,,
y_pred[6712],,,,,,,,,,
y_pred[6713],,,,,,,,,,
y_pred[6714],,,,,,,,,,
y_pred[6715],,,,,,,,,,
y_pred[6716],,,,,,,,,,
y_pred[6717],,,,,,,,,,
y_pred[6718],,,,,,,,,,
y_pred[6719],,,,,,,,,,
y_pred[6720],,,,,,,,,,
y_pred[6721],,,,,,,,,,
y_pred[6722],,,,,,,,,,
y_pred[6723],,,,,,,,,,
y_pred[6724],,,,,,,,,,
y_pred[6725],,,,,,,,,,
y_pred[6726],,,,,,,,,,
y_pred[6727],,,,,,,,,,
y_pred[6728],,,,,,,,,,
y_pred[6729],,,,,,,,,,
y_pred[6730],,,,,,,,,,
y_pred[6731],,,,,,,,,,
y_pred[6732],,,,,,,,,,
y_pred[6733],,,,,,,,,,
y_pred[6734],,,,,,,,,,
y_pred[6735],,,,,,,,,,
y_pred[6736],,,,,,,,,,
y_pred[6737],,,,,,,,,,
y_pred[6738],,,,,,,,,,
y_pred[6739],,,,,,,,,,
y_pred[6740],,,,,,,,,,
y_pred[6741],,,,,,,,,,
y_pred[6742],,,,,,,,,,
y_pred[6743],,,,,,,,,,
y_pred[6744],,,,,,,,,,
y_pred[6745],,,,,,,,,,
y_pred[6746],,,,,,,,,,
y_pred[6747],,,,,,,,,,
y_pred[6748],,,,,,,,,,
y_pred[6749],,,,,,,,,,
y_pred[6750],,,,,,,,,,
y_pred[6751],,,,,,,,,,
y_pred[6752],,,,,,,,,,
y_pred[6753],,,,,,,,,,
y_pred[6754],,,,,,,,,,
y_pred[6755],,,,,,,,,,
y_pred[6756],,,,,,,,,,
y_pred[6757],,,,,,,,,,
y_pred[6758],,,,,,,,,,
y_pred[6759],,,,,,,,,,
y_pred[6760],,,,,,,,,,
y_pred[6761],,,,,,,,,,
y_pred[6762],,,,,,,,,,
y_pred[6763],,,,,,,,,,
y_pred[6764],,,,,,,,,,
y_pred[6765],,,,,,,,,,
y_pred[6766],,,,,,,,,,
y_pred[6767],,,,,,,,,,
y_pred[6768],,,,,,,,,,
y_pred[6769],,,,,,,,,,
y_pred[6770],,,,,,,,,,
y_pred[6771],,,,,,,,,,
y_pred[6772],,,,,,,,,,
y_pred[6773],,,,,,,,,,
y_pred[6774],,,,,,,,,,
y_pred[6775],,,,,,,,,,
y_pred[6776],,,,,,,,,,
y_pred[6777],,,,,,,,,,
y_pred[6778],,,,,,,,,,
y_pred[6779],,,,,,,,,,
y_pred[6780],,,,,,,,,,
y_pred[6781],,,,,,,,,,
y_pred[6782],,,,,,,,,,
y_pred[6783],,,,,,,,,,
y_pred[6784],,,,,,,,,,
y_pred[6785],,,,,,,,,,
y_pred[6786],,,,,,,,,,
y_pred[6787],,,,,,,,,,
y_pred[6788],,,,,,,,,,
y_pred[6789],,,,,,,,,,
y_pred[6790],,,,,,,,,,
y_pred[6791],,,,,,,,,,
y_pred[6792],,,,,,,,,,
y_pred[6793],,,,,,,,,,
y_pred[6794],,,,,,,,,,
y_pred[6795],,,,,,,,,,
y_pred[6796],,,,,,,,,,
y_pred[6797],,,,,,,,,,
y_pred[6798],,,,,,,,,,
y_pred[6799],,,,,,,,,,
y_pred[6800],,,,,,,,,,
y_pred[6801],,,,,,,,,,
y_pred[6802],,,,,,,,,,
y_pred[6803],,,,,,,,,,
y_pred[6804],,,,,,,,,,
y_pred[6805],,,,,,,,,,
y_pred[6806],,,,,,,,,,
y_pred[6807],,,,,,,,,,
y_pred[6808],,,,,,,,,,
y_pred[6809],,,,,,,,,,
y_pred[6810],,,,,,,,,,
y_pred[6811],,,,,,,,,,
y_pred[6812],,,,,,,,,,
y_pred[6813],,,,,,,,,,
y_pred[6814],,,,,,,,,,
y_pred[6815],,,,,,,,,,
y_pred[6816],,,,,,,,,,
y_pred[6817],,,,,,,,,,
y_pred[6818],,,,,,,,,,
y_pred[6819],,,,,,,,,,
y_pred[6820],,,,,,,,,,
y_pred[6821],,,,,,,,,,
y_pred[6822],,,,,,,,,,
y_pred[6823],,,,,,,,,,
y_pred[6824],,,,,,,,,,
y_pred[6825],,,,,,,,,,
y_pred[6826],,,,,,,,,,
y_pred[6827],,,,,,,,,,
y_pred[6828],,,,,,,,,,
y_pred[6829],,,,,,,,,,
y_pred[6830],,,,,,,,,,
y_pred[6831],,,,,,,,,,
y_pred[6832],,,,,,,,,,
y_pred[6833],,,,,,,,,,
y_pred[6834],,,,,,,,,,
y_pred[6835],,,,,,,,,,
y_pred[6836],,,,,,,,,,
y_pred[6837],,,,,,,,,,
y_pred[6838],,,,,,,,,,
y_pred[6839],,,,,,,,,,
y_pred[6840],,,,,,,,,,
y_pred[6841],,,,,,,,,,
y_pred[6842],,,,,,,,,,
y_pred[6843],,,,,,,,,,
y_pred[6844],,,,,,,,,,
y_pred[6845],,,,,,,,,,
y_pred[6846],,,,,,,,,,
y_pred[6847],,,,,,,,,,
y_pred[6848],,,,,,,,,,
y_pred[6849],,,,,,,,,,
y_pred[6850],,,,,,,,,,
y_pred[6851],,,,,,,,,,
y_pred[6852],,,,,,,,,,
y_pred[6853],,,,,,,,,,
y_pred[6854],,,,,,,,,,
y_pred[6855],,,,,,,,,,
y_pred[6856],,,,,,,,,,
y_pred[6857],,,,,,,,,,
y_pred[6858],,,,,,,,,,
y_pred[6859],,,,,,,,,,
y_pred[6860],,,,,,,,,,
y_pred[6861],,,,,,,,,,
y_pred[6862],,,,,,,,,,
y_pred[6863],,,,,,,,,,
y_pred[6864],,,,,,,,,,
y_pred[6865],,,,,,,,,,
y_pred[6866],,,,,,,,,,
y_pred[6867],,,,,,,,,,
y_pred[6868],,,,,,,,,,
y_pred[6869],,,,,,,,,,
y_pred[6870],,,,,,,,,,
y_pred[6871],,,,,,,,,,
y_pred[6872],,,,,,,,,,
y_pred[6873],,,,,,,,,,
y_pred[6874],,,,,,,,,,
y_pred[6875],,,,,,,,,,
y_pred[6876],,,,,,,,,,
y_pred[6877],,,,,,,,,,
y_pred[6878],,,,,,,,,,
y_pred[6879],,,,,,,,,,
y_pred[6880],,,,,,,,,,
y_pred[6881],,,,,,,,,,
y_pred[6882],,,,,,,,,,
y_pred[6883],,,,,,,,,,
y_pred[6884],,,,,,,,,,
y_pred[6885],,,,,,,,,,
y_pred[6886],,,,,,,,,,
y_pred[6887],,,,,,,,,,
y_pred[6888],,,,,,,,,,
y_pred[6889],,,,,,,,,,
y_pred[6890],,,,,,,,,,
y_pred[6891],,,,,,,,,,
y_pred[6892],,,,,,,,,,
y_pred[6893],,,,,,,,,,
y_pred[6894],,,,,,,,,,
y_pred[6895],,,,,,,,,,
y_pred[6896],,,,,,,,,,
y_pred[6897],,,,,,,,,,
y_pred[6898],,,,,,,,,,
y_pred[6899],,,,,,,,,,
y_pred[6900],,,,,,,,,,
y_pred[6901],,,,,,,,,,
y_pred[6902],,,,,,,,,,
y_pred[6903],,,,,,,,,,
y_pred[6904],,,,,,,,,,
y_pred[6905],,,,,,,,,,
y_pred[6906],,,,,,,,,,
y_pred[6907],,,,,,,,,,
y_pred[6908],,,,,,,,,,
y_pred[6909],,,,,,,,,,
y_pred[6910],,,,,,,,,,
y_pred[6911],,,,,,,,,,
y_pred[6912],,,,,,,,,,
y_pred[6913],,,,,,,,,,
y_pred[6914],,,,,,,,,,
y_pred[6915],,,,,,,,,,
y_pred[6916],,,,,,,,,,
y_pred[6917],,,,,,,,,,
y_pred[6918],,,,,,,,,,
y_pred[6919],,,,,,,,,,
y_pred[6920],,,,,,,,,,
y_pred[6921],,,,,,,,,,
y_pred[6922],,,,,,,,,,
y_pred[6923],,,,,,,,,,
y_pred[6924],,,,,,,,,,
y_pred[6925],,,,,,,,,,
y_pred[6926],,,,,,,,,,
y_pred[6927],,,,,,,,,,
y_pred[6928],,,,,,,,,,
y_pred[6929],,,,,,,,,,
y_pred[6930],,,,,,,,,,
y_pred[6931],,,,,,,,,,
y_pred[6932],,,,,,,,,,
y_pred[6933],,,,,,,,,,
y_pred[6934],,,,,,,,,,
y_pred[6935],,,,,,,,,,
y_pred[6936],,,,,,,,,,
y_pred[6937],,,,,,,,,,
y_pred[6938],,,,,,,,,,
y_pred[6939],,,,,,,,,,
y_pred[6940],,,,,,,,,,
y_pred[6941],,,,,,,,,,
y_pred[6942],,,,,,,,,,
y_pred[6943],,,,,,,,,,
y_pred[6944],,,,,,,,,,
y_pred[6945],,,,,,,,,,
y_pred[6946],,,,,,,,,,
y_pred[6947],,,,,,,,,,
y_pred[6948],,,,,,,,,,
y_pred[6949],,,,,,,,,,
y_pred[6950],,,,,,,,,,
y_pred[6951],,,,,,,,,,
y_pred[6952],,,,,,,,,,
y_pred[6953],,,,,,,,,,
y_pred[6954],,,,,,,,,,
y_pred[6955],,,,,,,,,,
y_pred[6956],,,,,,,,,,
y_pred[6957],,,,,,,,,,
y_pred[6958],,,,,,,,,,
y_pred[6959],,,,,,,,,,
y_pred[6960],,,,,,,,,,
y_pred[6961],,,,,,,,,,
y_pred[6962],,,,,,,,,,
y_pred[6963],,,,,,,,,,
y_pred[6964],,,,,,,,,,
y_pred[6965],,,,,,,,,,
y_pred[6966],,,,,,,,,,
y_pred[6967],,,,,,,,,,
y_pred[6968],,,,,,,,,,
y_pred[6969],,,,,,,,,,
y_pred[6970],,,,,,,,,,
y_pred[6971],,,,,,,,,,
y_pred[6972],,,,,,,,,,
y_pred[6973],,,,,,,,,,
y_pred[6974],,,,,,,,,,
y_pred[6975],,,,,,,,,,
y_pred[6976],,,,,,,,,,
y_pred[6977],,,,,,,,,,
y_pred[6978],,,,,,,,,,
y_pred[6979],,,,,,,,,,
y_pred[6980],,,,,,,,,,
y_pred[6981],,,,,,,,,,
y_pred[6982],,,,,,,,,,
y_pred[6983],,,,,,,,,,
y_pred[6984],,,,,,,,,,
y_pred[6985],,,,,,,,,,
y_pred[6986],,,,,,,,,,
y_pred[6987],,,,,,,,,,
y_pred[6988],,,,,,,,,,
y_pred[6989],,,,,,,,,,
y_pred[6990],,,,,,,,,,
y_pred[6991],,,,,,,,,,
y_pred[6992],,,,,,,,,,
y_pred[6993],,,,,,,,,,
y_pred[6994],,,,,,,,,,
y_pred[6995],,,,,,,,,,
y_pred[6996],,,,,,,,,,
y_pred[6997],,,,,,,,,,
y_pred[6998],,,,,,,,,,
y_pred[6999],,,,,,,,,,
y_pred[7000],,,,,,,,,,
y_pred[7001],,,,,,,,,,
y_pred[7002],,,,,,,,,,
y_pred[7003],,,,,,,,,,
y_pred[7004],,,,,,,,,,
y_pred[7005],,,,,,,,,,
y_pred[7006],,,,,,,,,,
y_pred[7007],,,,,,,,,,
y_pred[7008],,,,,,,,,,
y_pred[7009],,,,,,,,,,
y_pred[7010],,,,,,,,,,
y_pred[7011],,,,,,,,,,
y_pred[7012],,,,,,,,,,
y_pred[7013],,,,,,,,,,
y_pred[7014],,,,,,,,,,
y_pred[7015],,,,,,,,,,
y_pred[7016],,,,,,,,,,
y_pred[7017],,,,,,,,,,
y_pred[7018],,,,,,,,,,
y_pred[7019],,,,,,,,,,
y_pred[7020],,,,,,,,,,
y_pred[7021],,,,,,,,,,
y_pred[7022],,,,,,,,,,
y_pred[7023],,,,,,,,,,
y_pred[7024],,,,,,,,,,
y_pred[7025],,,,,,,,,,
y_pred[7026],,,,,,,,,,
y_pred[7027],,,,,,,,,,
y_pred[7028],,,,,,,,,,
y_pred[7029],,,,,,,,,,
y_pred[7030],,,,,,,,,,
y_pred[7031],,,,,,,,,,
y_pred[7032],,,,,,,,,,
y_pred[7033],,,,,,,,,,
y_pred[7034],,,,,,,,,,
y_pred[7035],,,,,,,,,,
y_pred[7036],,,,,,,,,,
y_pred[7037],,,,,,,,,,
y_pred[7038],,,,,,,,,,
y_pred[7039],,,,,,,,,,
y_pred[7040],,,,,,,,,,
y_pred[7041],,,,,,,,,,
y_pred[7042],,,,,,,,,,
y_pred[7043],,,,,,,,,,
y_pred[7044],,,,,,,,,,
y_pred[7045],,,,,,,,,,
y_pred[7046],,,,,,,,,,
y_pred[7047],,,,,,,,,,
y_pred[7048],,,,,,,,,,
y_pred[7049],,,,,,,,,,
y_pred[7050],,,,,,,,,,
y_pred[7051],,,,,,,,,,
y_pred[7052],,,,,,,,,,
y_pred[7053],,,,,,,,,,
y_pred[7054],,,,,,,,,,
y_pred[7055],,,,,,,,,,
y_pred[7056],,,,,,,,,,
y_pred[7057],,,,,,,,,,
y_pred[7058],,,,,,,,,,
y_pred[7059],,,,,,,,,,
y_pred[7060],,,,,,,,,,
y_pred[7061],,,,,,,,,,
y_pred[7062],,,,,,,,,,
y_pred[7063],,,,,,,,,,
y_pred[7064],,,,,,,,,,
y_pred[7065],,,,,,,,,,
y_pred[7066],,,,,,,,,,
y_pred[7067],,,,,,,,,,
y_pred[7068],,,,,,,,,,
y_pred[7069],,,,,,,,,,
y_pred[7070],,,,,,,,,,
y_pred[7071],,,,,,,,,,
y_pred[7072],,,,,,,,,,
y_pred[7073],,,,,,,,,,
y_pred[7074],,,,,,,,,,
y_pred[7075],,,,,,,,,,
y_pred[7076],,,,,,,,,,
y_pred[7077],,,,,,,,,,
y_pred[7078],,,,,,,,,,
y_pred[7079],,,,,,,,,,
y_pred[7080],,,,,,,,,,
y_pred[7081],,,,,,,,,,
y_pred[7082],,,,,,,,,,
y_pred[7083],,,,,,,,,,
y_pred[7084],,,,,,,,,,
y_pred[7085],,,,,,,,,,
y_pred[7086],,,,,,,,,,
y_pred[7087],,,,,,,,,,
y_pred[7088],,,,,,,,,,
y_pred[7089],,,,,,,,,,
y_pred[7090],,,,,,,,,,
y_pred[7091],,,,,,,,,,
y_pred[7092],,,,,,,,,,
y_pred[7093],,,,,,,,,,
y_pred[7094],,,,,,,,,,
y_pred[7095],,,,,,,,,,
y_pred[7096],,,,,,,,,,
y_pred[7097],,,,,,,,,,
y_pred[7098],,,,,,,,,,
y_pred[7099],,,,,,,,,,
y_pred[7100],,,,,,,,,,
y_pred[7101],,,,,,,,,,
y_pred[7102],,,,,,,,,,
y_pred[7103],,,,,,,,,,
y_pred[7104],,,,,,,,,,
y_pred[7105],,,,,,,,,,
y_pred[7106],,,,,,,,,,
y_pred[7107],,,,,,,,,,
y_pred[7108],,,,,,,,,,
y_pred[7109],,,,,,,,,,
y_pred[7110],,,,,,,,,,
y_pred[7111],,,,,,,,,,
y_pred[7112],,,,,,,,,,
y_pred[7113],,,,,,,,,,
y_pred[7114],,,,,,,,,,
y_pred[7115],,,,,,,,,,
y_pred[7116],,,,,,,,,,
y_pred[7117],,,,,,,,,,
y_pred[7118],,,,,,,,,,
y_pred[7119],,,,,,,,,,
y_pred[7120],,,,,,,,,,
y_pred[7121],,,,,,,,,,
y_pred[7122],,,,,,,,,,
y_pred[7123],,,,,,,,,,
y_pred[7124],,,,,,,,,,
y_pred[7125],,,,,,,,,,
y_pred[7126],,,,,,,,,,
y_pred[7127],,,,,,,,,,
y_pred[7128],,,,,,,,,,
y_pred[7129],,,,,,,,,,
y_pred[7130],,,,,,,,,,
y_pred[7131],,,,,,,,,,
y_pred[7132],,,,,,,,,,
y_pred[7133],,,,,,,,,,
y_pred[7134],,,,,,,,,,
y_pred[7135],,,,,,,,,,
y_pred[7136],,,,,,,,,,
y_pred[7137],,,,,,,,,,
y_pred[7138],,,,,,,,,,
y_pred[7139],,,,,,,,,,
y_pred[7140],,,,,,,,,,
y_pred[7141],,,,,,,,,,
y_pred[7142],,,,,,,,,,
y_pred[7143],,,,,,,,,,
y_pred[7144],,,,,,,,,,
y_pred[7145],,,,,,,,,,
y_pred[7146],,,,,,,,,,
y_pred[7147],,,,,,,,,,
y_pred[7148],,,,,,,,,,
y_pred[7149],,,,,,,,,,
y_pred[7150],,,,,,,,,,
y_pred[7151],,,,,,,,,,
y_pred[7152],,,,,,,,,,
y_pred[7153],,,,,,,,,,
y_pred[7154],,,,,,,,,,
y_pred[7155],,,,,,,,,,
y_pred[7156],,,,,,,,,,
y_pred[7157],,,,,,,,,,
y_pred[7158],,,,,,,,,,
y_pred[7159],,,,,,,,,,
y_pred[7160],,,,,,,,,,
y_pred[7161],,,,,,,,,,
y_pred[7162],,,,,,,,,,
y_pred[7163],,,,,,,,,,
y_pred[7164],,,,,,,,,,
y_pred[7165],,,,,,,,,,
y_pred[7166],,,,,,,,,,
y_pred[7167],,,,,,,,,,
y_pred[7168],,,,,,,,,,
y_pred[7169],,,,,,,,,,
y_pred[7170],,,,,,,,,,
y_pred[7171],,,,,,,,,,
y_pred[7172],,,,,,,,,,
y_pred[7173],,,,,,,,,,
y_pred[7174],,,,,,,,,,
y_pred[7175],,,,,,,,,,
y_pred[7176],,,,,,,,,,
y_pred[7177],,,,,,,,,,
y_pred[7178],,,,,,,,,,
y_pred[7179],,,,,,,,,,
y_pred[7180],,,,,,,,,,
y_pred[7181],,,,,,,,,,
y_pred[7182],,,,,,,,,,
y_pred[7183],,,,,,,,,,
y_pred[7184],,,,,,,,,,
y_pred[7185],,,,,,,,,,
y_pred[7186],,,,,,,,,,
y_pred[7187],,,,,,,,,,
y_pred[7188],,,,,,,,,,
y_pred[7189],,,,,,,,,,
y_pred[7190],,,,,,,,,,
y_pred[7191],,,,,,,,,,
y_pred[7192],,,,,,,,,,
y_pred[7193],,,,,,,,,,
y_pred[7194],,,,,,,,,,
y_pred[7195],,,,,,,,,,
y_pred[7196],,,,,,,,,,
y_pred[7197],,,,,,,,,,
y_pred[7198],,,,,,,,,,
y_pred[7199],,,,,,,,,,
y_pred[7200],,,,,,,,,,
y_pred[7201],,,,,,,,,,
y_pred[7202],,,,,,,,,,
y_pred[7203],,,,,,,,,,
y_pred[7204],,,,,,,,,,
y_pred[7205],,,,,,,,,,
y_pred[7206],,,,,,,,,,
y_pred[7207],,,,,,,,,,
y_pred[7208],,,,,,,,,,
y_pred[7209],,,,,,,,,,
y_pred[7210],,,,,,,,,,
y_pred[7211],,,,,,,,,,
y_pred[7212],,,,,,,,,,
y_pred[7213],,,,,,,,,,
y_pred[7214],,,,,,,,,,
y_pred[7215],,,,,,,,,,
y_pred[7216],,,,,,,,,,
y_pred[7217],,,,,,,,,,
y_pred[7218],,,,,,,,,,
y_pred[7219],,,,,,,,,,
y_pred[7220],,,,,,,,,,
y_pred[7221],,,,,,,,,,
y_pred[7222],,,,,,,,,,
y_pred[7223],,,,,,,,,,
y_pred[7224],,,,,,,,,,
y_pred[7225],,,,,,,,,,
y_pred[7226],,,,,,,,,,
y_pred[7227],,,,,,,,,,
y_pred[7228],,,,,,,,,,
y_pred[7229],,,,,,,,,,
y_pred[7230],,,,,,,,,,
y_pred[7231],,,,,,,,,,
y_pred[7232],,,,,,,,,,
y_pred[7233],,,,,,,,,,
y_pred[7234],,,,,,,,,,
y_pred[7235],,,,,,,,,,
y_pred[7236],,,,,,,,,,
y_pred[7237],,,,,,,,,,
y_pred[7238],,,,,,,,,,
y_pred[7239],,,,,,,,,,
y_pred[7240],,,,,,,,,,
y_pred[7241],,,,,,,,,,
y_pred[7242],,,,,,,,,,
y_pred[7243],,,,,,,,,,
y_pred[7244],,,,,,,,,,
y_pred[7245],,,,,,,,,,
y_pred[7246],,,,,,,,,,
y_pred[7247],,,,,,,,,,
y_pred[7248],,,,,,,,,,
y_pred[7249],,,,,,,,,,
y_pred[7250],,,,,,,,,,
y_pred[7251],,,,,,,,,,
y_pred[7252],,,,,,,,,,
y_pred[7253],,,,,,,,,,
y_pred[7254],,,,,,,,,,
y_pred[7255],,,,,,,,,,
y_pred[7256],,,,,,,,,,
y_pred[7257],,,,,,,,,,
y_pred[7258],,,,,,,,,,
y_pred[7259],,,,,,,,,,
y_pred[7260],,,,,,,,,,
y_pred[7261],,,,,,,,,,
y_pred[7262],,,,,,,,,,
y_pred[7263],,,,,,,,,,
y_pred[7264],,,,,,,,,,
y_pred[7265],,,,,,,,,,
y_pred[7266],,,,,,,,,,
y_pred[7267],,,,,,,,,,
y_pred[7268],,,,,,,,,,
y_pred[7269],,,,,,,,,,
y_pred[7270],,,,,,,,,,
y_pred[7271],,,,,,,,,,
y_pred[7272],,,,,,,,,,
y_pred[7273],,,,,,,,,,
y_pred[7274],,,,,,,,,,
y_pred[7275],,,,,,,,,,
y_pred[7276],,,,,,,,,,
y_pred[7277],,,,,,,,,,
y_pred[7278],,,,,,,,,,
y_pred[7279],,,,,,,,,,
y_pred[7280],,,,,,,,,,
y_pred[7281],,,,,,,,,,
y_pred[7282],,,,,,,,,,
y_pred[7283],,,,,,,,,,
y_pred[7284],,,,,,,,,,
y_pred[7285],,,,,,,,,,
y_pred[7286],,,,,,,,,,
y_pred[7287],,,,,,,,,,
y_pred[7288],,,,,,,,,,
y_pred[7289],,,,,,,,,,
y_pred[7290],,,,,,,,,,
y_pred[7291],,,,,,,,,,
y_pred[7292],,,,,,,,,,
y_pred[7293],,,,,,,,,,
y_pred[7294],,,,,,,,,,
y_pred[7295],,,,,,,,,,
y_pred[7296],,,,,,,,,,
y_pred[7297],,,,,,,,,,
y_pred[7298],,,,,,,,,,
y_pred[7299],,,,,,,,,,
y_pred[7300],,,,,,,,,,
y_pred[7301],,,,,,,,,,
y_pred[7302],,,,,,,,,,
y_pred[7303],,,,,,,,,,
y_pred[7304],,,,,,,,,,
y_pred[7305],,,,,,,,,,
y_pred[7306],,,,,,,,,,
y_pred[7307],,,,,,,,,,
y_pred[7308],,,,,,,,,,
y_pred[7309],,,,,,,,,,
y_pred[7310],,,,,,,,,,
y_pred[7311],,,,,,,,,,
y_pred[7312],,,,,,,,,,
y_pred[7313],,,,,,,,,,
y_pred[7314],,,,,,,,,,
y_pred[7315],,,,,,,,,,
y_pred[7316],,,,,,,,,,
y_pred[7317],,,,,,,,,,
y_pred[7318],,,,,,,,,,
y_pred[7319],,,,,,,,,,
y_pred[7320],,,,,,,,,,
y_pred[7321],,,,,,,,,,
y_pred[7322],,,,,,,,,,
y_pred[7323],,,,,,,,,,
y_pred[7324],,,,,,,,,,
y_pred[7325],,,,,,,,,,
y_pred[7326],,,,,,,,,,
y_pred[7327],,,,,,,,,,
y_pred[7328],,,,,,,,,,
y_pred[7329],,,,,,,,,,
y_pred[7330],,,,,,,,,,
y_pred[7331],,,,,,,,,,
y_pred[7332],,,,,,,,,,
y_pred[7333],,,,,,,,,,
y_pred[7334],,,,,,,,,,
y_pred[7335],,,,,,,,,,
y_pred[7336],,,,,,,,,,
y_pred[7337],,,,,,,,,,
y_pred[7338],,,,,,,,,,
y_pred[7339],,,,,,,,,,
y_pred[7340],,,,,,,,,,
y_pred[7341],,,,,,,,,,
y_pred[7342],,,,,,,,,,
y_pred[7343],,,,,,,,,,
y_pred[7344],,,,,,,,,,
y_pred[7345],,,,,,,,,,
y_pred[7346],,,,,,,,,,
y_pred[7347],,,,,,,,,,
y_pred[7348],,,,,,,,,,
y_pred[7349],,,,,,,,,,
y_pred[7350],,,,,,,,,,
y_pred[7351],,,,,,,,,,
y_pred[7352],,,,,,,,,,
y_pred[7353],,,,,,,,,,
y_pred[7354],,,,,,,,,,
y_pred[7355],,,,,,,,,,
y_pred[7356],,,,,,,,,,
y_pred[7357],,,,,,,,,,
y_pred[7358],,,,,,,,,,
y_pred[7359],,,,,,,,,,
y_pred[7360],,,,,,,,,,
y_pred[7361],,,,,,,,,,
y_pred[7362],,,,,,,,,,
y_pred[7363],,,,,,,,,,
y_pred[7364],,,,,,,,,,
y_pred[7365],,,,,,,,,,
y_pred[7366],,,,,,,,,,
y_pred[7367],,,,,,,,,,
y_pred[7368],,,,,,,,,,
y_pred[7369],,,,,,,,,,
y_pred[7370],,,,,,,,,,
y_pred[7371],,,,,,,,,,
y_pred[7372],,,,,,,,,,
y_pred[7373],,,,,,,,,,
y_pred[7374],,,,,,,,,,
y_pred[7375],,,,,,,,,,
y_pred[7376],,,,,,,,,,
y_pred[7377],,,,,,,,,,
y_pred[7378],,,,,,,,,,
y_pred[7379],,,,,,,,,,
y_pred[7380],,,,,,,,,,
y_pred[7381],,,,,,,,,,
y_pred[7382],,,,,,,,,,
y_pred[7383],,,,,,,,,,
y_pred[7384],,,,,,,,,,
y_pred[7385],,,,,,,,,,
y_pred[7386],,,,,,,,,,
y_pred[7387],,,,,,,,,,
y_pred[7388],,,,,,,,,,
y_pred[7389],,,,,,,,,,
y_pred[7390],,,,,,,,,,
y_pred[7391],,,,,,,,,,
y_pred[7392],,,,,,,,,,
y_pred[7393],,,,,,,,,,
y_pred[7394],,,,,,,,,,
y_pred[7395],,,,,,,,,,
y_pred[7396],,,,,,,,,,
y_pred[7397],,,,,,,,,,
y_pred[7398],,,,,,,,,,
y_pred[7399],,,,,,,,,,
y_pred[7400],,,,,,,,,,
y_pred[7401],,,,,,,,,,
y_pred[7402],,,,,,,,,,
y_pred[7403],,,,,,,,,,
y_pred[7404],,,,,,,,,,
y_pred[7405],,,,,,,,,,
y_pred[7406],,,,,,,,,,
y_pred[7407],,,,,,,,,,
y_pred[7408],,,,,,,,,,
y_pred[7409],,,,,,,,,,
y_pred[7410],,,,,,,,,,
y_pred[7411],,,,,,,,,,
y_pred[7412],,,,,,,,,,
y_pred[7413],,,,,,,,,,
y_pred[7414],,,,,,,,,,
y_pred[7415],,,,,,,,,,
y_pred[7416],,,,,,,,,,
y_pred[7417],,,,,,,,,,
y_pred[7418],,,,,,,,,,
y_pred[7419],,,,,,,,,,
y_pred[7420],,,,,,,,,,
y_pred[7421],,,,,,,,,,
y_pred[7422],,,,,,,,,,
y_pred[7423],,,,,,,,,,
y_pred[7424],,,,,,,,,,
y_pred[7425],,,,,,,,,,
y_pred[7426],,,,,,,,,,
y_pred[7427],,,,,,,,,,
y_pred[7428],,,,,,,,,,
y_pred[7429],,,,,,,,,,
y_pred[7430],,,,,,,,,,
y_pred[7431],,,,,,,,,,
y_pred[7432],,,,,,,,,,
y_pred[7433],,,,,,,,,,
y_pred[7434],,,,,,,,,,
y_pred[7435],,,,,,,,,,
y_pred[7436],,,,,,,,,,
y_pred[7437],,,,,,,,,,
y_pred[7438],,,,,,,,,,
y_pred[7439],,,,,,,,,,
y_pred[7440],,,,,,,,,,
y_pred[7441],,,,,,,,,,
y_pred[7442],,,,,,,,,,
y_pred[7443],,,,,,,,,,
y_pred[7444],,,,,,,,,,
y_pred[7445],,,,,,,,,,
y_pred[7446],,,,,,,,,,
y_pred[7447],,,,,,,,,,
y_pred[7448],,,,,,,,,,
y_pred[7449],,,,,,,,,,
y_pred[7450],,,,,,,,,,
y_pred[7451],,,,,,,,,,
y_pred[7452],,,,,,,,,,
y_pred[7453],,,,,,,,,,
y_pred[7454],,,,,,,,,,
y_pred[7455],,,,,,,,,,
y_pred[7456],,,,,,,,,,
y_pred[7457],,,,,,,,,,
y_pred[7458],,,,,,,,,,
y_pred[7459],,,,,,,,,,
y_pred[7460],,,,,,,,,,
y_pred[7461],,,,,,,,,,
y_pred[7462],,,,,,,,,,
y_pred[7463],,,,,,,,,,
y_pred[7464],,,,,,,,,,
y_pred[7465],,,,,,,,,,
y_pred[7466],,,,,,,,,,
y_pred[7467],,,,,,,,,,
y_pred[7468],,,,,,,,,,
y_pred[7469],,,,,,,,,,
y_pred[7470],,,,,,,,,,
y_pred[7471],,,,,,,,,,
y_pred[7472],,,,,,,,,,
y_pred[7473],,,,,,,,,,
y_pred[7474],,,,,,,,,,
y_pred[7475],,,,,,,,,,
y_pred[7476],,,,,,,,,,
y_pred[7477],,,,,,,,,,
y_pred[7478],,,,,,,,,,
y_pred[7479],,,,,,,,,,
y_pred[7480],,,,,,,,,,
y_pred[7481],,,,,,,,,,
y_pred[7482],,,,,,,,,,
y_pred[7483],,,,,,,,,,
y_pred[7484],,,,,,,,,,
y_pred[7485],,,,,,,,,,
y_pred[7486],,,,,,,,,,
y_pred[7487],,,,,,,,,,
y_pred[7488],,,,,,,,,,
y_pred[7489],,,,,,,,,,
y_pred[7490],,,,,,,,,,
y_pred[7491],,,,,,,,,,
y_pred[7492],,,,,,,,,,
y_pred[7493],,,,,,,,,,
y_pred[7494],,,,,,,,,,
y_pred[7495],,,,,,,,,,
y_pred[7496],,,,,,,,,,
y_pred[7497],,,,,,,,,,
y_pred[7498],,,,,,,,,,
y_pred[7499],,,,,,,,,,
y_pred[7500],,,,,,,,,,
y_pred[7501],,,,,,,,,,
y_pred[7502],,,,,,,,,,
y_pred[7503],,,,,,,,,,
y_pred[7504],,,,,,,,,,
y_pred[7505],,,,,,,,,,
y_pred[7506],,,,,,,,,,
y_pred[7507],,,,,,,,,,
y_pred[7508],,,,,,,,,,
y_pred[7509],,,,,,,,,,
y_pred[7510],,,,,,,,,,
y_pred[7511],,,,,,,,,,
y_pred[7512],,,,,,,,,,
y_pred[7513],,,,,,,,,,
y_pred[7514],,,,,,,,,,
y_pred[7515],,,,,,,,,,
y_pred[7516],,,,,,,,,,
y_pred[7517],,,,,,,,,,
y_pred[7518],,,,,,,,,,
y_pred[7519],,,,,,,,,,
y_pred[7520],,,,,,,,,,
y_pred[7521],,,,,,,,,,
y_pred[7522],,,,,,,,,,
y_pred[7523],,,,,,,,,,
y_pred[7524],,,,,,,,,,
y_pred[7525],,,,,,,,,,
y_pred[7526],,,,,,,,,,
y_pred[7527],,,,,,,,,,
y_pred[7528],,,,,,,,,,
y_pred[7529],,,,,,,,,,
y_pred[7530],,,,,,,,,,
y_pred[7531],,,,,,,,,,
y_pred[7532],,,,,,,,,,
y_pred[7533],,,,,,,,,,
y_pred[7534],,,,,,,,,,
y_pred[7535],,,,,,,,,,
y_pred[7536],,,,,,,,,,
y_pred[7537],,,,,,,,,,
y_pred[7538],,,,,,,,,,
y_pred[7539],,,,,,,,,,
y_pred[7540],,,,,,,,,,
y_pred[7541],,,,,,,,,,
y_pred[7542],,,,,,,,,,
y_pred[7543],,,,,,,,,,
y_pred[7544],,,,,,,,,,
y_pred[7545],,,,,,,,,,
y_pred[7546],,,,,,,,,,
y_pred[7547],,,,,,,,,,
y_pred[7548],,,,,,,,,,
y_pred[7549],,,,,,,,,,
y_pred[7550],,,,,,,,,,
y_pred[7551],,,,,,,,,,
y_pred[7552],,,,,,,,,,
y_pred[7553],,,,,,,,,,
y_pred[7554],,,,,,,,,,
y_pred[7555],,,,,,,,,,
y_pred[7556],,,,,,,,,,
y_pred[7557],,,,,,,,,,
y_pred[7558],,,,,,,,,,
y_pred[7559],,,,,,,,,,
y_pred[7560],,,,,,,,,,
y_pred[7561],,,,,,,,,,
y_pred[7562],,,,,,,,,,
y_pred[7563],,,,,,,,,,
y_pred[7564],,,,,,,,,,
y_pred[7565],,,,,,,,,,
y_pred[7566],,,,,,,,,,
y_pred[7567],,,,,,,,,,
y_pred[7568],,,,,,,,,,
y_pred[7569],,,,,,,,,,
y_pred[7570],,,,,,,,,,
y_pred[7571],,,,,,,,,,
y_pred[7572],,,,,,,,,,
y_pred[7573],,,,,,,,,,
y_pred[7574],,,,,,,,,,
y_pred[7575],,,,,,,,,,
y_pred[7576],,,,,,,,,,
y_pred[7577],,,,,,,,,,
y_pred[7578],,,,,,,,,,
y_pred[7579],,,,,,,,,,
y_pred[7580],,,,,,,,,,
y_pred[7581],,,,,,,,,,
y_pred[7582],,,,,,,,,,
y_pred[7583],,,,,,,,,,
y_pred[7584],,,,,,,,,,
y_pred[7585],,,,,,,,,,
y_pred[7586],,,,,,,,,,
y_pred[7587],,,,,,,,,,
y_pred[7588],,,,,,,,,,
y_pred[7589],,,,,,,,,,
y_pred[7590],,,,,,,,,,
y_pred[7591],,,,,,,,,,
y_pred[7592],,,,,,,,,,
y_pred[7593],,,,,,,,,,
y_pred[7594],,,,,,,,,,
y_pred[7595],,,,,,,,,,
y_pred[7596],,,,,,,,,,
y_pred[7597],,,,,,,,,,
y_pred[7598],,,,,,,,,,
y_pred[7599],,,,,,,,,,
y_pred[7600],,,,,,,,,,
y_pred[7601],,,,,,,,,,
y_pred[7602],,,,,,,,,,
y_pred[7603],,,,,,,,,,
y_pred[7604],,,,,,,,,,
y_pred[7605],,,,,,,,,,
y_pred[7606],,,,,,,,,,
y_pred[7607],,,,,,,,,,
y_pred[7608],,,,,,,,,,
y_pred[7609],,,,,,,,,,
y_pred[7610],,,,,,,,,,
y_pred[7611],,,,,,,,,,
y_pred[7612],,,,,,,,,,
y_pred[7613],,,,,,,,,,
y_pred[7614],,,,,,,,,,
y_pred[7615],,,,,,,,,,
y_pred[7616],,,,,,,,,,
y_pred[7617],,,,,,,,,,
y_pred[7618],,,,,,,,,,
y_pred[7619],,,,,,,,,,
y_pred[7620],,,,,,,,,,
y_pred[7621],,,,,,,,,,
y_pred[7622],,,,,,,,,,
y_pred[7623],,,,,,,,,,
y_pred[7624],,,,,,,,,,
y_pred[7625],,,,,,,,,,
y_pred[7626],,,,,,,,,,
y_pred[7627],,,,,,,,,,
y_pred[7628],,,,,,,,,,
y_pred[7629],,,,,,,,,,
y_pred[7630],,,,,,,,,,
y_pred[7631],,,,,,,,,,
y_pred[7632],,,,,,,,,,
y_pred[7633],,,,,,,,,,
y_pred[7634],,,,,,,,,,
y_pred[7635],,,,,,,,,,
y_pred[7636],,,,,,,,,,
y_pred[7637],,,,,,,,,,
y_pred[7638],,,,,,,,,,
y_pred[7639],,,,,,,,,,
y_pred[7640],,,,,,,,,,
y_pred[7641],,,,,,,,,,
y_pred[7642],,,,,,,,,,
y_pred[7643],,,,,,,,,,
y_pred[7644],,,,,,,,,,
y_pred[7645],,,,,,,,,,
y_pred[7646],,,,,,,,,,
y_pred[7647],,,,,,,,,,
y_pred[7648],,,,,,,,,,
y_pred[7649],,,,,,,,,,
y_pred[7650],,,,,,,,,,
y_pred[7651],,,,,,,,,,
y_pred[7652],,,,,,,,,,
y_pred[7653],,,,,,,,,,
y_pred[7654],,,,,,,,,,
y_pred[7655],,,,,,,,,,
y_pred[7656],,,,,,,,,,
y_pred[7657],,,,,,,,,,
y_pred[7658],,,,,,,,,,
y_pred[7659],,,,,,,,,,
y_pred[7660],,,,,,,,,,
y_pred[7661],,,,,,,,,,
y_pred[7662],,,,,,,,,,
y_pred[7663],,,,,,,,,,
y_pred[7664],,,,,,,,,,
y_pred[7665],,,,,,,,,,
y_pred[7666],,,,,,,,,,
y_pred[7667],,,,,,,,,,
y_pred[7668],,,,,,,,,,
y_pred[7669],,,,,,,,,,
y_pred[7670],,,,,,,,,,
y_pred[7671],,,,,,,,,,
y_pred[7672],,,,,,,,,,
y_pred[7673],,,,,,,,,,
y_pred[7674],,,,,,,,,,
y_pred[7675],,,,,,,,,,
y_pred[7676],,,,,,,,,,
y_pred[7677],,,,,,,,,,
y_pred[7678],,,,,,,,,,
y_pred[7679],,,,,,,,,,
y_pred[7680],,,,,,,,,,
y_pred[7681],,,,,,,,,,
y_pred[7682],,,,,,,,,,
y_pred[7683],,,,,,,,,,
y_pred[7684],,,,,,,,,,
y_pred[7685],,,,,,,,,,
y_pred[7686],,,,,,,,,,
y_pred[7687],,,,,,,,,,
y_pred[7688],,,,,,,,,,
y_pred[7689],,,,,,,,,,
y_pred[7690],,,,,,,,,,
y_pred[7691],,,,,,,,,,
y_pred[7692],,,,,,,,,,
y_pred[7693],,,,,,,,,,
y_pred[7694],,,,,,,,,,
y_pred[7695],,,,,,,,,,
y_pred[7696],,,,,,,,,,
y_pred[7697],,,,,,,,,,
y_pred[7698],,,,,,,,,,
y_pred[7699],,,,,,,,,,
y_pred[7700],,,,,,,,,,
y_pred[7701],,,,,,,,,,
y_pred[7702],,,,,,,,,,
y_pred[7703],,,,,,,,,,
y_pred[7704],,,,,,,,,,
y_pred[7705],,,,,,,,,,
y_pred[7706],,,,,,,,,,
y_pred[7707],,,,,,,,,,
y_pred[7708],,,,,,,,,,
y_pred[7709],,,,,,,,,,
y_pred[7710],,,,,,,,,,
y_pred[7711],,,,,,,,,,
y_pred[7712],,,,,,,,,,
y_pred[7713],,,,,,,,,,
y_pred[7714],,,,,,,,,,
y_pred[7715],,,,,,,,,,
y_pred[7716],,,,,,,,,,
y_pred[7717],,,,,,,,,,
y_pred[7718],,,,,,,,,,
y_pred[7719],,,,,,,,,,
y_pred[7720],,,,,,,,,,
y_pred[7721],,,,,,,,,,
y_pred[7722],,,,,,,,,,
y_pred[7723],,,,,,,,,,
y_pred[7724],,,,,,,,,,
y_pred[7725],,,,,,,,,,
y_pred[7726],,,,,,,,,,
y_pred[7727],,,,,,,,,,
y_pred[7728],,,,,,,,,,
y_pred[7729],,,,,,,,,,
y_pred[7730],,,,,,,,,,
y_pred[7731],,,,,,,,,,
y_pred[7732],,,,,,,,,,
y_pred[7733],,,,,,,,,,
y_pred[7734],,,,,,,,,,
y_pred[7735],,,,,,,,,,
y_pred[7736],,,,,,,,,,
y_pred[7737],,,,,,,,,,
y_pred[7738],,,,,,,,,,
y_pred[7739],,,,,,,,,,
y_pred[7740],,,,,,,,,,
y_pred[7741],,,,,,,,,,
y_pred[7742],,,,,,,,,,
y_pred[7743],,,,,,,,,,
y_pred[7744],,,,,,,,,,
y_pred[7745],,,,,,,,,,
y_pred[7746],,,,,,,,,,
y_pred[7747],,,,,,,,,,
y_pred[7748],,,,,,,,,,
y_pred[7749],,,,,,,,,,
y_pred[7750],,,,,,,,,,
y_pred[7751],,,,,,,,,,
y_pred[7752],,,,,,,,,,
y_pred[7753],,,,,,,,,,
y_pred[7754],,,,,,,,,,
y_pred[7755],,,,,,,,,,
y_pred[7756],,,,,,,,,,
y_pred[7757],,,,,,,,,,
y_pred[7758],,,,,,,,,,
y_pred[7759],,,,,,,,,,
y_pred[7760],,,,,,,,,,
y_pred[7761],,,,,,,,,,
y_pred[7762],,,,,,,,,,
y_pred[7763],,,,,,,,,,
y_pred[7764],,,,,,,,,,
y_pred[7765],,,,,,,,,,
y_pred[7766],,,,,,,,,,
y_pred[7767],,,,,,,,,,
y_pred[7768],,,,,,,,,,
y_pred[7769],,,,,,,,,,
y_pred[7770],,,,,,,,,,
y_pred[7771],,,,,,,,,,
y_pred[7772],,,,,,,,,,
y_pred[7773],,,,,,,,,,
y_pred[7774],,,,,,,,,,
y_pred[7775],,,,,,,,,,
y_pred[7776],,,,,,,,,,
y_pred[7777],,,,,,,,,,
y_pred[7778],,,,,,,,,,
y_pred[7779],,,,,,,,,,
y_pred[7780],,,,,,,,,,
y_pred[7781],,,,,,,,,,
y_pred[7782],,,,,,,,,,
y_pred[7783],,,,,,,,,,
y_pred[7784],,,,,,,,,,
y_pred[7785],,,,,,,,,,
y_pred[7786],,,,,,,,,,
y_pred[7787],,,,,,,,,,
y_pred[7788],,,,,,,,,,
y_pred[7789],,,,,,,,,,
y_pred[7790],,,,,,,,,,
y_pred[7791],,,,,,,,,,
y_pred[7792],,,,,,,,,,
y_pred[7793],,,,,,,,,,
y_pred[7794],,,,,,,,,,
y_pred[7795],,,,,,,,,,
y_pred[7796],,,,,,,,,,
y_pred[7797],,,,,,,,,,
y_pred[7798],,,,,,,,,,
y_pred[7799],,,,,,,,,,
y_pred[7800],,,,,,,,,,
y_pred[7801],,,,,,,,,,
y_pred[7802],,,,,,,,,,
y_pred[7803],,,,,,,,,,
y_pred[7804],,,,,,,,,,
y_pred[7805],,,,,,,,,,
y_pred[7806],,,,,,,,,,
y_pred[7807],,,,,,,,,,
y_pred[7808],,,,,,,,,,
y_pred[7809],,,,,,,,,,
y_pred[7810],,,,,,,,,,
y_pred[7811],,,,,,,,,,
y_pred[7812],,,,,,,,,,
y_pred[7813],,,,,,,,,,
y_pred[7814],,,,,,,,,,
y_pred[7815],,,,,,,,,,
y_pred[7816],,,,,,,,,,
y_pred[7817],,,,,,,,,,
y_pred[7818],,,,,,,,,,
y_pred[7819],,,,,,,,,,
y_pred[7820],,,,,,,,,,
y_pred[7821],,,,,,,,,,
y_pred[7822],,,,,,,,,,
y_pred[7823],,,,,,,,,,
y_pred[7824],,,,,,,,,,
y_pred[7825],,,,,,,,,,
y_pred[7826],,,,,,,,,,
y_pred[7827],,,,,,,,,,
y_pred[7828],,,,,,,,,,
y_pred[7829],,,,,,,,,,
y_pred[7830],,,,,,,,,,
y_pred[7831],,,,,,,,,,
y_pred[7832],,,,,,,,,,
y_pred[7833],,,,,,,,,,
y_pred[7834],,,,,,,,,,
y_pred[7835],,,,,,,,,,
y_pred[7836],,,,,,,,,,
y_pred[7837],,,,,,,,,,
y_pred[7838],,,,,,,,,,
y_pred[7839],,,,,,,,,,
y_pred[7840],,,,,,,,,,
y_pred[7841],,,,,,,,,,
y_pred[7842],,,,,,,,,,
y_pred[7843],,,,,,,,,,
y_pred[7844],,,,,,,,,,
y_pred[7845],,,,,,,,,,
y_pred[7846],,,,,,,,,,
y_pred[7847],,,,,,,,,,
y_pred[7848],,,,,,,,,,
y_pred[7849],,,,,,,,,,
y_pred[7850],,,,,,,,,,
y_pred[7851],,,,,,,,,,
y_pred[7852],,,,,,,,,,
y_pred[7853],,,,,,,,,,
y_pred[7854],,,,,,,,,,
y_pred[7855],,,,,,,,,,
y_pred[7856],,,,,,,,,,
y_pred[7857],,,,,,,,,,
y_pred[7858],,,,,,,,,,
y_pred[7859],,,,,,,,,,
y_pred[7860],,,,,,,,,,
y_pred[7861],,,,,,,,,,
y_pred[7862],,,,,,,,,,
y_pred[7863],,,,,,,,,,
y_pred[7864],,,,,,,,,,
y_pred[7865],,,,,,,,,,
y_pred[7866],,,,,,,,,,
y_pred[7867],,,,,,,,,,
y_pred[7868],,,,,,,,,,
y_pred[7869],,,,,,,,,,
y_pred[7870],,,,,,,,,,
y_pred[7871],,,,,,,,,,
y_pred[7872],,,,,,,,,,
y_pred[7873],,,,,,,,,,
y_pred[7874],,,,,,,,,,
y_pred[7875],,,,,,,,,,
y_pred[7876],,,,,,,,,,
y_pred[7877],,,,,,,,,,
y_pred[7878],,,,,,,,,,
y_pred[7879],,,,,,,,,,
y_pred[7880],,,,,,,,,,
y_pred[7881],,,,,,,,,,
y_pred[7882],,,,,,,,,,
y_pred[7883],,,,,,,,,,
y_pred[7884],,,,,,,,,,
y_pred[7885],,,,,,,,,,
y_pred[7886],,,,,,,,,,
y_pred[7887],,,,,,,,,,
y_pred[7888],,,,,,,,,,
y_pred[7889],,,,,,,,,,
y_pred[7890],,,,,,,,,,
y_pred[7891],,,,,,,,,,
y_pred[7892],,,,,,,,,,
y_pred[7893],,,,,,,,,,
y_pred[7894],,,,,,,,,,
y_pred[7895],,,,,,,,,,
y_pred[7896],,,,,,,,,,
y_pred[7897],,,,,,,,,,
y_pred[7898],,,,,,,,,,
y_pred[7899],,,,,,,,,,
y_pred[7900],,,,,,,,,,
y_pred[7901],,,,,,,,,,
y_pred[7902],,,,,,,,,,
y_pred[7903],,,,,,,,,,
y_pred[7904],,,,,,,,,,
y_pred[7905],,,,,,,,,,
y_pred[7906],,,,,,,,,,
y_pred[7907],,,,,,,,,,
y_pred[7908],,,,,,,,,,
y_pred[7909],,,,,,,,,,
y_pred[7910],,,,,,,,,,
y_pred[7911],,,,,,,,,,
y_pred[7912],,,,,,,,,,
y_pred[7913],,,,,,,,,,
y_pred[7914],,,,,,,,,,
y_pred[7915],,,,,,,,,,
y_pred[7916],,,,,,,,,,
y_pred[7917],,,,,,,,,,
y_pred[7918],,,,,,,,,,
y_pred[7919],,,,,,,,,,
y_pred[7920],,,,,,,,,,
y_pred[7921],,,,,,,,,,
y_pred[7922],,,,,,,,,,
y_pred[7923],,,,,,,,,,
y_pred[7924],,,,,,,,,,
y_pred[7925],,,,,,,,,,
y_pred[7926],,,,,,,,,,
y_pred[7927],,,,,,,,,,
y_pred[7928],,,,,,,,,,
y_pred[7929],,,,,,,,,,
y_pred[7930],,,,,,,,,,
y_pred[7931],,,,,,,,,,
y_pred[7932],,,,,,,,,,
y_pred[7933],,,,,,,,,,
y_pred[7934],,,,,,,,,,
y_pred[7935],,,,,,,,,,
y_pred[7936],,,,,,,,,,
y_pred[7937],,,,,,,,,,
y_pred[7938],,,,,,,,,,
y_pred[7939],,,,,,,,,,
y_pred[7940],,,,,,,,,,
y_pred[7941],,,,,,,,,,
y_pred[7942],,,,,,,,,,
y_pred[7943],,,,,,,,,,
y_pred[7944],,,,,,,,,,
y_pred[7945],,,,,,,,,,
y_pred[7946],,,,,,,,,,
y_pred[7947],,,,,,,,,,
y_pred[7948],,,,,,,,,,
y_pred[7949],,,,,,,,,,
y_pred[7950],,,,,,,,,,
y_pred[7951],,,,,,,,,,
y_pred[7952],,,,,,,,,,
y_pred[7953],,,,,,,,,,
y_pred[7954],,,,,,,,,,
y_pred[7955],,,,,,,,,,
y_pred[7956],,,,,,,,,,
y_pred[7957],,,,,,,,,,
y_pred[7958],,,,,,,,,,
y_pred[7959],,,,,,,,,,
y_pred[7960],,,,,,,,,,
y_pred[7961],,,,,,,,,,
y_pred[7962],,,,,,,,,,
y_pred[7963],,,,,,,,,,
y_pred[7964],,,,,,,,,,
y_pred[7965],,,,,,,,,,
y_pred[7966],,,,,,,,,,
y_pred[7967],,,,,,,,,,
y_pred[7968],,,,,,,,,,
y_pred[7969],,,,,,,,,,
y_pred[7970],,,,,,,,,,
y_pred[7971],,,,,,,,,,
y_pred[7972],,,,,,,,,,
y_pred[7973],,,,,,,,,,
y_pred[7974],,,,,,,,,,
y_pred[7975],,,,,,,,,,
y_pred[7976],,,,,,,,,,
y_pred[7977],,,,,,,,,,
y_pred[7978],,,,,,,,,,
y_pred[7979],,,,,,,,,,
y_pred[7980],,,,,,,,,,
y_pred[7981],,,,,,,,,,
y_pred[7982],,,,,,,,,,
y_pred[7983],,,,,,,,,,
y_pred[7984],,,,,,,,,,
y_pred[7985],,,,,,,,,,
y_pred[7986],,,,,,,,,,
y_pred[7987],,,,,,,,,,
y_pred[7988],,,,,,,,,,
y_pred[7989],,,,,,,,,,
y_pred[7990],,,,,,,,,,
y_pred[7991],,,,,,,,,,
y_pred[7992],,,,,,,,,,
y_pred[7993],,,,,,,,,,
y_pred[7994],,,,,,,,,,
y_pred[7995],,,,,,,,,,
y_pred[7996],,,,,,,,,,
y_pred[7997],,,,,,,,,,
y_pred[7998],,,,,,,,,,
y_pred[7999],,,,,,,,,,
y_pred[8000],,,,,,,,,,
y_pred[8001],,,,,,,,,,
y_pred[8002],,,,,,,,,,
y_pred[8003],,,,,,,,,,
y_pred[8004],,,,,,,,,,
y_pred[8005],,,,,,,,,,
y_pred[8006],,,,,,,,,,
y_pred[8007],,,,,,,,,,
y_pred[8008],,,,,,,,,,
y_pred[8009],,,,,,,,,,
y_pred[8010],,,,,,,,,,
y_pred[8011],,,,,,,,,,
y_pred[8012],,,,,,,,,,
y_pred[8013],,,,,,,,,,
y_pred[8014],,,,,,,,,,
y_pred[8015],,,,,,,,,,
y_pred[8016],,,,,,,,,,
y_pred[8017],,,,,,,,,,
y_pred[8018],,,,,,,,,,
y_pred[8019],,,,,,,,,,
y_pred[8020],,,,,,,,,,
y_pred[8021],,,,,,,,,,
y_pred[8022],,,,,,,,,,
y_pred[8023],,,,,,,,,,
y_pred[8024],,,,,,,,,,
y_pred[8025],,,,,,,,,,
y_pred[8026],,,,,,,,,,
y_pred[8027],,,,,,,,,,
y_pred[8028],,,,,,,,,,
y_pred[8029],,,,,,,,,,
y_pred[8030],,,,,,,,,,
y_pred[8031],,,,,,,,,,
y_pred[8032],,,,,,,,,,
y_pred[8033],,,,,,,,,,
y_pred[8034],,,,,,,,,,
y_pred[8035],,,,,,,,,,
y_pred[8036],,,,,,,,,,
y_pred[8037],,,,,,,,,,
y_pred[8038],,,,,,,,,,
y_pred[8039],,,,,,,,,,
y_pred[8040],,,,,,,,,,
y_pred[8041],,,,,,,,,,
y_pred[8042],,,,,,,,,,
y_pred[8043],,,,,,,,,,
y_pred[8044],,,,,,,,,,
y_pred[8045],,,,,,,,,,
y_pred[8046],,,,,,,,,,
y_pred[8047],,,,,,,,,,
y_pred[8048],,,,,,,,,,
y_pred[8049],,,,,,,,,,
y_pred[8050],,,,,,,,,,
y_pred[8051],,,,,,,,,,
y_pred[8052],,,,,,,,,,
y_pred[8053],,,,,,,,,,
y_pred[8054],,,,,,,,,,
y_pred[8055],,,,,,,,,,
y_pred[8056],,,,,,,,,,
y_pred[8057],,,,,,,,,,
y_pred[8058],,,,,,,,,,
y_pred[8059],,,,,,,,,,
y_pred[8060],,,,,,,,,,
y_pred[8061],,,,,,,,,,
y_pred[8062],,,,,,,,,,
y_pred[8063],,,,,,,,,,
y_pred[8064],,,,,,,,,,
y_pred[8065],,,,,,,,,,
y_pred[8066],,,,,,,,,,
y_pred[8067],,,,,,,,,,
y_pred[8068],,,,,,,,,,
y_pred[8069],,,,,,,,,,
y_pred[8070],,,,,,,,,,
y_pred[8071],,,,,,,,,,
y_pred[8072],,,,,,,,,,
y_pred[8073],,,,,,,,,,
y_pred[8074],,,,,,,,,,
y_pred[8075],,,,,,,,,,
y_pred[8076],,,,,,,,,,
y_pred[8077],,,,,,,,,,
y_pred[8078],,,,,,,,,,
y_pred[8079],,,,,,,,,,
y_pred[8080],,,,,,,,,,
y_pred[8081],,,,,,,,,,
y_pred[8082],,,,,,,,,,
y_pred[8083],,,,,,,,,,
y_pred[8084],,,,,,,,,,
y_pred[8085],,,,,,,,,,
y_pred[8086],,,,,,,,,,
y_pred[8087],,,,,,,,,,
y_pred[8088],,,,,,,,,,
y_pred[8089],,,,,,,,,,
y_pred[8090],,,,,,,,,,
y_pred[8091],,,,,,,,,,
y_pred[8092],,,,,,,,,,
y_pred[8093],,,,,,,,,,
y_pred[8094],,,,,,,,,,
y_pred[8095],,,,,,,,,,
y_pred[8096],,,,,,,,,,
y_pred[8097],,,,,,,,,,
y_pred[8098],,,,,,,,,,
y_pred[8099],,,,,,,,,,
y_pred[8100],,,,,,,,,,
y_pred[8101],,,,,,,,,,
y_pred[8102],,,,,,,,,,
y_pred[8103],,,,,,,,,,
y_pred[8104],,,,,,,,,,
y_pred[8105],,,,,,,,,,
y_pred[8106],,,,,,,,,,
y_pred[8107],,,,,,,,,,
y_pred[8108],,,,,,,,,,
y_pred[8109],,,,,,,,,,
y_pred[8110],,,,,,,,,,
y_pred[8111],,,,,,,,,,
y_pred[8112],,,,,,,,,,
y_pred[8113],,,,,,,,,,
y_pred[8114],,,,,,,,,,
y_pred[8115],,,,,,,,,,
y_pred[8116],,,,,,,,,,
y_pred[8117],,,,,,,,,,
y_pred[8118],,,,,,,,,,
y_pred[8119],,,,,,,,,,
y_pred[8120],,,,,,,,,,
y_pred[8121],,,,,,,,,,
y_pred[8122],,,,,,,,,,
y_pred[8123],,,,,,,,,,
y_pred[8124],,,,,,,,,,
y_pred[8125],,,,,,,,,,
y_pred[8126],,,,,,,,,,
y_pred[8127],,,,,,,,,,
y_pred[8128],,,,,,,,,,
y_pred[8129],,,,,,,,,,
y_pred[8130],,,,,,,,,,
y_pred[8131],,,,,,,,,,
y_pred[8132],,,,,,,,,,
y_pred[8133],,,,,,,,,,
y_pred[8134],,,,,,,,,,
y_pred[8135],,,,,,,,,,
y_pred[8136],,,,,,,,,,
y_pred[8137],,,,,,,,,,
y_pred[8138],,,,,,,,,,
y_pred[8139],,,,,,,,,,
y_pred[8140],,,,,,,,,,
y_pred[8141],,,,,,,,,,
y_pred[8142],,,,,,,,,,
y_pred[8143],,,,,,,,,,
y_pred[8144],,,,,,,,,,
y_pred[8145],,,,,,,,,,
y_pred[8146],,,,,,,,,,
y_pred[8147],,,,,,,,,,
y_pred[8148],,,,,,,,,,
y_pred[8149],,,,,,,,,,
y_pred[8150],,,,,,,,,,
y_pred[8151],,,,,,,,,,
y_pred[8152],,,,,,,,,,
y_pred[8153],,,,,,,,,,
y_pred[8154],,,,,,,,,,
y_pred[8155],,,,,,,,,,
y_pred[8156],,,,,,,,,,
y_pred[8157],,,,,,,,,,
y_pred[8158],,,,,,,,,,
y_pred[8159],,,,,,,,,,
y_pred[8160],,,,,,,,,,
y_pred[8161],,,,,,,,,,
y_pred[8162],,,,,,,,,,
y_pred[8163],,,,,,,,,,
y_pred[8164],,,,,,,,,,
y_pred[8165],,,,,,,,,,
y_pred[8166],,,,,,,,,,
y_pred[8167],,,,,,,,,,
y_pred[8168],,,,,,,,,,
y_pred[8169],,,,,,,,,,
y_pred[8170],,,,,,,,,,
y_pred[8171],,,,,,,,,,
y_pred[8172],,,,,,,,,,
y_pred[8173],,,,,,,,,,
y_pred[8174],,,,,,,,,,
y_pred[8175],,,,,,,,,,
y_pred[8176],,,,,,,,,,
y_pred[8177],,,,,,,,,,
y_pred[8178],,,,,,,,,,
y_pred[8179],,,,,,,,,,
y_pred[8180],,,,,,,,,,
y_pred[8181],,,,,,,,,,
y_pred[8182],,,,,,,,,,
y_pred[8183],,,,,,,,,,
y_pred[8184],,,,,,,,,,
y_pred[8185],,,,,,,,,,
y_pred[8186],,,,,,,,,,
y_pred[8187],,,,,,,,,,
y_pred[8188],,,,,,,,,,
y_pred[8189],,,,,,,,,,
y_pred[8190],,,,,,,,,,
y_pred[8191],,,,,,,,,,
y_pred[8192],,,,,,,,,,
y_pred[8193],,,,,,,,,,
y_pred[8194],,,,,,,,,,
y_pred[8195],,,,,,,,,,
y_pred[8196],,,,,,,,,,
y_pred[8197],,,,,,,,,,
y_pred[8198],,,,,,,,,,
y_pred[8199],,,,,,,,,,
y_pred[8200],,,,,,,,,,
y_pred[8201],,,,,,,,,,
y_pred[8202],,,,,,,,,,
y_pred[8203],,,,,,,,,,
y_pred[8204],,,,,,,,,,
y_pred[8205],,,,,,,,,,
y_pred[8206],,,,,,,,,,
y_pred[8207],,,,,,,,,,
y_pred[8208],,,,,,,,,,
y_pred[8209],,,,,,,,,,
y_pred[8210],,,,,,,,,,
y_pred[8211],,,,,,,,,,
y_pred[8212],,,,,,,,,,
y_pred[8213],,,,,,,,,,
y_pred[8214],,,,,,,,,,
y_pred[8215],,,,,,,,,,
y_pred[8216],,,,,,,,,,
y_pred[8217],,,,,,,,,,
y_pred[8218],,,,,,,,,,
y_pred[8219],,,,,,,,,,
y_pred[8220],,,,,,,,,,
y_pred[8221],,,,,,,,,,
y_pred[8222],,,,,,,,,,
y_pred[8223],,,,,,,,,,
y_pred[8224],,,,,,,,,,
y_pred[8225],,,,,,,,,,
y_pred[8226],,,,,,,,,,
y_pred[8227],,,,,,,,,,
y_pred[8228],,,,,,,,,,
y_pred[8229],,,,,,,,,,
y_pred[8230],,,,,,,,,,
y_pred[8231],,,,,,,,,,
y_pred[8232],,,,,,,,,,
y_pred[8233],,,,,,,,,,
y_pred[8234],,,,,,,,,,
y_pred[8235],,,,,,,,,,
y_pred[8236],,,,,,,,,,
y_pred[8237],,,,,,,,,,
y_pred[8238],,,,,,,,,,
y_pred[8239],,,,,,,,,,
y_pred[8240],,,,,,,,,,
y_pred[8241],,,,,,,,,,
y_pred[8242],,,,,,,,,,
y_pred[8243],,,,,,,,,,
y_pred[8244],,,,,,,,,,
y_pred[8245],,,,,,,,,,
y_pred[8246],,,,,,,,,,
y_pred[8247],,,,,,,,,,
y_pred[8248],,,,,,,,,,
y_pred[8249],,,,,,,,,,
y_pred[8250],,,,,,,,,,
y_pred[8251],,,,,,,,,,
y_pred[8252],,,,,,,,,,
y_pred[8253],,,,,,,,,,
y_pred[8254],,,,,,,,,,
y_pred[8255],,,,,,,,,,
y_pred[8256],,,,,,,,,,
y_pred[8257],,,,,,,,,,
y_pred[8258],,,,,,,,,,
y_pred[8259],,,,,,,,,,
y_pred[8260],,,,,,,,,,
y_pred[8261],,,,,,,,,,
y_pred[8262],,,,,,,,,,
y_pred[8263],,,,,,,,,,
y_pred[8264],,,,,,,,,,
y_pred[8265],,,,,,,,,,
y_pred[8266],,,,,,,,,,
y_pred[8267],,,,,,,,,,
y_pred[8268],,,,,,,,,,
y_pred[8269],,,,,,,,,,
y_pred[8270],,,,,,,,,,
y_pred[8271],,,,,,,,,,
y_pred[8272],,,,,,,,,,
y_pred[8273],,,,,,,,,,
y_pred[8274],,,,,,,,,,
y_pred[8275],,,,,,,,,,
y_pred[8276],,,,,,,,,,
y_pred[8277],,,,,,,,,,
y_pred[8278],,,,,,,,,,
y_pred[8279],,,,,,,,,,
y_pred[8280],,,,,,,,,,
y_pred[8281],,,,,,,,,,
y_pred[8282],,,,,,,,,,
y_pred[8283],,,,,,,,,,
y_pred[8284],,,,,,,,,,
y_pred[8285],,,,,,,,,,
y_pred[8286],,,,,,,,,,
y_pred[8287],,,,,,,,,,
y_pred[8288],,,,,,,,,,
y_pred[8289],,,,,,,,,,
y_pred[8290],,,,,,,,,,
y_pred[8291],,,,,,,,,,
y_pred[8292],,,,,,,,,,
y_pred[8293],,,,,,,,,,
y_pred[8294],,,,,,,,,,
y_pred[8295],,,,,,,,,,
y_pred[8296],,,,,,,,,,
y_pred[8297],,,,,,,,,,
y_pred[8298],,,,,,,,,,
y_pred[8299],,,,,,,,,,
y_pred[8300],,,,,,,,,,
y_pred[8301],,,,,,,,,,
y_pred[8302],,,,,,,,,,
y_pred[8303],,,,,,,,,,
y_pred[8304],,,,,,,,,,
y_pred[8305],,,,,,,,,,
y_pred[8306],,,,,,,,,,
y_pred[8307],,,,,,,,,,
y_pred[8308],,,,,,,,,,
y_pred[8309],,,,,,,,,,
y_pred[8310],,,,,,,,,,
y_pred[8311],,,,,,,,,,
y_pred[8312],,,,,,,,,,
y_pred[8313],,,,,,,,,,
y_pred[8314],,,,,,,,,,
y_pred[8315],,,,,,,,,,
y_pred[8316],,,,,,,,,,
y_pred[8317],,,,,,,,,,
y_pred[8318],,,,,,,,,,
y_pred[8319],,,,,,,,,,
y_pred[8320],,,,,,,,,,
y_pred[8321],,,,,,,,,,
y_pred[8322],,,,,,,,,,
y_pred[8323],,,,,,,,,,
y_pred[8324],,,,,,,,,,
y_pred[8325],,,,,,,,,,
y_pred[8326],,,,,,,,,,
y_pred[8327],,,,,,,,,,
y_pred[8328],,,,,,,,,,
y_pred[8329],,,,,,,,,,
y_pred[8330],,,,,,,,,,
y_pred[8331],,,,,,,,,,
y_pred[8332],,,,,,,,,,
y_pred[8333],,,,,,,,,,
y_pred[8334],,,,,,,,,,
y_pred[8335],,,,,,,,,,
y_pred[8336],,,,,,,,,,
y_pred[8337],,,,,,,,,,
y_pred[8338],,,,,,,,,,
y_pred[8339],,,,,,,,,,
y_pred[8340],,,,,,,,,,
y_pred[8341],,,,,,,,,,
y_pred[8342],,,,,,,,,,
y_pred[8343],,,,,,,,,,
y_pred[8344],,,,,,,,,,
y_pred[8345],,,,,,,,,,
y_pred[8346],,,,,,,,,,
y_pred[8347],,,,,,,,,,
y_pred[8348],,,,,,,,,,
y_pred[8349],,,,,,,,,,
y_pred[8350],,,,,,,,,,
y_pred[8351],,,,,,,,,,
y_pred[8352],,,,,,,,,,
y_pred[8353],,,,,,,,,,
y_pred[8354],,,,,,,,,,
y_pred[8355],,,,,,,,,,
y_pred[8356],,,,,,,,,,
y_pred[8357],,,,,,,,,,
y_pred[8358],,,,,,,,,,
y_pred[8359],,,,,,,,,,
y_pred[8360],,,,,,,,,,
y_pred[8361],,,,,,,,,,
y_pred[8362],,,,,,,,,,
y_pred[8363],,,,,,,,,,
y_pred[8364],,,,,,,,,,
y_pred[8365],,,,,,,,,,
y_pred[8366],,,,,,,,,,
y_pred[8367],,,,,,,,,,
y_pred[8368],,,,,,,,,,
y_pred[8369],,,,,,,,,,
y_pred[8370],,,,,,,,,,
y_pred[8371],,,,,,,,,,
y_pred[8372],,,,,,,,,,
y_pred[8373],,,,,,,,,,
y_pred[8374],,,,,,,,,,
y_pred[8375],,,,,,,,,,
y_pred[8376],,,,,,,,,,
y_pred[8377],,,,,,,,,,
y_pred[8378],,,,,,,,,,
y_pred[8379],,,,,,,,,,
y_pred[8380],,,,,,,,,,
y_pred[8381],,,,,,,,,,
y_pred[8382],,,,,,,,,,
y_pred[8383],,,,,,,,,,
y_pred[8384],,,,,,,,,,
y_pred[8385],,,,,,,,,,
y_pred[8386],,,,,,,,,,
y_pred[8387],,,,,,,,,,
y_pred[8388],,,,,,,,,,
y_pred[8389],,,,,,,,,,
y_pred[8390],,,,,,,,,,
y_pred[8391],,,,,,,,,,
y_pred[8392],,,,,,,,,,
y_pred[8393],,,,,,,,,,
y_pred[8394],,,,,,,,,,
y_pred[8395],,,,,,,,,,
y_pred[8396],,,,,,,,,,
y_pred[8397],,,,,,,,,,
y_pred[8398],,,,,,,,,,
y_pred[8399],,,,,,,,,,
y_pred[8400],,,,,,,,,,
