,Mean,StdDev,5%,95%,ESS_bulk,ESS_tail,R_hat
mu_alpha,0.484731,0.0408542,0.417573,0.5519,14354.2,4823.3,1.00068
sigma_alpha,0.405935,0.0290282,0.361761,0.456639,18122.8,5665.15,1.00094
mu_beta_language[1],0.0722606,0.00837193,0.0585188,0.0860178,4285.14,5133.59,1.00004
mu_beta_language[2],0.143198,0.0146208,0.119044,0.16701,8154.65,5466.0,1.00091
mu_beta_language[3],0.275057,0.0124015,0.25501,0.295495,8306.71,5486.43,1.0004
mu_beta_language[4],-0.0404948,0.00936146,-0.0561206,-0.0252417,5287.54,5601.73,1.00021
mu_beta_language[5],0.115287,0.0083339,0.101848,0.129005,3817.13,6314.65,1.00013
mu_beta_language[6],-0.26339,0.012229,-0.283562,-0.243521,7090.35,5774.8,1.00067
mu_beta_language[7],0.0405015,0.00876298,0.0261438,0.0548434,4779.11,4887.5,1.00026
mu_beta_language[8],-0.0132461,0.0104726,-0.0305236,0.00408619,5889.32,6197.64,1.00121
mu_beta_language[9],0.0668048,0.010599,0.049863,0.0844877,6522.06,4686.46,1.00032
mu_beta_language[10],-0.312027,0.0139471,-0.334768,-0.289034,8185.7,5949.07,1.00017
mu_beta_language[11],0.0557739,0.0107053,0.0379738,0.0731462,5452.44,4753.43,1.00021
mu_beta_language[12],-0.139726,0.0297256,-0.187838,-0.0917089,521.029,696.818,1.00485
sigma_beta_language[1],0.0740809,0.00640428,0.0641441,0.0852467,11212.9,6478.32,1.00076
sigma_beta_language[2],0.153857,0.011572,0.136059,0.173794,14458.1,6516.76,1.00152
sigma_beta_language[3],0.119655,0.00932781,0.105151,0.135753,14488.5,5984.23,1.00078
sigma_beta_language[4],0.0870847,0.00712398,0.076143,0.0993822,12338.3,6809.91,0.999952
sigma_beta_language[5],0.0750502,0.00643003,0.0651649,0.0861547,11039.0,5996.63,1.00065
sigma_beta_language[6],0.114989,0.00959095,0.100039,0.13151,12500.3,6550.36,1.00141
sigma_beta_language[7],0.0793669,0.00658997,0.0691739,0.0907412,12377.3,6494.55,1.00037
sigma_beta_language[8],0.0997023,0.00785278,0.087698,0.113409,13579.0,6670.04,1.00067
sigma_beta_language[9],0.102699,0.00825902,0.0899412,0.11708,14362.1,6373.47,0.999951
sigma_beta_language[10],0.145328,0.0109183,0.128369,0.163845,17585.5,6550.14,1.00088
sigma_beta_language[11],0.105212,0.00812195,0.0927596,0.119598,13599.2,5523.08,1.0002
sigma_beta_language[12],0.0522791,0.0207134,0.0220209,0.0911965,152.812,246.858,1.04196
mu_beta_task[1],0.668407,0.019463,0.635958,0.700249,9844.47,5601.27,1.00097
mu_beta_task[2],0.0574193,0.0314704,0.00554828,0.108675,16027.2,5749.97,1.00121
mu_beta_task[3],-0.360963,0.0328774,-0.414619,-0.307532,20424.7,5669.54,1.00052
mu_beta_task[4],0.327033,0.0264288,0.282796,0.370835,15302.9,5744.92,1.00042
mu_beta_task[5],-0.983277,0.0465127,-1.05943,-0.907284,16078.8,5712.02,1.00132
mu_beta_task[6],0.290758,0.0313524,0.239408,0.343141,16737.3,6015.34,1.00006
mu_beta_task[7],0.000622658,0.0162387,-0.026413,0.0269604,17877.1,5822.85,1.00017
sigma_beta_task[1],0.191033,0.0150237,0.168103,0.21753,12426.4,6083.37,1.00017
sigma_beta_task[2],0.341719,0.0250537,0.303231,0.385763,17807.5,5557.95,1.00003
sigma_beta_task[3],0.35159,0.0259226,0.311901,0.39674,16852.5,5563.54,1.0008
sigma_beta_task[4],0.276181,0.0202303,0.245676,0.311659,18828.3,5439.63,1.0007
sigma_beta_task[5],0.617893,0.0446844,0.549598,0.695701,18010.6,5719.62,1.00122
sigma_beta_task[6],0.333969,0.0245159,0.296205,0.376731,15619.9,5426.88,1.00072
sigma_beta_task[7],0.162941,0.0121353,0.144027,0.184398,15652.9,5809.98,1.0002
alpha_std[1],0.63765,0.0153995,0.612207,0.663012,7097.99,6081.22,1.00012
alpha_std[2],0.662206,0.0138184,0.63978,0.684765,10530.0,6729.79,1.00039
alpha_std[3],0.816302,0.01549,0.791048,0.842199,4991.79,5020.03,1.00026
alpha_std[4],0.532837,0.0148718,0.508408,0.557595,5819.89,4894.32,1.00129
alpha_std[5],0.521001,0.0153004,0.495993,0.546174,6432.79,6332.14,1.00024
alpha_std[6],-0.0563412,0.0153767,-0.0816158,-0.0312331,6599.52,5799.88,1.00021
alpha_std[7],-0.0653155,0.0146853,-0.0894803,-0.0412331,7116.48,6056.76,1.00123
alpha_std[8],0.0225245,0.014727,-0.00196713,0.0466237,6964.83,5913.97,1.00074
alpha_std[9],0.497116,0.0151248,0.472147,0.521638,6442.08,6368.97,1.00001
alpha_std[10],0.481191,0.0153395,0.456013,0.50615,5897.14,5840.16,1.00018
alpha_std[11],0.539031,0.0152419,0.513962,0.564288,7591.73,6779.31,1.00023
alpha_std[12],0.533755,0.0149515,0.509066,0.558501,7205.87,5857.97,1.00052
alpha_std[13],0.950659,0.0144467,0.927032,0.974453,10468.3,6397.16,1.00039
alpha_std[14],1.02229,0.0159508,0.996225,1.04896,7362.88,5406.17,1.00055
alpha_std[15],0.0188216,0.0160899,-0.00777603,0.04489,6400.84,6102.01,1.0
alpha_std[16],-0.00762144,0.0152193,-0.0326877,0.0172889,6920.29,6406.18,1.00133
alpha_std[17],0.312868,0.0151322,0.288201,0.337571,5603.29,6398.48,0.999848
alpha_std[18],0.931264,0.014488,0.907727,0.955134,9982.3,7006.49,0.999999
alpha_std[19],0.980883,0.0144495,0.956833,1.00463,9201.82,6974.14,0.999866
alpha_std[20],0.828735,0.0155778,0.803329,0.85463,7635.94,4458.41,1.00128
alpha_std[21],0.156063,0.0147162,0.131892,0.180696,6172.75,5804.62,1.001
alpha_std[22],0.239617,0.0147765,0.215255,0.263767,6519.78,5438.77,1.00011
alpha_std[23],0.613566,0.0149731,0.588904,0.638277,6986.93,6172.88,0.999912
alpha_std[24],0.66439,0.0151447,0.639984,0.68919,7203.56,6505.25,0.999936
alpha_std[25],0.602815,0.0151363,0.578012,0.62758,6106.49,5813.09,1.00056
alpha_std[26],0.578585,0.0152714,0.553435,0.603881,8070.98,6141.85,1.00051
alpha_std[27],0.464619,0.0150775,0.440071,0.489439,7673.54,6440.1,0.999967
alpha_std[28],0.729002,0.0153883,0.704325,0.754517,7528.36,6298.34,1.00027
alpha_std[29],1.03997,0.0159819,1.01362,1.06606,6609.31,6070.59,1.00023
alpha_std[30],1.26348,0.0169145,1.23593,1.29114,7836.92,6779.4,1.0003
alpha_std[31],1.30103,0.0171519,1.27267,1.3291,7694.36,5525.14,1.0001
alpha_std[32],1.20256,0.0167255,1.17495,1.23014,7040.77,6082.68,1.00012
alpha_std[33],1.40243,0.0165196,1.3751,1.42978,12035.3,6627.23,1.00023
alpha_std[34],0.830809,0.0155377,0.805215,0.856722,7811.53,6862.61,1.00007
alpha_std[35],0.701613,0.0155691,0.676587,0.727202,7295.55,7006.13,1.00112
alpha_std[36],0.301431,0.0150493,0.276713,0.326129,7119.69,6079.2,1.00037
alpha_std[37],0.0719174,0.0148739,0.0473258,0.0961488,6606.13,6230.07,0.999864
alpha_std[38],0.697331,0.0153595,0.671839,0.722274,6684.21,6777.14,1.00025
alpha_std[39],0.649563,0.0152436,0.624747,0.674732,6099.01,5884.68,1.00076
alpha_std[40],0.872338,0.0157435,0.846261,0.897995,6815.76,6404.52,1.0004
alpha_std[41],0.807253,0.0153503,0.78225,0.832659,7083.24,6901.77,1.00031
alpha_std[42],0.0126663,0.0149011,-0.011545,0.0371425,7503.32,6098.8,1.00052
alpha_std[43],-0.0974699,0.0148373,-0.121769,-0.073214,6801.85,4778.29,1.00023
alpha_std[44],0.982014,0.0160853,0.955788,1.0093,8701.52,5782.53,1.0
alpha_std[45],0.951957,0.015767,0.925757,0.977803,6659.94,6721.3,1.00015
alpha_std[46],0.484827,0.0153375,0.459627,0.509873,5285.42,4983.77,0.999871
alpha_std[47],0.417394,0.0147617,0.39331,0.441579,7387.74,6397.62,1.00138
alpha_std[48],-0.287125,0.017062,-0.315332,-0.259548,7581.9,6160.53,1.0001
alpha_std[49],0.418195,0.0148607,0.393503,0.443065,6347.75,5830.29,1.00109
alpha_std[50],0.745408,0.0156377,0.719458,0.770522,6092.0,5798.56,1.00057
alpha_std[51],1.26309,0.0163965,1.23556,1.29024,7999.7,6535.8,1.00038
alpha_std[52],0.983394,0.015693,0.957535,1.00927,6408.2,5255.33,1.00029
alpha_std[53],-0.274664,0.0155474,-0.300023,-0.249111,6320.88,6071.1,1.00057
alpha_std[54],-0.101618,0.0149327,-0.125854,-0.0772068,7189.37,6441.01,1.00013
alpha_std[55],0.0750209,0.0147891,0.0507427,0.0998201,6385.11,4990.38,1.00055
alpha_std[56],0.176215,0.0147128,0.151512,0.200283,7215.88,6267.6,1.00054
alpha_std[57],0.432727,0.0147287,0.408656,0.457091,5915.33,5821.96,1.00072
alpha_std[58],0.464213,0.0147295,0.439828,0.488959,7396.33,6137.11,1.00133
alpha_std[59],-0.197927,0.0157781,-0.223682,-0.171708,5901.41,6127.9,1.00023
alpha_std[60],-0.381328,0.0157359,-0.407346,-0.355106,6790.01,5913.31,1.00047
alpha_std[61],0.280108,0.0145979,0.25565,0.303955,6625.14,6217.75,1.00024
alpha_std[62],0.255232,0.0147364,0.231251,0.279556,7008.38,6144.34,1.00088
alpha_std[63],0.330236,0.0144971,0.306141,0.354038,6722.75,4640.59,1.00056
alpha_std[64],0.274661,0.0149571,0.250406,0.299205,7539.36,6382.47,1.0005
alpha_std[65],0.678745,0.0150484,0.654181,0.703228,6352.81,6747.06,1.00043
alpha_std[66],1.05654,0.0159468,1.03051,1.08283,7252.21,6711.69,0.999937
alpha_std[67],0.578541,0.0151465,0.553398,0.603382,6987.56,6092.38,1.00195
alpha_std[68],0.559637,0.0149515,0.535326,0.583959,6346.5,5971.3,1.00031
alpha_std[69],0.0531442,0.0151197,0.0285036,0.0776987,6473.25,5470.83,1.00063
alpha_std[70],-0.125158,0.0149821,-0.150007,-0.100466,7219.73,5675.49,1.00027
alpha_std[71],0.339531,0.014956,0.31518,0.364599,7066.93,5475.71,1.00028
alpha_std[72],1.03376,0.0161544,1.00695,1.06035,6484.26,5987.69,1.0002
alpha_std[73],0.923291,0.0158418,0.897102,0.949169,7131.35,6647.79,0.999938
alpha_std[74],1.02747,0.0159006,1.00123,1.05377,6842.44,6713.43,1.00054
alpha_std[75],0.562757,0.0149511,0.538296,0.587744,6288.71,4965.59,1.00043
alpha_std[76],0.530715,0.0149904,0.50574,0.555512,6405.71,5180.91,1.0003
alpha_std[77],0.600424,0.0151262,0.575129,0.624889,6703.13,5854.51,0.99995
alpha_std[78],0.308288,0.0145694,0.284633,0.332337,5446.41,5829.1,1.00044
alpha_std[79],0.212721,0.01569,0.187168,0.238935,5847.53,4714.0,1.00017
alpha_std[80],0.446145,0.0145888,0.422389,0.470372,6013.17,3976.92,1.00022
alpha_std[81],0.409023,0.0145872,0.38499,0.433146,6371.93,6431.75,1.00041
alpha_std[82],0.951366,0.0156672,0.925548,0.97737,6536.87,6087.91,1.00068
alpha_std[83],0.646708,0.0153872,0.621374,0.671669,8299.38,6483.58,0.99974
alpha_std[84],0.349224,0.0146981,0.324899,0.373133,6887.5,5352.38,1.00056
alpha_std[85],0.856213,0.0160028,0.830126,0.882196,8034.99,6334.83,1.00025
alpha_std[86],0.598933,0.0150546,0.574372,0.623384,6638.11,5644.38,1.0005
alpha_std[87],-0.0633195,0.0184681,-0.0937668,-0.0331049,5923.82,6263.83,1.00071
alpha_std[88],-0.251781,0.0184137,-0.281989,-0.221768,7217.64,6212.58,1.0001
alpha_std[89],0.306649,0.0146281,0.282273,0.330855,7181.65,5842.07,1.00032
alpha_std[90],0.430611,0.014928,0.405814,0.455672,7223.06,6367.44,1.00085
alpha_std[91],0.0670251,0.0147445,0.0432019,0.0917691,6435.49,5118.58,1.00135
alpha_std[92],0.131191,0.0144248,0.107854,0.155222,6033.51,5306.74,1.00015
alpha_std[93],0.535309,0.0150263,0.511118,0.56002,6276.77,6056.88,1.00036
alpha_std[94],0.681395,0.0149887,0.656874,0.705944,6050.48,6495.41,1.00073
alpha_std[95],0.139308,0.0157844,0.11357,0.165408,4745.65,4604.51,1.00089
alpha_std[96],0.719694,0.0150612,0.694956,0.74424,6949.07,5572.49,1.00096
alpha_std[97],-0.107604,0.014994,-0.132602,-0.0829815,7414.5,5367.67,1.00002
alpha_std[98],-0.0909991,0.0151797,-0.11559,-0.0657792,7271.7,5184.55,1.00075
alpha_std[99],0.449534,0.0149785,0.424472,0.473988,6776.35,5975.51,1.00065
alpha_std[100],0.465011,0.0150742,0.440559,0.490042,6791.77,6021.37,1.00033
"beta_language_std[1,1]",0.100689,0.0286282,0.0529832,0.148404,16617.8,5699.03,1.0012
"beta_language_std[1,2]",0.252318,0.0303509,0.202081,0.302525,16731.0,5692.24,1.00025
"beta_language_std[1,3]",0.347578,0.0320111,0.294746,0.400285,13729.0,4565.29,1.00038
"beta_language_std[1,4]",-0.0800922,0.0293399,-0.12782,-0.0315357,15003.5,5603.28,1.00042
"beta_language_std[1,5]",0.194487,0.0291202,0.146635,0.242104,14740.8,5481.6,1.00149
"beta_language_std[1,6]",-0.393829,0.0409698,-0.460911,-0.326682,15766.8,5460.08,1.00188
"beta_language_std[1,7]",0.0613027,0.0289332,0.0140381,0.109576,13905.8,5853.0,1.00057
"beta_language_std[1,8]",0.0536485,0.0295227,0.00457616,0.102016,15966.2,5592.81,1.00056
"beta_language_std[1,9]",0.127658,0.0308993,0.0759031,0.179213,16274.8,5473.64,1.00054
"beta_language_std[1,10]",-0.537243,0.0299184,-0.586456,-0.488583,13600.6,5326.94,1.00008
"beta_language_std[1,11]",0.00930033,0.0263613,-0.0335605,0.0534845,15213.6,5116.73,1.00101
"beta_language_std[1,12]",-0.135817,0.0618395,-0.235445,-0.0364181,1723.0,1399.32,1.00496
"beta_language_std[2,1]",0.0943886,0.0271561,0.0492701,0.139917,16829.5,5783.44,1.00057
"beta_language_std[2,2]",-0.0479584,0.0275879,-0.0936098,-0.00157698,17018.1,6316.76,1.00061
"beta_language_std[2,3]",0.525094,0.0305536,0.474827,0.575376,18148.2,5642.48,1.00043
"beta_language_std[2,4]",0.0697551,0.027708,0.0235824,0.115796,18555.4,5827.39,0.999929
"beta_language_std[2,5]",0.219338,0.0289038,0.172413,0.267176,17776.7,5517.11,1.00185
"beta_language_std[2,6]",-0.304247,0.0390718,-0.368441,-0.23901,18107.5,5284.69,1.00011
"beta_language_std[2,7]",0.177445,0.0281646,0.131513,0.223788,16535.6,5738.59,1.00046
"beta_language_std[2,8]",0.103866,0.0283054,0.0569299,0.151437,18408.6,5831.96,1.0011
"beta_language_std[2,9]",-0.0908365,0.0282747,-0.137508,-0.0440574,18338.5,5415.75,1.00051
"beta_language_std[2,10]",-0.528912,0.027701,-0.574983,-0.483594,18304.7,5925.36,1.00092
"beta_language_std[2,11]",-0.0511161,0.0243805,-0.0916054,-0.0102746,10556.3,4801.12,1.00071
"beta_language_std[2,12]",-0.166817,0.0304128,-0.217066,-0.118484,2124.16,3177.21,1.00311
"beta_language_std[3,1]",0.156101,0.0291532,0.108137,0.204121,15694.4,5585.31,1.00192
"beta_language_std[3,2]",0.0316647,0.0296423,-0.0167867,0.0809619,13565.1,5021.36,1.00025
"beta_language_std[3,3]",0.442563,0.0324619,0.388103,0.496778,11343.0,4830.8,1.00066
"beta_language_std[3,4]",0.0481454,0.030204,-0.00094975,0.0976606,16310.0,5564.36,1.00034
"beta_language_std[3,5]",0.286616,0.030627,0.236124,0.337682,13806.9,5786.66,1.00032
"beta_language_std[3,6]",-0.324871,0.0396831,-0.390842,-0.259599,14746.6,5642.26,1.00163
"beta_language_std[3,7]",0.112667,0.0298324,0.0645051,0.161741,13287.1,5218.04,1.00147
"beta_language_std[3,8]",0.103953,0.0303987,0.0536044,0.153562,13950.4,5139.82,0.999973
"beta_language_std[3,9]",-0.0477479,0.0302538,-0.0977181,0.00234899,13780.6,5041.03,1.00001
"beta_language_std[3,10]",-0.595256,0.02965,-0.643587,-0.546231,13966.8,6170.14,1.00058
"beta_language_std[3,11]",-0.0865419,0.0257876,-0.129406,-0.0443398,13663.1,5231.65,1.00022
"beta_language_std[3,12]",-0.127292,0.0623051,-0.223865,-0.0224482,1568.46,1362.84,1.00753
"beta_language_std[4,1]",0.17415,0.0284883,0.127467,0.220932,16116.3,6326.06,1.00023
"beta_language_std[4,2]",-0.085051,0.0276782,-0.131322,-0.0397953,15308.8,5350.28,1.00047
"beta_language_std[4,3]",0.363413,0.0303257,0.313243,0.413583,15601.3,5825.93,1.0005
"beta_language_std[4,4]",0.0145336,0.0279139,-0.0315757,0.0604584,15084.3,4956.52,1.00104
"beta_language_std[4,5]",0.182942,0.0285783,0.13681,0.230344,16015.9,5674.68,1.00065
"beta_language_std[4,6]",-0.204294,0.0394264,-0.268976,-0.138746,14726.6,6232.56,0.999999
"beta_language_std[4,7]",0.129806,0.0281857,0.0830487,0.176028,13627.9,4811.29,1.00016
"beta_language_std[4,8]",0.0976061,0.0283625,0.0507554,0.144572,15117.4,5886.69,1.00033
"beta_language_std[4,9]",-0.0246883,0.0284006,-0.0712844,0.0222776,14858.0,5131.44,1.0
"beta_language_std[4,10]",-0.479692,0.0270835,-0.524332,-0.435824,11940.7,4707.26,0.999945
"beta_language_std[4,11]",-0.0396506,0.0226844,-0.0772141,-0.00231495,11354.5,5771.14,1.00143
"beta_language_std[4,12]",-0.129074,0.0638444,-0.226597,-0.020933,1756.73,1515.86,1.00462
"beta_language_std[5,1]",0.144055,0.0283299,0.0976499,0.19022,13860.1,4935.97,1.0005
"beta_language_std[5,2]",0.0399976,0.0277422,-0.00617229,0.086257,17143.1,5400.05,1.00037
"beta_language_std[5,3]",0.396544,0.030497,0.347604,0.447599,17786.2,5295.85,1.00094
"beta_language_std[5,4]",0.0248642,0.0282425,-0.0212597,0.0719265,14403.4,5791.1,1.00006
"beta_language_std[5,5]",0.217057,0.028448,0.171218,0.264091,12233.5,5793.96,1.0001
"beta_language_std[5,6]",-0.275021,0.0389266,-0.339823,-0.211992,18099.4,5743.25,1.00057
"beta_language_std[5,7]",0.0981435,0.0281861,0.0518383,0.143861,12834.1,4843.84,1.00005
"beta_language_std[5,8]",0.0806376,0.028851,0.0343594,0.128565,13678.3,5688.06,1.00016
"beta_language_std[5,9]",-0.10223,0.0284071,-0.148789,-0.0551855,15967.9,5741.07,1.00006
"beta_language_std[5,10]",-0.452203,0.0270998,-0.497072,-0.40798,14403.4,5315.76,0.999915
"beta_language_std[5,11]",-0.0404772,0.0228667,-0.0779403,-0.00252311,11114.7,6000.2,1.00123
"beta_language_std[5,12]",-0.131367,0.062927,-0.228241,-0.0256329,1913.23,1475.99,1.00662
"beta_language_std[6,1]",0.0686244,0.0264941,0.0251263,0.112261,15263.5,5468.85,1.00024
"beta_language_std[6,2]",-0.0120191,0.0269134,-0.0563523,0.0328498,12926.0,5366.67,1.00124
"beta_language_std[6,3]",0.335026,0.0289395,0.287453,0.382966,16350.7,5843.32,1.00041
"beta_language_std[6,4]",-0.0355579,0.0273161,-0.0803212,0.00923436,12598.9,5719.36,1.00089
"beta_language_std[6,5]",0.057338,0.0270095,0.0127503,0.101758,15911.3,6052.02,1.0016
"beta_language_std[6,6]",-0.192896,0.0389862,-0.258605,-0.127901,16192.1,5559.67,1.00016
"beta_language_std[6,7]",0.0294473,0.0268081,-0.0143001,0.0730182,15275.8,5545.89,1.00053
"beta_language_std[6,8]",0.0441776,0.0274062,-0.000697761,0.0889477,14853.3,5524.7,1.0021
"beta_language_std[6,9]",-0.00118543,0.0281165,-0.0470674,0.0448761,13508.2,5170.98,1.00153
"beta_language_std[6,10]",-0.129714,0.0272119,-0.17504,-0.0850699,14699.5,5423.61,1.0005
"beta_language_std[6,11]",-0.02248,0.022356,-0.0595562,0.0142933,13634.3,5880.22,1.00075
"beta_language_std[6,12]",-0.140761,0.063246,-0.24243,-0.0371576,2556.08,2197.25,1.0077
"beta_language_std[7,1]",0.104708,0.0269895,0.0596192,0.148161,15513.7,5917.56,1.00094
"beta_language_std[7,2]",-0.00473474,0.0275911,-0.0499632,0.0410649,12579.2,5321.22,1.00153
"beta_language_std[7,3]",0.26586,0.0283467,0.219302,0.312339,14770.0,5654.72,1.00084
"beta_language_std[7,4]",0.0156612,0.0280871,-0.0300554,0.0619014,14574.4,4897.73,1.00135
"beta_language_std[7,5]",0.0305483,0.0267633,-0.0137986,0.0748612,15552.3,5620.59,1.00117
"beta_language_std[7,6]",-0.122027,0.0392061,-0.185826,-0.0574125,16133.2,6013.45,1.00015
"beta_language_std[7,7]",0.0305333,0.0269558,-0.0145649,0.0753978,17627.2,5602.89,1.00011
"beta_language_std[7,8]",-0.00756038,0.0278358,-0.0537806,0.0382403,17029.8,5843.05,1.00101
"beta_language_std[7,9]",0.0434144,0.0274356,-0.00110565,0.0887066,14027.4,4798.88,1.00168
"beta_language_std[7,10]",-0.175096,0.0266511,-0.21845,-0.130305,14682.0,5704.78,1.00047
"beta_language_std[7,11]",-0.0410901,0.0219437,-0.0767731,-0.0053144,12040.2,5222.95,1.00079
"beta_language_std[7,12]",-0.140216,0.0615512,-0.238762,-0.040721,1714.36,2168.89,1.00365
"beta_language_std[8,1]",0.0514191,0.0262943,0.00767753,0.0940636,16803.7,5738.59,0.999866
"beta_language_std[8,2]",0.068576,0.0268389,0.0243154,0.113099,12768.0,5222.32,1.00032
"beta_language_std[8,3]",0.121131,0.0277962,0.0755583,0.166829,16116.9,5965.41,1.00055
"beta_language_std[8,4]",-0.010021,0.0272238,-0.054621,0.0348324,15645.5,6041.66,1.00099
"beta_language_std[8,5]",-0.0124147,0.0269584,-0.0567963,0.0316694,14361.2,5525.47,0.999791
"beta_language_std[8,6]",-0.0436341,0.0390683,-0.107004,0.0185874,16951.8,5569.1,1.00126
"beta_language_std[8,7]",-0.0222464,0.0267285,-0.0667723,0.0215933,14063.7,5380.33,1.00134
"beta_language_std[8,8]",-0.00133487,0.0275194,-0.0460759,0.0431163,15820.9,5760.07,1.00005
"beta_language_std[8,9]",0.0504469,0.0277251,0.0048534,0.0960355,14777.8,4884.87,1.00039
"beta_language_std[8,10]",-0.0486864,0.0252786,-0.0905111,-0.0067066,15192.1,5886.41,1.00061
"beta_language_std[8,11]",-0.00806581,0.0221745,-0.0445633,0.0281928,13565.2,5304.51,0.999887
"beta_language_std[8,12]",-0.14517,0.0618374,-0.248066,-0.0458333,1998.51,2118.26,1.00716
"beta_language_std[9,1]",0.147859,0.0277906,0.102281,0.193681,14444.8,5553.68,1.0009
"beta_language_std[9,2]",0.0720227,0.0282273,0.0252496,0.118551,15124.5,5642.0,1.00135
"beta_language_std[9,3]",0.52671,0.0316513,0.474981,0.578289,14605.3,5509.31,1.00043
"beta_language_std[9,4]",-0.0266502,0.0282955,-0.0721393,0.0192095,13340.0,5634.94,1.0
"beta_language_std[9,5]",0.140695,0.027549,0.0962218,0.186028,13594.8,5419.84,1.00082
"beta_language_std[9,6]",-0.348084,0.0384055,-0.411564,-0.285413,17039.2,6336.64,0.99988
"beta_language_std[9,7]",0.0961153,0.0281461,0.0500086,0.142239,11469.1,4390.0,1.00102
"beta_language_std[9,8]",-0.0181492,0.028609,-0.065714,0.0290478,15134.3,4941.45,1.00057
"beta_language_std[9,9]",0.0136415,0.0293935,-0.0345473,0.061263,12867.6,4106.96,1.00038
"beta_language_std[9,10]",-0.482793,0.0263391,-0.526242,-0.439806,16418.2,5570.98,1.00076
"beta_language_std[9,11]",0.0126682,0.0233236,-0.0254411,0.0514057,12102.8,5728.94,1.00038
"beta_language_std[9,12]",-0.134034,0.0631739,-0.233578,-0.0298613,1883.14,1517.22,1.00726
"beta_language_std[10,1]",0.144814,0.0284059,0.0982903,0.191318,15845.3,6465.92,1.00025
"beta_language_std[10,2]",0.274221,0.0286157,0.226317,0.322077,13343.1,4991.49,0.999801
"beta_language_std[10,3]",0.301974,0.030775,0.251535,0.352613,15648.3,5171.15,1.00048
"beta_language_std[10,4]",-0.100573,0.0282059,-0.146912,-0.0547302,14400.2,5212.41,1.00088
"beta_language_std[10,5]",-0.0080028,0.0279363,-0.0541338,0.037842,13791.3,6106.06,1.00025
"beta_language_std[10,6]",-0.367478,0.0386738,-0.430355,-0.304886,15485.9,5518.13,1.00048
"beta_language_std[10,7]",-0.00789486,0.0276142,-0.0536483,0.0376814,14924.0,5928.92,1.00039
"beta_language_std[10,8]",-0.0629313,0.0288403,-0.109852,-0.0153765,14653.0,5494.18,1.00115
"beta_language_std[10,9]",0.126699,0.0290991,0.078995,0.174416,15477.0,5673.73,0.999868
"beta_language_std[10,10]",-0.458499,0.0266287,-0.502405,-0.414428,13147.6,5560.83,1.0007
"beta_language_std[10,11]",0.300529,0.0240044,0.261153,0.340506,13214.7,5455.48,1.00117
"beta_language_std[10,12]",-0.142857,0.0617596,-0.243784,-0.0425092,1918.63,1926.78,1.0086
"beta_language_std[11,1]",0.124726,0.0279101,0.0788881,0.171192,13553.2,5766.81,1.00063
"beta_language_std[11,2]",0.358075,0.0284886,0.310727,0.404748,15185.9,5989.37,1.00033
"beta_language_std[11,3]",0.18458,0.0291058,0.13645,0.233362,14212.3,4942.81,1.00114
"beta_language_std[11,4]",-0.05486,0.0273925,-0.0999221,-0.00987724,16046.6,5417.14,1.00165
"beta_language_std[11,5]",-0.0205008,0.0278327,-0.0664964,0.0253898,13281.8,5953.16,1.0003
"beta_language_std[11,6]",-0.345487,0.0388369,-0.40929,-0.281927,14008.7,5365.97,1.00164
"beta_language_std[11,7]",-0.0231149,0.0276219,-0.0688473,0.022209,15903.3,5490.87,1.00034
"beta_language_std[11,8]",-0.0497171,0.0283295,-0.0964417,-0.00335016,16753.0,5864.78,0.999863
"beta_language_std[11,9]",0.136292,0.0287512,0.0890471,0.184179,13974.7,5373.27,1.00024
"beta_language_std[11,10]",-0.485373,0.0269282,-0.529897,-0.441838,12031.9,4319.38,0.999853
"beta_language_std[11,11]",0.318694,0.0245252,0.278562,0.359113,15066.3,5949.59,1.0013
"beta_language_std[11,12]",-0.143314,0.063928,-0.248264,-0.0400273,2143.08,2356.93,1.00788
"beta_language_std[12,1]",0.107072,0.0273548,0.0616648,0.152302,14635.8,5628.7,0.999994
"beta_language_std[12,2]",0.0888592,0.0276725,0.0434936,0.134113,13518.9,5287.26,1.00096
"beta_language_std[12,3]",0.327237,0.0300043,0.277662,0.376908,15139.2,5434.71,1.00028
"beta_language_std[12,4]",-0.115199,0.0280339,-0.160903,-0.0691648,13341.4,4752.08,1.0005
"beta_language_std[12,5]",0.142098,0.0273272,0.0971233,0.185823,12479.5,5871.09,1.00026
"beta_language_std[12,6]",-0.221103,0.0385889,-0.284351,-0.158353,14130.9,5092.83,0.999822
"beta_language_std[12,7]",0.058921,0.0275378,0.0142263,0.104127,15666.8,5860.8,0.999973
"beta_language_std[12,8]",-0.025975,0.028428,-0.0726915,0.0214193,14635.1,5361.47,1.00075
"beta_language_std[12,9]",0.00556935,0.0275583,-0.0398289,0.0505106,12503.3,5654.08,1.00065
"beta_language_std[12,10]",-0.316844,0.0267567,-0.360814,-0.272683,12813.4,5700.36,1.00023
"beta_language_std[12,11]",0.0883654,0.0235956,0.0488059,0.126796,12325.9,5621.3,1.00002
"beta_language_std[12,12]",-0.139001,0.0610943,-0.238888,-0.0395178,2031.54,2182.31,1.00441
"beta_language_std[13,1]",0.0899587,0.0298123,0.0404354,0.139009,19620.0,5495.28,1.00152
"beta_language_std[13,2]",0.0625808,0.0297336,0.0144627,0.111294,16381.9,5572.77,1.00006
"beta_language_std[13,3]",0.36189,0.0329866,0.306609,0.416276,17748.9,5704.34,1.0008
"beta_language_std[13,4]",0.0299391,0.0296168,-0.0188855,0.0788685,19512.4,5975.11,1.00048
"beta_language_std[13,5]",0.272218,0.0309134,0.221694,0.323959,16990.6,5872.8,1.0008
"beta_language_std[13,6]",-0.367846,0.0400672,-0.433431,-0.301419,14142.7,5812.02,1.0011
"beta_language_std[13,7]",0.0494901,0.0294645,0.00146574,0.097979,17584.7,6084.79,0.999768
"beta_language_std[13,8]",0.0423503,0.0309587,-0.00792246,0.0930409,16362.4,5261.89,1.00056
"beta_language_std[13,9]",0.115762,0.0314021,0.0643919,0.167565,19113.0,5646.35,1.00105
"beta_language_std[13,10]",-0.480253,0.0295447,-0.528014,-0.431982,17147.4,5695.82,1.00107
"beta_language_std[13,11]",-0.00308103,0.0258774,-0.0461368,0.0393785,15463.5,4810.56,1.00118
"beta_language_std[13,12]",-0.173009,0.0293267,-0.221761,-0.125798,1757.62,4090.29,1.00402
"beta_language_std[14,1]",0.057549,0.0311827,0.00643972,0.109261,16989.8,5188.62,1.00061
"beta_language_std[14,2]",0.251652,0.0328163,0.198114,0.306334,14124.1,5743.1,1.00026
"beta_language_std[14,3]",0.305878,0.0341495,0.249299,0.362793,14216.7,4507.83,0.999977
"beta_language_std[14,4]",-0.0832435,0.0305391,-0.132979,-0.032435,14517.3,5537.45,1.00053
"beta_language_std[14,5]",0.23831,0.031626,0.186517,0.290789,15963.8,5969.89,1.00121
"beta_language_std[14,6]",-0.356375,0.0415559,-0.424049,-0.286881,16317.3,5719.98,1.00088
"beta_language_std[14,7]",0.0554665,0.0305426,0.0058671,0.10636,16064.5,5540.37,1.00037
"beta_language_std[14,8]",-0.062342,0.0317888,-0.114087,-0.00997104,14399.4,5400.95,1.00059
"beta_language_std[14,9]",0.177049,0.0338231,0.122247,0.232911,15134.4,5518.23,0.999742
"beta_language_std[14,10]",-0.49756,0.0300664,-0.54714,-0.447902,16162.6,5236.82,1.00172
"beta_language_std[14,11]",0.0510476,0.0269095,0.00729984,0.0957878,12426.4,4967.59,0.999996
"beta_language_std[14,12]",-0.137432,0.0633077,-0.239652,-0.0329025,2218.2,1632.74,1.00465
"beta_language_std[15,1]",0.0581852,0.0271325,0.0131676,0.103492,14291.7,5233.89,1.00116
"beta_language_std[15,2]",-0.0283989,0.0266663,-0.07293,0.0149573,15604.7,5225.56,1.00074
"beta_language_std[15,3]",0.348565,0.0286986,0.301492,0.395533,14006.0,5324.61,1.00056
"beta_language_std[15,4]",0.0353628,0.0273771,-0.010053,0.0800748,11038.2,4660.08,1.00138
"beta_language_std[15,5]",-0.00950317,0.0272255,-0.0539987,0.035945,14913.9,5778.61,1.0002
"beta_language_std[15,6]",-0.183013,0.0387215,-0.245238,-0.119356,14128.2,4875.4,1.00039
"beta_language_std[15,7]",0.120943,0.0281932,0.0742138,0.166861,15821.3,4995.09,1.00083
"beta_language_std[15,8]",0.022258,0.027324,-0.0224584,0.0670401,14088.3,6255.1,1.00083
"beta_language_std[15,9]",0.0238756,0.027652,-0.0205495,0.0694104,14145.1,5455.99,1.00167
"beta_language_std[15,10]",-0.229123,0.0270693,-0.27348,-0.184275,12371.7,4788.7,1.00066
"beta_language_std[15,11]",-0.020853,0.0224827,-0.0578842,0.0159214,13014.6,5044.1,1.00165
"beta_language_std[15,12]",-0.138299,0.0634329,-0.239797,-0.0343012,1955.93,2055.13,1.00695
"beta_language_std[16,1]",0.0956825,0.0272242,0.0511284,0.141139,14844.3,5975.05,1.00069
"beta_language_std[16,2]",-0.0332806,0.0271566,-0.0771991,0.0115702,13700.1,5488.31,1.00056
"beta_language_std[16,3]",0.331243,0.0297504,0.282746,0.380793,14034.3,6011.01,1.00048
"beta_language_std[16,4]",0.060397,0.027585,0.0150856,0.106054,12851.2,5608.24,1.00082
"beta_language_std[16,5]",0.0312629,0.0274677,-0.0147025,0.0756979,14937.6,5224.89,0.999957
"beta_language_std[16,6]",-0.217112,0.0396478,-0.282258,-0.151693,14532.9,5820.07,1.00032
"beta_language_std[16,7]",0.0595418,0.0273576,0.0148728,0.104357,15020.7,5435.94,0.999709
"beta_language_std[16,8]",0.0100227,0.0276152,-0.0351609,0.055183,17355.2,5935.55,1.00101
"beta_language_std[16,9]",0.0286271,0.0275307,-0.0161545,0.0745198,14157.6,5462.81,1.00051
"beta_language_std[16,10]",-0.23304,0.0278865,-0.27899,-0.187579,15588.5,5632.45,1.00197
"beta_language_std[16,11]",0.00463989,0.0245994,-0.0365669,0.0449593,13252.4,5349.93,1.00088
"beta_language_std[16,12]",-0.137984,0.0628322,-0.238384,-0.0369994,2238.35,2307.46,1.00601
"beta_language_std[17,1]",0.13979,0.0277719,0.0942326,0.185801,15286.6,5833.52,0.999951
"beta_language_std[17,2]",-0.0207631,0.0278387,-0.0667946,0.024689,15238.0,5436.97,1.00323
"beta_language_std[17,3]",0.389775,0.0304261,0.340092,0.439816,16462.1,5747.63,1.00073
"beta_language_std[17,4]",0.0720391,0.0283897,0.0247978,0.118879,13221.5,5813.1,1.00042
"beta_language_std[17,5]",0.178191,0.0277013,0.132748,0.223437,14961.3,5325.7,1.00135
"beta_language_std[17,6]",-0.327267,0.0386529,-0.390921,-0.263888,15140.8,5900.81,1.00039
"beta_language_std[17,7]",0.098327,0.0273379,0.0534186,0.143458,15751.4,5663.79,1.00052
"beta_language_std[17,8]",0.0468968,0.0283657,-1.17767e-05,0.0933539,14800.8,5376.69,1.00156
"beta_language_std[17,9]",0.0992972,0.0282283,0.0533088,0.145892,14324.4,5216.68,1.00051
"beta_language_std[17,10]",-0.582552,0.0277047,-0.627755,-0.537522,12668.2,5881.09,1.001
"beta_language_std[17,11]",0.034436,0.02454,-0.00593466,0.0750267,11297.4,5402.22,1.00122
"beta_language_std[17,12]",-0.12817,0.0628465,-0.22532,-0.025656,1726.1,1554.19,1.0057
"beta_language_std[18,1]",0.0488342,0.029155,0.00180749,0.0968622,15801.1,5648.24,1.00078
"beta_language_std[18,2]",0.125623,0.0302555,0.0758545,0.17546,21290.8,5804.55,1.00017
"beta_language_std[18,3]",0.269902,0.0324057,0.21705,0.322642,16433.5,5536.84,1.00024
"beta_language_std[18,4]",-0.0146684,0.0298528,-0.0640604,0.0357817,17758.2,5162.58,1.00151
"beta_language_std[18,5]",0.216587,0.0302139,0.167546,0.266432,16627.2,5925.48,1.00068
"beta_language_std[18,6]",-0.376724,0.0392381,-0.442018,-0.311686,18173.3,6079.86,1.0007
"beta_language_std[18,7]",0.0707892,0.0289631,0.0239633,0.117998,16700.0,5283.03,1.00046
"beta_language_std[18,8]",-0.0330563,0.0296964,-0.0821168,0.0156836,13795.2,4624.94,1.00204
"beta_language_std[18,9]",0.162153,0.0312235,0.111267,0.213032,16548.9,5454.87,1.00031
"beta_language_std[18,10]",-0.436672,0.0297474,-0.48537,-0.38731,20667.7,5644.9,1.00136
"beta_language_std[18,11]",0.123895,0.0269243,0.0794097,0.168435,17243.3,5866.76,1.0002
"beta_language_std[18,12]",-0.156662,0.028771,-0.204073,-0.110029,4225.8,4188.23,1.00213
"beta_language_std[19,1]",0.0490941,0.0297647,8.67653e-05,0.0987419,18414.1,5406.13,1.00139
"beta_language_std[19,2]",0.117407,0.0302525,0.0683799,0.167207,15636.9,5842.85,1.00077
"beta_language_std[19,3]",0.310795,0.0324936,0.257959,0.363906,18767.0,5778.27,1.0023
"beta_language_std[19,4]",-0.0343413,0.0289271,-0.0818628,0.0134386,16604.6,5517.51,1.00015
"beta_language_std[19,5]",0.220496,0.0307578,0.170375,0.270766,15455.4,5430.54,1.0005
"beta_language_std[19,6]",-0.387673,0.0398239,-0.452725,-0.321849,17088.4,5957.32,1.0008
"beta_language_std[19,7]",0.040438,0.0290407,-0.00722955,0.089053,19328.9,5720.56,1.00013
"beta_language_std[19,8]",-0.00398183,0.029913,-0.0533481,0.0461646,17359.6,5833.93,1.00126
"beta_language_std[19,9]",0.191497,0.0322353,0.138393,0.244952,19678.0,4971.45,1.00155
"beta_language_std[19,10]",-0.417205,0.030293,-0.466602,-0.367136,17396.8,4808.46,1.00044
"beta_language_std[19,11]",0.0566889,0.0266705,0.0127905,0.100967,17120.8,4821.35,1.00071
"beta_language_std[19,12]",-0.143215,0.0281373,-0.189068,-0.0965398,5910.49,4586.5,1.00155
"beta_language_std[20,1]",0.0130369,0.0292546,-0.0350189,0.0608304,11057.3,4784.48,1.00011
"beta_language_std[20,2]",0.367518,0.0320688,0.315297,0.420029,15428.9,5756.12,1.00023
"beta_language_std[20,3]",0.243334,0.0322551,0.190304,0.296021,16208.4,5660.74,0.999915
"beta_language_std[20,4]",-0.0935109,0.0298814,-0.142597,-0.0442392,16041.6,5606.72,1.00222
"beta_language_std[20,5]",0.162601,0.0305523,0.111832,0.213199,13476.0,5166.49,1.00064
"beta_language_std[20,6]",-0.446596,0.0413663,-0.51472,-0.379046,16703.2,6097.5,1.00128
"beta_language_std[20,7]",0.015682,0.0303305,-0.0341819,0.0659587,15929.2,5758.85,1.00123
"beta_language_std[20,8]",-0.080435,0.0309668,-0.130768,-0.0285398,15851.9,5932.93,1.0021
"beta_language_std[20,9]",0.180102,0.0317289,0.12854,0.232903,17948.2,5238.4,1.00056
"beta_language_std[20,10]",-0.397152,0.0284098,-0.443552,-0.349957,13364.2,5462.12,1.00094
"beta_language_std[20,11]",0.178405,0.0266145,0.134871,0.222667,15435.8,6215.81,1.00004
"beta_language_std[20,12]",-0.142985,0.0630196,-0.244528,-0.0407076,2129.62,1803.31,1.00518
"beta_language_std[21,1]",0.024653,0.0271121,-0.0200538,0.0698646,14792.4,4985.28,1.00092
"beta_language_std[21,2]",0.0471121,0.0265823,0.0032532,0.0905829,13781.7,4870.83,1.00109
"beta_language_std[21,3]",0.115959,0.028065,0.0699604,0.16196,16182.4,5613.41,1.00069
"beta_language_std[21,4]",-0.0414535,0.0274774,-0.0866735,0.00358384,14107.8,6057.73,1.00024
"beta_language_std[21,5]",0.0910706,0.0265913,0.047106,0.135639,15001.0,5391.78,1.00039
"beta_language_std[21,6]",-0.152622,0.0384754,-0.215957,-0.0901299,15360.8,6061.44,1.00024
"beta_language_std[21,7]",0.0336502,0.0266252,-0.0104666,0.0774977,15518.8,6034.39,1.00035
"beta_language_std[21,8]",-0.0547492,0.0279496,-0.10054,-0.00821616,13309.9,4050.99,1.00025
"beta_language_std[21,9]",0.0670955,0.0275753,0.0216185,0.112849,14820.8,5951.77,1.00076
"beta_language_std[21,10]",-0.00936143,0.0270452,-0.0535956,0.0346451,14741.4,6169.92,1.00032
"beta_language_std[21,11]",0.0225492,0.0228662,-0.0147331,0.0606613,12799.5,5490.75,1.00023
"beta_language_std[21,12]",-0.143904,0.062672,-0.249602,-0.0431115,2117.34,1679.26,1.00476
"beta_language_std[22,1]",-0.0169792,0.0261202,-0.0600573,0.0252153,13992.3,5605.95,1.00035
"beta_language_std[22,2]",0.0793644,0.0265716,0.0354635,0.123328,14060.1,5588.99,1.00008
"beta_language_std[22,3]",0.0799981,0.0279819,0.0336268,0.125525,16256.1,5272.1,1.00109
"beta_language_std[22,4]",-0.0458996,0.0275666,-0.0909401,-0.0011985,14003.9,5544.18,1.00048
"beta_language_std[22,5]",0.0978471,0.0269083,0.0536639,0.141983,14983.6,5973.83,1.00059
"beta_language_std[22,6]",-0.104621,0.0392203,-0.168855,-0.0410265,14299.8,5664.02,1.00131
"beta_language_std[22,7]",0.0235585,0.0270536,-0.0208999,0.0686339,11005.2,4471.84,1.00165
"beta_language_std[22,8]",-0.0426573,0.0277815,-0.088184,0.00336851,14144.7,5009.17,1.00002
"beta_language_std[22,9]",0.0759596,0.0283429,0.029782,0.122582,16511.7,5520.76,1.00055
"beta_language_std[22,10]",-0.0480547,0.0259527,-0.0900225,-0.00561388,14098.3,6117.49,1.00178
"beta_language_std[22,11]",0.0462816,0.022386,0.00971836,0.0831848,13615.6,5746.03,1.00007
"beta_language_std[22,12]",-0.144798,0.062773,-0.2501,-0.0454368,1979.8,1971.71,1.00537
"beta_language_std[23,1]",0.157055,0.0282137,0.110563,0.204,14962.0,6011.52,1.0008
"beta_language_std[23,2]",0.055739,0.027761,0.0109376,0.101216,13548.4,5428.26,1.00017
"beta_language_std[23,3]",0.385569,0.0307209,0.335552,0.43669,14573.2,5533.89,1.00045
"beta_language_std[23,4]",-0.0696609,0.0286506,-0.1161,-0.022632,14780.5,5530.28,1.00007
"beta_language_std[23,5]",0.145181,0.0282096,0.098916,0.191355,16017.6,5647.15,1.00027
"beta_language_std[23,6]",-0.276913,0.0383865,-0.339867,-0.213282,16004.2,5967.99,1.00013
"beta_language_std[23,7]",0.0508824,0.0280613,0.00464732,0.0975842,15732.9,5675.46,1.00039
"beta_language_std[23,8]",0.0623339,0.0294393,0.0142422,0.110792,15917.6,5594.69,1.00086
"beta_language_std[23,9]",0.00274039,0.0291753,-0.0446448,0.0508331,12454.4,5038.41,0.999839
"beta_language_std[23,10]",-0.380299,0.0268577,-0.424911,-0.335823,13996.6,5822.35,1.00046
"beta_language_std[23,11]",0.00263815,0.0230613,-0.0352847,0.0406519,14230.2,5133.06,1.00017
"beta_language_std[23,12]",-0.135267,0.0623905,-0.235656,-0.0310639,1737.54,1463.24,1.00467
"beta_language_std[24,1]",0.124108,0.0279785,0.0786783,0.170515,14320.4,5262.32,1.00084
"beta_language_std[24,2]",0.0809716,0.0283428,0.0341036,0.128118,14540.9,5684.96,1.00014
"beta_language_std[24,3]",0.293322,0.0310564,0.242729,0.344037,15392.4,5407.16,1.0016
"beta_language_std[24,4]",-0.0437943,0.0287969,-0.0909666,0.00357527,16560.0,4928.25,1.00246
"beta_language_std[24,5]",0.157366,0.027944,0.112159,0.203497,14688.5,5904.66,0.999964
"beta_language_std[24,6]",-0.260836,0.0389039,-0.325411,-0.196554,14645.0,5673.38,1.00061
"beta_language_std[24,7]",0.0530492,0.0286122,0.00657925,0.100425,14838.3,4751.45,1.00208
"beta_language_std[24,8]",0.0685406,0.0290274,0.0206807,0.11638,13678.7,5489.31,1.00161
"beta_language_std[24,9]",0.0101924,0.0295603,-0.0389457,0.058135,17691.2,5020.73,1.00036
"beta_language_std[24,10]",-0.376796,0.0267289,-0.42069,-0.333022,14312.0,5350.26,1.00145
"beta_language_std[24,11]",0.030519,0.0234427,-0.00769695,0.0688677,13188.6,5714.28,1.00104
"beta_language_std[24,12]",-0.136643,0.064239,-0.239597,-0.031947,2039.71,2124.19,1.00438
"beta_language_std[25,1]",0.158991,0.0287536,0.111989,0.205436,14800.1,5338.42,1.0006
"beta_language_std[25,2]",0.0330078,0.0281874,-0.0129098,0.0797753,15978.7,5547.52,1.00125
"beta_language_std[25,3]",0.388236,0.0306487,0.338382,0.437947,15892.9,5896.6,0.999738
"beta_language_std[25,4]",-0.0539716,0.0284471,-0.100044,-0.00701438,13951.8,5538.38,1.0013
"beta_language_std[25,5]",0.146772,0.0281388,0.100032,0.193264,14669.0,5973.77,0.999943
"beta_language_std[25,6]",-0.270724,0.0386752,-0.333221,-0.206772,14977.3,6127.19,1.00017
"beta_language_std[25,7]",0.0408395,0.0281013,-0.0053711,0.0872852,13500.6,5748.4,1.00108
"beta_language_std[25,8]",0.0629193,0.0296644,0.0137311,0.112641,14237.6,5455.07,1.00063
"beta_language_std[25,9]",-0.0100127,0.0287746,-0.0574355,0.0378132,13719.8,5873.89,1.00101
"beta_language_std[25,10]",-0.373616,0.0267671,-0.417192,-0.329188,15517.8,6047.43,1.00046
"beta_language_std[25,11]",0.0131202,0.0229367,-0.0243348,0.0505851,11159.0,5313.46,1.00018
"beta_language_std[25,12]",-0.135562,0.0633154,-0.238593,-0.0313745,1767.25,1466.16,1.00623
"beta_language_std[26,1]",0.142776,0.0280939,0.0967334,0.189557,16270.6,5786.72,1.00061
"beta_language_std[26,2]",0.0266777,0.0278311,-0.0190385,0.0717001,14180.9,5922.46,0.999948
"beta_language_std[26,3]",0.388014,0.0305793,0.337866,0.437654,16675.7,5624.34,1.00015
"beta_language_std[26,4]",-0.0190006,0.0284316,-0.0658602,0.027375,15935.8,5692.01,1.0002
"beta_language_std[26,5]",0.134931,0.0288618,0.0870013,0.182725,15275.5,5699.16,1.00006
"beta_language_std[26,6]",-0.246107,0.0383201,-0.30907,-0.182309,15632.7,5701.87,1.00019
"beta_language_std[26,7]",0.0663615,0.0278284,0.0204024,0.111566,13268.2,6019.29,1.0
"beta_language_std[26,8]",0.0529876,0.0289026,0.00579726,0.100596,16555.2,6086.47,1.00013
"beta_language_std[26,9]",-0.0584643,0.0284201,-0.105891,-0.0119258,16939.0,5619.9,1.00019
"beta_language_std[26,10]",-0.374282,0.0272177,-0.418526,-0.329194,16320.5,5366.94,1.00044
"beta_language_std[26,11]",0.0218071,0.023331,-0.0160422,0.0597943,13938.3,5022.66,1.00024
"beta_language_std[26,12]",-0.1357,0.0623771,-0.234419,-0.0326994,2352.41,1937.0,1.00346
"beta_language_std[27,1]",0.0287878,0.027199,-0.015942,0.0728072,14239.2,4948.37,1.00133
"beta_language_std[27,2]",0.00885083,0.0275966,-0.036572,0.0546381,14096.0,6154.81,0.99999
"beta_language_std[27,3]",0.368298,0.0301987,0.318116,0.418112,14164.2,5406.19,1.00088
"beta_language_std[27,4]",0.0289946,0.0283895,-0.016975,0.0761619,14887.1,5643.97,1.00026
"beta_language_std[27,5]",0.137144,0.0277083,0.0916771,0.182644,16207.7,5306.72,1.00051
"beta_language_std[27,6]",-0.196289,0.0388558,-0.260793,-0.132246,13100.7,5723.09,1.00024
"beta_language_std[27,7]",0.0835738,0.0290558,0.0362227,0.130563,15571.8,5352.74,1.00079
"beta_language_std[27,8]",-0.00271951,0.0277845,-0.0484101,0.0433634,14146.4,5475.07,1.00095
"beta_language_std[27,9]",0.0431419,0.0286526,-0.00436492,0.0901302,13406.3,4784.9,1.00145
"beta_language_std[27,10]",-0.386914,0.0282663,-0.433383,-0.340415,15315.9,6091.76,1.00002
"beta_language_std[27,11]",0.0232459,0.0248111,-0.0172267,0.0643468,11542.1,5517.85,0.999905
"beta_language_std[27,12]",-0.136113,0.0629369,-0.236818,-0.0341416,1869.08,1745.49,1.00552
"beta_language_std[28,1]",0.0942483,0.0286875,0.0474273,0.141113,15945.5,5937.94,1.00045
"beta_language_std[28,2]",0.103208,0.0287502,0.0561763,0.151054,12888.9,5055.27,1.00091
"beta_language_std[28,3]",0.41551,0.0319424,0.362811,0.469014,15376.7,5312.83,1.00029
"beta_language_std[28,4]",-0.03549,0.028998,-0.0835787,0.0122889,14421.3,5858.82,1.00081
"beta_language_std[28,5]",0.180742,0.0284887,0.133456,0.228045,13554.3,5923.91,1.00076
"beta_language_std[28,6]",-0.326126,0.0395728,-0.390756,-0.260068,14123.5,5186.23,1.00115
"beta_language_std[28,7]",0.0828525,0.0285117,0.0353816,0.130317,14981.3,6208.57,1.00286
"beta_language_std[28,8]",0.000549491,0.0292948,-0.0476844,0.0491316,14491.4,5424.19,1.00077
"beta_language_std[28,9]",0.0723632,0.0294141,0.0250229,0.120344,18026.6,6040.24,0.999997
"beta_language_std[28,10]",-0.472232,0.0291966,-0.519985,-0.423872,12895.0,5459.51,1.00197
"beta_language_std[28,11]",0.0200277,0.0261833,-0.0229926,0.0632153,14484.2,4614.57,1.00105
"beta_language_std[28,12]",-0.135652,0.0621323,-0.234936,-0.0341164,1857.88,2204.06,1.00466
"beta_language_std[29,1]",-0.0279173,0.0304146,-0.0781216,0.0221427,15775.7,5962.44,0.999965
"beta_language_std[29,2]",0.322951,0.0342124,0.267199,0.379117,14916.4,5464.13,1.00034
"beta_language_std[29,3]",0.178445,0.0329948,0.123918,0.233389,14975.8,5272.39,1.00025
"beta_language_std[29,4]",-0.186831,0.0303271,-0.23653,-0.136079,15666.4,5444.52,1.00089
"beta_language_std[29,5]",0.131838,0.0307144,0.0815202,0.18239,13088.3,4982.91,0.999925
"beta_language_std[29,6]",-0.216231,0.0426234,-0.286069,-0.145965,14210.7,6005.2,1.00112
"beta_language_std[29,7]",-0.126528,0.03045,-0.176647,-0.0765576,15927.7,5815.59,1.0008
"beta_language_std[29,8]",-0.131773,0.0318268,-0.184286,-0.0784258,16281.7,6004.52,1.00056
"beta_language_std[29,9]",0.231268,0.0340027,0.17524,0.288041,16047.2,5708.78,1.00021
"beta_language_std[29,10]",-0.265625,0.0314977,-0.317117,-0.214388,16391.6,5973.79,1.00026
"beta_language_std[29,11]",0.241538,0.0286657,0.193807,0.288454,15029.8,5777.03,0.999841
"beta_language_std[29,12]",-0.151133,0.0630335,-0.258701,-0.0535804,2173.67,1902.17,1.00837
"beta_language_std[30,1]",-0.073539,0.0324274,-0.126746,-0.0199462,13774.8,5427.51,1.00277
"beta_language_std[30,2]",0.401142,0.0366884,0.34245,0.461976,12297.5,5380.07,1.00004
"beta_language_std[30,3]",0.123948,0.0349435,0.0666043,0.181675,12979.0,5625.39,1.00098
"beta_language_std[30,4]",-0.214106,0.0318388,-0.266044,-0.162075,15985.6,5951.92,1.00032
"beta_language_std[30,5]",0.179445,0.0333892,0.12466,0.234733,14831.4,5446.41,1.00032
"beta_language_std[30,6]",-0.205607,0.0429434,-0.277414,-0.135449,15456.9,6257.38,1.00111
"beta_language_std[30,7]",-0.106155,0.0319332,-0.158735,-0.0540073,11945.8,5158.62,1.00042
"beta_language_std[30,8]",-0.156552,0.0336674,-0.212099,-0.0999881,14141.9,5079.09,1.00133
"beta_language_std[30,9]",0.204597,0.0351176,0.14703,0.264039,15953.2,5476.55,1.00079
"beta_language_std[30,10]",-0.206961,0.0334263,-0.261924,-0.151813,15221.2,5672.72,1.00044
"beta_language_std[30,11]",0.206553,0.0303906,0.156989,0.256377,14135.1,5960.06,1.00072
"beta_language_std[30,12]",-0.152764,0.063843,-0.26209,-0.0514245,1856.94,2030.49,1.00392
"beta_language_std[31,1]",-0.0630812,0.0327858,-0.117233,-0.00877334,14348.9,5196.77,1.00286
"beta_language_std[31,2]",0.429905,0.0384448,0.367381,0.494379,15261.0,5987.95,0.999926
"beta_language_std[31,3]",0.0720527,0.0360281,0.0129579,0.132058,14334.5,5313.0,1.00018
"beta_language_std[31,4]",-0.19084,0.0323205,-0.243587,-0.137951,15141.2,5543.45,1.00043
"beta_language_std[31,5]",0.126618,0.0332116,0.0721732,0.181721,14974.2,5215.39,1.00189
"beta_language_std[31,6]",-0.266534,0.0429214,-0.336759,-0.19491,16612.4,5948.21,0.999849
"beta_language_std[31,7]",-0.0815164,0.0325197,-0.135013,-0.0277662,13800.2,5729.62,1.00065
"beta_language_std[31,8]",-0.192504,0.0331825,-0.24673,-0.138225,14331.8,5659.84,1.00021
"beta_language_std[31,9]",0.252689,0.0359773,0.194395,0.312153,14897.3,5617.94,1.00062
"beta_language_std[31,10]",-0.0756923,0.0341666,-0.13216,-0.0195225,13627.0,5753.92,1.00106
"beta_language_std[31,11]",0.143526,0.0296838,0.094952,0.19244,11926.3,5808.81,1.00044
"beta_language_std[31,12]",-0.154623,0.0643254,-0.26459,-0.055475,1949.41,2465.2,1.00642
"beta_language_std[32,1]",-0.0319624,0.032017,-0.0837949,0.0213542,15204.2,5924.4,1.00039
"beta_language_std[32,2]",0.532406,0.0388383,0.469478,0.597664,14454.4,5983.52,1.00202
"beta_language_std[32,3]",0.0420687,0.0350123,-0.0154668,0.100011,15493.7,4339.78,1.00072
"beta_language_std[32,4]",-0.149263,0.031773,-0.201934,-0.0959781,15550.1,5121.14,1.00139
"beta_language_std[32,5]",0.139949,0.032984,0.084573,0.195231,13088.3,5710.38,1.00071
"beta_language_std[32,6]",-0.278216,0.0418577,-0.345892,-0.208791,14952.3,5885.3,1.00049
"beta_language_std[32,7]",-0.137822,0.0325619,-0.191828,-0.0841129,14079.8,5441.24,1.00006
"beta_language_std[32,8]",-0.13939,0.0326376,-0.193297,-0.0858226,13905.3,5361.59,1.00084
"beta_language_std[32,9]",0.173193,0.0340163,0.118503,0.229778,14692.6,5532.19,0.99979
"beta_language_std[32,10]",-0.239456,0.0342684,-0.29601,-0.181835,16586.0,4397.09,1.00255
"beta_language_std[32,11]",0.242858,0.0309715,0.19193,0.293516,14163.7,5153.7,1.00039
"beta_language_std[32,12]",-0.154365,0.0628044,-0.261801,-0.0581835,1974.53,2032.73,1.00653
"beta_language_std[33,1]",-0.120527,0.0333533,-0.176303,-0.0654235,15382.9,5489.35,1.00099
"beta_language_std[33,2]",0.457022,0.0384086,0.393973,0.519811,13130.5,6140.07,1.00027
"beta_language_std[33,3]",0.0633107,0.0368562,0.00294192,0.124855,16093.1,5819.5,1.00157
"beta_language_std[33,4]",-0.382335,0.0332731,-0.436468,-0.326746,15764.4,5955.65,1.00038
"beta_language_std[33,5]",0.0499345,0.0332788,-0.00417707,0.104212,15578.9,5614.74,1.0006
"beta_language_std[33,6]",-0.049269,0.0444927,-0.121131,0.0240673,15670.5,5916.64,1.00085
"beta_language_std[33,7]",-0.163302,0.0328503,-0.217097,-0.109364,16049.1,5392.23,1.00134
"beta_language_std[33,8]",-0.412094,0.0332722,-0.467684,-0.356898,14613.9,5982.25,1.00007
"beta_language_std[33,9]",0.258332,0.0373087,0.197521,0.320693,14974.9,5630.89,1.00037
"beta_language_std[33,10]",0.078166,0.0358031,0.0199324,0.137376,16776.4,6085.86,1.00114
"beta_language_std[33,11]",0.280033,0.0311188,0.229138,0.331546,12324.7,5531.01,1.00078
"beta_language_std[33,12]",-0.0592721,0.0389188,-0.122785,0.00541888,390.103,950.435,1.01557
"beta_language_std[34,1]",0.0100401,0.0290735,-0.0375909,0.0584365,15576.6,5960.04,1.00021
"beta_language_std[34,2]",0.342174,0.0320778,0.289444,0.396158,14887.0,5442.16,1.00009
"beta_language_std[34,3]",0.233491,0.0322511,0.180267,0.286456,16468.7,5491.55,1.00068
"beta_language_std[34,4]",-0.0799101,0.0297431,-0.127735,-0.0318169,15238.5,4783.75,1.00059
"beta_language_std[34,5]",0.159565,0.0299555,0.110068,0.208179,12142.0,5554.25,1.0007
"beta_language_std[34,6]",-0.440426,0.0414713,-0.508435,-0.373119,13824.7,4895.63,1.00063
"beta_language_std[34,7]",0.0221833,0.029412,-0.0266803,0.0708386,15109.9,5454.77,1.00009
"beta_language_std[34,8]",-0.0809832,0.0307934,-0.131879,-0.0296892,13402.5,5352.03,1.00065
"beta_language_std[34,9]",0.187146,0.0308624,0.13686,0.237908,14780.9,5538.1,1.00218
"beta_language_std[34,10]",-0.397733,0.0287825,-0.444942,-0.350284,14493.4,5504.9,1.00165
"beta_language_std[34,11]",0.187076,0.0259353,0.144104,0.230058,13781.6,6005.55,1.00081
"beta_language_std[34,12]",-0.142623,0.0627633,-0.244382,-0.0408433,1928.81,1878.45,1.00697
"beta_language_std[35,1]",0.0468677,0.0285813,4.31467e-05,0.0936821,16622.4,5347.22,1.00055
"beta_language_std[35,2]",0.326381,0.0309784,0.275815,0.377948,13951.4,5178.76,1.00028
"beta_language_std[35,3]",0.247868,0.0304429,0.198679,0.29733,14224.6,5639.59,1.00053
"beta_language_std[35,4]",-0.0584163,0.028836,-0.105696,-0.0111626,15489.7,5951.79,1.00019
"beta_language_std[35,5]",0.122053,0.0289594,0.0746987,0.17051,15946.4,5546.71,1.00088
"beta_language_std[35,6]",-0.444016,0.040583,-0.50984,-0.377301,15726.5,5559.08,1.00067
"beta_language_std[35,7]",0.0262113,0.0286596,-0.020512,0.0736575,12950.6,5084.46,1.00071
"beta_language_std[35,8]",-0.079127,0.0300418,-0.127624,-0.0304951,15947.7,5658.84,0.999919
"beta_language_std[35,9]",0.133202,0.0307039,0.0831038,0.183714,16163.1,5814.34,1.00088
"beta_language_std[35,10]",-0.402546,0.0295781,-0.451323,-0.35338,13488.4,4753.3,1.00022
"beta_language_std[35,11]",0.22317,0.0243416,0.182955,0.262675,15762.0,6031.64,1.00076
"beta_language_std[35,12]",-0.141648,0.0620179,-0.244036,-0.0402394,2118.41,2081.15,1.00461
"beta_language_std[36,1]",0.119333,0.0275762,0.0744012,0.164269,15528.8,5828.57,1.0007
"beta_language_std[36,2]",0.0819281,0.0271168,0.036915,0.126936,16297.3,6058.96,0.999931
"beta_language_std[36,3]",0.315277,0.0290448,0.268346,0.363902,15589.6,5170.16,0.999852
"beta_language_std[36,4]",0.0188771,0.0277388,-0.0260282,0.0641185,12859.6,5479.33,1.00075
"beta_language_std[36,5]",0.0795968,0.0268874,0.0357027,0.124064,15938.5,5847.19,1.00102
"beta_language_std[36,6]",-0.286974,0.0394058,-0.352342,-0.222224,15083.4,5996.68,0.999843
"beta_language_std[36,7]",0.0896845,0.0279044,0.0441288,0.136034,15316.4,5341.24,0.999949
"beta_language_std[36,8]",0.0148583,0.0283626,-0.031758,0.0618741,15627.5,5640.6,1.00087
"beta_language_std[36,9]",0.0155795,0.0279922,-0.0308962,0.0617084,14108.5,5226.58,1.00073
"beta_language_std[36,10]",-0.376188,0.0268075,-0.420218,-0.331444,18358.6,5590.13,1.00061
"beta_language_std[36,11]",0.0636284,0.0225426,0.026405,0.100748,11875.9,5688.49,1.0002
"beta_language_std[36,12]",-0.135601,0.0633495,-0.239036,-0.0317275,1943.65,2153.33,1.00604
"beta_language_std[37,1]",0.103035,0.0268024,0.0594675,0.147314,13053.5,5057.98,1.00041
"beta_language_std[37,2]",0.0518721,0.0270972,0.00689821,0.0963351,13851.3,5499.6,1.00069
"beta_language_std[37,3]",0.190926,0.0284889,0.144929,0.237847,14085.3,5132.89,1.00038
"beta_language_std[37,4]",-0.0198872,0.0279975,-0.0663033,0.0259201,15331.3,5389.15,1.00067
"beta_language_std[37,5]",0.0754999,0.0273486,0.0302118,0.120915,14928.7,5395.53,1.00101
"beta_language_std[37,6]",-0.17613,0.0396582,-0.242821,-0.111484,16938.7,6116.6,0.99986
"beta_language_std[37,7]",0.0533436,0.0272772,0.00902094,0.0981571,17148.7,5884.64,1.00027
"beta_language_std[37,8]",0.00375272,0.0277842,-0.0420832,0.049255,14962.4,5206.85,1.00046
"beta_language_std[37,9]",0.0645373,0.0287278,0.0176091,0.111471,14176.5,5353.98,1.00219
"beta_language_std[37,10]",-0.25717,0.0268068,-0.300833,-0.213324,12809.4,6227.62,1.00021
"beta_language_std[37,11]",0.0479962,0.022236,0.0116568,0.0850072,13627.0,5574.41,1.00176
"beta_language_std[37,12]",-0.137775,0.0629119,-0.237451,-0.0335291,2182.65,2350.31,1.00585
"beta_language_std[38,1]",0.0237008,0.0287556,-0.0231673,0.0715921,15313.1,5348.09,1.00006
"beta_language_std[38,2]",0.285052,0.0312005,0.233423,0.336541,15500.0,5044.42,1.00004
"beta_language_std[38,3]",0.245584,0.0315096,0.19391,0.296843,15269.9,6036.27,1.00049
"beta_language_std[38,4]",-0.0795797,0.0297163,-0.12799,-0.0304071,15845.1,4824.35,1.00056
"beta_language_std[38,5]",0.131642,0.0290093,0.084481,0.179472,13867.3,5365.09,1.00073
"beta_language_std[38,6]",-0.368198,0.0407814,-0.434953,-0.30143,15770.3,5297.35,1.00052
"beta_language_std[38,7]",0.0104384,0.029731,-0.0388711,0.0595894,15000.6,5600.39,1.00029
"beta_language_std[38,8]",-0.0924996,0.0296541,-0.1408,-0.0440777,14338.4,5981.81,1.0003
"beta_language_std[38,9]",0.166842,0.0311738,0.116292,0.218025,16087.7,5838.65,1.00183
"beta_language_std[38,10]",-0.392868,0.0285819,-0.439847,-0.346094,14778.0,5606.05,1.00138
"beta_language_std[38,11]",0.212482,0.0257977,0.170054,0.255059,15388.4,5588.81,1.00052
"beta_language_std[38,12]",-0.142594,0.0623361,-0.245025,-0.0414326,1889.35,1895.27,1.00419
"beta_language_std[39,1]",0.0385606,0.0277139,-0.00636933,0.0843788,14333.0,5229.73,1.00114
"beta_language_std[39,2]",0.297484,0.0297647,0.248881,0.346854,16201.4,5630.65,1.00058
"beta_language_std[39,3]",0.238433,0.0310974,0.186906,0.289978,15585.6,6163.53,1.00057
"beta_language_std[39,4]",-0.0903041,0.0280969,-0.135999,-0.0435046,14834.1,6166.77,1.00109
"beta_language_std[39,5]",0.057155,0.0288265,0.00931941,0.10373,14701.3,5773.84,1.00064
"beta_language_std[39,6]",-0.398057,0.0392214,-0.462385,-0.334352,15390.3,5893.24,1.00152
"beta_language_std[39,7]",0.0913222,0.0290021,0.0434949,0.139,15533.0,5812.46,1.00158
"beta_language_std[39,8]",-0.0675441,0.0284806,-0.114052,-0.0200567,14495.2,5421.31,1.00034
"beta_language_std[39,9]",0.14124,0.0300872,0.0925324,0.191185,15257.5,5420.94,1.00053
"beta_language_std[39,10]",-0.401852,0.0277297,-0.447451,-0.356277,15833.9,5647.09,1.00203
"beta_language_std[39,11]",0.236058,0.0241082,0.197259,0.275417,13860.6,5895.65,1.00037
"beta_language_std[39,12]",-0.142495,0.062101,-0.24317,-0.0403998,1786.89,1714.85,1.00648
"beta_language_std[40,1]",0.0142764,0.0295665,-0.0345362,0.0636891,13073.0,5525.44,1.00071
"beta_language_std[40,2]",0.366005,0.0324139,0.312845,0.419166,16955.4,5461.19,1.00117
"beta_language_std[40,3]",0.221815,0.0325586,0.168373,0.276298,17259.2,5795.86,1.001
"beta_language_std[40,4]",-0.10774,0.0297985,-0.157709,-0.0581732,14437.4,5541.37,1.00048
"beta_language_std[40,5]",0.102763,0.0295525,0.055226,0.152065,14033.0,5693.74,1.00068
"beta_language_std[40,6]",-0.354847,0.040718,-0.421616,-0.288195,15373.0,5748.17,1.00048
"beta_language_std[40,7]",0.00520429,0.0303551,-0.0443375,0.0554456,16080.4,5794.33,1.00116
"beta_language_std[40,8]",-0.0869134,0.0306411,-0.136746,-0.0367364,16067.4,5866.21,1.00034
"beta_language_std[40,9]",0.197224,0.0316466,0.144621,0.250494,15824.3,5952.7,1.00117
"beta_language_std[40,10]",-0.412846,0.0297421,-0.460957,-0.36412,17396.1,5794.37,1.00018
"beta_language_std[40,11]",0.19997,0.0274245,0.154251,0.245033,14362.6,5710.2,1.00181
"beta_language_std[40,12]",-0.144911,0.0622035,-0.247481,-0.0461191,1571.75,1659.01,1.00721
"beta_language_std[41,1]",0.0134918,0.0288825,-0.0332837,0.0610261,15211.1,5422.38,1.0014
"beta_language_std[41,2]",0.368216,0.0313121,0.31795,0.419858,14093.1,5690.68,1.00102
"beta_language_std[41,3]",0.119497,0.0309879,0.0693772,0.171748,16533.4,6103.56,1.00011
"beta_language_std[41,4]",-0.227462,0.0286151,-0.274187,-0.17956,12728.8,4676.03,0.999749
"beta_language_std[41,5]",0.121794,0.0291321,0.0744523,0.1695,15106.1,5377.13,1.00088
"beta_language_std[41,6]",-0.332362,0.0398414,-0.398025,-0.266138,14581.9,5617.69,1.00028
"beta_language_std[41,7]",-0.00288453,0.0294062,-0.0512415,0.0461233,13691.4,5611.95,0.999978
"beta_language_std[41,8]",-0.128192,0.0299584,-0.177681,-0.0782904,14703.2,5674.89,0.999935
"beta_language_std[41,9]",0.175006,0.0310995,0.122908,0.225411,13757.6,5297.61,1.00122
"beta_language_std[41,10]",-0.278418,0.0303053,-0.328406,-0.228398,13475.3,4106.92,1.00203
"beta_language_std[41,11]",0.318442,0.0277636,0.271861,0.364803,11196.9,5679.55,0.999937
"beta_language_std[41,12]",-0.147128,0.0626558,-0.251326,-0.0500086,2036.62,2003.36,1.00616
"beta_language_std[42,1]",0.0480789,0.0260085,0.00532554,0.0907065,14130.3,5190.1,1.00265
"beta_language_std[42,2]",0.0489007,0.0261698,0.00640571,0.0920043,15377.2,6042.87,1.00088
"beta_language_std[42,3]",0.163802,0.0292229,0.115299,0.211775,15065.0,5498.48,1.0018
"beta_language_std[42,4]",0.000326529,0.0271556,-0.0434783,0.0449495,11843.0,5604.6,1.00097
"beta_language_std[42,5]",0.0848613,0.0268866,0.0404147,0.129289,15198.5,5283.74,1.00037
"beta_language_std[42,6]",-0.184058,0.0386184,-0.246175,-0.12035,13251.5,5690.73,1.00136
"beta_language_std[42,7]",0.0589245,0.0267785,0.0151727,0.102189,14185.3,6160.46,1.00066
"beta_language_std[42,8]",0.0262542,0.0278283,-0.0193205,0.0722639,15950.0,5069.35,1.0007
"beta_language_std[42,9]",0.0349206,0.0276664,-0.0103546,0.0800249,14729.3,4866.03,1.00111
"beta_language_std[42,10]",-0.167403,0.0278448,-0.212501,-0.121477,16287.6,5568.49,1.00035
"beta_language_std[42,11]",0.0255534,0.0242666,-0.0137426,0.0653173,13789.2,5786.83,1.001
"beta_language_std[42,12]",-0.140161,0.062094,-0.242468,-0.0395238,2038.28,1664.18,1.00378
"beta_language_std[43,1]",0.0581613,0.026636,0.0144079,0.102321,15496.0,5540.18,1.00057
"beta_language_std[43,2]",0.0102513,0.026003,-0.0334802,0.0533955,13167.9,5912.61,1.00047
"beta_language_std[43,3]",0.0775783,0.0287547,0.0304353,0.125048,14625.1,5406.93,1.0012
"beta_language_std[43,4]",0.00458731,0.026962,-0.0401689,0.0498657,14544.3,5101.64,1.0009
"beta_language_std[43,5]",0.00483138,0.026858,-0.0398549,0.0483533,13099.3,5266.0,1.00006
"beta_language_std[43,6]",-0.00783372,0.039785,-0.0731987,0.0571279,13838.1,5401.84,0.999976
"beta_language_std[43,7]",0.0563804,0.0272902,0.0118353,0.100755,15101.3,4994.45,1.00115
"beta_language_std[43,8]",0.0610402,0.0277043,0.0160242,0.10669,13152.9,5525.03,1.00148
"beta_language_std[43,9]",0.0396733,0.0275991,-0.00621196,0.0847858,16309.2,6129.1,1.00018
"beta_language_std[43,10]",-0.187781,0.028075,-0.233918,-0.142224,14742.8,5587.82,1.00131
"beta_language_std[43,11]",0.0242449,0.024156,-0.0155323,0.0637129,15326.1,5853.78,1.00063
"beta_language_std[43,12]",-0.141134,0.0633178,-0.241513,-0.0356532,2038.8,2035.97,1.00556
"beta_language_std[44,1]",-0.00927938,0.0298176,-0.0581465,0.0404175,14051.5,5626.71,1.00043
"beta_language_std[44,2]",0.40864,0.0339767,0.352988,0.463767,16060.3,5797.82,1.00039
"beta_language_std[44,3]",0.176572,0.0323038,0.124589,0.229963,15661.2,5247.99,1.00268
"beta_language_std[44,4]",-0.138797,0.0301992,-0.188492,-0.0887641,16827.6,6113.25,0.999958
"beta_language_std[44,5]",0.150691,0.0301205,0.101051,0.199698,15800.2,5346.65,1.0016
"beta_language_std[44,6]",-0.308754,0.0422765,-0.37821,-0.239216,16428.5,5726.41,1.00074
"beta_language_std[44,7]",-0.0436357,0.0299908,-0.0931848,0.00624558,17346.0,5068.08,1.00022
"beta_language_std[44,8]",-0.169723,0.0314784,-0.221951,-0.118148,17860.4,5760.51,1.00047
"beta_language_std[44,9]",0.218422,0.0327934,0.164907,0.272933,13638.1,4860.99,1.00026
"beta_language_std[44,10]",-0.356584,0.0315345,-0.408791,-0.304495,17269.2,5922.72,1.00101
"beta_language_std[44,11]",0.21945,0.0284468,0.172891,0.265549,14533.6,5746.59,1.00015
"beta_language_std[44,12]",-0.147002,0.0628798,-0.252092,-0.0478787,2208.07,1870.19,1.00578
"beta_language_std[45,1]",-0.0449782,0.0290869,-0.0932155,0.00291594,14229.6,6088.15,1.00095
"beta_language_std[45,2]",0.45944,0.0337385,0.404298,0.515469,16162.1,6010.45,1.00014
"beta_language_std[45,3]",0.122029,0.031641,0.0706974,0.17496,12836.2,5747.98,1.0001
"beta_language_std[45,4]",-0.12612,0.0299292,-0.175165,-0.0764903,13993.2,5944.31,1.0005
"beta_language_std[45,5]",0.16419,0.0304654,0.114066,0.214327,13679.6,6183.78,1.00064
"beta_language_std[45,6]",-0.415708,0.040705,-0.483386,-0.348909,15442.8,5551.95,1.00155
"beta_language_std[45,7]",-0.0291668,0.0303601,-0.0791474,0.0206704,16582.8,5376.81,1.00132
"beta_language_std[45,8]",-0.182037,0.03042,-0.232503,-0.131348,15571.6,5831.01,1.00195
"beta_language_std[45,9]",0.182663,0.0319432,0.130746,0.23504,15261.4,5517.68,1.00166
"beta_language_std[45,10]",-0.299428,0.0305604,-0.349036,-0.248797,14476.7,4682.17,1.00094
"beta_language_std[45,11]",0.317057,0.028389,0.271316,0.362629,14216.9,6340.16,1.00087
"beta_language_std[45,12]",-0.14794,0.0629073,-0.252674,-0.048492,2157.79,1658.52,1.00529
"beta_language_std[46,1]",0.0707589,0.0274335,0.0259234,0.116342,14440.7,5374.01,1.00116
"beta_language_std[46,2]",0.186356,0.0287449,0.139338,0.233636,13323.0,5921.57,0.999932
"beta_language_std[46,3]",0.260114,0.0307532,0.209412,0.309008,18790.2,5327.41,1.00022
"beta_language_std[46,4]",-0.0572644,0.0280981,-0.10366,-0.0104441,14780.1,4755.85,1.00047
"beta_language_std[46,5]",0.0936446,0.0285706,0.046385,0.141104,15451.4,5927.15,1.00088
"beta_language_std[46,6]",-0.292844,0.0395764,-0.357138,-0.2269,15222.9,5938.99,1.00022
"beta_language_std[46,7]",0.0439682,0.0280618,-0.00201714,0.0903036,15197.8,5371.22,0.999929
"beta_language_std[46,8]",-0.00256462,0.0288211,-0.0495788,0.045124,17226.5,5272.22,1.00064
"beta_language_std[46,9]",0.0691803,0.0290273,0.0215395,0.117253,16118.2,5732.06,1.00041
"beta_language_std[46,10]",-0.346152,0.0282458,-0.392166,-0.300357,13809.1,5630.36,1.00005
"beta_language_std[46,11]",0.114638,0.0254467,0.0731843,0.156674,14889.0,5432.37,1.00142
"beta_language_std[46,12]",-0.139835,0.063818,-0.243891,-0.034539,1844.87,1470.34,1.0068
"beta_language_std[47,1]",0.0910314,0.0271579,0.0463711,0.135011,14536.1,5672.79,1.00195
"beta_language_std[47,2]",0.18342,0.0280647,0.137034,0.229846,12965.4,5073.23,1.0
"beta_language_std[47,3]",0.181825,0.0286636,0.134807,0.228493,15010.5,5414.05,1.00249
"beta_language_std[47,4]",-0.0656696,0.0280827,-0.111749,-0.0185075,15158.3,5341.22,1.00017
"beta_language_std[47,5]",0.0340928,0.0271299,-0.010874,0.078693,15313.3,4770.16,1.00233
"beta_language_std[47,6]",-0.239409,0.0389866,-0.302858,-0.17509,13880.7,5785.04,1.00155
"beta_language_std[47,7]",0.0749582,0.0278513,0.0290956,0.119745,13388.6,4865.78,1.00109
"beta_language_std[47,8]",-0.0402043,0.0279318,-0.0860019,0.00562974,13504.9,5513.21,1.00013
"beta_language_std[47,9]",0.0483925,0.0281581,0.00117368,0.0950921,14652.2,5314.47,1.00016
"beta_language_std[47,10]",-0.246552,0.0287731,-0.293358,-0.200201,13013.4,5577.4,1.00053
"beta_language_std[47,11]",0.119781,0.0252812,0.0787967,0.16087,14064.1,5722.96,1.00108
"beta_language_std[47,12]",-0.141667,0.062527,-0.241122,-0.0399219,2118.49,1806.2,1.00724
"beta_language_std[48,1]",0.0858338,0.0274651,0.0409689,0.131146,14828.1,5046.8,1.00079
"beta_language_std[48,2]",-0.0160672,0.0264159,-0.0595314,0.0268425,13501.1,6049.68,1.00037
"beta_language_std[48,3]",0.25696,0.0285751,0.209223,0.304169,14480.6,5084.53,0.999984
"beta_language_std[48,4]",-0.0250266,0.0272093,-0.0688872,0.0201691,15652.8,6172.03,1.00051
"beta_language_std[48,5]",0.0159283,0.0268441,-0.0277868,0.0591331,14358.9,5008.24,1.00033
"beta_language_std[48,6]",-0.139979,0.0394426,-0.204452,-0.0747995,17303.8,5928.0,1.00012
"beta_language_std[48,7]",0.0350671,0.0273187,-0.009294,0.0799817,15166.8,5305.89,1.00035
"beta_language_std[48,8]",0.0258363,0.0276043,-0.0198763,0.0714613,14707.2,5657.89,1.00064
"beta_language_std[48,9]",-0.000523987,0.0273269,-0.0448177,0.0439309,13702.2,5602.24,1.0002
"beta_language_std[48,10]",-0.0985703,0.0254818,-0.141125,-0.0565729,13743.8,5362.15,1.00093
"beta_language_std[48,11]",0.00195171,0.022459,-0.0347316,0.0391649,13718.9,5562.04,1.00101
"beta_language_std[48,12]",-0.14141,0.062872,-0.241636,-0.0410512,1946.12,1774.19,1.00528
"beta_language_std[49,1]",0.0827836,0.0273005,0.0384389,0.128295,16710.4,5353.93,1.00104
"beta_language_std[49,2]",0.110006,0.027564,0.0646543,0.155409,12293.9,5656.49,1.00068
"beta_language_std[49,3]",0.237031,0.029692,0.189084,0.285764,14951.9,5678.51,1.00128
"beta_language_std[49,4]",-0.0152993,0.0278441,-0.0615204,0.0298728,14597.7,5482.56,1.00143
"beta_language_std[49,5]",0.0545614,0.0271726,0.00964957,0.0996862,14981.7,5670.44,1.00009
"beta_language_std[49,6]",-0.249913,0.0390474,-0.312834,-0.185194,11931.2,4515.12,1.00121
"beta_language_std[49,7]",0.0363575,0.0274741,-0.00801025,0.081811,17122.2,5726.96,0.999994
"beta_language_std[49,8]",0.0146003,0.0279768,-0.0309917,0.0606025,16218.0,6092.73,1.0009
"beta_language_std[49,9]",0.0414272,0.0284255,-0.00569967,0.0883158,15766.8,5131.34,1.00039
"beta_language_std[49,10]",-0.301432,0.0255238,-0.343002,-0.25917,12959.9,5853.16,0.999853
"beta_language_std[49,11]",0.129029,0.0230253,0.0913131,0.166497,12776.2,6021.18,1.0009
"beta_language_std[49,12]",-0.139151,0.0622691,-0.239314,-0.0390549,2118.13,2108.14,1.00286
"beta_language_std[50,1]",-0.00376929,0.0295515,-0.0520984,0.0442757,16150.7,5790.69,1.0014
"beta_language_std[50,2]",0.295041,0.0314137,0.243212,0.34598,14271.2,5360.45,0.999932
"beta_language_std[50,3]",0.20056,0.0319385,0.148284,0.253247,14825.9,5102.26,1.00007
"beta_language_std[50,4]",-0.0678223,0.0290821,-0.115226,-0.0198752,15026.1,5363.5,1.00166
"beta_language_std[50,5]",0.168142,0.0295049,0.11945,0.217447,15901.0,5018.61,1.00072
"beta_language_std[50,6]",-0.321445,0.0402547,-0.38763,-0.255523,16734.6,5841.78,1.00034
"beta_language_std[50,7]",-0.0353208,0.0287824,-0.082064,0.0123901,15144.8,5780.49,1.00184
"beta_language_std[50,8]",-0.12076,0.0304707,-0.170292,-0.0699668,14309.8,5219.75,1.00045
"beta_language_std[50,9]",0.10726,0.0310269,0.057257,0.158298,14494.7,5782.62,1.00021
"beta_language_std[50,10]",-0.278572,0.0291901,-0.326009,-0.23103,12920.1,5824.69,1.00209
"beta_language_std[50,11]",0.2015,0.0267181,0.157714,0.245611,13764.0,5942.2,1.00036
"beta_language_std[50,12]",-0.144813,0.0623035,-0.246709,-0.0460784,2162.3,2269.67,1.00539
"beta_language_std[51,1]",-0.0841499,0.0327564,-0.13736,-0.0307253,14773.6,5596.28,1.00025
"beta_language_std[51,2]",0.400136,0.0360995,0.341186,0.460235,13084.0,5733.8,1.00006
"beta_language_std[51,3]",0.0891674,0.0358342,0.0300686,0.147484,13796.6,5617.24,0.999946
"beta_language_std[51,4]",-0.210139,0.0322964,-0.263079,-0.157067,15160.1,5760.38,1.00016
"beta_language_std[51,5]",0.125393,0.0329099,0.0717239,0.179758,16295.8,5687.16,0.99991
"beta_language_std[51,6]",-0.0272333,0.0435822,-0.098198,0.0436895,15869.5,5771.52,1.00065
"beta_language_std[51,7]",-0.127754,0.0324312,-0.179979,-0.0743756,13694.6,6035.36,1.00011
"beta_language_std[51,8]",-0.227422,0.0325269,-0.280838,-0.173259,16998.9,6071.36,1.00129
"beta_language_std[51,9]",0.223111,0.0349371,0.165468,0.280402,14765.4,5790.75,0.999915
"beta_language_std[51,10]",-0.102522,0.0319902,-0.155274,-0.0500851,14904.3,6100.8,1.00001
"beta_language_std[51,11]",0.0976352,0.0279158,0.0523975,0.143958,14822.7,5700.38,1.00154
"beta_language_std[51,12]",-0.156222,0.0623229,-0.262676,-0.0609662,1819.6,1694.74,1.00638
"beta_language_std[52,1]",-0.0762967,0.0307031,-0.127131,-0.0256239,15847.3,5339.63,1.00089
"beta_language_std[52,2]",0.446085,0.0327963,0.392784,0.501146,16142.7,5780.15,1.00065
"beta_language_std[52,3]",0.20955,0.033843,0.15399,0.265821,13083.1,4520.49,1.00025
"beta_language_std[52,4]",-0.163394,0.0305312,-0.213554,-0.112562,15088.9,5636.31,1.00165
"beta_language_std[52,5]",0.0215588,0.0308229,-0.0284552,0.0725973,13839.7,5443.0,1.00025
"beta_language_std[52,6]",-0.18117,0.0424373,-0.250404,-0.112054,15051.9,6048.48,1.00163
"beta_language_std[52,7]",-0.0986959,0.0303866,-0.149859,-0.048859,11197.6,5404.89,1.00126
"beta_language_std[52,8]",-0.215608,0.03176,-0.267218,-0.163934,14493.9,5395.18,1.00147
"beta_language_std[52,9]",0.159582,0.0328996,0.105153,0.213785,16212.8,5714.55,0.999914
"beta_language_std[52,10]",-0.172704,0.0301683,-0.222004,-0.123333,14585.4,5220.94,1.0018
"beta_language_std[52,11]",0.228824,0.0261904,0.185404,0.271978,12897.9,5373.22,1.00057
"beta_language_std[52,12]",-0.157732,0.0643196,-0.266817,-0.0606149,1652.46,1793.1,1.00561
"beta_language_std[53,1]",0.0875599,0.0272422,0.0429719,0.132719,12499.8,5134.61,0.999981
"beta_language_std[53,2]",0.0473291,0.0265586,0.00395213,0.0906735,13243.2,5433.15,1.00016
"beta_language_std[53,3]",0.173704,0.0289185,0.127192,0.221801,14329.5,5632.89,1.00064
"beta_language_std[53,4]",0.0452349,0.02751,0.000732815,0.0907606,14838.8,5241.61,1.00036
"beta_language_std[53,5]",-0.0390795,0.0267388,-0.083382,0.00564554,14215.6,5706.86,1.00221
"beta_language_std[53,6]",-0.215886,0.0394062,-0.280213,-0.151934,11707.5,5716.4,0.999803
"beta_language_std[53,7]",0.0323867,0.0268259,-0.0120265,0.0763547,15031.6,5692.43,1.00087
"beta_language_std[53,8]",0.050946,0.0272633,0.00636704,0.0959409,14164.2,5899.43,1.0011
"beta_language_std[53,9]",0.0340254,0.0275773,-0.0112237,0.0791888,14543.1,5480.35,1.00156
"beta_language_std[53,10]",-0.0976597,0.0268506,-0.141242,-0.0538163,15310.0,4959.99,1.00138
"beta_language_std[53,11]",0.0234168,0.0225247,-0.0137383,0.0604432,14437.6,5617.8,1.00066
"beta_language_std[53,12]",-0.141977,0.0621126,-0.242254,-0.0413793,1928.18,2144.55,1.00569
"beta_language_std[54,1]",0.0680576,0.0267739,0.0234863,0.111722,16886.7,5989.2,1.00019
"beta_language_std[54,2]",0.0101415,0.0266537,-0.0333563,0.0534156,15510.2,5449.82,1.00106
"beta_language_std[54,3]",0.260275,0.028518,0.214113,0.307559,13928.4,5276.52,1.00005
"beta_language_std[54,4]",0.0305807,0.0271961,-0.0144341,0.0751835,14271.7,5355.45,1.00055
"beta_language_std[54,5]",0.0303069,0.0265494,-0.0126962,0.0746155,12589.0,5118.37,1.00058
"beta_language_std[54,6]",-0.200975,0.0385937,-0.265944,-0.137428,17516.7,6172.5,1.00018
"beta_language_std[54,7]",0.0269714,0.0273847,-0.0178277,0.0722608,13391.9,5614.34,1.00137
"beta_language_std[54,8]",0.0367146,0.027695,-0.00825636,0.0823504,14512.1,5058.32,1.00129
"beta_language_std[54,9]",0.00720613,0.027778,-0.0381326,0.0529991,16160.3,5574.46,1.00039
"beta_language_std[54,10]",-0.11819,0.0261766,-0.161624,-0.0753665,14817.9,6177.37,0.999943
"beta_language_std[54,11]",-0.0098553,0.0222881,-0.0465864,0.0272999,10965.3,4739.62,1.00079
"beta_language_std[54,12]",-0.141233,0.0633289,-0.244914,-0.0391905,2024.81,1718.4,1.0071
"beta_language_std[55,1]",0.124952,0.0270395,0.0804291,0.169841,14717.1,5795.96,1.00073
"beta_language_std[55,2]",-0.0374211,0.0268872,-0.0811158,0.00734688,12575.7,5727.58,1.00062
"beta_language_std[55,3]",0.243771,0.0285104,0.196272,0.291172,17437.6,5443.64,1.00038
"beta_language_std[55,4]",0.0353362,0.0274065,-0.00937116,0.0808969,15055.1,5480.86,1.00034
"beta_language_std[55,5]",0.0965817,0.0268538,0.0531415,0.140861,14237.9,5498.02,1.00065
"beta_language_std[55,6]",-0.136476,0.0389787,-0.200701,-0.0721129,17723.3,6225.4,1.00115
"beta_language_std[55,7]",0.0584338,0.0270112,0.0141308,0.102749,15738.5,6069.88,1.00035
"beta_language_std[55,8]",0.0521951,0.0279791,0.00502566,0.0978408,12670.2,4380.71,1.00046
"beta_language_std[55,9]",-0.0208943,0.027351,-0.0663501,0.0234696,14843.8,6044.0,1.00072
"beta_language_std[55,10]",-0.230032,0.0268099,-0.273628,-0.186063,15010.2,5688.54,1.00021
"beta_language_std[55,11]",-0.0504698,0.0226034,-0.087929,-0.0135167,15704.0,5584.17,1.00074
"beta_language_std[55,12]",-0.135977,0.0620565,-0.234808,-0.032431,1991.99,2125.76,1.00322
"beta_language_std[56,1]",0.100233,0.0265407,0.0557507,0.143302,17105.7,5392.2,1.00153
"beta_language_std[56,2]",-0.0337122,0.0270576,-0.0781202,0.0104948,13793.9,5439.93,1.00136
"beta_language_std[56,3]",0.266512,0.0287061,0.219735,0.313451,15419.7,5171.72,1.0006
"beta_language_std[56,4]",0.0499955,0.0271517,0.00525611,0.0946001,13988.4,5664.95,1.00017
"beta_language_std[56,5]",0.122482,0.026682,0.0790441,0.166468,14247.1,5499.46,1.00179
"beta_language_std[56,6]",-0.168028,0.0387099,-0.232555,-0.104649,16181.4,5728.96,1.00116
"beta_language_std[56,7]",0.0728711,0.0271509,0.0281107,0.117903,14576.4,5849.78,0.99988
"beta_language_std[56,8]",0.0509052,0.0278703,0.00529829,0.0967621,13157.4,4967.89,1.00041
"beta_language_std[56,9]",-0.0239285,0.0272646,-0.0694051,0.0215873,14301.4,5791.39,1.00039
"beta_language_std[56,10]",-0.263697,0.0266188,-0.307712,-0.220022,12514.5,5576.97,1.00122
"beta_language_std[56,11]",-0.0366916,0.0220996,-0.072962,-0.0010558,14196.5,5721.38,1.00078
"beta_language_std[56,12]",-0.136942,0.0637566,-0.240557,-0.0307017,1857.75,1558.84,1.00427
"beta_language_std[57,1]",0.164773,0.0274352,0.119997,0.209789,13405.3,5232.4,1.00097
"beta_language_std[57,2]",-0.00173423,0.027645,-0.0464287,0.0437179,13815.8,4793.08,1.0007
"beta_language_std[57,3]",0.395807,0.0303795,0.346377,0.445389,17615.0,4980.77,1.00178
"beta_language_std[57,4]",0.0690441,0.0280682,0.0233605,0.114972,14275.0,5350.03,1.00143
"beta_language_std[57,5]",0.265094,0.0284939,0.218485,0.312623,13560.8,5276.2,1.00049
"beta_language_std[57,6]",-0.300146,0.0392871,-0.36497,-0.236053,14867.2,6204.42,1.00021
"beta_language_std[57,7]",0.0724719,0.0279837,0.0254967,0.118612,16153.7,4929.3,1.00015
"beta_language_std[57,8]",0.0625497,0.027914,0.0168506,0.108744,18226.4,6025.03,1.00012
"beta_language_std[57,9]",-0.061316,0.0284968,-0.107369,-0.0146413,14406.6,5716.3,1.00035
"beta_language_std[57,10]",-0.4308,0.0262245,-0.47399,-0.387723,13794.2,5556.28,1.00112
"beta_language_std[57,11]",-0.107381,0.0222183,-0.143863,-0.0707889,13363.0,5881.11,1.00171
"beta_language_std[57,12]",-0.128362,0.0630175,-0.222334,-0.0211228,2062.08,1596.98,1.00766
"beta_language_std[58,1]",0.124723,0.0273094,0.0801156,0.169658,13389.1,5848.97,0.999915
"beta_language_std[58,2]",-0.0162763,0.0271684,-0.0598723,0.0288269,15251.2,4713.61,1.00054
"beta_language_std[58,3]",0.453283,0.0299976,0.403608,0.503034,16351.8,5571.89,1.0007
"beta_language_std[58,4]",0.008225,0.0283401,-0.0377007,0.055081,13103.2,5586.84,1.00153
"beta_language_std[58,5]",0.118833,0.0277943,0.0732183,0.164465,15141.6,5511.34,1.00086
"beta_language_std[58,6]",-0.276466,0.0397798,-0.341406,-0.210779,14514.8,5970.65,1.00055
"beta_language_std[58,7]",0.105879,0.0278347,0.0593737,0.15222,13810.0,5279.85,1.00188
"beta_language_std[58,8]",0.0381515,0.0280671,-0.00864673,0.0851314,15768.1,5828.04,1.0002
"beta_language_std[58,9]",0.0172143,0.0283008,-0.0296811,0.064804,18596.0,5901.39,1.0006
"beta_language_std[58,10]",-0.391816,0.0270534,-0.436825,-0.347488,15307.7,5102.95,1.00034
"beta_language_std[58,11]",-0.0475003,0.022529,-0.0842726,-0.0102852,13255.6,5748.35,1.00131
"beta_language_std[58,12]",-0.13425,0.0625291,-0.232173,-0.0300295,1876.94,1686.1,1.00808
"beta_language_std[59,1]",0.126071,0.0273915,0.0804672,0.171086,13518.1,5745.46,1.00041
"beta_language_std[59,2]",0.171471,0.0270723,0.127216,0.215151,14659.4,5522.54,1.00082
"beta_language_std[59,3]",0.122123,0.028192,0.0760401,0.167986,15850.8,6141.47,1.00035
"beta_language_std[59,4]",0.150234,0.0284317,0.103189,0.197243,12282.2,5187.02,1.00111
"beta_language_std[59,5]",0.0793029,0.0273595,0.034803,0.124672,13826.1,5671.19,1.00016
"beta_language_std[59,6]",-0.202491,0.0385348,-0.265845,-0.139884,15541.5,5708.62,1.00033
"beta_language_std[59,7]",-0.221589,0.0276057,-0.267661,-0.176445,10992.7,4763.47,0.999727
"beta_language_std[59,8]",0.181568,0.0283582,0.135318,0.228593,14858.5,5132.07,0.999943
"beta_language_std[59,9]",-0.264504,0.0285508,-0.312063,-0.217802,12380.2,5698.46,1.00051
"beta_language_std[59,10]",0.00139086,0.0274807,-0.044434,0.0470158,14187.5,5665.82,1.00042
"beta_language_std[59,11]",0.000549382,0.022314,-0.0363503,0.037017,11561.2,5702.74,1.00026
"beta_language_std[59,12]",-0.144125,0.0643154,-0.249995,-0.0418526,1853.78,1437.83,1.00571
"beta_language_std[60,1]",0.188538,0.0281207,0.142252,0.235072,14794.9,5558.14,1.00033
"beta_language_std[60,2]",0.18791,0.0273335,0.143399,0.233083,14595.1,5903.09,1.0008
"beta_language_std[60,3]",0.221615,0.0285814,0.173991,0.268168,15768.4,5809.98,1.00024
"beta_language_std[60,4]",0.211201,0.0283892,0.164217,0.257252,11623.1,5840.44,1.00049
"beta_language_std[60,5]",0.116657,0.0273385,0.0714757,0.161806,11877.1,5730.1,1.00065
"beta_language_std[60,6]",-0.481442,0.0388315,-0.544435,-0.417919,16552.1,6077.24,0.999999
"beta_language_std[60,7]",-0.161047,0.0278319,-0.207284,-0.114956,14892.9,5794.82,1.00014
"beta_language_std[60,8]",0.287648,0.0291077,0.239849,0.335402,13358.8,5203.67,1.00229
"beta_language_std[60,9]",-0.256237,0.0281976,-0.302954,-0.209815,12776.9,5797.01,1.00085
"beta_language_std[60,10]",-0.230091,0.0262048,-0.272826,-0.187419,13616.5,5804.2,1.00052
"beta_language_std[60,11]",0.0518585,0.0221224,0.0156081,0.0883111,13207.4,6010.6,1.00053
"beta_language_std[60,12]",-0.136612,0.0631348,-0.237508,-0.0345785,1954.35,1868.51,1.0054
"beta_language_std[61,1]",0.0729263,0.0269637,0.0286756,0.117261,14949.7,5148.91,1.00074
"beta_language_std[61,2]",-0.00181871,0.026836,-0.0459332,0.0421048,14594.7,5581.52,0.99997
"beta_language_std[61,3]",0.2674,0.027969,0.22023,0.313463,13284.4,4356.86,1.00027
"beta_language_std[61,4]",-0.0243633,0.0268411,-0.0683072,0.0199803,13118.1,4513.07,1.00136
"beta_language_std[61,5]",0.0570172,0.0272561,0.0120862,0.101623,14348.6,5293.79,1.00191
"beta_language_std[61,6]",-0.114552,0.0378094,-0.176558,-0.0518891,14096.5,6183.65,0.999966
"beta_language_std[61,7]",0.0709868,0.0270325,0.0264971,0.115865,14248.9,6011.46,1.00001
"beta_language_std[61,8]",0.0024014,0.0275047,-0.042027,0.0480214,14822.0,6153.88,0.999946
"beta_language_std[61,9]",0.000271603,0.0278331,-0.0456439,0.0460384,13407.2,4326.99,1.0001
"beta_language_std[61,10]",-0.201073,0.0263737,-0.244154,-0.157695,15839.9,5615.74,1.00017
"beta_language_std[61,11]",0.0110205,0.0220273,-0.0252891,0.0477493,14421.9,4971.31,1.00119
"beta_language_std[61,12]",-0.140216,0.0620345,-0.23982,-0.0379262,1963.49,1992.46,1.00391
"beta_language_std[62,1]",0.0795595,0.0271384,0.0356413,0.124249,16358.8,5556.76,1.00076
"beta_language_std[62,2]",-0.000195924,0.026889,-0.0445717,0.0434458,12190.1,5863.35,1.00035
"beta_language_std[62,3]",0.266612,0.0287095,0.220593,0.31346,14742.4,5626.19,0.999868
"beta_language_std[62,4]",-0.0318134,0.0276183,-0.0772142,0.0133873,16167.3,4987.81,0.999812
"beta_language_std[62,5]",0.0608028,0.0266809,0.0165345,0.104956,13323.3,5156.7,1.00091
"beta_language_std[62,6]",-0.183984,0.0385746,-0.247186,-0.120656,16617.7,6270.74,1.00053
"beta_language_std[62,7]",0.0399517,0.0264795,-0.00308436,0.0832946,13834.0,5602.94,1.00118
"beta_language_std[62,8]",0.0371543,0.0274553,-0.00730529,0.0823252,14453.5,5048.55,1.00069
"beta_language_std[62,9]",0.0565707,0.0276348,0.0115908,0.101764,17848.0,5500.46,1.00189
"beta_language_std[62,10]",-0.217612,0.0271112,-0.26279,-0.17304,15646.7,5104.8,1.00036
"beta_language_std[62,11]",0.0321032,0.0222432,-0.00432805,0.0681951,14166.8,5727.94,1.0007
"beta_language_std[62,12]",-0.139148,0.0627517,-0.241504,-0.0345134,1968.73,2590.43,1.00376
"beta_language_std[63,1]",0.0731029,0.0267836,0.0289886,0.116509,13608.0,5722.34,0.999965
"beta_language_std[63,2]",0.160406,0.0275742,0.115447,0.205744,13504.7,5056.54,0.999933
"beta_language_std[63,3]",0.255621,0.0282717,0.209244,0.301862,15749.3,5700.09,1.00027
"beta_language_std[63,4]",-0.0932244,0.0274313,-0.138744,-0.0478183,15724.4,5922.75,1.00124
"beta_language_std[63,5]",0.138207,0.0271293,0.0933064,0.182291,13672.4,4583.82,0.999877
"beta_language_std[63,6]",-0.241747,0.0376344,-0.303858,-0.179672,15698.3,6074.4,1.00123
"beta_language_std[63,7]",0.055233,0.027146,0.0111122,0.0995654,13756.9,5431.23,1.00037
"beta_language_std[63,8]",-0.00989508,0.0272628,-0.0549293,0.0348433,13090.6,5274.38,1.00207
"beta_language_std[63,9]",0.0820691,0.0279949,0.0364849,0.128076,12595.5,5539.48,1.00185
"beta_language_std[63,10]",-0.340822,0.0252562,-0.38179,-0.299141,14198.3,5993.01,1.00076
"beta_language_std[63,11]",0.0606844,0.0230407,0.0225734,0.0988868,10524.1,6085.3,1.00072
"beta_language_std[63,12]",-0.139634,0.0628355,-0.241698,-0.0372255,1821.5,1934.08,1.00527
"beta_language_std[64,1]",0.0919736,0.0271881,0.0476583,0.13681,15461.3,5424.91,1.00071
"beta_language_std[64,2]",0.0733973,0.0270517,0.0286084,0.117898,12641.7,5089.4,1.00137
"beta_language_std[64,3]",0.333393,0.0287266,0.286522,0.381131,15170.0,6074.82,1.00128
"beta_language_std[64,4]",0.00646383,0.0276751,-0.0389153,0.052947,12495.1,5741.9,1.00108
"beta_language_std[64,5]",0.0302462,0.0276094,-0.0158326,0.075744,17085.1,5501.29,1.00049
"beta_language_std[64,6]",-0.262747,0.0378454,-0.3247,-0.20114,16148.5,6068.89,1.00169
"beta_language_std[64,7]",0.0368728,0.0270002,-0.00787289,0.0812906,13893.7,5342.98,1.00039
"beta_language_std[64,8]",0.0127056,0.0277314,-0.0328441,0.0586452,14911.5,4985.71,1.00013
"beta_language_std[64,9]",0.0504522,0.0274062,0.00559645,0.0956708,14168.7,5365.92,1.00069
"beta_language_std[64,10]",-0.255188,0.0280376,-0.301657,-0.209087,14324.3,5910.24,1.00013
"beta_language_std[64,11]",0.0225805,0.0247639,-0.0178508,0.0634097,12659.6,5273.99,0.999975
"beta_language_std[64,12]",-0.140151,0.0634188,-0.243317,-0.0369408,2106.66,1928.36,1.00799
"beta_language_std[65,1]",0.104956,0.028401,0.0590754,0.151991,14832.8,5563.09,1.00042
"beta_language_std[65,2]",0.306054,0.0293336,0.258373,0.354303,13449.1,5566.3,1.00059
"beta_language_std[65,3]",0.380828,0.0305391,0.331775,0.430758,14148.7,5516.09,1.00079
"beta_language_std[65,4]",-0.0926576,0.0277623,-0.138713,-0.0468392,14257.7,5719.0,1.00034
"beta_language_std[65,5]",0.163659,0.0282707,0.117252,0.210018,13748.3,5661.79,1.00035
"beta_language_std[65,6]",-0.403276,0.0389026,-0.466865,-0.33818,14716.9,6330.71,1.0
"beta_language_std[65,7]",0.0729534,0.0287825,0.0259114,0.119918,16959.4,5576.45,1.00216
"beta_language_std[65,8]",-0.0492546,0.0289391,-0.0967213,-0.00158423,15250.3,5734.52,0.999972
"beta_language_std[65,9]",0.125074,0.0292895,0.0772851,0.173828,12892.7,5139.25,1.00136
"beta_language_std[65,10]",-0.463206,0.0281425,-0.509225,-0.416737,17243.4,5841.46,1.00097
"beta_language_std[65,11]",-0.00704874,0.0246792,-0.0473318,0.0330224,13370.2,4869.2,1.00092
"beta_language_std[65,12]",-0.138081,0.0609894,-0.23485,-0.0392455,1826.41,2248.09,1.0079
"beta_language_std[66,1]",0.0127871,0.0304177,-0.0367031,0.0629839,13680.9,5816.55,1.00074
"beta_language_std[66,2]",0.354739,0.0340783,0.299632,0.411797,19715.8,5999.94,1.00042
"beta_language_std[66,3]",0.292394,0.0336719,0.238156,0.348157,15638.2,5841.9,1.00029
"beta_language_std[66,4]",-0.133829,0.0297472,-0.18259,-0.0850448,13676.3,4812.63,1.00078
"beta_language_std[66,5]",0.212398,0.0314778,0.161542,0.263862,16591.1,5474.78,1.0013
"beta_language_std[66,6]",-0.396168,0.0399135,-0.463352,-0.330328,15578.5,5380.91,1.00039
"beta_language_std[66,7]",0.0210053,0.0304657,-0.0282938,0.0704646,15445.5,5391.88,1.00011
"beta_language_std[66,8]",-0.149737,0.030717,-0.200346,-0.0986797,16131.8,5282.95,1.0003
"beta_language_std[66,9]",0.249826,0.0334474,0.195525,0.30595,15094.9,5618.84,1.00063
"beta_language_std[66,10]",-0.381412,0.0293515,-0.429019,-0.333549,14889.3,6090.53,1.00004
"beta_language_std[66,11]",0.060916,0.0256773,0.0188765,0.102996,15124.4,5707.94,1.00168
"beta_language_std[66,12]",-0.142918,0.0620459,-0.245804,-0.0416706,2044.86,2152.02,1.00583
"beta_language_std[67,1]",0.0540927,0.0276365,0.00868812,0.0999537,16359.0,5449.54,1.00014
"beta_language_std[67,2]",0.136288,0.0284124,0.0894841,0.183169,13808.5,5041.62,1.00081
"beta_language_std[67,3]",0.361829,0.0308508,0.311489,0.412941,15818.5,5744.0,0.999854
"beta_language_std[67,4]",-0.0166662,0.027569,-0.0625697,0.0284108,13761.2,4879.2,1.00103
"beta_language_std[67,5]",0.112822,0.0275588,0.0665995,0.157836,13367.9,4986.14,1.00115
"beta_language_std[67,6]",-0.277106,0.0393506,-0.340722,-0.212776,15958.4,6215.22,1.00022
"beta_language_std[67,7]",0.0454299,0.0289688,-0.00161248,0.0935108,16010.4,5700.56,0.999905
"beta_language_std[67,8]",0.0179278,0.0288452,-0.0291661,0.0649156,13899.2,5478.04,1.00004
"beta_language_std[67,9]",0.0558855,0.0295999,0.0072317,0.105464,14385.8,4584.51,1.00181
"beta_language_std[67,10]",-0.357507,0.0273435,-0.402636,-0.312387,16393.0,5811.72,0.999878
"beta_language_std[67,11]",0.00661877,0.0230749,-0.0313763,0.0442805,15083.8,5538.42,1.00122
"beta_language_std[67,12]",-0.139614,0.06318,-0.241934,-0.0387201,2241.79,2143.57,1.00697
"beta_language_std[68,1]",0.118493,0.0277148,0.0731051,0.163849,13544.1,5055.19,1.00055
"beta_language_std[68,2]",0.157453,0.0280314,0.11134,0.2033,15791.9,5755.4,0.999764
"beta_language_std[68,3]",0.250275,0.0297432,0.201512,0.299388,14291.9,5169.5,1.00026
"beta_language_std[68,4]",-0.107784,0.0281621,-0.154179,-0.0607734,13019.3,4933.81,1.00188
"beta_language_std[68,5]",0.125719,0.0266401,0.0815587,0.169688,14726.6,5452.51,1.00142
"beta_language_std[68,6]",-0.31349,0.0391658,-0.377347,-0.248684,15308.9,5828.7,1.00084
"beta_language_std[68,7]",0.0497443,0.0273814,0.00503595,0.0950431,13670.5,5105.72,1.00001
"beta_language_std[68,8]",-0.00201476,0.0284274,-0.0491055,0.0451357,15720.9,5248.77,1.00071
"beta_language_std[68,9]",0.0775715,0.0284251,0.0306096,0.124774,16064.2,5639.58,1.00016
"beta_language_std[68,10]",-0.319197,0.0270784,-0.363763,-0.274665,14214.0,5208.73,0.999818
"beta_language_std[68,11]",0.102604,0.0235544,0.0635658,0.142238,14355.0,5351.79,1.00037
"beta_language_std[68,12]",-0.139374,0.0615442,-0.2383,-0.0426728,1766.91,2043.93,1.00505
"beta_language_std[69,1]",0.0625881,0.0265041,0.018832,0.106116,16165.6,5131.11,1.00116
"beta_language_std[69,2]",-0.00666791,0.0266405,-0.0494932,0.0369958,14975.4,5650.77,1.00009
"beta_language_std[69,3]",0.260973,0.0281463,0.215698,0.307772,14842.8,5957.92,1.00021
"beta_language_std[69,4]",-0.0454773,0.027411,-0.0907174,-0.00105643,16542.1,5851.98,1.00036
"beta_language_std[69,5]",0.0355988,0.0263694,-0.00775,0.0796812,17164.6,5733.93,1.00054
"beta_language_std[69,6]",-0.116602,0.0385576,-0.180303,-0.0532176,14454.4,5628.63,1.00029
"beta_language_std[69,7]",0.0435626,0.0263796,0.000967163,0.0871316,12837.1,5360.99,1.00011
"beta_language_std[69,8]",0.0217965,0.0273511,-0.0231348,0.0664615,12455.6,5794.27,1.0003
"beta_language_std[69,9]",0.0314994,0.0281425,-0.0156238,0.0787706,16976.0,5042.59,1.00145
"beta_language_std[69,10]",-0.124815,0.0259503,-0.167798,-0.0821745,13858.1,6065.89,1.00012
"beta_language_std[69,11]",-0.0203175,0.0217679,-0.0558213,0.0155825,13605.6,5330.01,0.999855
"beta_language_std[69,12]",-0.142139,0.0621236,-0.242381,-0.0413507,2127.23,2417.24,1.0057
"beta_language_std[70,1]",0.0800724,0.0264536,0.0369406,0.122764,13184.0,5742.53,1.00045
"beta_language_std[70,2]",0.0393571,0.0257772,-0.00328251,0.0821704,15016.8,6158.51,1.00038
"beta_language_std[70,3]",0.152555,0.0287033,0.104482,0.199657,14786.0,4802.2,1.00154
"beta_language_std[70,4]",0.020131,0.0273159,-0.0240782,0.0654976,12916.0,5993.6,1.0009
"beta_language_std[70,5]",0.0184977,0.0268143,-0.0261465,0.0624249,15713.4,6090.03,1.00017
"beta_language_std[70,6]",-0.130909,0.0397348,-0.196788,-0.0653854,14984.0,6009.46,1.00037
"beta_language_std[70,7]",0.034473,0.0266434,-0.00961331,0.078004,15856.5,5466.65,1.00037
"beta_language_std[70,8]",-0.0209303,0.0274029,-0.0660283,0.0242271,14773.7,5896.18,1.00172
"beta_language_std[70,9]",0.0271116,0.0277489,-0.0185144,0.0727968,16642.5,5877.21,1.00009
"beta_language_std[70,10]",-0.0858792,0.0267186,-0.129483,-0.0427106,13982.3,5778.94,1.0011
"beta_language_std[70,11]",0.00656316,0.022026,-0.0303458,0.0420967,11133.4,5722.83,1.00083
"beta_language_std[70,12]",-0.141043,0.0612174,-0.23954,-0.0438923,2197.7,1867.43,1.00745
"beta_language_std[71,1]",0.0510577,0.0271928,0.00670048,0.0953897,12873.0,5876.89,0.999985
"beta_language_std[71,2]",0.0419194,0.027284,-0.00291852,0.0869074,11701.2,5855.75,1.00048
"beta_language_std[71,3]",0.366048,0.0294448,0.318387,0.414774,13728.5,5146.91,0.999863
"beta_language_std[71,4]",0.0148363,0.027554,-0.0298394,0.0603338,12663.6,4576.21,1.0001
"beta_language_std[71,5]",0.0994635,0.027,0.0553771,0.143682,14919.8,5866.01,1.00087
"beta_language_std[71,6]",-0.210484,0.0387014,-0.274453,-0.14758,13009.4,4908.29,1.00148
"beta_language_std[71,7]",0.0794779,0.0269648,0.0349336,0.123884,13078.6,6136.31,1.00017
"beta_language_std[71,8]",0.00339932,0.0281489,-0.0431069,0.0492712,13825.0,5335.03,1.00023
"beta_language_std[71,9]",0.0283387,0.0276438,-0.0166659,0.073731,15829.3,5670.22,1.00104
"beta_language_std[71,10]",-0.331831,0.0258496,-0.373989,-0.289311,13908.8,5674.44,0.999889
"beta_language_std[71,11]",-0.00463559,0.0231839,-0.0424396,0.0336955,12866.1,5134.18,1.00058
"beta_language_std[71,12]",-0.137589,0.0640378,-0.239504,-0.0343417,1935.66,1669.33,1.00517
"beta_language_std[72,1]",0.0166458,0.030734,-0.0332238,0.066887,13013.5,4932.92,1.00079
"beta_language_std[72,2]",0.333211,0.033863,0.278591,0.388735,16077.0,5545.99,1.00016
"beta_language_std[72,3]",0.27361,0.0339652,0.217566,0.330346,14352.4,5838.11,1.00149
"beta_language_std[72,4]",-0.127822,0.0308263,-0.178614,-0.0768353,15750.0,5988.98,1.00156
"beta_language_std[72,5]",0.224819,0.0320163,0.172336,0.277783,15822.3,6049.01,0.999882
"beta_language_std[72,6]",-0.399918,0.0414606,-0.468562,-0.331655,15797.3,5448.98,1.00016
"beta_language_std[72,7]",0.0334709,0.0310212,-0.016915,0.0846151,14919.3,5234.43,1.00024
"beta_language_std[72,8]",-0.133483,0.0312741,-0.185891,-0.0823881,15589.6,5666.67,1.00044
"beta_language_std[72,9]",0.258082,0.0335276,0.203498,0.313741,14110.7,5770.45,1.00007
"beta_language_std[72,10]",-0.402125,0.0300951,-0.451294,-0.3528,15119.9,4877.79,1.00023
"beta_language_std[72,11]",0.0659229,0.0262278,0.0225328,0.109238,17039.8,5639.69,1.00018
"beta_language_std[72,12]",-0.142414,0.0624959,-0.24399,-0.0427294,1923.81,2050.54,1.00691
"beta_language_std[73,1]",0.0345377,0.0298585,-0.0149722,0.0839795,15256.7,4810.54,1.00197
"beta_language_std[73,2]",0.315668,0.0318848,0.263783,0.368973,15507.1,5523.1,1.00217
"beta_language_std[73,3]",0.346225,0.0333086,0.292214,0.401528,14449.7,5107.67,0.999916
"beta_language_std[73,4]",-0.128742,0.0300113,-0.177561,-0.0791481,13662.7,5682.12,1.00034
"beta_language_std[73,5]",0.178631,0.0313373,0.127255,0.228741,14463.6,5308.37,1.00114
"beta_language_std[73,6]",-0.364008,0.0412879,-0.431478,-0.295415,12153.6,6008.81,1.00028
"beta_language_std[73,7]",0.0167456,0.0303359,-0.0325879,0.0660904,13551.9,5283.77,1.00104
"beta_language_std[73,8]",-0.109241,0.030584,-0.160636,-0.0593231,16173.3,5716.97,1.00068
"beta_language_std[73,9]",0.214013,0.0323875,0.161402,0.267106,15036.1,5671.42,1.00006
"beta_language_std[73,10]",-0.422856,0.0283145,-0.469361,-0.376094,14934.5,5387.66,1.00064
"beta_language_std[73,11]",0.0609347,0.0249929,0.0197389,0.102563,16313.9,5119.63,1.00208
"beta_language_std[73,12]",-0.141908,0.0616067,-0.242614,-0.0403229,2136.47,2298.37,1.00646
"beta_language_std[74,1]",0.00581777,0.0298515,-0.0435992,0.0553003,12991.8,4886.55,1.00117
"beta_language_std[74,2]",0.335109,0.0329295,0.281474,0.389564,15904.6,5584.74,1.00004
"beta_language_std[74,3]",0.260348,0.0332946,0.205299,0.315555,15100.9,5508.04,1.00158
"beta_language_std[74,4]",-0.0989207,0.029216,-0.147439,-0.0503967,15806.9,5765.36,1.0012
"beta_language_std[74,5]",0.18234,0.0306613,0.133,0.232801,16883.6,6343.98,1.00073
"beta_language_std[74,6]",-0.44632,0.0405527,-0.514541,-0.379709,14513.8,6445.97,1.00036
"beta_language_std[74,7]",-0.00981922,0.030487,-0.0599145,0.0407077,14444.4,4594.59,1.00083
"beta_language_std[74,8]",-0.0724905,0.0310499,-0.123923,-0.0215224,14487.8,5723.2,1.00082
"beta_language_std[74,9]",0.196261,0.0321172,0.143676,0.249548,14877.9,5908.86,1.0002
"beta_language_std[74,10]",-0.323273,0.0281966,-0.369903,-0.276813,13642.5,6355.75,0.999813
"beta_language_std[74,11]",0.114622,0.025862,0.0715778,0.157451,12584.2,4963.13,1.00052
"beta_language_std[74,12]",-0.143675,0.0627609,-0.246644,-0.043353,1691.76,1820.11,1.00642
"beta_language_std[75,1]",0.0900853,0.0279036,0.0449464,0.136227,14834.6,6152.64,1.00145
"beta_language_std[75,2]",0.0782053,0.0279385,0.0323855,0.124855,14716.1,5475.85,1.00063
"beta_language_std[75,3]",0.3363,0.0304397,0.286332,0.386418,14173.3,5579.21,1.00102
"beta_language_std[75,4]",-0.0560716,0.027279,-0.101411,-0.0120914,14879.5,5726.61,1.00156
"beta_language_std[75,5]",0.113414,0.0279693,0.0674043,0.158831,14935.2,5637.36,1.0014
"beta_language_std[75,6]",-0.252119,0.0384795,-0.315069,-0.187911,15059.0,6037.07,1.00011
"beta_language_std[75,7]",0.0648595,0.0265619,0.0217092,0.109205,13936.6,5451.12,1.00089
"beta_language_std[75,8]",-0.00335236,0.0282306,-0.0500216,0.0433065,14640.2,5172.1,1.00107
"beta_language_std[75,9]",0.0482254,0.0289637,0.000661797,0.0955102,15506.7,5258.72,1.00064
"beta_language_std[75,10]",-0.33111,0.0255938,-0.372978,-0.288745,12356.7,6340.79,1.00014
"beta_language_std[75,11]",0.050137,0.0228177,0.0125211,0.0876332,14666.9,6068.01,1.00084
"beta_language_std[75,12]",-0.138573,0.0609259,-0.239253,-0.0394407,1994.27,2026.64,1.00593
"beta_language_std[76,1]",0.0884421,0.0272528,0.044272,0.133434,17003.2,5641.43,1.00056
"beta_language_std[76,2]",0.115789,0.0278483,0.0703558,0.161246,12633.3,5347.46,1.0002
"beta_language_std[76,3]",0.274697,0.0298062,0.22515,0.323943,15914.1,5596.55,1.00023
"beta_language_std[76,4]",-0.0833356,0.027326,-0.128246,-0.0388175,12133.3,4263.63,1.00142
"beta_language_std[76,5]",0.137083,0.0279262,0.0913172,0.183258,12474.0,5483.14,1.00039
"beta_language_std[76,6]",-0.291714,0.0376317,-0.353253,-0.229509,16102.0,5919.06,1.00047
"beta_language_std[76,7]",0.0632533,0.0279428,0.0174179,0.109388,15651.5,4817.52,1.0004
"beta_language_std[76,8]",-0.0159902,0.0280136,-0.0622344,0.0305311,15184.7,5431.9,1.00202
"beta_language_std[76,9]",0.0521477,0.0282824,0.00555061,0.0986421,15300.5,5385.47,1.00011
"beta_language_std[76,10]",-0.300196,0.0257906,-0.341992,-0.256873,11568.4,4355.2,1.00113
"beta_language_std[76,11]",0.0985015,0.0228577,0.0608085,0.135873,13230.9,4846.42,1.00006
"beta_language_std[76,12]",-0.138678,0.0628101,-0.241511,-0.0364899,1933.98,1942.19,1.00643
"beta_language_std[77,1]",0.0506475,0.0280203,0.00420402,0.0970764,14732.9,5264.22,1.00064
"beta_language_std[77,2]",-0.0105302,0.0284714,-0.0571252,0.0364255,13068.3,5531.18,1.00025
"beta_language_std[77,3]",0.483642,0.0307922,0.433487,0.533938,13135.1,6031.36,1.00061
"beta_language_std[77,4]",0.0059753,0.0283747,-0.0406681,0.0520322,15303.2,5638.15,1.00027
"beta_language_std[77,5]",0.128544,0.0284487,0.082043,0.175132,13123.4,5177.56,1.00031
"beta_language_std[77,6]",-0.255044,0.0390934,-0.32042,-0.191295,14656.5,5309.39,1.00083
"beta_language_std[77,7]",0.136638,0.0286485,0.089309,0.18458,13799.6,5488.83,0.99995
"beta_language_std[77,8]",0.000659229,0.0286436,-0.0474772,0.0479355,15129.4,5310.58,1.00093
"beta_language_std[77,9]",-0.0414303,0.0293335,-0.089194,0.00687549,16983.0,5269.18,1.00063
"beta_language_std[77,10]",-0.400338,0.0266831,-0.443427,-0.356708,13473.8,5776.05,1.00006
"beta_language_std[77,11]",0.0376645,0.0228529,-5.21561e-05,0.0749666,11656.7,5373.19,1.00002
"beta_language_std[77,12]",-0.136429,0.0615258,-0.234669,-0.0362463,1780.69,1740.7,1.00561
"beta_language_std[78,1]",0.0650032,0.0268572,0.0207844,0.108214,13548.3,5049.45,1.00087
"beta_language_std[78,2]",0.0391398,0.0243566,-0.000686326,0.079346,12393.1,6007.94,1.00177
"beta_language_std[78,3]",0.413264,0.0275474,0.368681,0.459176,15753.8,4979.25,1.00039
"beta_language_std[78,4]",-0.0556203,0.0280356,-0.102136,-0.00954038,14571.4,5653.9,1.00049
"beta_language_std[78,5]",0.102603,0.0254682,0.061656,0.145544,13488.8,4645.58,0.999789
"beta_language_std[78,6]",-0.249349,0.039233,-0.314226,-0.184518,16731.3,5412.26,1.00001
"beta_language_std[78,7]",0.106406,0.0255828,0.0636389,0.149099,14393.2,5194.75,1.00133
"beta_language_std[78,8]",0.0231338,0.0283197,-0.0235143,0.070475,14273.7,5464.84,1.00225
"beta_language_std[78,9]",0.0321878,0.0264771,-0.0108448,0.0758711,14253.8,5691.98,1.00137
"beta_language_std[78,10]",-0.303372,0.0234414,-0.341984,-0.264661,14190.3,5868.6,1.00122
"beta_language_std[78,11]",-0.0359989,0.0213044,-0.0711331,-0.00120166,11881.2,5765.57,1.00074
"beta_language_std[78,12]",-0.137397,0.0622421,-0.235949,-0.0344146,2068.82,1978.06,1.00711
"beta_language_std[79,1]",0.0721378,0.0268295,0.0280712,0.116693,12088.4,5812.88,1.00012
"beta_language_std[79,2]",0.0627002,0.0253037,0.020895,0.103989,12181.0,5304.13,1.00041
"beta_language_std[79,3]",0.373935,0.0278595,0.328781,0.419538,15002.9,5149.75,1.00091
"beta_language_std[79,4]",-0.0523874,0.0274565,-0.0971106,-0.00674765,14614.6,6139.76,0.999946
"beta_language_std[79,5]",0.126066,0.0257178,0.0839005,0.168708,14477.4,5174.38,1.00005
"beta_language_std[79,6]",-0.242041,0.0388035,-0.305803,-0.177795,14958.3,5989.99,1.00107
"beta_language_std[79,7]",0.117561,0.0263897,0.0739238,0.161703,13857.7,5477.05,1.00051
"beta_language_std[79,8]",0.0332655,0.0280168,-0.0130958,0.0795252,17014.7,5482.58,1.00031
"beta_language_std[79,9]",0.0419045,0.0258906,-0.0013386,0.0845326,13616.2,6038.35,1.00084
"beta_language_std[79,10]",-0.368168,0.0249092,-0.408847,-0.328373,13559.9,5471.36,1.00016
"beta_language_std[79,11]",-0.0284038,0.0217405,-0.0638678,0.0075156,12516.6,4497.24,1.00082
"beta_language_std[79,12]",-0.136569,0.0615382,-0.236322,-0.0343409,1573.68,1806.65,1.00484
"beta_language_std[80,1]",0.128136,0.0270526,0.0830662,0.172939,13972.2,5327.11,1.00108
"beta_language_std[80,2]",0.0257093,0.025188,-0.01618,0.0671624,13879.8,5437.28,1.00002
"beta_language_std[80,3]",0.385035,0.0276734,0.339476,0.431265,14822.5,5627.88,1.00148
"beta_language_std[80,4]",-0.08352,0.0273938,-0.128737,-0.038347,14198.4,5562.52,1.00056
"beta_language_std[80,5]",0.10849,0.0259923,0.0660423,0.151203,16279.9,5927.31,1.00034
"beta_language_std[80,6]",-0.207541,0.0384096,-0.270469,-0.143869,11293.2,4953.24,1.00142
"beta_language_std[80,7]",0.119277,0.0255978,0.0770252,0.161109,13815.2,6010.66,1.00009
"beta_language_std[80,8]",0.031677,0.0278431,-0.0136061,0.078253,14070.5,5251.67,1.00174
"beta_language_std[80,9]",-0.00809169,0.0267371,-0.0518589,0.0365276,14113.1,5380.25,1.00124
"beta_language_std[80,10]",-0.323312,0.0239815,-0.363067,-0.2846,14587.5,6062.73,1.00036
"beta_language_std[80,11]",-0.039195,0.0214542,-0.0745376,-0.00376352,10961.4,4731.58,1.00092
"beta_language_std[80,12]",-0.136664,0.0619938,-0.23609,-0.0336325,1812.28,1690.95,1.0076
"beta_language_std[81,1]",0.152798,0.0277444,0.106914,0.198412,15160.7,5357.56,0.999965
"beta_language_std[81,2]",0.0652823,0.0270652,0.0209151,0.108999,14182.0,5909.29,1.00167
"beta_language_std[81,3]",0.29459,0.0290826,0.246701,0.342229,14506.1,6057.92,1.00095
"beta_language_std[81,4]",-0.0611751,0.0274534,-0.106566,-0.0159707,13790.8,5569.96,1.00099
"beta_language_std[81,5]",0.0814688,0.0271725,0.0365146,0.126655,15390.4,5772.89,1.00026
"beta_language_std[81,6]",-0.207021,0.0380187,-0.268484,-0.144322,15374.2,5752.81,1.00042
"beta_language_std[81,7]",0.106939,0.0271031,0.0627838,0.15102,14941.7,4849.0,1.0005
"beta_language_std[81,8]",0.0519532,0.027828,0.00726056,0.0984669,13269.4,5537.99,1.00086
"beta_language_std[81,9]",-0.0102937,0.0280441,-0.0559627,0.0354965,13619.9,5403.64,1.00053
"beta_language_std[81,10]",-0.308828,0.0253737,-0.35059,-0.266962,14201.1,5462.81,1.00118
"beta_language_std[81,11]",-0.0291514,0.0221093,-0.0660633,0.007931,13772.6,6154.99,1.00109
"beta_language_std[81,12]",-0.136562,0.0615839,-0.235549,-0.0347128,2083.87,1952.75,1.00654
"beta_language_std[82,1]",0.0899287,0.0302466,0.039904,0.140451,14928.1,5526.73,1.00186
"beta_language_std[82,2]",0.169383,0.0307735,0.118818,0.220164,18878.8,5787.44,1.00198
"beta_language_std[82,3]",0.328672,0.0325536,0.275105,0.382703,14310.3,5818.44,1.00034
"beta_language_std[82,4]",0.00656863,0.0307736,-0.0438624,0.0565321,14653.4,5339.06,1.0006
"beta_language_std[82,5]",0.0834431,0.0297969,0.0346321,0.132624,15010.3,5655.12,1.00115
"beta_language_std[82,6]",-0.344846,0.0394109,-0.409484,-0.279743,14243.0,5448.17,1.0001
"beta_language_std[82,7]",0.0978151,0.0301012,0.048635,0.146885,15152.5,6211.31,1.0009
"beta_language_std[82,8]",0.0283483,0.0312778,-0.0226056,0.0800311,16119.1,4982.46,1.00106
"beta_language_std[82,9]",0.0327796,0.0316465,-0.018799,0.0855653,15275.1,5877.75,1.00049
"beta_language_std[82,10]",-0.385096,0.0292342,-0.43257,-0.337679,15565.1,5668.05,1.00174
"beta_language_std[82,11]",0.0316574,0.0254903,-0.00998986,0.0738833,13690.5,5505.0,1.00079
"beta_language_std[82,12]",-0.138653,0.0639719,-0.242968,-0.0343497,1849.69,1986.61,1.00423
"beta_language_std[83,1]",0.171214,0.0290012,0.123235,0.219538,14280.6,5537.09,1.00036
"beta_language_std[83,2]",0.2561,0.0289346,0.209217,0.303893,14118.8,5727.86,1.00002
"beta_language_std[83,3]",0.268668,0.0297906,0.220395,0.317315,16933.6,5821.34,1.00007
"beta_language_std[83,4]",-0.0455743,0.0279127,-0.0911811,0.000287073,16682.7,5430.45,1.00064
"beta_language_std[83,5]",0.122131,0.0278517,0.0758829,0.167702,14602.5,5285.6,1.00067
"beta_language_std[83,6]",-0.343767,0.0396009,-0.408571,-0.278867,17696.7,6887.4,1.00106
"beta_language_std[83,7]",0.0627395,0.0279365,0.0163736,0.10864,15298.8,5854.19,1.00029
"beta_language_std[83,8]",-0.00491996,0.0289445,-0.0521524,0.0424852,14438.5,6220.82,1.00043
"beta_language_std[83,9]",0.0284862,0.0284563,-0.0189982,0.0748508,14432.8,5176.55,1.00145
"beta_language_std[83,10]",-0.413409,0.0269372,-0.456734,-0.370053,15891.3,5419.97,1.00071
"beta_language_std[83,11]",0.0348887,0.0231145,-0.00330042,0.0728359,14945.9,5424.76,1.00142
"beta_language_std[83,12]",-0.136557,0.062105,-0.236412,-0.0345621,2220.96,2075.63,1.00614
"beta_language_std[84,1]",0.0249802,0.027343,-0.0190036,0.0698213,14455.3,5411.01,1.00168
"beta_language_std[84,2]",0.0141722,0.0268091,-0.0304775,0.058285,13199.3,5951.63,1.00315
"beta_language_std[84,3]",0.458723,0.0295719,0.410069,0.507499,14991.4,5972.11,1.00003
"beta_language_std[84,4]",0.030209,0.0273698,-0.0144176,0.0755262,15149.1,5311.36,1.00011
"beta_language_std[84,5]",0.0678017,0.0267505,0.024399,0.1118,12638.1,5286.46,1.00216
"beta_language_std[84,6]",-0.128903,0.0390728,-0.194498,-0.0653026,15148.0,5913.23,1.00074
"beta_language_std[84,7]",0.107352,0.0271025,0.0630997,0.151961,15406.6,5864.15,1.00081
"beta_language_std[84,8]",0.0441316,0.0286089,-0.00303065,0.0910842,12224.9,5714.88,1.00071
"beta_language_std[84,9]",0.00586419,0.0281624,-0.0403415,0.0523358,13439.8,4128.33,1.00024
"beta_language_std[84,10]",-0.413875,0.0263916,-0.456793,-0.370383,14832.7,5580.18,1.00041
"beta_language_std[84,11]",-0.0727457,0.0227056,-0.109998,-0.0352251,13082.8,6046.48,0.999925
"beta_language_std[84,12]",-0.13771,0.0627028,-0.239368,-0.0347993,1777.47,1624.67,1.00556
"beta_language_std[85,1]",0.115161,0.0301778,0.0664883,0.165259,15028.5,5603.62,1.0011
"beta_language_std[85,2]",0.264529,0.0319138,0.211889,0.316478,15766.3,5578.53,1.00052
"beta_language_std[85,3]",0.269433,0.0329048,0.216713,0.323764,14966.6,5250.67,1.00099
"beta_language_std[85,4]",-0.0317699,0.0304002,-0.0816393,0.0180479,13640.0,4788.37,1.0016
"beta_language_std[85,5]",0.17843,0.0304766,0.128897,0.229202,14810.2,5928.41,1.0009
"beta_language_std[85,6]",-0.432844,0.0393041,-0.497344,-0.368566,15458.3,5821.23,1.00102
"beta_language_std[85,7]",-0.0571287,0.0297047,-0.106105,-0.00697848,13848.9,5659.24,1.00027
"beta_language_std[85,8]",-0.0659771,0.0314977,-0.117342,-0.013747,15878.6,5873.1,1.00042
"beta_language_std[85,9]",0.196619,0.0314614,0.145296,0.249339,14628.6,6241.29,1.00059
"beta_language_std[85,10]",-0.339925,0.0303244,-0.389131,-0.289729,15198.7,5112.08,1.00064
"beta_language_std[85,11]",0.0435355,0.025884,0.00158549,0.086295,15727.8,5642.0,1.00086
"beta_language_std[85,12]",-0.140062,0.0622892,-0.240592,-0.0391468,2540.46,2315.67,1.00712
"beta_language_std[86,1]",0.136358,0.0274794,0.091,0.181283,14370.8,6145.91,1.00018
"beta_language_std[86,2]",0.120378,0.0281159,0.0745887,0.167181,15700.8,5648.08,0.999804
"beta_language_std[86,3]",0.43972,0.0309202,0.389545,0.490981,13644.0,5618.16,1.00174
"beta_language_std[86,4]",-0.0442686,0.0280556,-0.0896246,0.00173547,13872.7,5090.38,1.00086
"beta_language_std[86,5]",0.0865358,0.0276596,0.0412904,0.131811,15137.0,5730.83,0.999843
"beta_language_std[86,6]",-0.284876,0.0384912,-0.348523,-0.221331,15073.4,6449.45,1.00045
"beta_language_std[86,7]",0.0435647,0.0277835,-0.00218171,0.0897506,17162.5,5269.6,1.00061
"beta_language_std[86,8]",-0.0628416,0.0286132,-0.110295,-0.0159873,14620.6,5721.91,1.00039
"beta_language_std[86,9]",0.0241632,0.0290394,-0.0239057,0.0718538,13938.5,4985.57,1.00053
"beta_language_std[86,10]",-0.352568,0.0269208,-0.397203,-0.308217,14860.5,5560.99,1.00024
"beta_language_std[86,11]",0.0323555,0.0230173,-0.00610691,0.0704503,16565.9,5493.43,1.00089
"beta_language_std[86,12]",-0.138521,0.0624893,-0.238938,-0.0392959,2231.73,1766.22,1.00854
"beta_language_std[87,1]",-0.154881,0.0282538,-0.201586,-0.108229,12526.9,5880.05,1.00097
"beta_language_std[87,2]",0.172797,0.028334,0.125957,0.219392,14007.2,5556.28,0.999729
"beta_language_std[87,3]",0.482152,0.0310107,0.431714,0.533657,16248.1,5606.65,1.00068
"beta_language_std[87,4]",0.111673,0.0288602,0.0643518,0.158991,15793.2,5298.63,1.00152
"beta_language_std[87,5]",0.102608,0.0279411,0.0568436,0.148633,13941.5,5228.35,1.00033
"beta_language_std[87,6]",-0.311268,0.0391786,-0.37584,-0.246774,11633.3,4688.12,1.00123
"beta_language_std[87,7]",0.173051,0.0282956,0.126296,0.220018,13829.6,5750.31,0.999802
"beta_language_std[87,8]",-0.251898,0.029216,-0.300232,-0.203846,15116.4,5573.36,1.00031
"beta_language_std[87,9]",0.0648085,0.0287711,0.0175346,0.111792,15021.3,5978.73,1.00086
"beta_language_std[87,10]",-0.326694,0.0268516,-0.370873,-0.282218,14825.4,5834.89,1.00007
"beta_language_std[87,11]",0.0803159,0.023761,0.0417443,0.119542,12716.1,5569.07,0.999914
"beta_language_std[87,12]",-0.142665,0.06362,-0.243003,-0.0378238,1829.1,1981.91,1.0057
"beta_language_std[88,1]",0.188873,0.0278889,0.143489,0.235179,14824.5,5502.19,1.00036
"beta_language_std[88,2]",0.0205445,0.0271188,-0.0230526,0.0656241,14574.2,5375.36,1.00015
"beta_language_std[88,3]",0.186837,0.028367,0.139904,0.233637,15167.7,6045.56,1.00141
"beta_language_std[88,4]",0.0267995,0.0276369,-0.0193138,0.0717071,17363.4,5640.15,1.00096
"beta_language_std[88,5]",0.031615,0.0268178,-0.0120594,0.0747334,13624.4,5681.59,1.00147
"beta_language_std[88,6]",-0.211289,0.038569,-0.274699,-0.147417,14998.8,5286.22,1.00007
"beta_language_std[88,7]",0.138677,0.0277428,0.09288,0.184732,14722.0,5577.96,1.00143
"beta_language_std[88,8]",0.0803599,0.0280251,0.0344139,0.125752,14848.3,5613.28,1.00029
"beta_language_std[88,9]",-0.0436052,0.0282612,-0.090221,0.00249517,13547.0,4467.68,1.00076
"beta_language_std[88,10]",-0.21956,0.0255777,-0.261727,-0.177564,16201.1,5824.41,1.00163
"beta_language_std[88,11]",-0.0653819,0.0217322,-0.101684,-0.0294276,13393.5,5581.39,1.00016
"beta_language_std[88,12]",-0.13387,0.0625712,-0.231411,-0.0295904,2229.99,1950.86,1.00649
"beta_language_std[89,1]",0.140689,0.0270493,0.0963554,0.185559,16588.2,6325.91,1.00057
"beta_language_std[89,2]",-0.000218849,0.0271114,-0.044138,0.0446118,15456.3,5243.29,1.00025
"beta_language_std[89,3]",0.214083,0.0286316,0.166955,0.260868,14315.5,5594.56,1.00097
"beta_language_std[89,4]",-0.00480202,0.0277673,-0.0498047,0.0412594,15722.0,5642.99,1.00142
"beta_language_std[89,5]",0.0758609,0.0262231,0.0325257,0.119386,15102.4,5351.32,1.0011
"beta_language_std[89,6]",-0.167865,0.0397525,-0.232014,-0.101684,16520.7,5766.16,1.00011
"beta_language_std[89,7]",0.128147,0.0274778,0.0831493,0.173546,14231.9,5324.74,0.999887
"beta_language_std[89,8]",0.081608,0.0277635,0.0361826,0.127292,13926.7,5364.25,1.00112
"beta_language_std[89,9]",-0.0236388,0.0278149,-0.0696673,0.0221675,12489.5,5094.39,1.00021
"beta_language_std[89,10]",-0.22352,0.0260668,-0.266306,-0.18071,13854.8,5435.38,1.00099
"beta_language_std[89,11]",-0.0851172,0.0219601,-0.121198,-0.0487813,13827.4,5621.87,1.00074
"beta_language_std[89,12]",-0.135225,0.0616103,-0.233518,-0.0326343,2201.22,1978.65,1.00378
"beta_language_std[90,1]",0.0946975,0.0278719,0.0489552,0.140819,15019.1,5372.58,1.00097
"beta_language_std[90,2]",0.189154,0.027548,0.14434,0.233714,14740.8,5782.72,1.00054
"beta_language_std[90,3]",0.228099,0.0296327,0.178446,0.276706,16384.4,5753.13,1.00003
"beta_language_std[90,4]",-0.0605774,0.0283989,-0.106815,-0.0146782,15816.2,5062.38,1.00042
"beta_language_std[90,5]",0.0805639,0.02704,0.0360482,0.124765,16296.6,5530.26,0.999866
"beta_language_std[90,6]",-0.304005,0.0385355,-0.366948,-0.240292,15156.1,6574.63,1.00021
"beta_language_std[90,7]",0.00958619,0.027929,-0.0363507,0.0560375,14605.0,5367.94,1.00114
"beta_language_std[90,8]",-0.0213996,0.0276944,-0.0661971,0.0245752,15680.2,5202.89,1.00138
"beta_language_std[90,9]",0.00671897,0.0287734,-0.0397156,0.0540213,14167.0,4853.66,1.00145
"beta_language_std[90,10]",-0.251693,0.0282092,-0.29874,-0.205237,13668.6,5235.27,1.00071
"beta_language_std[90,11]",0.170673,0.0249859,0.129308,0.211748,15057.3,5566.42,1.00014
"beta_language_std[90,12]",-0.141817,0.0623687,-0.245832,-0.0403926,1837.87,1996.15,1.00725
"beta_language_std[91,1]",0.0496246,0.0269562,0.00504177,0.0942136,13591.0,4984.18,1.00025
"beta_language_std[91,2]",0.104421,0.0272617,0.0594452,0.148779,12388.1,5466.24,0.999852
"beta_language_std[91,3]",0.122434,0.0279318,0.076996,0.167964,16381.2,5755.79,1.00091
"beta_language_std[91,4]",-0.0384206,0.0268814,-0.0827028,0.00543403,14561.5,5800.02,1.00122
"beta_language_std[91,5]",0.0647391,0.0265686,0.0213749,0.108159,13229.5,5140.74,1.00096
"beta_language_std[91,6]",-0.0934054,0.0377169,-0.155087,-0.0315213,15122.4,6000.98,1.00005
"beta_language_std[91,7]",0.00725765,0.0268954,-0.0365893,0.0518695,15600.6,5508.6,1.00175
"beta_language_std[91,8]",0.0482849,0.0277127,0.00266399,0.0939132,14454.0,5858.35,1.00016
"beta_language_std[91,9]",0.0414641,0.0275233,-0.00381912,0.0865011,14738.2,5520.83,1.00095
"beta_language_std[91,10]",-0.190776,0.0270932,-0.235294,-0.14613,14686.9,5757.49,1.00117
"beta_language_std[91,11]",0.0253758,0.0225692,-0.0113034,0.0626199,13257.7,5796.34,1.00113
"beta_language_std[91,12]",-0.140999,0.0635985,-0.243792,-0.0394585,1801.67,1845.07,1.0056
"beta_language_std[92,1]",0.0744403,0.02715,0.0290587,0.118896,12523.1,5250.65,1.00121
"beta_language_std[92,2]",0.0984794,0.0271543,0.0542294,0.143136,15131.6,5562.59,0.99987
"beta_language_std[92,3]",0.112863,0.0285642,0.0666302,0.159521,14629.0,5492.53,0.9998
"beta_language_std[92,4]",-0.0577009,0.0276128,-0.103149,-0.0110971,16124.2,5307.0,1.00062
"beta_language_std[92,5]",0.095733,0.0267497,0.0521131,0.140373,15074.9,5563.11,0.999959
"beta_language_std[92,6]",-0.133674,0.0388015,-0.197244,-0.0700531,16012.7,6364.8,1.00004
"beta_language_std[92,7]",0.0471572,0.0270285,0.00223342,0.0917889,15560.8,5903.22,1.00064
"beta_language_std[92,8]",0.0778596,0.0276079,0.032249,0.122348,16146.1,5943.47,1.00029
"beta_language_std[92,9]",0.0415888,0.0274435,-0.00306828,0.0862319,15938.4,5950.3,1.00094
"beta_language_std[92,10]",-0.196597,0.02587,-0.238784,-0.153994,12082.5,5298.75,1.00172
"beta_language_std[92,11]",-0.0208976,0.0217643,-0.056894,0.0152221,12329.3,5395.24,0.999971
"beta_language_std[92,12]",-0.139251,0.0610787,-0.23858,-0.0403448,2110.92,1951.03,1.0057
"beta_language_std[93,1]",0.159421,0.027784,0.113305,0.205036,13765.4,5339.9,1.00084
"beta_language_std[93,2]",0.0696699,0.0283104,0.0236949,0.116012,14565.9,4727.55,1.00004
"beta_language_std[93,3]",0.36316,0.0301864,0.313228,0.412987,14939.4,5396.9,1.00139
"beta_language_std[93,4]",-0.0546288,0.0274401,-0.0995505,-0.00897613,14848.6,5518.82,1.00108
"beta_language_std[93,5]",0.112529,0.0282258,0.0669136,0.158783,14230.7,5128.3,1.00047
"beta_language_std[93,6]",-0.200957,0.0394249,-0.266538,-0.136522,14692.7,6096.39,1.00056
"beta_language_std[93,7]",0.0817188,0.0277236,0.036758,0.12739,15878.8,5968.16,0.999733
"beta_language_std[93,8]",0.0486048,0.02856,0.002098,0.0954993,16046.6,5583.01,1.0006
"beta_language_std[93,9]",-0.0135562,0.0282225,-0.0602298,0.0329559,14641.6,5426.1,0.999869
"beta_language_std[93,10]",-0.410956,0.0258303,-0.452854,-0.368318,13314.4,5693.98,1.00099
"beta_language_std[93,11]",-0.0189576,0.0231398,-0.0569673,0.0186404,13207.4,5887.57,0.999877
"beta_language_std[93,12]",-0.136049,0.0631618,-0.234646,-0.0313266,1873.39,1667.95,1.00409
"beta_language_std[94,1]",0.14491,0.0282282,0.0985441,0.19118,15153.1,6165.05,1.00184
"beta_language_std[94,2]",0.221408,0.0289845,0.173571,0.269806,14182.6,5772.46,1.00046
"beta_language_std[94,3]",0.375701,0.0311433,0.323518,0.426136,12561.2,4324.88,1.00193
"beta_language_std[94,4]",-0.0281524,0.0288303,-0.0750578,0.0190907,14830.5,5184.66,1.00018
"beta_language_std[94,5]",0.137281,0.0289015,0.090425,0.18501,14463.4,5495.27,1.00167
"beta_language_std[94,6]",-0.347634,0.0386748,-0.411881,-0.285436,13872.3,5040.3,1.00076
"beta_language_std[94,7]",0.0853406,0.0290516,0.0375801,0.133831,14837.4,5366.88,1.00002
"beta_language_std[94,8]",0.0186589,0.0293816,-0.0293957,0.0673007,16646.0,5583.18,1.00164
"beta_language_std[94,9]",0.125026,0.0298121,0.0773521,0.174585,14380.4,4844.01,1.00046
"beta_language_std[94,10]",-0.575518,0.0276165,-0.620979,-0.529837,12191.0,4761.84,1.00092
"beta_language_std[94,11]",-0.0229014,0.0232191,-0.0610765,0.0148904,13013.2,5272.37,1.00029
"beta_language_std[94,12]",-0.13412,0.0626819,-0.233861,-0.0321295,1957.6,1951.16,1.00451
"beta_language_std[95,1]",0.191178,0.02774,0.146115,0.236783,15502.7,6120.51,0.999958
"beta_language_std[95,2]",-0.0679701,0.0277848,-0.113746,-0.0225802,14480.5,5691.82,0.999995
"beta_language_std[95,3]",0.351651,0.0308501,0.299962,0.403295,13365.6,5116.14,1.00041
"beta_language_std[95,4]",0.0495285,0.0278716,0.00349375,0.0957203,14747.8,4940.95,1.00094
"beta_language_std[95,5]",0.217105,0.028027,0.171368,0.263137,14009.7,5230.22,1.0013
"beta_language_std[95,6]",-0.490615,0.0391959,-0.55469,-0.425863,16474.6,5797.6,1.00014
"beta_language_std[95,7]",0.194326,0.0285966,0.147573,0.241629,12867.3,4829.23,1.00245
"beta_language_std[95,8]",0.0616484,0.0284158,0.0143056,0.108807,13759.2,5494.19,1.00058
"beta_language_std[95,9]",0.05466,0.0284854,0.00782407,0.101439,11443.5,4710.45,1.00122
"beta_language_std[95,10]",-0.445666,0.0266796,-0.490969,-0.401942,13326.1,5310.2,1.00072
"beta_language_std[95,11]",0.00830953,0.0226171,-0.0287611,0.0453961,12213.2,5949.5,1.00044
"beta_language_std[95,12]",-0.124155,0.0637208,-0.221128,-0.0157572,1526.13,1266.41,1.0045
"beta_language_std[96,1]",0.0941197,0.0285427,0.0483604,0.141579,13732.4,5016.29,1.00031
"beta_language_std[96,2]",0.0346283,0.0287913,-0.0128427,0.0821156,15634.2,5620.41,1.00137
"beta_language_std[96,3]",0.535452,0.0316193,0.48384,0.587531,13694.2,5481.72,1.00048
"beta_language_std[96,4]",0.018203,0.02883,-0.0292397,0.0654234,16021.1,5270.71,0.999795
"beta_language_std[96,5]",0.194294,0.0292157,0.145913,0.242013,15437.4,5884.84,1.00052
"beta_language_std[96,6]",-0.321985,0.0389294,-0.386481,-0.257817,13902.2,5406.81,1.0011
"beta_language_std[96,7]",0.126429,0.0280886,0.0804951,0.172552,16911.6,5438.66,1.00152
"beta_language_std[96,8]",0.0809903,0.0296581,0.032993,0.130065,14850.7,5739.87,1.00033
"beta_language_std[96,9]",-0.019997,0.0288921,-0.0669467,0.0282533,15120.0,5546.58,1.00084
"beta_language_std[96,10]",-0.472419,0.0265311,-0.515792,-0.429089,12447.0,5147.95,1.00196
"beta_language_std[96,11]",-0.136191,0.0234514,-0.174717,-0.097689,11521.7,4755.61,1.00048
"beta_language_std[96,12]",-0.133524,0.0623054,-0.231374,-0.0313984,1909.03,2036.21,1.0059
"beta_language_std[97,1]",0.0502113,0.0272097,0.00570016,0.0945721,17141.1,5273.92,1.00027
"beta_language_std[97,2]",0.0509345,0.0260108,0.00880362,0.0933917,15059.9,5608.23,1.00094
"beta_language_std[97,3]",0.12744,0.027409,0.082619,0.172109,17054.8,5479.94,1.00078
"beta_language_std[97,4]",-0.00855508,0.0268018,-0.0522066,0.0350481,14390.6,5710.43,1.0018
"beta_language_std[97,5]",0.0356729,0.0268489,-0.0085391,0.0803486,14720.3,5455.04,1.00089
"beta_language_std[97,6]",-0.0868776,0.0395038,-0.152402,-0.0221673,15765.1,4869.58,0.999865
"beta_language_std[97,7]",0.016672,0.0270381,-0.0272785,0.0606372,14281.1,5236.28,1.00031
"beta_language_std[97,8]",0.0113061,0.0278377,-0.0339028,0.0568255,13247.2,5714.54,1.00065
"beta_language_std[97,9]",0.0633981,0.0279786,0.0173281,0.109695,14624.3,5579.01,1.00028
"beta_language_std[97,10]",-0.11497,0.0266474,-0.15909,-0.0710768,16264.5,5018.78,1.00108
"beta_language_std[97,11]",-0.00256347,0.0224719,-0.0399516,0.0342783,12835.4,5465.22,1.00015
"beta_language_std[97,12]",-0.142669,0.0616498,-0.244657,-0.0442818,1960.4,2364.82,1.00562
"beta_language_std[98,1]",0.0358454,0.0268211,-0.0083686,0.0797209,14913.9,5836.73,1.00133
"beta_language_std[98,2]",0.024767,0.0269933,-0.0194652,0.069062,16900.4,5789.28,1.00105
"beta_language_std[98,3]",0.0980294,0.0281598,0.052015,0.144141,14510.6,6219.05,1.00126
"beta_language_std[98,4]",0.00234529,0.0273707,-0.0423855,0.0474485,14045.2,6191.98,1.00116
"beta_language_std[98,5]",0.0475297,0.0266956,0.00296285,0.0905035,15169.6,5456.19,1.00171
"beta_language_std[98,6]",-0.114233,0.0392355,-0.178196,-0.0489533,17281.9,5901.81,1.00038
"beta_language_std[98,7]",0.0165415,0.0269378,-0.0273235,0.0603947,14450.6,5939.2,1.00054
"beta_language_std[98,8]",0.0415656,0.0280664,-0.00526496,0.0882509,11877.5,5488.2,1.00077
"beta_language_std[98,9]",0.0638185,0.0277358,0.0181393,0.109879,15105.0,5748.91,1.0007
"beta_language_std[98,10]",-0.0862857,0.0266668,-0.130013,-0.0421033,14102.1,5671.64,1.00059
"beta_language_std[98,11]",0.0118091,0.0223521,-0.0253026,0.0486164,13312.8,5527.98,1.00163
"beta_language_std[98,12]",-0.141733,0.0632156,-0.244505,-0.0384647,1938.97,1570.09,1.00604
"beta_language_std[99,1]",0.0825818,0.0273977,0.0362723,0.128111,13808.7,5211.13,1.00114
"beta_language_std[99,2]",0.248764,0.0280504,0.202455,0.294367,16121.8,6180.54,1.0003
"beta_language_std[99,3]",0.23631,0.0296638,0.188182,0.285443,15491.8,5580.47,1.00023
"beta_language_std[99,4]",-0.021754,0.027506,-0.0672059,0.0241544,16269.6,5309.15,1.00104
"beta_language_std[99,5]",0.160689,0.0276395,0.115151,0.206944,12903.0,5404.92,1.0006
"beta_language_std[99,6]",-0.320219,0.0394432,-0.38511,-0.254998,16359.1,6179.77,1.00139
"beta_language_std[99,7]",0.0446359,0.0280207,-0.000936994,0.0900427,15810.7,5536.67,1.00019
"beta_language_std[99,8]",-0.00938879,0.0282565,-0.0549662,0.0369697,14916.2,5444.79,1.00052
"beta_language_std[99,9]",0.143063,0.0281664,0.0970766,0.189211,14845.7,5786.22,1.00009
"beta_language_std[99,10]",-0.444881,0.026703,-0.488145,-0.401219,14243.5,5776.86,1.00165
"beta_language_std[99,11]",0.0175751,0.023029,-0.0196495,0.0560182,13678.1,6169.94,1.00099
"beta_language_std[99,12]",-0.137377,0.0619206,-0.237443,-0.0353795,2477.26,2161.76,1.00562
"beta_language_std[100,1]",0.0883185,0.0267797,0.044237,0.133402,13320.5,6099.76,1.00208
"beta_language_std[100,2]",0.246944,0.0277814,0.201416,0.292443,14478.1,5987.26,1.00154
"beta_language_std[100,3]",0.147728,0.0297236,0.0994328,0.19662,16262.1,5431.36,1.00023
"beta_language_std[100,4]",-0.0570043,0.0280863,-0.103161,-0.0104512,13056.3,4765.83,1.00096
"beta_language_std[100,5]",0.183166,0.0279665,0.137496,0.229184,14387.4,5506.74,1.00014
"beta_language_std[100,6]",-0.323722,0.0391013,-0.389,-0.260073,14723.9,5990.05,1.00065
"beta_language_std[100,7]",0.105822,0.0273583,0.0605657,0.151653,14604.6,5992.07,1.00091
"beta_language_std[100,8]",0.0101373,0.0282232,-0.0375727,0.0566538,14164.1,5370.85,1.00074
"beta_language_std[100,9]",0.143712,0.029118,0.0966439,0.19165,15049.5,5657.94,1.00016
"beta_language_std[100,10]",-0.447689,0.026557,-0.491839,-0.404507,13791.9,5032.97,1.00014
"beta_language_std[100,11]",0.0373965,0.0229029,-0.00032168,0.0751279,13466.0,5806.97,1.00055
"beta_language_std[100,12]",-0.134808,0.0627737,-0.232674,-0.0318765,2126.06,1900.49,1.00563
"beta_task_std[1,1]",0.618034,0.0534268,0.53203,0.70594,11691.4,5869.87,1.00066
"beta_task_std[1,2]",-0.0601895,0.024776,-0.10032,-0.0194681,9287.91,6033.35,0.999946
"beta_task_std[1,3]",-0.37033,0.0341153,-0.426687,-0.313946,17260.6,5653.48,1.0017
"beta_task_std[1,4]",0.510738,0.0271128,0.466608,0.554669,14036.3,6389.3,1.00127
"beta_task_std[1,5]",-1.33887,0.0481303,-1.41799,-1.26076,15529.2,5792.67,1.00028
"beta_task_std[1,6]",0.539534,0.0248391,0.499079,0.580489,11887.7,5753.71,1.00018
"beta_task_std[1,7]",0.101082,0.0192547,0.0690679,0.132648,11516.8,6586.9,0.999809
"beta_task_std[2,1]",0.660798,0.0509261,0.577698,0.745421,9908.23,5692.64,1.00127
"beta_task_std[2,2]",0.000291178,0.024094,-0.0396424,0.0393306,8348.08,5739.36,1.00132
"beta_task_std[2,3]",-0.134534,0.0329334,-0.189013,-0.0801288,14221.6,5777.42,1.00099
"beta_task_std[2,4]",-0.0156773,0.0248524,-0.0571153,0.0246679,11104.3,5609.93,1.00075
"beta_task_std[2,5]",-0.607821,0.0435236,-0.680263,-0.535706,14824.7,5626.65,1.00023
"beta_task_std[2,6]",0.327908,0.0234468,0.289826,0.366578,13627.1,6507.07,1.00023
"beta_task_std[2,7]",-0.230966,0.0183318,-0.261219,-0.201129,10994.1,7125.57,1.00032
"beta_task_std[3,1]",0.536517,0.0524881,0.450579,0.622331,10799.5,6311.6,0.999887
"beta_task_std[3,2]",-0.139701,0.0256028,-0.182247,-0.0974431,8273.26,4899.88,1.00048
"beta_task_std[3,3]",-0.244694,0.0342451,-0.301139,-0.187909,17131.6,5026.03,1.00182
"beta_task_std[3,4]",0.34773,0.0263158,0.304795,0.391679,13502.4,6183.11,1.00003
"beta_task_std[3,5]",-0.993676,0.0458531,-1.06976,-0.918001,15498.5,5574.53,1.00016
"beta_task_std[3,6]",0.694315,0.0259306,0.650826,0.737352,13505.3,5428.5,1.00031
"beta_task_std[3,7]",-0.200492,0.0189107,-0.231523,-0.169388,11302.7,6497.01,1.00066
"beta_task_std[4,1]",0.688788,0.0504709,0.605659,0.773129,9769.87,5576.05,1.0003
"beta_task_std[4,2]",0.12931,0.0241718,0.0894427,0.169627,9767.82,6561.14,1.0006
"beta_task_std[4,3]",-0.369027,0.0322436,-0.420932,-0.315895,17258.0,5539.79,1.00183
"beta_task_std[4,4]",0.14827,0.0232682,0.110307,0.186538,10779.3,6690.09,1.00066
"beta_task_std[4,5]",-0.759432,0.0455062,-0.834943,-0.685264,14351.4,5776.78,1.0014
"beta_task_std[4,6]",0.315505,0.0223414,0.278619,0.351718,10251.9,5292.31,1.00047
"beta_task_std[4,7]",-0.153415,0.0180174,-0.182891,-0.124035,9225.87,5393.64,1.00018
"beta_task_std[5,1]",0.70954,0.0522327,0.624655,0.797542,10998.6,6366.44,1.00007
"beta_task_std[5,2]",0.0935545,0.0249113,0.0525743,0.134102,8590.87,6137.19,1.00019
"beta_task_std[5,3]",-0.144799,0.0341526,-0.200188,-0.0890925,16588.5,6077.47,1.00036
"beta_task_std[5,4]",0.249524,0.0237839,0.210308,0.288473,11299.5,6183.51,1.00013
"beta_task_std[5,5]",-1.0696,0.0471912,-1.14808,-0.991706,12811.2,6273.5,1.00002
"beta_task_std[5,6]",0.26725,0.0226101,0.229728,0.304689,10745.6,6520.81,1.00028
"beta_task_std[5,7]",-0.105466,0.0188653,-0.136814,-0.0745859,9923.44,7031.12,0.999854
"beta_task_std[6,1]",0.739973,0.0466359,0.66336,0.817122,13895.2,6483.75,1.00041
"beta_task_std[6,2]",0.520941,0.0242459,0.48137,0.561287,8745.7,5906.56,1.00079
"beta_task_std[6,3]",-0.860266,0.0358868,-0.918409,-0.80181,16083.4,4563.13,1.00028
"beta_task_std[6,4]",0.181418,0.0225591,0.144704,0.218903,10107.1,5648.93,0.99994
"beta_task_std[6,5]",-0.838694,0.0486585,-0.919204,-0.760073,13476.8,5991.75,1.00005
"beta_task_std[6,6]",0.0937613,0.021577,0.0580831,0.128771,10172.5,6203.03,1.00128
"beta_task_std[6,7]",0.162867,0.0186222,0.133262,0.193743,11329.6,7023.64,1.00046
"beta_task_std[7,1]",0.793219,0.0477665,0.713258,0.870768,11778.2,5853.87,1.00054
"beta_task_std[7,2]",0.460867,0.0241976,0.421195,0.500716,9241.51,5918.29,0.999922
"beta_task_std[7,3]",-0.881805,0.0356981,-0.941464,-0.823489,18475.5,5765.16,1.00134
"beta_task_std[7,4]",0.220342,0.0221073,0.184094,0.256291,11670.6,6955.37,0.999862
"beta_task_std[7,5]",-0.804016,0.0480781,-0.882429,-0.72494,14438.3,6189.59,1.00077
"beta_task_std[7,6]",0.107427,0.0209993,0.0728656,0.141667,10625.1,6175.56,1.0006
"beta_task_std[7,7]",0.103967,0.0178711,0.0740868,0.133329,9790.59,7040.45,1.00016
"beta_task_std[8,1]",0.941296,0.0485304,0.862336,1.02212,12006.0,5789.05,1.00045
"beta_task_std[8,2]",0.390262,0.0237621,0.351357,0.428857,8903.6,4652.16,1.0006
"beta_task_std[8,3]",-0.734156,0.0347668,-0.791267,-0.676698,20654.7,5479.07,1.00042
"beta_task_std[8,4]",-0.01175,0.0216301,-0.0471034,0.0240216,10399.5,6210.8,1.0004
"beta_task_std[8,5]",-0.578802,0.0475514,-0.657556,-0.501932,14929.5,5822.73,0.999804
"beta_task_std[8,6]",-0.0392416,0.0212703,-0.0738371,-0.00395822,10502.4,5791.57,1.00028
"beta_task_std[8,7]",0.0323909,0.0179086,0.00271046,0.0617197,9509.71,6942.73,0.999955
"beta_task_std[9,1]",0.715087,0.0507175,0.631534,0.798337,10139.2,5121.65,1.00018
"beta_task_std[9,2]",0.0697435,0.0248685,0.0291894,0.11062,8645.19,6119.12,0.999977
"beta_task_std[9,3]",-0.105455,0.0331548,-0.1592,-0.0518114,18650.7,6284.19,1.00024
"beta_task_std[9,4]",0.142029,0.0230211,0.104157,0.180637,10477.7,6103.03,0.999864
"beta_task_std[9,5]",-1.25216,0.0479495,-1.33015,-1.17195,14776.6,5780.56,1.00052
"beta_task_std[9,6]",0.43041,0.0226097,0.393194,0.468098,10407.5,6163.41,1.00037
"beta_task_std[9,7]",0.000349263,0.018661,-0.0303229,0.0309948,11169.0,7112.02,0.999983
"beta_task_std[10,1]",0.661893,0.0506423,0.580669,0.745376,8552.88,3920.43,1.00011
"beta_task_std[10,2]",0.123207,0.024471,0.0834854,0.163724,8967.29,5445.37,1.00048
"beta_task_std[10,3]",-0.28091,0.0336946,-0.336114,-0.225342,16597.3,5062.36,1.00126
"beta_task_std[10,4]",0.449176,0.0238156,0.410139,0.488304,11192.7,6865.79,1.00007
"beta_task_std[10,5]",-1.24145,0.0500004,-1.3238,-1.16009,14823.3,5185.67,1.00219
"beta_task_std[10,6]",0.184285,0.0225834,0.147365,0.221632,11523.4,6553.66,1.0002
"beta_task_std[10,7]",0.103799,0.0191719,0.0724695,0.135072,10845.0,6802.41,1.00117
"beta_task_std[11,1]",0.570984,0.0497522,0.489915,0.651521,10829.1,5972.07,1.00068
"beta_task_std[11,2]",-0.0528435,0.0240772,-0.0923373,-0.0129291,10086.3,5753.63,1.00017
"beta_task_std[11,3]",-0.315403,0.0337297,-0.371436,-0.25978,16212.0,5990.69,1.00053
"beta_task_std[11,4]",0.378712,0.023732,0.33931,0.418492,11221.5,6196.5,1.00082
"beta_task_std[11,5]",-0.568845,0.0461112,-0.643804,-0.492567,14282.9,6348.63,1.00078
"beta_task_std[11,6]",-0.0378679,0.022229,-0.0744275,-0.00122027,11100.6,5341.62,1.00155
"beta_task_std[11,7]",0.0252632,0.0186589,-0.00534379,0.0562,11010.8,6375.66,1.00052
"beta_task_std[12,1]",0.68565,0.0514911,0.602077,0.770954,10458.1,5329.44,0.999918
"beta_task_std[12,2]",0.0878969,0.0247505,0.0471559,0.128818,8993.17,6242.42,1.00007
"beta_task_std[12,3]",-0.14689,0.0329976,-0.201361,-0.0926916,17843.2,5663.36,0.999931
"beta_task_std[12,4]",0.15146,0.0229588,0.113864,0.189491,9611.58,6770.66,1.00032
"beta_task_std[12,5]",-0.818939,0.0468351,-0.895663,-0.74261,15359.5,6027.43,1.00056
"beta_task_std[12,6]",0.110828,0.0215033,0.0755977,0.146073,12132.2,6569.99,0.99985
"beta_task_std[12,7]",-0.070005,0.0184974,-0.100081,-0.0396701,10945.1,6816.71,0.999876
"beta_task_std[13,1]",0.537502,0.0536272,0.451283,0.627331,11499.9,6145.35,1.00173
"beta_task_std[13,2]",-0.42704,0.0239542,-0.466506,-0.388183,8772.9,6392.71,1.00033
"beta_task_std[13,3]",0.0774711,0.0354649,0.0193451,0.136394,17661.2,5529.87,0.999843
"beta_task_std[13,4]",0.85385,0.0309023,0.803065,0.904834,14752.1,6131.18,1.0004
"beta_task_std[13,5]",-1.47286,0.0454854,-1.54838,-1.39814,16787.0,6488.02,1.00021
"beta_task_std[13,6]",0.660272,0.0257013,0.618031,0.70316,13932.2,6622.86,1.00216
"beta_task_std[13,7]",-0.229198,0.0184534,-0.2598,-0.198444,10428.5,6603.03,0.999972
"beta_task_std[14,1]",0.330415,0.0539885,0.242354,0.418258,11358.9,6029.53,1.00038
"beta_task_std[14,2]",-0.445712,0.0253197,-0.487301,-0.404811,8663.44,6461.89,1.00071
"beta_task_std[14,3]",-0.234682,0.035933,-0.293028,-0.175109,17215.8,5910.04,1.00081
"beta_task_std[14,4]",0.699946,0.0287456,0.652884,0.747128,14703.3,6470.78,1.00035
"beta_task_std[14,5]",-1.23673,0.0469623,-1.31367,-1.16027,19315.0,6145.53,1.00042
"beta_task_std[14,6]",0.880811,0.0283474,0.834611,0.928196,14293.9,5935.44,1.00108
"beta_task_std[14,7]",0.00595613,0.0201129,-0.0271963,0.0391084,12097.4,7075.71,0.999999
"beta_task_std[15,1]",0.905148,0.0502219,0.824707,0.989069,13402.1,6204.88,1.00064
"beta_task_std[15,2]",0.37389,0.0249388,0.33296,0.415363,7400.01,4695.68,0.999811
"beta_task_std[15,3]",-0.195956,0.0336186,-0.252557,-0.14104,16759.9,5744.16,1.00089
"beta_task_std[15,4]",0.455952,0.0234716,0.417826,0.494355,9634.19,6199.18,1.00041
"beta_task_std[15,5]",-1.98341,0.0607104,-2.08452,-1.88506,11046.2,6357.79,1.00192
"beta_task_std[15,6]",0.252843,0.0219976,0.216397,0.289687,10112.0,6842.94,1.00035
"beta_task_std[15,7]",0.191536,0.0190406,0.160427,0.222678,9833.82,6869.74,1.00042
"beta_task_std[16,1]",0.781773,0.0495494,0.701111,0.863454,10549.0,5839.33,1.00022
"beta_task_std[16,2]",0.51922,0.0242329,0.479328,0.559206,9248.64,4724.12,1.00072
"beta_task_std[16,3]",-0.904877,0.0350473,-0.963187,-0.84743,15869.4,5247.87,1.00135
"beta_task_std[16,4]",0.292212,0.0241534,0.253114,0.332509,9300.52,5217.49,1.00107
"beta_task_std[16,5]",-1.01592,0.0486132,-1.09537,-0.936524,14236.9,6339.99,1.00117
"beta_task_std[16,6]",0.195855,0.0222341,0.159008,0.232639,11497.7,6477.66,0.999919
"beta_task_std[16,7]",0.131739,0.0184353,0.101745,0.16211,9909.89,7069.52,1.00037
"beta_task_std[17,1]",0.789362,0.0525249,0.703714,0.876445,10550.0,6267.7,1.00075
"beta_task_std[17,2]",0.109977,0.0245544,0.0693379,0.149933,8745.77,5268.35,1.00027
"beta_task_std[17,3]",-0.748185,0.0339814,-0.804246,-0.691985,18109.3,5624.01,1.00047
"beta_task_std[17,4]",0.466328,0.0254176,0.424511,0.508184,11976.0,6681.35,1.00035
"beta_task_std[17,5]",-0.934734,0.0476077,-1.01361,-0.855314,15433.0,5163.85,1.00087
"beta_task_std[17,6]",0.19921,0.0227489,0.161776,0.236369,12124.5,6310.25,0.99989
"beta_task_std[17,7]",0.118042,0.0190101,0.0866964,0.149542,10964.9,6222.3,0.999907
"beta_task_std[18,1]",0.616828,0.0545387,0.526731,0.706126,9788.8,5548.92,0.999929
"beta_task_std[18,2]",-0.36189,0.0236976,-0.400981,-0.322615,9249.22,6560.3,1.00001
"beta_task_std[18,3]",-0.149125,0.0344546,-0.205556,-0.0920146,16918.6,5928.22,1.00122
"beta_task_std[18,4]",0.692249,0.0296513,0.643339,0.740918,13996.6,5853.8,1.00008
"beta_task_std[18,5]",-1.17366,0.0449611,-1.24809,-1.10027,14537.9,5496.18,1.0008
"beta_task_std[18,6]",0.469106,0.0248643,0.428594,0.510504,12864.1,6038.35,1.00056
"beta_task_std[18,7]",-0.093504,0.019137,-0.124528,-0.0618545,11169.0,7064.11,1.00007
"beta_task_std[19,1]",0.547735,0.0546858,0.458855,0.63766,10974.3,5980.81,1.00084
"beta_task_std[19,2]",-0.417088,0.0236805,-0.45629,-0.37774,8562.6,6364.91,1.0003
"beta_task_std[19,3]",0.0777563,0.0356911,0.0199463,0.137583,16209.0,5498.78,0.999892
"beta_task_std[19,4]",0.689906,0.0296481,0.641126,0.73866,14971.3,5826.74,1.00011
"beta_task_std[19,5]",-1.17923,0.044208,-1.25241,-1.1058,15257.2,6403.64,1.00112
"beta_task_std[19,6]",0.461769,0.0248742,0.420879,0.502792,13203.0,6231.34,1.00041
"beta_task_std[19,7]",-0.180846,0.018933,-0.212169,-0.150163,10424.5,7030.72,1.00034
"beta_task_std[20,1]",0.645777,0.053887,0.558935,0.734631,12051.1,6722.54,1.00038
"beta_task_std[20,2]",-0.235981,0.0252041,-0.27754,-0.19401,9322.81,5725.99,0.99997
"beta_task_std[20,3]",-0.645851,0.0335156,-0.699967,-0.590245,16417.5,6358.54,1.00018
"beta_task_std[20,4]",0.544357,0.0259896,0.501961,0.587627,12826.9,6993.57,1.00004
"beta_task_std[20,5]",-1.10541,0.0468515,-1.18225,-1.02919,16243.9,5696.64,1.00074
"beta_task_std[20,6]",0.72633,0.0256645,0.683829,0.768424,14376.9,6969.67,1.00073
"beta_task_std[20,7]",0.0707755,0.0194694,0.0398985,0.103329,11458.2,7089.37,1.00033
"beta_task_std[21,1]",0.901458,0.0498155,0.820963,0.983998,10539.3,6067.61,1.00013
"beta_task_std[21,2]",0.439421,0.0242912,0.400033,0.479822,8790.86,5463.82,1.00115
"beta_task_std[21,3]",-0.532729,0.0332881,-0.587646,-0.478086,16297.1,5954.79,1.00029
"beta_task_std[21,4]",-0.152806,0.0222725,-0.189465,-0.115736,10350.5,6387.08,1.00025
"beta_task_std[21,5]",-0.424684,0.045949,-0.501655,-0.349255,16263.2,5694.59,1.0015
"beta_task_std[21,6]",-0.190417,0.0216522,-0.226239,-0.155186,11172.4,6909.3,1.00055
"beta_task_std[21,7]",-0.0402424,0.0178337,-0.0692166,-0.0113346,8857.03,7319.33,1.00118
"beta_task_std[22,1]",0.906325,0.0503302,0.82568,0.989714,9654.04,6413.67,1.00011
"beta_task_std[22,2]",0.377886,0.0246247,0.337959,0.418281,8794.33,6045.24,1.00009
"beta_task_std[22,3]",-0.450612,0.0327215,-0.504371,-0.396699,16717.6,5310.75,1.0004
"beta_task_std[22,4]",-0.105109,0.0220916,-0.141381,-0.0685144,9667.76,5598.22,1.00038
"beta_task_std[22,5]",-0.417419,0.0465616,-0.494503,-0.341942,14945.4,5791.19,1.00021
"beta_task_std[22,6]",-0.229639,0.0208888,-0.264258,-0.195094,11683.0,7365.17,1.00074
"beta_task_std[22,7]",-0.0814324,0.0179665,-0.110861,-0.0517472,9455.4,6466.3,1.0004
"beta_task_std[23,1]",0.645104,0.0516472,0.561136,0.729922,11433.0,6755.49,1.00035
"beta_task_std[23,2]",-0.00730824,0.024848,-0.0479384,0.0346005,8248.96,6075.4,1.0003
"beta_task_std[23,3]",-0.238504,0.0343079,-0.294959,-0.181585,17500.0,5280.35,1.00144
"beta_task_std[23,4]",0.158761,0.0236555,0.119587,0.19722,11288.4,6513.33,1.00005
"beta_task_std[23,5]",-0.732269,0.0460824,-0.807421,-0.657582,14434.0,5239.38,1.00026
"beta_task_std[23,6]",0.253579,0.0224424,0.216253,0.29087,11796.6,6436.82,0.999901
"beta_task_std[23,7]",-0.0793631,0.0186318,-0.110375,-0.0487268,11300.4,6941.3,1.00026
"beta_task_std[24,1]",0.624034,0.0517814,0.539005,0.709535,9981.19,5879.56,1.00038
"beta_task_std[24,2]",-0.00305165,0.024621,-0.0437239,0.0370472,9086.06,5671.26,1.00042
"beta_task_std[24,3]",-0.174808,0.0347656,-0.231281,-0.117718,16389.6,5045.95,1.00125
"beta_task_std[24,4]",0.104541,0.0238777,0.0657454,0.143911,11399.2,6207.42,0.999989
"beta_task_std[24,5]",-0.679438,0.0459947,-0.754992,-0.602974,16247.5,6089.21,1.00045
"beta_task_std[24,6]",0.192469,0.0228391,0.155795,0.230107,10530.5,6294.23,1.00097
"beta_task_std[24,7]",-0.0637469,0.0185746,-0.0945792,-0.0333521,11218.5,6961.23,1.00003
"beta_task_std[25,1]",0.648211,0.0513736,0.564232,0.732945,10307.8,6108.48,1.0003
"beta_task_std[25,2]",0.00970742,0.0244906,-0.0302345,0.0499321,8841.52,6296.08,1.00071
"beta_task_std[25,3]",-0.274599,0.0343251,-0.330735,-0.218289,14000.2,4739.14,1.00299
"beta_task_std[25,4]",0.170304,0.0236459,0.131559,0.20941,9486.39,5295.66,1.0
"beta_task_std[25,5]",-0.737694,0.0458578,-0.813551,-0.662152,13421.0,5786.84,1.00001
"beta_task_std[25,6]",0.263668,0.0228517,0.226289,0.301313,11548.6,6541.54,1.00062
"beta_task_std[25,7]",-0.0795979,0.0187828,-0.110217,-0.0484911,10832.0,6948.34,1.00025
"beta_task_std[26,1]",0.70537,0.0519398,0.619653,0.791843,11350.4,6097.49,1.00023
"beta_task_std[26,2]",0.0388348,0.0251199,-0.00221321,0.079711,8285.71,5304.94,0.999875
"beta_task_std[26,3]",-0.202456,0.0332188,-0.256605,-0.147697,18346.3,5477.19,1.00072
"beta_task_std[26,4]",0.189045,0.0237684,0.149841,0.228103,12190.0,6679.45,1.00082
"beta_task_std[26,5]",-0.921766,0.0476409,-0.999752,-0.842727,15244.0,5180.45,1.001
"beta_task_std[26,6]",0.242115,0.0230354,0.204233,0.280756,12182.7,6571.75,1.0005
"beta_task_std[26,7]",-0.0511417,0.0183844,-0.0812836,-0.0213013,10571.2,6529.25,1.00069
"beta_task_std[27,1]",0.673167,0.0503382,0.590965,0.756634,11363.5,6026.45,1.00053
"beta_task_std[27,2]",0.124313,0.0244873,0.0843662,0.165345,9582.26,5477.99,1.0005
"beta_task_std[27,3]",-0.453402,0.0327068,-0.506347,-0.399466,16024.0,5424.12,1.00118
"beta_task_std[27,4]",0.174744,0.0240082,0.134964,0.214451,11985.1,6149.45,1.00029
"beta_task_std[27,5]",-0.723851,0.0457541,-0.799614,-0.64849,15798.8,6088.47,1.00021
"beta_task_std[27,6]",0.278811,0.0234271,0.241048,0.317135,11660.4,6052.72,1.00075
"beta_task_std[27,7]",-0.0737819,0.0184858,-0.104663,-0.0433536,11577.9,6669.51,1.00016
"beta_task_std[28,1]",0.616499,0.05309,0.529636,0.704586,9866.34,5148.95,1.00017
"beta_task_std[28,2]",-0.123976,0.0247027,-0.1642,-0.0834808,8205.82,4396.88,1.00164
"beta_task_std[28,3]",-0.355468,0.0346686,-0.411656,-0.299198,16402.3,5448.14,1.00123
"beta_task_std[28,4]",0.27042,0.0262968,0.227591,0.313455,14360.5,6206.95,1.00005
"beta_task_std[28,5]",-0.878667,0.0463018,-0.955607,-0.802961,17195.1,6340.73,0.999838
"beta_task_std[28,6]",0.539424,0.0246704,0.498388,0.579365,14048.4,6122.76,1.00084
"beta_task_std[28,7]",-0.0682316,0.0190369,-0.0995282,-0.0368818,11094.9,6944.86,1.00003
"beta_task_std[29,1]",0.577528,0.05545,0.485739,0.669794,12225.3,5852.11,0.999924
"beta_task_std[29,2]",-0.432042,0.025284,-0.473111,-0.390117,9029.89,6610.05,1.00091
"beta_task_std[29,3]",-0.130037,0.0368524,-0.189093,-0.0693102,18852.2,5792.64,1.00043
"beta_task_std[29,4]",0.492361,0.0292431,0.444818,0.540599,13845.4,5921.38,0.999867
"beta_task_std[29,5]",-1.37737,0.0465283,-1.45386,-1.30183,15475.6,4909.68,0.999974
"beta_task_std[29,6]",0.760272,0.0285111,0.713753,0.807087,15819.2,5982.31,1.00251
"beta_task_std[29,7]",0.109291,0.0200816,0.0764382,0.142319,11563.5,6627.19,1.00063
"beta_task_std[30,1]",0.339586,0.0566497,0.246974,0.434275,10825.3,6304.23,1.00081
"beta_task_std[30,2]",-0.628749,0.0258179,-0.670711,-0.586285,8991.65,6330.88,1.00053
"beta_task_std[30,3]",-0.0101701,0.0395092,-0.0749979,0.0542649,16883.7,5606.41,1.00211
"beta_task_std[30,4]",0.793254,0.0345604,0.73695,0.849696,15004.8,6471.68,1.00104
"beta_task_std[30,5]",-1.40659,0.0475935,-1.4864,-1.32836,18018.2,5903.23,1.00022
"beta_task_std[30,6]",0.912367,0.0316801,0.860733,0.964595,14993.5,6905.3,1.001
"beta_task_std[30,7]",0.000302737,0.0216877,-0.0362369,0.035788,10207.5,5804.18,0.999968
"beta_task_std[31,1]",0.390363,0.0579816,0.297404,0.487124,12200.2,6170.64,1.0005
"beta_task_std[31,2]",-0.670409,0.0259799,-0.713153,-0.62712,9197.76,6534.35,0.999973
"beta_task_std[31,3]",-0.00937529,0.0405102,-0.0759618,0.0576811,18922.3,5554.51,1.00008
"beta_task_std[31,4]",0.960409,0.0370192,0.900372,1.02193,16779.0,6340.09,1.00046
"beta_task_std[31,5]",-1.57052,0.0469804,-1.64824,-1.49389,15169.1,5580.32,1.00099
"beta_task_std[31,6]",0.963085,0.0332615,0.908302,1.0173,16876.8,5932.32,1.0009
"beta_task_std[31,7]",-0.0635519,0.0219531,-0.0999467,-0.0278457,11699.0,6422.71,0.999753
"beta_task_std[32,1]",0.416894,0.0566011,0.325734,0.510994,11344.9,6293.63,1.00023
"beta_task_std[32,2]",-0.551689,0.0257218,-0.594472,-0.509336,9257.21,6560.83,1.0002
"beta_task_std[32,3]",-0.0399733,0.0386949,-0.102803,0.0244498,13263.2,4393.48,1.00106
"beta_task_std[32,4]",0.739363,0.0338935,0.684111,0.795186,13658.8,6593.57,1.00029
"beta_task_std[32,5]",-1.44226,0.0468394,-1.51909,-1.36424,18985.0,6464.9,0.999774
"beta_task_std[32,6]",0.868641,0.0314034,0.817165,0.920026,14910.0,6416.55,1.00037
"beta_task_std[32,7]",0.0090231,0.0210671,-0.0261268,0.0430355,11467.7,6319.08,1.00025
"beta_task_std[33,1]",0.3447,0.0577037,0.251067,0.439008,12108.0,5845.7,1.00129
"beta_task_std[33,2]",-0.779304,0.0254442,-0.820738,-0.737292,10193.8,7334.97,0.999932
"beta_task_std[33,3]",-0.260827,0.0382357,-0.323753,-0.196918,14069.2,5195.79,1.00084
"beta_task_std[33,4]",1.51832,0.0446858,1.44635,1.59374,13764.3,6309.95,1.00015
"beta_task_std[33,5]",-1.73565,0.047081,-1.81229,-1.65986,16043.5,4889.57,0.999795
"beta_task_std[33,6]",1.07352,0.0331848,1.02013,1.12859,16235.0,5519.23,1.00114
"beta_task_std[33,7]",-0.160763,0.0218005,-0.19618,-0.125014,12756.3,7179.94,1.00043
"beta_task_std[34,1]",0.630195,0.0550885,0.541487,0.724213,8749.86,3660.03,1.00108
"beta_task_std[34,2]",-0.232537,0.0250432,-0.273711,-0.191209,9130.51,5844.1,1.00029
"beta_task_std[34,3]",-0.629612,0.0334846,-0.684133,-0.574732,16219.7,6066.34,1.00133
"beta_task_std[34,4]",0.51781,0.0263407,0.47463,0.561727,12717.3,6261.17,1.00082
"beta_task_std[34,5]",-1.07494,0.0466339,-1.15146,-0.998033,15561.1,4916.82,1.00092
"beta_task_std[34,6]",0.712395,0.0258377,0.668993,0.755368,13371.6,6361.36,1.00052
"beta_task_std[34,7]",0.0766908,0.0197655,0.0438199,0.109075,11513.6,6943.83,1.0002
"beta_task_std[35,1]",0.677375,0.0539149,0.590539,0.7661,13098.1,5132.01,1.00025
"beta_task_std[35,2]",-0.0144534,0.0258453,-0.0563212,0.0277192,9059.43,5690.76,1.0001
"beta_task_std[35,3]",-1.15343,0.0350794,-1.21135,-1.09553,16417.7,4782.02,1.00013
"beta_task_std[35,4]",0.574902,0.0268732,0.530486,0.618602,12828.1,6051.2,1.00114
"beta_task_std[35,5]",-0.494889,0.04677,-0.573088,-0.417738,16033.8,5840.94,1.00088
"beta_task_std[35,6]",0.30133,0.0240325,0.262011,0.340918,15216.9,6834.84,0.999858
"beta_task_std[35,7]",0.109168,0.0191182,0.0778477,0.140615,11811.6,7033.57,1.00122
"beta_task_std[36,1]",0.77136,0.0503266,0.688683,0.85723,11348.2,6518.64,1.00062
"beta_task_std[36,2]",0.211395,0.023862,0.172184,0.250533,9518.0,6703.99,0.999887
"beta_task_std[36,3]",-0.822128,0.034717,-0.879414,-0.764726,17473.0,4636.58,1.00063
"beta_task_std[36,4]",0.162479,0.0229592,0.12489,0.200312,11177.9,6720.97,1.00051
"beta_task_std[36,5]",-0.664355,0.0471027,-0.740871,-0.587989,16204.9,5915.01,1.00067
"beta_task_std[36,6]",0.296136,0.02181,0.260295,0.331718,11820.8,6655.33,0.999817
"beta_task_std[36,7]",0.0451126,0.0185189,0.0144266,0.0755558,10593.1,6616.39,0.999991
"beta_task_std[37,1]",0.945987,0.0488552,0.866642,1.02729,12216.9,6767.16,1.0004
"beta_task_std[37,2]",0.440742,0.0243789,0.400595,0.48019,9293.19,5905.61,0.999921
"beta_task_std[37,3]",-1.42328,0.0390887,-1.4874,-1.35964,18905.6,5518.39,0.999935
"beta_task_std[37,4]",0.291697,0.0223958,0.255538,0.328432,10127.8,7049.36,1.0001
"beta_task_std[37,5]",-0.376757,0.0455808,-0.452558,-0.302937,13965.7,5688.82,1.00201
"beta_task_std[37,6]",0.0821547,0.0209938,0.047746,0.116698,10270.3,5864.36,0.999931
"beta_task_std[37,7]",0.039461,0.0182615,0.00968333,0.0697492,11033.2,6332.75,0.999928
"beta_task_std[38,1]",0.699031,0.0534071,0.614173,0.789005,11123.1,6762.54,1.00033
"beta_task_std[38,2]",-0.0954784,0.024771,-0.135997,-0.0543679,9180.12,6016.13,1.00077
"beta_task_std[38,3]",-0.969603,0.0330971,-1.02403,-0.91484,15013.2,5637.71,1.00167
"beta_task_std[38,4]",0.456969,0.0246117,0.416439,0.497538,12315.5,6472.78,1.0009
"beta_task_std[38,5]",-0.914028,0.0462612,-0.989881,-0.838359,16454.6,6057.65,1.00138
"beta_task_std[38,6]",0.647535,0.0244504,0.606843,0.68693,14261.8,6620.97,1.00065
"beta_task_std[38,7]",0.175574,0.0192708,0.143645,0.20769,10941.0,7280.43,1.00049
"beta_task_std[39,1]",0.685928,0.0532992,0.599173,0.77597,10475.3,6118.33,1.00014
"beta_task_std[39,2]",0.00686175,0.0242974,-0.032579,0.0466612,9480.45,6087.13,1.00017
"beta_task_std[39,3]",-0.87925,0.0328751,-0.93364,-0.826283,16069.4,5929.95,1.00045
"beta_task_std[39,4]",0.495515,0.0253725,0.453734,0.537061,9811.75,5702.15,1.00041
"beta_task_std[39,5]",-0.648942,0.0463158,-0.725661,-0.572861,15360.5,5301.24,1.00008
"beta_task_std[39,6]",0.295277,0.0228333,0.257589,0.332707,13055.7,6821.63,1.00027
"beta_task_std[39,7]",0.0446102,0.0184433,0.013878,0.074811,9236.57,6932.74,1.00045
"beta_task_std[40,1]",0.554415,0.0543483,0.465852,0.643871,10519.4,6510.6,1.00059
"beta_task_std[40,2]",-0.27763,0.0251927,-0.319285,-0.23646,8613.75,6139.36,1.00054
"beta_task_std[40,3]",-0.24709,0.0349545,-0.304421,-0.189473,17927.5,5967.25,1.00054
"beta_task_std[40,4]",0.375713,0.0274145,0.331058,0.420898,14319.1,6511.74,1.00014
"beta_task_std[40,5]",-1.12138,0.046664,-1.19957,-1.04505,17273.8,5234.62,1.00067
"beta_task_std[40,6]",0.670938,0.0267711,0.627274,0.714723,14176.8,5952.01,1.0
"beta_task_std[40,7]",0.0450315,0.019672,0.0133488,0.0770891,10652.7,6693.26,1.00032
"beta_task_std[41,1]",0.533969,0.0538096,0.446397,0.622587,11356.7,6807.01,1.00025
"beta_task_std[41,2]",-0.116231,0.0245918,-0.156284,-0.0760149,8459.24,6189.31,1.00005
"beta_task_std[41,3]",-0.489985,0.0337662,-0.545713,-0.434556,14374.0,5914.46,1.00064
"beta_task_std[41,4]",0.539292,0.0276763,0.493485,0.584589,13170.5,6699.0,1.00076
"beta_task_std[41,5]",-0.674601,0.0461159,-0.749242,-0.597015,14757.8,6146.38,1.00123
"beta_task_std[41,6]",0.171547,0.024274,0.131582,0.211228,12994.8,6800.08,1.0003
"beta_task_std[41,7]",0.0360095,0.0192716,0.00423352,0.0672863,10212.3,7064.16,1.00029
"beta_task_std[42,1]",0.872597,0.0484933,0.793904,0.953654,11213.6,6528.23,1.00002
"beta_task_std[42,2]",0.495718,0.0241331,0.456483,0.535072,9171.45,6030.87,0.999714
"beta_task_std[42,3]",-0.602302,0.0339094,-0.658136,-0.54656,15887.0,6200.54,1.00029
"beta_task_std[42,4]",0.0485404,0.0235605,0.0102332,0.0874545,9203.99,6136.13,1.00027
"beta_task_std[42,5]",-1.01158,0.0500056,-1.09446,-0.929376,12959.2,6517.27,1.00048
"beta_task_std[42,6]",0.047545,0.0222325,0.0114317,0.0843254,11712.0,6903.84,0.999884
"beta_task_std[42,7]",0.149477,0.0183217,0.119698,0.179386,10194.7,7107.59,1.00018
"beta_task_std[43,1]",0.98338,0.0474679,0.905254,1.06268,11791.5,6432.37,1.00036
"beta_task_std[43,2]",0.343817,0.0236221,0.305029,0.382381,9416.88,6225.86,1.00144
"beta_task_std[43,3]",-0.937655,0.0357936,-0.996438,-0.878341,18844.9,5265.05,1.0009
"beta_task_std[43,4]",0.105596,0.0233139,0.067171,0.144326,12106.3,5833.26,1.00008
"beta_task_std[43,5]",-0.674379,0.0475682,-0.753172,-0.597719,13741.3,5311.12,1.00012
"beta_task_std[43,6]",0.0832081,0.0213351,0.0481435,0.118716,11286.0,7052.94,1.00034
"beta_task_std[43,7]",0.0960334,0.0178581,0.0661338,0.124877,10224.7,6241.93,0.999896
"beta_task_std[44,1]",0.526601,0.0549933,0.436948,0.616861,11347.1,6553.4,1.00029
"beta_task_std[44,2]",-0.38159,0.0252413,-0.422994,-0.340274,7702.26,6531.64,1.00044
"beta_task_std[44,3]",-0.277846,0.035269,-0.33576,-0.220366,17264.7,5701.41,1.00127
"beta_task_std[44,4]",0.542104,0.0295022,0.493698,0.59054,14354.6,6071.01,1.00192
"beta_task_std[44,5]",-1.2611,0.0457741,-1.33674,-1.18628,15933.1,6203.17,1.00023
"beta_task_std[44,6]",0.776134,0.0289444,0.729029,0.823553,16153.6,6067.53,1.00047
"beta_task_std[44,7]",0.075695,0.0198951,0.0430575,0.107871,11355.4,6451.58,1.00006
"beta_task_std[45,1]",0.433184,0.0542752,0.345635,0.523031,9336.99,5575.98,1.00149
"beta_task_std[45,2]",-0.239379,0.0254309,-0.280658,-0.197963,9772.43,6252.81,1.00014
"beta_task_std[45,3]",-0.476067,0.0345727,-0.531686,-0.420113,18417.3,5909.12,1.00032
"beta_task_std[45,4]",0.664411,0.0301008,0.615918,0.714226,13843.8,6978.45,0.99965
"beta_task_std[45,5]",-0.858602,0.0469011,-0.934279,-0.779915,14728.4,5551.59,0.999927
"beta_task_std[45,6]",0.438471,0.0261294,0.395697,0.482358,13202.2,6226.04,1.00093
"beta_task_std[45,7]",0.0379819,0.0194152,0.00621174,0.0697685,10345.2,6863.31,0.999992
"beta_task_std[46,1]",0.736868,0.0510637,0.650853,0.821444,9006.35,4670.32,1.00019
"beta_task_std[46,2]",0.0960044,0.0243271,0.0558961,0.136209,8673.32,6058.71,1.00046
"beta_task_std[46,3]",-0.309711,0.0336908,-0.364465,-0.253829,17941.2,5431.47,1.00065
"beta_task_std[46,4]",0.238768,0.024228,0.198643,0.278468,11384.5,4487.5,1.00031
"beta_task_std[46,5]",-1.09979,0.0484256,-1.17963,-1.01927,14565.5,5563.97,1.00034
"beta_task_std[46,6]",0.257325,0.0228483,0.219471,0.294446,11412.5,4837.92,0.999943
"beta_task_std[46,7]",0.0805359,0.0186214,0.0497688,0.110876,10825.1,6995.13,1.00045
"beta_task_std[47,1]",0.721946,0.0502816,0.640252,0.806275,10460.2,4235.66,1.00127
"beta_task_std[47,2]",0.169253,0.0243918,0.128814,0.209005,9296.27,5534.7,1.00103
"beta_task_std[47,3]",-0.725692,0.0334924,-0.780734,-0.671676,13175.8,4499.14,1.00136
"beta_task_std[47,4]",0.34353,0.0247891,0.302733,0.383667,12367.1,6396.89,1.00018
"beta_task_std[47,5]",-0.453498,0.045454,-0.529163,-0.378395,17096.8,5860.26,1.00019
"beta_task_std[47,6]",0.0261713,0.0220391,-0.0101852,0.0624389,12854.2,6657.53,1.00053
"beta_task_std[47,7]",-0.0817106,0.0180761,-0.11137,-0.0517637,10676.4,7039.66,0.99987
"beta_task_std[48,1]",0.913596,0.0481679,0.835054,0.993102,15221.9,6140.48,1.00116
"beta_task_std[48,2]",0.661672,0.02536,0.62021,0.702955,8530.33,6522.15,1.00072
"beta_task_std[48,3]",0.0100405,0.0332325,-0.0444696,0.0652535,14643.0,6221.36,1.00011
"beta_task_std[48,4]",0.420905,0.0234835,0.382308,0.459857,9896.49,6873.42,1.00018
"beta_task_std[48,5]",-2.72299,0.0714479,-2.84183,-2.60647,11722.4,6828.54,0.999862
"beta_task_std[48,6]",0.303888,0.0230437,0.265585,0.341547,10006.3,7154.32,1.0001
"beta_task_std[48,7]",0.41289,0.0199945,0.379908,0.445729,8756.79,6514.27,1.0
"beta_task_std[49,1]",0.751868,0.0508259,0.669807,0.835982,10585.2,5902.92,1.00024
"beta_task_std[49,2]",0.191324,0.0249396,0.151014,0.233593,8732.72,5537.23,1.00025
"beta_task_std[49,3]",-0.838269,0.0333877,-0.893052,-0.782774,18459.2,5831.88,1.00111
"beta_task_std[49,4]",0.37765,0.0230356,0.339985,0.41588,10595.0,6527.37,1.00104
"beta_task_std[49,5]",-0.388653,0.0465017,-0.465539,-0.313207,16768.3,6498.22,1.00179
"beta_task_std[49,6]",-0.0223476,0.0213456,-0.0575657,0.0124056,10935.0,6240.66,1.00002
"beta_task_std[49,7]",-0.0715729,0.0184446,-0.101455,-0.0410698,10032.7,6666.15,1.00028
"beta_task_std[50,1]",0.668314,0.0535423,0.57986,0.7567,10768.1,6151.35,1.00007
"beta_task_std[50,2]",-0.158679,0.0250341,-0.199173,-0.117187,9175.62,5797.46,0.999868
"beta_task_std[50,3]",-0.359769,0.0341202,-0.415439,-0.303495,17796.4,6001.69,1.00042
"beta_task_std[50,4]",0.487846,0.0268141,0.444817,0.531641,11674.1,6794.35,1.00026
"beta_task_std[50,5]",-1.15117,0.046468,-1.22834,-1.07577,14932.6,5961.49,1.0015
"beta_task_std[50,6]",0.363851,0.0245887,0.324143,0.404144,11549.2,5710.07,1.00015
"beta_task_std[50,7]",0.14961,0.0199217,0.116713,0.182152,10755.6,7057.34,0.99998
"beta_task_std[51,1]",0.158575,0.0559223,0.067233,0.251456,11950.2,5941.22,1.00019
"beta_task_std[51,2]",-0.62383,0.0254884,-0.665198,-0.5816,9845.0,6116.43,0.999957
"beta_task_std[51,3]",-0.0880459,0.0385255,-0.150582,-0.0241804,19150.9,5842.63,1.00087
"beta_task_std[51,4]",0.895001,0.0326341,0.842394,0.948423,14581.4,6195.3,1.00033
"beta_task_std[51,5]",-1.41538,0.0477051,-1.49361,-1.33746,18611.4,5649.48,1.00117
"beta_task_std[51,6]",1.21994,0.033301,1.16486,1.27535,17405.9,5704.74,1.00227
"beta_task_std[51,7]",-0.146255,0.0209387,-0.180526,-0.111819,12501.4,6952.39,1.00054
"beta_task_std[52,1]",0.466321,0.0535618,0.379222,0.555443,10344.5,6414.02,1.00049
"beta_task_std[52,2]",-0.367635,0.0252404,-0.408938,-0.325266,9128.84,5875.65,1.00007
"beta_task_std[52,3]",-0.251106,0.0358266,-0.310223,-0.191208,17040.0,5303.31,1.00011
"beta_task_std[52,4]",0.587227,0.0276334,0.541926,0.632277,13179.5,6427.82,1.00182
"beta_task_std[52,5]",-1.17755,0.0467186,-1.255,-1.10137,16451.6,5472.53,1.00079
"beta_task_std[52,6]",0.648284,0.0264552,0.605373,0.692217,10960.7,4951.71,1.00022
"beta_task_std[52,7]",0.0944586,0.0198744,0.0620272,0.126735,10380.3,6976.93,1.00009
"beta_task_std[53,1]",0.934401,0.0474645,0.857186,1.01504,13791.9,6248.59,1.00033
"beta_task_std[53,2]",0.625227,0.0241828,0.585463,0.665238,9350.84,5866.14,1.00024
"beta_task_std[53,3]",-1.36438,0.0417645,-1.43424,-1.29584,16130.1,5447.31,1.00078
"beta_task_std[53,4]",0.248556,0.0227561,0.211214,0.286737,10663.8,6620.47,1.00003
"beta_task_std[53,5]",-0.965045,0.0524047,-1.05137,-0.880638,14459.4,6073.93,1.00002
"beta_task_std[53,6]",0.240797,0.0216875,0.204786,0.276423,9895.88,6878.85,0.999997
"beta_task_std[53,7]",0.280448,0.0189809,0.249511,0.311868,10522.4,6863.75,0.999964
"beta_task_std[54,1]",0.789476,0.0480256,0.710173,0.868582,11891.9,5673.81,1.00005
"beta_task_std[54,2]",0.494659,0.0240639,0.455188,0.534244,8962.15,5446.65,1.00066
"beta_task_std[54,3]",-0.578114,0.0342686,-0.634935,-0.521429,17285.2,4984.86,0.99989
"beta_task_std[54,4]",0.128808,0.0226284,0.0925287,0.166244,11305.3,7003.91,1.0005
"beta_task_std[54,5]",-1.05473,0.0508566,-1.13924,-0.972223,14442.3,6486.33,0.999908
"beta_task_std[54,6]",0.0794414,0.021029,0.044223,0.114159,11106.2,6915.52,0.99999
"beta_task_std[54,7]",0.140463,0.0180464,0.110832,0.170373,9806.67,6441.16,1.00034
"beta_task_std[55,1]",0.773121,0.0479867,0.693812,0.852001,11606.2,5893.94,1.00052
"beta_task_std[55,2]",0.416449,0.024173,0.377202,0.456501,8918.5,5606.02,1.00029
"beta_task_std[55,3]",-0.709785,0.033659,-0.765084,-0.655725,18085.0,4941.5,1.00044
"beta_task_std[55,4]",0.0772255,0.0221459,0.0403289,0.113837,11333.4,6447.18,1.00119
"beta_task_std[55,5]",-0.555268,0.0473815,-0.632998,-0.476593,17179.7,5862.99,1.00006
"beta_task_std[55,6]",0.0111374,0.021688,-0.0251104,0.0465479,12785.4,6250.18,1.00036
"beta_task_std[55,7]",-0.01288,0.0179224,-0.041912,0.0165674,10046.5,6873.1,0.999883
"beta_task_std[56,1]",0.773544,0.0483989,0.69555,0.853952,10394.9,5948.56,1.00012
"beta_task_std[56,2]",0.361555,0.0237353,0.32271,0.400139,8908.69,5578.19,1.00017
"beta_task_std[56,3]",-0.566857,0.0333765,-0.622252,-0.512465,17357.2,5368.21,1.00108
"beta_task_std[56,4]",0.0768109,0.0224496,0.0400161,0.11355,10808.2,6677.78,1.00014
"beta_task_std[56,5]",-0.588443,0.0458982,-0.663073,-0.512353,17021.5,6761.52,0.99983
"beta_task_std[56,6]",0.00589333,0.0207156,-0.0283844,0.0398538,11535.9,7341.53,1.00037
"beta_task_std[56,7]",-0.0625039,0.017718,-0.0915753,-0.0336426,10970.5,6906.11,1.00031
"beta_task_std[57,1]",0.66859,0.0496143,0.587726,0.751838,10635.8,6721.08,1.00116
"beta_task_std[57,2]",0.160517,0.0240247,0.121096,0.199785,9450.71,5750.22,1.00091
"beta_task_std[57,3]",-0.47815,0.0323472,-0.530978,-0.424965,16522.7,5523.56,0.999945
"beta_task_std[57,4]",0.134957,0.0226582,0.0973597,0.171857,10723.7,6968.41,1.00006
"beta_task_std[57,5]",-0.522647,0.0454368,-0.596538,-0.447255,17249.2,5863.24,1.00033
"beta_task_std[57,6]",0.0450837,0.0217424,0.00928581,0.0803779,12012.2,6790.53,1.0002
"beta_task_std[57,7]",-0.00835057,0.0181714,-0.0381921,0.0215903,9295.38,6016.72,1.00037
"beta_task_std[58,1]",0.672421,0.0503314,0.591953,0.756732,8934.45,5836.89,1.00142
"beta_task_std[58,2]",0.121383,0.0246675,0.0804617,0.161353,8638.34,5638.17,1.00004
"beta_task_std[58,3]",-0.374109,0.0332284,-0.429867,-0.319801,18373.0,5650.71,1.00026
"beta_task_std[58,4]",0.107804,0.0229067,0.0692889,0.145085,12370.4,6682.92,1.00186
"beta_task_std[58,5]",-0.547884,0.0453959,-0.622559,-0.473372,14480.8,4982.94,1.0006
"beta_task_std[58,6]",0.105178,0.0215625,0.0699447,0.141268,11751.0,6171.23,1.00013
"beta_task_std[58,7]",-0.0847913,0.0179468,-0.114543,-0.0552554,10366.0,5908.46,1.0008
"beta_task_std[59,1]",0.786196,0.0478403,0.708588,0.865369,12497.8,6017.86,1.00093
"beta_task_std[59,2]",-0.201239,0.0241125,-0.240546,-0.161331,9139.73,5315.82,1.00022
"beta_task_std[59,3]",0.206012,0.0338231,0.150479,0.260666,16462.3,6152.16,1.00013
"beta_task_std[59,4]",0.264027,0.0231222,0.226123,0.301766,9417.34,6240.44,1.00023
"beta_task_std[59,5]",-1.56544,0.0588941,-1.66347,-1.46973,12031.2,6716.12,1.00006
"beta_task_std[59,6]",0.24402,0.0217765,0.208214,0.279811,10361.7,6799.1,1.0003
"beta_task_std[59,7]",0.266421,0.0188651,0.234688,0.297147,10235.7,6542.72,0.99996
"beta_task_std[60,1]",0.752373,0.0473311,0.675407,0.830472,13679.2,6181.48,1.00008
"beta_task_std[60,2]",-0.0864252,0.0249015,-0.127845,-0.0452357,8430.94,6135.71,1.00201
"beta_task_std[60,3]",-0.537116,0.0344833,-0.593928,-0.481978,15563.8,5530.49,1.0001
"beta_task_std[60,4]",0.440385,0.0232233,0.40167,0.478601,9511.93,5747.2,1.00054
"beta_task_std[60,5]",-1.40388,0.0586391,-1.50037,-1.30881,11828.5,6385.25,1.00084
"beta_task_std[60,6]",0.388736,0.0219954,0.352331,0.425157,11498.8,7129.45,1.00066
"beta_task_std[60,7]",0.445932,0.0188167,0.415268,0.47689,9569.18,6974.97,1.00029
"beta_task_std[61,1]",0.662127,0.0488709,0.583261,0.742439,10496.9,5766.5,1.00041
"beta_task_std[61,2]",0.23544,0.0236083,0.196764,0.274805,8529.02,5763.05,1.00065
"beta_task_std[61,3]",0.177615,0.0332257,0.122393,0.231599,17738.8,5906.17,1.00001
"beta_task_std[61,4]",-0.120409,0.0221095,-0.156715,-0.0839449,10720.9,6984.79,1.00007
"beta_task_std[61,5]",-0.580937,0.0458506,-0.65602,-0.504912,13185.3,5205.76,1.00085
"beta_task_std[61,6]",-0.22087,0.0209769,-0.255839,-0.186581,11445.3,6736.86,0.99983
"beta_task_std[61,7]",-0.152966,0.0182304,-0.183266,-0.123168,9696.08,6890.88,1.00012
"beta_task_std[62,1]",0.670127,0.0494436,0.589864,0.750346,11125.2,5912.43,0.999961
"beta_task_std[62,2]",0.230661,0.0236156,0.191675,0.269811,9178.73,5925.76,1.00089
"beta_task_std[62,3]",0.0752549,0.0334154,0.020921,0.12998,16678.2,4851.38,1.00064
"beta_task_std[62,4]",-0.0943326,0.0220921,-0.130577,-0.057512,10439.8,6641.01,0.999834
"beta_task_std[62,5]",-0.661409,0.0465265,-0.738219,-0.584319,14538.1,5976.52,1.00014
"beta_task_std[62,6]",-0.176696,0.0213203,-0.212064,-0.14187,10868.1,5965.14,1.00045
"beta_task_std[62,7]",-0.0436066,0.0177691,-0.0732768,-0.0139924,10653.5,6632.18,1.00079
"beta_task_std[63,1]",0.667801,0.0489595,0.587117,0.748839,10989.8,6446.44,1.00007
"beta_task_std[63,2]",0.263447,0.0245102,0.223453,0.303995,8929.55,5044.5,1.00004
"beta_task_std[63,3]",-0.394288,0.0325468,-0.447484,-0.340866,17855.2,5833.82,1.00073
"beta_task_std[63,4]",0.0942467,0.0217276,0.0587888,0.130117,10612.7,6657.73,1.00031
"beta_task_std[63,5]",-0.394619,0.0455304,-0.468787,-0.320179,16807.6,5746.06,1.00098
"beta_task_std[63,6]",-0.162339,0.0208902,-0.196046,-0.128041,11502.9,6834.37,0.999916
"beta_task_std[63,7]",-0.0742485,0.0177878,-0.103872,-0.0454257,9812.63,5837.96,1.00038
"beta_task_std[64,1]",0.796766,0.0503344,0.716112,0.880172,11400.4,6389.24,1.00075
"beta_task_std[64,2]",0.279437,0.024344,0.239731,0.31953,9188.56,5848.5,1.00009
"beta_task_std[64,3]",-0.132529,0.0327391,-0.186551,-0.0793356,17300.0,5329.74,1.0019
"beta_task_std[64,4]",0.0242045,0.0237246,-0.0146815,0.0635673,12270.0,6633.3,1.00019
"beta_task_std[64,5]",-0.825526,0.0462105,-0.902219,-0.74991,14616.5,6268.66,1.00037
"beta_task_std[64,6]",-0.214172,0.021687,-0.249804,-0.178606,11019.8,6342.26,1.00097
"beta_task_std[64,7]",0.0718203,0.0183429,0.0420276,0.101693,10201.0,6918.34,1.00063
"beta_task_std[65,1]",0.557629,0.0531795,0.470828,0.644105,11063.8,5865.23,0.999858
"beta_task_std[65,2]",-0.00279639,0.0252311,-0.0439653,0.0393307,8751.82,4720.43,1.00038
"beta_task_std[65,3]",-0.177865,0.0343284,-0.233865,-0.121002,17319.3,5684.55,1.00131
"beta_task_std[65,4]",0.2893,0.025966,0.247087,0.332533,13333.6,5873.4,1.0009
"beta_task_std[65,5]",-0.580785,0.0462995,-0.656977,-0.505546,16089.8,6364.54,0.999864
"beta_task_std[65,6]",0.0755872,0.0233272,0.0376934,0.113587,12957.7,6768.92,0.999975
"beta_task_std[65,7]",-0.161071,0.0183834,-0.19152,-0.131325,10633.8,6860.52,1.00015
"beta_task_std[66,1]",0.35044,0.0547006,0.261226,0.439814,12796.4,6045.62,0.999689
"beta_task_std[66,2]",-0.371525,0.0257104,-0.414087,-0.329217,8880.35,6549.78,1.0005
"beta_task_std[66,3]",0.0373336,0.0373342,-0.0235365,0.0988606,19497.0,6025.2,1.00069
"beta_task_std[66,4]",0.652622,0.0281467,0.607111,0.69895,12989.1,6866.31,1.0002
"beta_task_std[66,5]",-1.16338,0.0467814,-1.24057,-1.08644,15075.3,6131.45,1.00038
"beta_task_std[66,6]",0.66187,0.0267544,0.617823,0.705714,11341.0,5344.21,0.99994
"beta_task_std[66,7]",-0.167364,0.0200331,-0.200408,-0.134111,11372.6,6477.42,1.00011
"beta_task_std[67,1]",0.683272,0.0513914,0.59924,0.769304,11401.3,6172.54,1.00033
"beta_task_std[67,2]",0.0585905,0.0248158,0.0176532,0.0988103,9260.31,5922.24,1.0015
"beta_task_std[67,3]",-0.123932,0.034024,-0.179613,-0.0678381,17497.0,5790.91,1.00072
"beta_task_std[67,4]",0.234286,0.0236384,0.195409,0.272642,12186.4,6737.73,0.99975
"beta_task_std[67,5]",-1.07509,0.0462754,-1.15155,-0.999422,16485.2,6308.28,1.00062
"beta_task_std[67,6]",0.300397,0.0221233,0.264555,0.337081,11345.4,6805.21,0.999995
"beta_task_std[67,7]",-0.0775226,0.018424,-0.108173,-0.0474728,11503.0,6929.8,1.00118
"beta_task_std[68,1]",0.625708,0.0513172,0.542473,0.710874,10318.4,6201.01,1.00026
"beta_task_std[68,2]",0.0464867,0.0246049,0.00655554,0.0869182,9285.67,6245.38,1.00045
"beta_task_std[68,3]",-0.172297,0.0338239,-0.227655,-0.117043,18130.8,5197.52,1.00099
"beta_task_std[68,4]",0.170616,0.0238851,0.131545,0.21005,10497.2,6013.08,1.0001
"beta_task_std[68,5]",-0.520421,0.0453954,-0.594759,-0.445937,17095.0,6140.02,1.00125
"beta_task_std[68,6]",-0.0257681,0.0217998,-0.0617275,0.00999071,10981.7,6200.01,0.999944
"beta_task_std[68,7]",-0.124324,0.0181634,-0.154207,-0.0943286,10647.6,7330.86,1.00012
"beta_task_std[69,1]",0.74506,0.0478049,0.66666,0.823267,11911.3,6061.41,1.00022
"beta_task_std[69,2]",0.379947,0.0241679,0.340358,0.418788,8985.46,5594.46,1.00036
"beta_task_std[69,3]",-0.313787,0.033184,-0.367969,-0.259171,18269.5,5780.98,1.00151
"beta_task_std[69,4]",0.137896,0.0225069,0.101441,0.175533,10726.3,6252.65,1.00059
"beta_task_std[69,5]",-0.956333,0.0498614,-1.03769,-0.87554,15010.9,5803.55,1.00209
"beta_task_std[69,6]",0.022303,0.0214157,-0.0129915,0.0580564,10844.6,6802.99,1.00078
"beta_task_std[69,7]",-0.0150861,0.0183507,-0.0455296,0.0149663,10714.2,7058.56,1.00005
"beta_task_std[70,1]",1.02651,0.0492345,0.94653,1.10739,11277.8,5937.78,1.00023
"beta_task_std[70,2]",0.369742,0.0235455,0.330929,0.408537,8991.24,6240.76,1.00021
"beta_task_std[70,3]",-1.02587,0.0370173,-1.08694,-0.963494,19600.5,5524.76,1.00037
"beta_task_std[70,4]",0.164393,0.0221606,0.12821,0.201212,10789.9,6285.57,1.0004
"beta_task_std[70,5]",-0.786983,0.0489717,-0.86709,-0.706688,16128.0,6375.79,1.00025
"beta_task_std[70,6]",0.118374,0.0210693,0.0844233,0.153189,10532.7,6766.26,0.999926
"beta_task_std[70,7]",0.133834,0.0182597,0.104192,0.163877,9386.99,6035.79,1.0005
"beta_task_std[71,1]",0.715657,0.0494029,0.636614,0.797017,11158.5,6451.74,1.00032
"beta_task_std[71,2]",0.264015,0.0248196,0.223261,0.305075,9606.57,5884.54,1.00049
"beta_task_std[71,3]",-0.41442,0.0325528,-0.467489,-0.361687,15834.5,6236.75,0.999886
"beta_task_std[71,4]",0.170399,0.0230301,0.132175,0.208069,11888.6,6310.24,0.999923
"beta_task_std[71,5]",-0.838404,0.0462072,-0.914093,-0.762328,14556.3,4577.51,0.999966
"beta_task_std[71,6]",0.131287,0.02171,0.0952222,0.166839,11266.4,6874.31,1.00018
"beta_task_std[71,7]",-0.028534,0.018277,-0.0583871,0.0014142,11132.7,7487.22,1.00054
"beta_task_std[72,1]",0.378833,0.0547327,0.290025,0.471709,11615.5,6173.84,1.0009
"beta_task_std[72,2]",-0.375187,0.0254344,-0.417203,-0.332877,9330.41,6075.61,1.00012
"beta_task_std[72,3]",0.0325815,0.0369734,-0.0270686,0.0939881,17977.2,6076.28,1.0003
"beta_task_std[72,4]",0.712567,0.0289154,0.664101,0.760705,12409.1,6244.13,0.999961
"beta_task_std[72,5]",-1.4795,0.0471094,-1.55831,-1.40383,14613.6,5114.05,1.00008
"beta_task_std[72,6]",0.841347,0.0283453,0.7952,0.887738,14281.7,6150.83,1.00023
"beta_task_std[72,7]",-0.11064,0.0199665,-0.143488,-0.0777576,10157.5,5157.64,1.00001
"beta_task_std[73,1]",0.428574,0.054134,0.340171,0.518328,10385.8,6244.85,0.999929
"beta_task_std[73,2]",-0.281138,0.0254822,-0.3233,-0.239231,8150.94,5060.37,1.00047
"beta_task_std[73,3]",0.00805071,0.0364564,-0.0518274,0.0687802,17146.3,5445.44,1.00082
"beta_task_std[73,4]",0.580751,0.0272757,0.53633,0.625681,13474.9,6240.13,1.00041
"beta_task_std[73,5]",-1.20603,0.0466846,-1.28394,-1.12964,17436.8,6234.61,1.00036
"beta_task_std[73,6]",0.567417,0.0254382,0.525947,0.609897,12511.3,5776.96,1.00025
"beta_task_std[73,7]",-0.0976201,0.0193054,-0.129475,-0.0655777,9672.3,6742.26,1.00036
"beta_task_std[74,1]",0.404995,0.0538936,0.316664,0.494545,10874.2,6582.54,1.00035
"beta_task_std[74,2]",-0.344552,0.0254499,-0.385998,-0.303745,8819.58,6289.99,1.00022
"beta_task_std[74,3]",0.0648996,0.0387845,0.000422909,0.130025,16770.0,4982.28,1.00049
"beta_task_std[74,4]",0.497757,0.027576,0.452991,0.543524,12569.3,6472.95,0.999936
"beta_task_std[74,5]",-0.826483,0.0469881,-0.905304,-0.75025,16890.6,6242.85,1.00186
"beta_task_std[74,6]",0.302102,0.0252706,0.260264,0.343037,11805.0,6488.04,1.00007
"beta_task_std[74,7]",-0.0987184,0.0197468,-0.131067,-0.0665557,11595.2,6711.73,1.00059
"beta_task_std[75,1]",0.63364,0.0513113,0.550095,0.718284,12047.8,5499.02,1.00013
"beta_task_std[75,2]",0.0700538,0.0244238,0.0303295,0.109937,8701.59,6241.39,0.999903
"beta_task_std[75,3]",0.077523,0.0346057,0.0208213,0.135366,18308.8,5867.35,1.00126
"beta_task_std[75,4]",0.158836,0.0230823,0.120194,0.196998,10166.4,6038.61,1.00013
"beta_task_std[75,5]",-0.98948,0.0464337,-1.06635,-0.913135,17326.0,5556.0,1.00044
"beta_task_std[75,6]",0.153782,0.0220585,0.117621,0.190177,10613.2,6398.05,1.00005
"beta_task_std[75,7]",-0.104355,0.0183714,-0.134859,-0.074346,9360.41,5974.42,1.00017
"beta_task_std[76,1]",0.637414,0.0513644,0.554079,0.722189,9226.97,5089.47,1.00001
"beta_task_std[76,2]",0.0569469,0.0243898,0.0164501,0.0966617,9603.27,6200.13,1.00029
"beta_task_std[76,3]",-0.25316,0.0333331,-0.308383,-0.198656,16253.9,5897.11,0.999979
"beta_task_std[76,4]",0.195464,0.0231798,0.156863,0.232681,10023.7,6418.79,1.00007
"beta_task_std[76,5]",-0.495357,0.0451957,-0.570086,-0.421756,15907.5,6282.68,1.00203
"beta_task_std[76,6]",-0.0112659,0.0216061,-0.0472929,0.0237688,10563.4,6846.87,1.00016
"beta_task_std[76,7]",-0.130042,0.0183062,-0.160249,-0.100035,9633.65,6223.08,1.00005
"beta_task_std[77,1]",0.548545,0.0513822,0.464424,0.633773,10263.9,5543.13,1.00035
"beta_task_std[77,2]",0.00112136,0.0248068,-0.0395236,0.0418025,9009.01,5987.4,0.999948
"beta_task_std[77,3]",-0.174095,0.0338518,-0.228863,-0.117534,18978.8,5457.93,1.00077
"beta_task_std[77,4]",0.144125,0.0233954,0.105165,0.182123,12047.5,6659.39,1.0008
"beta_task_std[77,5]",-0.697605,0.0458321,-0.772357,-0.622275,15495.7,6251.97,1.00055
"beta_task_std[77,6]",0.41261,0.0229392,0.375056,0.45056,13023.4,6534.19,1.00067
"beta_task_std[77,7]",-0.234701,0.0184993,-0.264834,-0.204588,9385.68,6814.48,1.00004
"beta_task_std[78,1]",0.677881,0.0488409,0.598536,0.757988,9901.18,5376.86,1.00112
"beta_task_std[78,2]",0.244338,0.0238632,0.205581,0.283743,8924.52,5913.21,0.999926
"beta_task_std[78,3]",-0.36714,0.0333223,-0.422239,-0.312145,16472.0,5828.07,1.00123
"beta_task_std[78,4]",0.16842,0.0197395,0.136137,0.20068,9552.49,6796.46,1.00089
"beta_task_std[78,5]",-0.713202,0.0453536,-0.78772,-0.638414,16007.6,5937.96,1.00062
"beta_task_std[78,6]",-0.0394266,0.0203292,-0.0734549,-0.00632483,11242.2,7070.57,1.00036
"beta_task_std[78,7]",0.029129,0.01781,9.33494e-05,0.0587113,10454.4,7096.64,1.00018
"beta_task_std[79,1]",0.836675,0.0501052,0.755351,0.919993,11450.5,6247.16,1.00025
"beta_task_std[79,2]",0.285114,0.0244629,0.244546,0.325211,8903.22,6066.89,1.00196
"beta_task_std[79,3]",-0.338097,0.0347252,-0.395381,-0.280564,19734.5,5665.13,1.001
"beta_task_std[79,4]",0.419897,0.0203502,0.386386,0.453382,9616.78,7056.36,1.00118
"beta_task_std[79,5]",-1.5533,0.0542233,-1.64325,-1.46514,15326.7,6327.33,1.00016
"beta_task_std[79,6]",0.198606,0.0215741,0.163305,0.234394,10226.4,6909.83,1.00085
"beta_task_std[79,7]",0.151109,0.0191488,0.120068,0.182615,9541.22,5655.03,0.999777
"beta_task_std[80,1]",0.660288,0.0501984,0.578839,0.742557,10180.0,6171.44,1.00014
"beta_task_std[80,2]",0.145204,0.0244358,0.105411,0.186043,9074.37,5801.24,1.00068
"beta_task_std[80,3]",-0.249395,0.0338575,-0.304417,-0.192851,17610.2,5386.34,1.00033
"beta_task_std[80,4]",0.311436,0.0202909,0.278742,0.344708,9399.81,6983.79,1.00004
"beta_task_std[80,5]",-0.491855,0.0451839,-0.565608,-0.417605,14923.0,6476.31,1.00012
"beta_task_std[80,6]",-0.184693,0.0207133,-0.21935,-0.150556,9519.62,5447.88,1.0004
"beta_task_std[80,7]",-0.190985,0.0178504,-0.220135,-0.161272,7756.77,5714.95,1.00035
"beta_task_std[81,1]",0.730428,0.0500445,0.648383,0.812318,10013.1,5846.31,1.00058
"beta_task_std[81,2]",0.170564,0.0238652,0.131805,0.209749,8499.85,6458.76,1.00074
"beta_task_std[81,3]",-0.277443,0.0330962,-0.33165,-0.22322,18734.2,5987.18,1.00084
"beta_task_std[81,4]",0.133131,0.0223607,0.0965702,0.170634,10483.8,6840.17,1.00055
"beta_task_std[81,5]",-0.461865,0.0458357,-0.538007,-0.387042,16950.5,5608.14,0.99986
"beta_task_std[81,6]",-0.149012,0.0206399,-0.183524,-0.11484,11912.2,7435.68,0.999832
"beta_task_std[81,7]",-0.145803,0.0179276,-0.175747,-0.116256,9883.13,6935.89,1.00116
"beta_task_std[82,1]",0.43538,0.0529658,0.34803,0.522527,10300.6,5622.95,1.00016
"beta_task_std[82,2]",-0.358839,0.0243752,-0.399504,-0.318654,8261.83,6127.56,1.00022
"beta_task_std[82,3]",-0.208462,0.035345,-0.265568,-0.150116,16980.1,4433.68,0.999936
"beta_task_std[82,4]",0.463938,0.0268862,0.419778,0.508136,13302.5,6564.75,0.99985
"beta_task_std[82,5]",-1.08907,0.0457864,-1.16412,-1.01365,15337.2,4949.48,0.999965
"beta_task_std[82,6]",1.02355,0.0287797,0.976724,1.07103,15522.4,6147.74,1.00115
"beta_task_std[82,7]",-0.266492,0.0192861,-0.298368,-0.235038,10916.3,6896.96,1.0014
"beta_task_std[83,1]",0.637702,0.05168,0.553545,0.722444,11394.4,6116.87,1.00009
"beta_task_std[83,2]",-0.0640048,0.02491,-0.104705,-0.0227644,8427.93,5092.09,1.00029
"beta_task_std[83,3]",-0.1948,0.0347772,-0.252495,-0.137712,17442.5,4679.96,1.00023
"beta_task_std[83,4]",0.346315,0.0246578,0.305406,0.387037,10701.8,6428.16,1.00086
"beta_task_std[83,5]",-0.557691,0.0454641,-0.633377,-0.484011,15394.0,6382.42,1.00063
"beta_task_std[83,6]",-0.100009,0.0219067,-0.135756,-0.0640227,11861.9,7276.81,0.99995
"beta_task_std[83,7]",-0.067512,0.0187844,-0.0978008,-0.0366206,10940.0,6405.95,1.00011
"beta_task_std[84,1]",0.685685,0.0493921,0.603051,0.767742,10734.4,6183.78,1.00047
"beta_task_std[84,2]",0.189928,0.0235548,0.151675,0.228743,8577.62,5340.33,0.999874
"beta_task_std[84,3]",-0.774235,0.0333832,-0.830876,-0.717976,17435.0,5261.34,1.00103
"beta_task_std[84,4]",0.193497,0.0228375,0.156092,0.230916,11831.7,6264.75,0.999923
"beta_task_std[84,5]",-0.376965,0.0450795,-0.450495,-0.302256,15380.4,6031.9,1.00049
"beta_task_std[84,6]",0.294661,0.0217149,0.258909,0.330804,12422.6,5493.19,0.999623
"beta_task_std[84,7]",-0.212571,0.0179778,-0.242442,-0.182999,10876.5,7051.87,1.00015
"beta_task_std[85,1]",0.514945,0.0535515,0.427859,0.603969,10561.9,6041.79,0.999871
"beta_task_std[85,2]",-0.703784,0.0246208,-0.744664,-0.663205,8746.02,6437.68,1.00017
"beta_task_std[85,3]",-0.29461,0.035492,-0.353195,-0.235798,18291.9,6167.06,1.00062
"beta_task_std[85,4]",0.790326,0.0280152,0.74437,0.836646,14128.9,6019.33,0.999712
"beta_task_std[85,5]",-1.26865,0.0472047,-1.34486,-1.19058,16856.2,5475.02,1.00153
"beta_task_std[85,6]",0.923595,0.0277489,0.878355,0.969679,14170.0,5906.94,0.999877
"beta_task_std[85,7]",0.038173,0.019835,0.00599811,0.0711561,11812.2,6811.95,1.00018
"beta_task_std[86,1]",0.641207,0.0516578,0.556545,0.726872,10621.0,6727.17,1.00024
"beta_task_std[86,2]",-0.0547347,0.0247822,-0.0958408,-0.0140873,9342.74,5898.79,1.00014
"beta_task_std[86,3]",-0.19518,0.0330484,-0.249049,-0.14074,16781.7,6095.17,1.00174
"beta_task_std[86,4]",0.246599,0.0235115,0.207936,0.284868,10748.2,6710.37,1.00122
"beta_task_std[86,5]",-0.558348,0.0463551,-0.636014,-0.4828,15757.7,5793.31,1.00005
"beta_task_std[86,6]",0.0215571,0.0221213,-0.0151518,0.0584501,12577.7,6773.42,1.00055
"beta_task_std[86,7]",-0.101101,0.0183978,-0.131593,-0.0714389,10323.3,6761.71,1.00078
"beta_task_std[87,1]",1.21583,0.0521909,1.13035,1.30064,12190.6,6163.3,1.00054
"beta_task_std[87,2]",0.581182,0.0267206,0.537712,0.625098,7679.33,5966.78,1.00053
"beta_task_std[87,3]",0.404086,0.0346327,0.347441,0.46125,14693.0,6053.46,1.00013
"beta_task_std[87,4]",0.79136,0.0254212,0.749737,0.833424,8707.55,6595.34,0.999911
"beta_task_std[87,5]",-4.38633,0.077182,-4.51498,-4.26089,9161.07,5354.7,0.999912
"beta_task_std[87,6]",0.772735,0.0245727,0.732233,0.812631,9076.47,6326.57,0.999856
"beta_task_std[87,7]",0.621134,0.0213619,0.585732,0.656152,8544.71,5495.89,1.00062
"beta_task_std[88,1]",1.28181,0.050097,1.19998,1.36586,10205.3,5001.59,1.00016
"beta_task_std[88,2]",0.822835,0.0260048,0.779869,0.865567,8802.28,6286.18,1.0012
"beta_task_std[88,3]",0.31189,0.035043,0.254277,0.369596,12583.6,5468.57,1.00061
"beta_task_std[88,4]",0.626599,0.0247027,0.585702,0.667276,10204.9,7514.72,0.999756
"beta_task_std[88,5]",-3.93651,0.0783942,-4.06429,-3.80867,8891.29,5455.03,1.0004
"beta_task_std[88,6]",0.401034,0.0236192,0.362733,0.44037,8870.29,7179.68,1.00022
"beta_task_std[88,7]",0.492338,0.0209134,0.457865,0.526986,8568.18,6959.18,1.00002
"beta_task_std[89,1]",0.772376,0.049599,0.692183,0.855014,9676.34,6198.78,1.00035
"beta_task_std[89,2]",0.295973,0.0250902,0.254698,0.336833,9684.14,6252.27,1.00024
"beta_task_std[89,3]",-0.354518,0.0332154,-0.409121,-0.300304,17866.2,6214.83,1.0
"beta_task_std[89,4]",0.0588942,0.0215703,0.0236891,0.094464,10284.7,6732.89,1.00048
"beta_task_std[89,5]",-0.465025,0.0465075,-0.542823,-0.3881,16146.7,5756.01,1.00054
"beta_task_std[89,6]",-0.162189,0.0213177,-0.197873,-0.12716,10988.1,5808.85,1.00048
"beta_task_std[89,7]",-0.145511,0.0179586,-0.174915,-0.115645,10019.2,6727.69,1.00034
"beta_task_std[90,1]",0.763964,0.051032,0.68094,0.848638,10173.0,5820.92,1.00116
"beta_task_std[90,2]",0.129548,0.0241788,0.0896731,0.169524,9050.02,6348.82,1.00092
"beta_task_std[90,3]",-0.131927,0.0333967,-0.1865,-0.077152,17670.1,6140.42,1.00057
"beta_task_std[90,4]",0.143582,0.02417,0.103422,0.183639,13198.6,6433.84,1.00012
"beta_task_std[90,5]",-0.972201,0.0467459,-1.04907,-0.896496,14577.6,6535.94,1.00117
"beta_task_std[90,6]",0.00599469,0.0225368,-0.0307604,0.0427984,11880.8,6655.55,1.00058
"beta_task_std[90,7]",0.0610403,0.0186351,0.030281,0.0919695,11328.6,6761.59,1.0002
"beta_task_std[91,1]",0.404258,0.0462713,0.328057,0.48167,11286.5,6523.69,0.999875
"beta_task_std[91,2]",0.522438,0.0237609,0.483197,0.561821,9773.87,5726.32,1.00053
"beta_task_std[91,3]",-0.520495,0.03412,-0.576855,-0.464483,15898.7,4552.45,1.00045
"beta_task_std[91,4]",0.177708,0.0223547,0.141006,0.214643,12062.2,6604.56,1.0001
"beta_task_std[91,5]",-0.673808,0.0471641,-0.752601,-0.59578,15810.2,4703.83,1.00047
"beta_task_std[91,6]",0.123564,0.0210386,0.0892044,0.158143,12216.5,6710.33,1.00044
"beta_task_std[91,7]",-0.0336651,0.0179039,-0.0634645,-0.00435954,11153.5,6561.44,1.00043
"beta_task_std[92,1]",0.591617,0.0480994,0.514086,0.66969,12280.8,6495.87,1.00092
"beta_task_std[92,2]",0.433623,0.0239235,0.394699,0.472885,10035.9,5823.74,1.00027
"beta_task_std[92,3]",-0.509248,0.0328185,-0.563971,-0.455008,18666.9,5887.11,1.00072
"beta_task_std[92,4]",0.11247,0.0223366,0.0753706,0.149332,11714.7,6479.44,1.0005
"beta_task_std[92,5]",-0.591938,0.0462656,-0.669128,-0.516619,16718.5,6130.5,1.00064
"beta_task_std[92,6]",0.0393257,0.021118,0.00470393,0.074207,13219.6,6254.51,1.00119
"beta_task_std[92,7]",-0.0758493,0.0175862,-0.105358,-0.0466802,9997.16,7163.51,1.00022
"beta_task_std[93,1]",0.612566,0.0496349,0.532412,0.69553,10954.7,6368.47,1.00048
"beta_task_std[93,2]",0.127753,0.0248765,0.0867208,0.168135,9194.99,5101.8,1.00064
"beta_task_std[93,3]",-0.0526603,0.0334518,-0.107058,0.0038102,19131.7,6024.39,1.00129
"beta_task_std[93,4]",0.118169,0.0225911,0.0806498,0.155433,10718.2,6873.12,0.999991
"beta_task_std[93,5]",-0.969481,0.0477756,-1.04805,-0.891727,13475.2,6302.05,1.00052
"beta_task_std[93,6]",0.329109,0.0225041,0.291844,0.365886,12859.2,6218.27,1.00124
"beta_task_std[93,7]",-0.165455,0.0181806,-0.195199,-0.13567,9681.45,7297.51,1.00007
"beta_task_std[94,1]",0.448195,0.051258,0.364284,0.533991,10343.4,5923.9,0.999884
"beta_task_std[94,2]",-0.0998439,0.0246755,-0.140362,-0.0591702,8716.27,6227.69,1.00101
"beta_task_std[94,3]",-0.0985263,0.0344275,-0.154536,-0.042891,16613.9,4275.9,1.00019
"beta_task_std[94,4]",0.154353,0.0236428,0.116027,0.193371,11746.8,6274.91,0.999929
"beta_task_std[94,5]",-0.830518,0.0464567,-0.906282,-0.754456,17156.1,6229.49,1.0007
"beta_task_std[94,6]",0.539006,0.0235036,0.500472,0.577929,12538.3,5955.64,1.00047
"beta_task_std[94,7]",-0.112665,0.0186041,-0.143245,-0.0820973,10865.8,6908.55,1.00048
"beta_task_std[95,1]",0.984194,0.0501577,0.90312,1.06864,10790.3,6274.32,1.00036
"beta_task_std[95,2]",0.341632,0.0246644,0.300822,0.382116,8480.63,6388.5,1.00014
"beta_task_std[95,3]",-0.319111,0.0326632,-0.372712,-0.26414,14798.1,5776.6,1.00013
"beta_task_std[95,4]",0.336648,0.0235425,0.298103,0.375644,9415.12,6640.72,0.999921
"beta_task_std[95,5]",-1.97111,0.057308,-2.0674,-1.87875,13064.4,6549.11,0.99991
"beta_task_std[95,6]",0.316229,0.0224339,0.279528,0.35285,10528.3,6290.27,1.00107
"beta_task_std[95,7]",0.311521,0.0190147,0.280159,0.342293,9384.11,7173.34,1.00024
"beta_task_std[96,1]",0.472656,0.0523153,0.387809,0.560074,11118.4,5746.12,1.00059
"beta_task_std[96,2]",-0.0535969,0.0249641,-0.0951517,-0.0123678,9471.08,6002.1,1.00025
"beta_task_std[96,3]",-0.0954235,0.0354837,-0.15464,-0.0364641,17020.7,5637.66,1.00076
"beta_task_std[96,4]",0.0606255,0.023574,0.0222155,0.0996384,10791.2,6163.82,1.00094
"beta_task_std[96,5]",-0.581064,0.045919,-0.655025,-0.505927,15177.6,5564.96,1.00019
"beta_task_std[96,6]",0.501974,0.0233903,0.463503,0.540735,12767.6,7151.25,0.99978
"beta_task_std[96,7]",-0.305171,0.0185238,-0.335079,-0.274439,11016.5,6443.97,1.00034
"beta_task_std[97,1]",0.608569,0.0466783,0.533356,0.684713,11908.1,5640.28,0.999953
"beta_task_std[97,2]",0.605493,0.024121,0.566055,0.645607,9557.32,5618.74,1.0005
"beta_task_std[97,3]",-0.850635,0.0350034,-0.909101,-0.793669,19573.1,5712.69,1.00137
"beta_task_std[97,4]",0.145794,0.02218,0.109094,0.181918,9891.61,6600.42,0.999974
"beta_task_std[97,5]",-0.733298,0.0485263,-0.813851,-0.654398,14583.2,6170.8,1.00044
"beta_task_std[97,6]",0.102652,0.021247,0.0677744,0.137466,10732.3,6910.25,1.00015
"beta_task_std[97,7]",0.121424,0.0181797,0.0912078,0.151065,10605.0,6458.28,1.00012
"beta_task_std[98,1]",0.793585,0.0479595,0.715478,0.872849,12308.0,6294.68,1.00014
"beta_task_std[98,2]",0.535901,0.0244732,0.495182,0.575334,8673.96,5346.88,1.00097
"beta_task_std[98,3]",-0.827818,0.0355465,-0.886717,-0.770079,18447.7,5067.59,1.00099
"beta_task_std[98,4]",0.0934965,0.0222857,0.0565067,0.129533,11363.6,6657.12,1.0008
"beta_task_std[98,5]",-0.750268,0.0487227,-0.83088,-0.66996,14340.2,6458.31,1.00001
"beta_task_std[98,6]",0.061889,0.0216834,0.0260661,0.0972746,11050.5,6201.92,1.00031
"beta_task_std[98,7]",0.093214,0.018259,0.0625185,0.122831,9929.32,5847.92,1.00034
"beta_task_std[99,1]",0.697299,0.0511591,0.613616,0.782164,9640.58,6043.73,1.00006
"beta_task_std[99,2]",0.0997814,0.0248131,0.0591323,0.140579,8702.06,5246.47,1.00084
"beta_task_std[99,3]",-0.539986,0.0331036,-0.594883,-0.485487,17824.0,5397.88,1.00004
"beta_task_std[99,4]",0.250202,0.0229283,0.212516,0.288274,11690.3,6931.59,1.00087
"beta_task_std[99,5]",-0.580229,0.0464334,-0.657894,-0.502812,14246.7,5622.08,1.00085
"beta_task_std[99,6]",0.0988474,0.0215991,0.0633313,0.134625,11482.8,6660.42,1.00006
"beta_task_std[99,7]",-0.0259152,0.0182307,-0.055424,0.00378697,10339.0,6579.76,0.999939
"beta_task_std[100,1]",0.705211,0.0519505,0.619735,0.790724,9098.73,4759.63,1.00147
"beta_task_std[100,2]",0.167433,0.0246965,0.126981,0.207451,9119.03,5745.58,1.00032
"beta_task_std[100,3]",-0.576826,0.0328514,-0.631113,-0.522915,16974.7,5776.8,1.00154
"beta_task_std[100,4]",0.189902,0.0230479,0.152344,0.227625,10965.9,6395.39,1.00081
"beta_task_std[100,5]",-0.426925,0.0460404,-0.501849,-0.352048,13859.2,6357.68,1.00161
"beta_task_std[100,6]",0.00327058,0.0217998,-0.0313302,0.0403247,10974.1,6299.62,1.00015
"beta_task_std[100,7]",-0.0620666,0.018706,-0.0927355,-0.0314363,9643.55,6763.1,1.00099
phi_alpha,3.77617,0.00503215,3.7678,3.78445,14124.7,5911.8,0.999715
beta_task_phi[1],-1.4088,0.0117361,-1.42815,-1.38945,12687.5,6174.13,0.999922
beta_task_phi[2],0.567226,0.015616,0.541453,0.593334,10717.9,6642.37,1.00008
beta_task_phi[3],-0.548013,0.0127417,-0.569153,-0.527288,13063.0,6321.62,0.999812
beta_task_phi[4],0.493878,0.0134592,0.472264,0.516234,12542.9,6857.87,0.999921
beta_task_phi[5],-1.26697,0.0125536,-1.28768,-1.24644,13220.5,5533.35,0.999959
beta_task_phi[6],0.816444,0.0148146,0.792022,0.840928,10578.3,6798.96,1.00027
beta_task_phi[7],1.34623,0.0180776,1.31623,1.37587,7152.77,5996.55,1.00169
