,Mean,MCSE,StdDev,MAD,5%,50%,95%,ESS_bulk,ESS_tail,R_hat
lp__,21865.9,0.220042,11.292,11.2678,21846.7,21866.3,21884.0,2595.16,4471.63,1.0028
mu_alpha,0.135843,0.00161862,0.138345,0.127641,-0.0880605,0.136755,0.353483,8260.69,4397.97,1.0007
sigma_alpha,0.411205,0.00146573,0.11409,0.0955343,0.27134,0.390757,0.623202,6321.64,5016.17,1.0006
mu_beta_language[1],-1.02676,0.00448775,0.361944,0.350658,-1.61597,-1.02477,-0.445671,6572.54,4817.85,1.00078
mu_beta_language[2],-0.0674645,0.00131491,0.12525,0.115606,-0.271738,-0.0679841,0.131402,9043.98,5691.67,1.00174
mu_beta_language[3],-0.136603,0.00523926,0.416189,0.403988,-0.821501,-0.139037,0.551553,6403.53,1893.96,1.00045
mu_beta_language[4],0.408092,0.00159604,0.139494,0.126544,0.181608,0.407959,0.632681,7507.0,5109.35,1.00017
mu_beta_language[5],1.03431,0.00187255,0.0997984,0.091899,0.867075,1.03514,1.19325,3388.91,1041.75,1.00088
mu_beta_language[6],-1.49197,0.00445552,0.348261,0.337069,-2.06316,-1.49121,-0.926564,6417.3,2301.62,1.00257
mu_beta_language[7],0.343053,0.00249114,0.244073,0.227596,-0.0600965,0.345523,0.743241,9771.65,5998.85,1.00009
mu_beta_language[8],1.04137,0.00159157,0.149601,0.137974,0.797262,1.0423,1.27954,9249.03,5646.36,1.00069
mu_beta_language[9],1.56673,0.00210967,0.185469,0.172575,1.2668,1.56779,1.86602,7903.81,5252.96,1.00023
mu_beta_language[10],0.511974,0.0015198,0.118654,0.106675,0.317828,0.513485,0.702845,6641.02,4147.54,1.00074
mu_beta_language[11],0.470907,0.000952606,0.0831284,0.0758469,0.335563,0.470426,0.603427,7919.33,5578.83,1.00029
mu_beta_language[12],-2.65365,0.00173009,0.148826,0.136421,-2.89751,-2.65384,-2.41122,7759.47,5353.31,1.00018
sigma_beta_language[1],1.30888,0.00364669,0.313721,0.2803,0.902041,1.25548,1.89849,10904.2,3972.23,1.00054
sigma_beta_language[2],0.371334,0.00134337,0.110519,0.095343,0.23182,0.352959,0.571081,7544.51,5560.72,1.00034
sigma_beta_language[3],1.69442,0.0048521,0.396059,0.35045,1.16992,1.63033,2.42673,6996.13,3078.14,1.00013
sigma_beta_language[4],0.410814,0.00145651,0.119969,0.103254,0.259197,0.390577,0.637225,8490.17,5246.56,1.00131
sigma_beta_language[5],0.274337,0.00114786,0.0884762,0.0773917,0.1608,0.259865,0.435575,6409.58,6163.99,0.999995
sigma_beta_language[6],1.21383,0.0067414,0.311069,0.254081,0.822788,1.1545,1.81957,4337.97,1141.03,1.00112
sigma_beta_language[7],0.784899,0.00237492,0.208276,0.175183,0.521649,0.748442,1.17515,9905.24,5260.8,1.00118
sigma_beta_language[8],0.456788,0.00162483,0.130002,0.110125,0.293262,0.433337,0.695665,8823.19,5081.82,1.00041
sigma_beta_language[9],0.573361,0.00185537,0.159196,0.137877,0.37195,0.545096,0.865187,8898.77,5471.15,0.999906
sigma_beta_language[10],0.351487,0.00158523,0.109482,0.0954105,0.214099,0.332271,0.55215,5634.2,5147.14,1.00063
sigma_beta_language[11],0.230087,0.00113787,0.0797516,0.0690595,0.127074,0.21684,0.375055,4662.41,5507.13,1.00111
sigma_beta_language[12],0.450569,0.00168833,0.133312,0.114526,0.279397,0.425653,0.691889,5372.3,2569.33,1.00121
mu_beta_task[1],-0.183781,0.0011209,0.100864,0.0983357,-0.345285,-0.184542,-0.0179882,8208.97,5551.66,0.999983
mu_beta_task[2],0.019813,0.000930783,0.0874899,0.0829724,-0.123727,0.0217596,0.160705,8965.38,6664.15,1.0003
mu_beta_task[3],-0.102997,0.00103165,0.089475,0.0856491,-0.247178,-0.103718,0.0404019,7707.9,5640.51,1.00016
mu_beta_task[4],0.116254,0.000664607,0.0605445,0.056008,0.0160113,0.117907,0.212492,8607.35,5825.05,1.00011
mu_beta_task[5],0.154903,0.000626217,0.0566161,0.0525278,0.0631179,0.155183,0.245919,8278.91,6248.41,1.00097
mu_beta_task[6],0.800186,0.000776384,0.0636266,0.0596406,0.696731,0.800721,0.903253,6884.65,3886.16,1.00035
mu_beta_task[7],-0.804377,0.00122915,0.121695,0.118684,-1.00399,-0.803632,-0.601208,9875.45,6492.2,1.00005
sigma_beta_task[1],0.34099,0.00112661,0.0980174,0.0825905,0.21786,0.322684,0.523164,9959.14,6008.44,1.00043
sigma_beta_task[2],0.266652,0.00104277,0.0858444,0.0741159,0.158004,0.252185,0.425133,6940.34,5567.56,1.00029
sigma_beta_task[3],0.274157,0.00109457,0.0867226,0.0748602,0.164845,0.25986,0.43401,6159.48,6022.42,1.00079
sigma_beta_task[4],0.158117,0.00108086,0.0628834,0.0557524,0.0731135,0.149531,0.273034,3041.45,3093.94,1.0005
sigma_beta_task[5],0.131749,0.00147382,0.062865,0.0562654,0.0407028,0.125156,0.244164,1275.89,728.025,1.00227
sigma_beta_task[6],0.170861,0.00102856,0.0650027,0.0573707,0.085058,0.160753,0.292259,3906.49,3641.71,1.00059
sigma_beta_task[7],0.507734,0.00140846,0.134074,0.116788,0.337448,0.484679,0.756058,11540.5,5610.85,1.0
alpha_std[1],-0.268683,0.000380515,0.0394691,0.0392392,-0.334594,-0.268819,-0.204048,10797.4,6792.18,1.00059
alpha_std[2],-0.184126,0.000437893,0.0407489,0.0401481,-0.250705,-0.183916,-0.117172,8762.07,5735.56,1.0015
alpha_std[3],-0.151255,0.000373464,0.0393479,0.0386692,-0.216368,-0.150761,-0.0870308,11179.1,6173.82,1.00044
alpha_std[4],0.117413,0.000413689,0.0400232,0.0395621,0.0517591,0.117283,0.183585,9695.11,6143.32,1.00026
alpha_std[5],-0.241757,0.000614548,0.0405669,0.0402919,-0.308335,-0.241947,-0.174354,4579.86,1211.14,1.00134
alpha_std[6],0.117961,0.000384977,0.0391954,0.0392348,0.0545515,0.117533,0.182907,10437.2,6845.47,1.00069
alpha_std[7],0.445015,0.000371396,0.039053,0.0388797,0.380716,0.444918,0.509893,11172.1,7100.79,1.00156
alpha_std[8],0.240017,0.000364954,0.0391699,0.0395298,0.176223,0.240109,0.304252,11601.3,6657.05,1.00014
alpha_std[9],0.79995,0.00042645,0.0391645,0.0396529,0.737064,0.799552,0.864252,8413.98,3133.05,1.00023
alpha_std[10],0.500298,0.00040886,0.0396842,0.0399331,0.435556,0.500266,0.565451,9585.26,5722.68,1.00051
"beta_language_std[1,1]",-2.09931,0.00176785,0.125489,0.124924,-2.31178,-2.09633,-1.89675,5534.42,1063.85,1.00215
"beta_language_std[1,2]",-0.330153,0.00134166,0.117523,0.117375,-0.525407,-0.329298,-0.141962,7777.35,5478.87,1.00002
"beta_language_std[1,3]",1.35581,0.00168197,0.112159,0.109638,1.17457,1.35484,1.54242,4757.66,1130.55,1.00164
"beta_language_std[1,4]",0.557849,0.0010509,0.111314,0.109295,0.373994,0.5605,0.738831,11659.8,4810.56,1.00069
"beta_language_std[1,5]",0.932321,0.00113145,0.102158,0.101912,0.760107,0.932272,1.10048,8750.07,3253.35,1.00221
"beta_language_std[1,6]",-2.14813,0.00117448,0.121534,0.121899,-2.35414,-2.14627,-1.95111,10705.1,5884.31,1.00147
"beta_language_std[1,7]",0.144453,0.00102679,0.118447,0.117598,-0.0503233,0.146474,0.337671,13449.6,5382.23,1.00036
"beta_language_std[1,8]",1.5291,0.000987767,0.109343,0.108764,1.35002,1.52812,1.70928,12619.4,5628.42,1.00165
"beta_language_std[1,9]",1.7058,0.000944814,0.106075,0.105724,1.53257,1.70294,1.88398,12939.9,6274.24,1.00162
"beta_language_std[1,10]",0.24215,0.00118583,0.113788,0.11385,0.0481107,0.242582,0.425168,9796.68,2435.83,1.00024
"beta_language_std[1,11]",0.38263,0.000971239,0.104621,0.104359,0.209412,0.38446,0.552294,11964.8,5658.49,1.00138
"beta_language_std[1,12]",-2.27252,0.00111117,0.122552,0.121514,-2.47946,-2.2725,-2.07186,12371.8,5715.77,1.00041
"beta_language_std[2,1]",-0.0157512,0.00115724,0.115674,0.114696,-0.208428,-0.016584,0.171446,10348.4,4066.32,1.00055
"beta_language_std[2,2]",-0.210738,0.000963515,0.111954,0.109832,-0.395658,-0.210643,-0.0242386,13684.5,4288.86,1.0001
"beta_language_std[2,3]",-2.37937,0.00164329,0.121759,0.119638,-2.58344,-2.37688,-2.17913,5552.21,1259.27,1.00071
"beta_language_std[2,4]",0.380211,0.000892574,0.108449,0.108529,0.201862,0.381007,0.56156,14987.8,6179.63,1.00036
"beta_language_std[2,5]",1.22179,0.000915305,0.102776,0.102589,1.05729,1.22154,1.39269,12791.1,5595.62,1.00066
"beta_language_std[2,6]",-2.47915,0.00113678,0.121913,0.123627,-2.6828,-2.47737,-2.28496,12096.4,5654.82,0.999996
"beta_language_std[2,7]",1.93742,0.00110749,0.112503,0.112351,1.754,1.93609,2.1251,10388.3,5332.06,1.00026
"beta_language_std[2,8]",0.961605,0.000901111,0.106477,0.104519,0.787704,0.960114,1.13614,14177.8,6031.98,1.0006
"beta_language_std[2,9]",2.33603,0.00108577,0.111452,0.111781,2.15403,2.33547,2.51823,10803.5,5350.18,1.00083
"beta_language_std[2,10]",0.368189,0.000910492,0.107523,0.106256,0.190924,0.369289,0.546543,14100.6,5766.76,0.99997
"beta_language_std[2,11]",0.377236,0.000851094,0.102394,0.100623,0.202541,0.378023,0.543807,14713.2,5676.56,1.00104
"beta_language_std[2,12]",-2.49747,0.000979073,0.116816,0.115287,-2.69175,-2.49657,-2.30569,14343.2,5868.6,1.00041
"beta_language_std[3,1]",-2.25988,0.0024498,0.126515,0.124672,-2.46945,-2.25812,-2.05593,3137.69,886.06,1.00147
"beta_language_std[3,2]",0.519693,0.000937076,0.10998,0.11057,0.338619,0.520069,0.698437,14016.6,6491.26,1.00033
"beta_language_std[3,3]",-1.43969,0.00125033,0.121696,0.121514,-1.64148,-1.43704,-1.24344,9771.92,5649.9,1.00068
"beta_language_std[3,4]",0.833772,0.000953181,0.110007,0.112288,0.651385,0.835325,1.01447,13473.8,5651.1,1.00037
"beta_language_std[3,5]",1.14873,0.000880546,0.105512,0.106028,0.974622,1.14883,1.32439,14394.1,5964.83,1.00036
"beta_language_std[3,6]",-1.85662,0.00148075,0.122593,0.125888,-2.05885,-1.85547,-1.65797,7204.26,4144.6,1.00135
"beta_language_std[3,7]",0.721014,0.000951801,0.110922,0.108015,0.539025,0.720861,0.904945,13622.3,5057.6,1.00049
"beta_language_std[3,8]",1.55386,0.00145157,0.110993,0.110446,1.37363,1.55303,1.7398,6126.55,3411.43,1.001
"beta_language_std[3,9]",1.75804,0.00112261,0.109367,0.109038,1.58038,1.75714,1.93981,9750.73,5989.16,1.0005
"beta_language_std[3,10]",0.655978,0.000933278,0.104077,0.103447,0.484746,0.655185,0.826844,13160.9,5477.41,1.00087
"beta_language_std[3,11]",0.703564,0.00127513,0.109776,0.109838,0.524212,0.701781,0.88591,7506.39,3648.02,1.00051
"beta_language_std[3,12]",-2.33846,0.00129398,0.121664,0.122403,-2.54007,-2.33878,-2.14115,8531.6,5188.16,1.0011
"beta_language_std[4,1]",0.136667,0.000927659,0.114143,0.113304,-0.0499824,0.136366,0.323345,15136.1,5879.83,1.00093
"beta_language_std[4,2]",-0.187886,0.00100548,0.106395,0.107359,-0.362082,-0.187003,-0.0149972,11856.0,5985.09,1.00026
"beta_language_std[4,3]",-2.321,0.0011477,0.117547,0.118326,-2.5172,-2.31794,-2.13225,10799.3,6107.22,1.00027
"beta_language_std[4,4]",0.683415,0.00139519,0.109204,0.10907,0.504326,0.681732,0.864263,6287.74,3151.67,1.00038
"beta_language_std[4,5]",1.05316,0.000832766,0.103732,0.106769,0.885293,1.05135,1.22267,15837.2,6029.19,1.0006
"beta_language_std[4,6]",-0.70162,0.00115076,0.11467,0.11668,-0.8946,-0.701407,-0.516956,10189.4,5784.28,1.00089
"beta_language_std[4,7]",-0.0234528,0.00108915,0.110783,0.110491,-0.207335,-0.0231577,0.162468,10929.3,4635.68,1.00097
"beta_language_std[4,8]",1.4097,0.00100908,0.111542,0.112233,1.22775,1.40912,1.59772,12542.6,6069.16,1.00001
"beta_language_std[4,9]",0.982638,0.00107783,0.110787,0.110605,0.805524,0.980112,1.16589,10611.6,5723.78,0.999953
"beta_language_std[4,10]",0.610357,0.000915279,0.103327,0.102113,0.441696,0.608286,0.782254,12936.0,6077.17,1.00182
"beta_language_std[4,11]",0.475706,0.00080033,0.0982383,0.0992134,0.315807,0.475533,0.638227,15282.1,6118.21,1.00027
"beta_language_std[4,12]",-2.11768,0.00117887,0.121107,0.122085,-2.31744,-2.11591,-1.92261,11101.7,5984.16,1.00126
"beta_language_std[5,1]",-2.14288,0.0011054,0.120307,0.121944,-2.3427,-2.14108,-1.94883,12409.1,5330.07,1.00307
"beta_language_std[5,2]",0.226164,0.000865282,0.108962,0.109064,0.047605,0.225637,0.404002,15957.2,6146.63,1.0002
"beta_language_std[5,3]",-0.77619,0.00108971,0.11802,0.118445,-0.974285,-0.775303,-0.586324,11803.9,5855.01,1.00047
"beta_language_std[5,4]",0.559875,0.000907713,0.105156,0.105094,0.390597,0.558266,0.734725,13659.7,5431.78,1.00073
"beta_language_std[5,5]",1.25661,0.000909194,0.102721,0.103686,1.08928,1.2559,1.4276,12896.4,5872.53,1.00117
"beta_language_std[5,6]",-1.58768,0.00102532,0.122663,0.121469,-1.79555,-1.58519,-1.38956,14535.7,5511.36,1.00146
"beta_language_std[5,7]",0.391651,0.000963827,0.110628,0.110185,0.211722,0.391568,0.574268,13270.4,5794.07,1.00025
"beta_language_std[5,8]",1.0377,0.000838307,0.107368,0.10766,0.86154,1.03748,1.21463,16600.2,6115.37,1.00012
"beta_language_std[5,9]",1.91619,0.0011274,0.109995,0.110172,1.73864,1.9157,2.09757,10251.5,5909.52,1.00109
"beta_language_std[5,10]",0.793059,0.00109293,0.107912,0.108001,0.618519,0.79161,0.971385,10212.5,5397.07,0.999987
"beta_language_std[5,11]",0.753349,0.00110226,0.110357,0.112605,0.572669,0.752792,0.935646,10089.6,5789.65,1.00077
"beta_language_std[5,12]",-2.42784,0.00137515,0.117854,0.119149,-2.61988,-2.42685,-2.23711,7380.54,2995.9,1.00058
"beta_language_std[6,1]",-2.34432,0.00110366,0.117835,0.117244,-2.53662,-2.34139,-2.15028,11600.6,6139.26,1.00037
"beta_language_std[6,2]",0.345635,0.00134852,0.11125,0.112371,0.164298,0.345128,0.529209,6828.7,2998.41,1.00084
"beta_language_std[6,3]",1.68778,0.00139612,0.110901,0.112529,1.50965,1.68565,1.87509,6783.96,2891.19,1.00119
"beta_language_std[6,4]",0.829646,0.000978889,0.109453,0.108721,0.650115,0.828475,1.01291,12610.9,6022.72,0.99996
"beta_language_std[6,5]",1.4017,0.00101049,0.106545,0.109231,1.22799,1.40042,1.57735,11183.8,6659.17,1.00009
"beta_language_std[6,6]",-2.76001,0.00194489,0.119927,0.119861,-2.96099,-2.75723,-2.56486,4068.32,1057.0,1.00141
"beta_language_std[6,7]",-0.794639,0.00100253,0.116843,0.115667,-0.992858,-0.792499,-0.604748,13805.6,5833.31,1.00001
"beta_language_std[6,8]",0.958617,0.000915597,0.107264,0.107005,0.78214,0.958816,1.1328,13863.6,5773.8,1.00122
"beta_language_std[6,9]",1.86815,0.00102777,0.113307,0.115428,1.68176,1.86723,2.0583,12367.8,4870.05,1.00121
"beta_language_std[6,10]",0.868733,0.000953641,0.10979,0.109834,0.691185,0.867914,1.05354,13368.6,5325.76,1.00045
"beta_language_std[6,11]",0.684759,0.000957938,0.103651,0.102307,0.514921,0.684311,0.860832,11800.9,5535.18,1.00044
"beta_language_std[6,12]",-2.74606,0.000992317,0.114842,0.112403,-2.93727,-2.7453,-2.55872,13685.4,5572.45,1.00161
"beta_language_std[7,1]",-2.27689,0.00121695,0.123854,0.122366,-2.48625,-2.27614,-2.07351,10504.0,4745.96,1.00144
"beta_language_std[7,2]",-0.153627,0.000864271,0.112303,0.111151,-0.341401,-0.153783,0.0292037,16992.0,6283.96,1.00073
"beta_language_std[7,3]",0.706721,0.000958735,0.108871,0.108137,0.524948,0.707691,0.882745,13103.3,4986.98,0.999938
"beta_language_std[7,4]",0.318288,0.00084153,0.105791,0.106559,0.146365,0.318908,0.492769,15971.8,5249.58,1.00198
"beta_language_std[7,5]",0.842746,0.000833089,0.100305,0.097154,0.675753,0.843475,1.00815,14643.7,5738.26,1.00104
"beta_language_std[7,6]",1.06865,0.000873404,0.107357,0.105064,0.893269,1.0695,1.24513,15297.4,5853.22,1.00028
"beta_language_std[7,7]",0.64203,0.00101077,0.108066,0.109095,0.463536,0.642351,0.819157,11761.7,6115.11,1.00257
"beta_language_std[7,8]",0.449136,0.000975872,0.107224,0.108304,0.273488,0.449777,0.627355,12145.5,5644.74,1.00155
"beta_language_std[7,9]",1.0084,0.000988192,0.110229,0.106437,0.825542,1.007,1.19094,12598.3,5236.33,1.00074
"beta_language_std[7,10]",0.0826636,0.000963902,0.109847,0.107423,-0.100196,0.0828827,0.260885,13229.2,5455.78,1.00013
"beta_language_std[7,11]",0.338419,0.000938443,0.100613,0.101265,0.169292,0.339669,0.501397,11635.6,6434.34,1.00031
"beta_language_std[7,12]",-3.02654,0.0010381,0.120595,0.120602,-3.22862,-3.02403,-2.83106,13650.3,5476.68,1.0006
"beta_language_std[8,1]",0.112298,0.00247079,0.112719,0.10911,-0.0713179,0.112892,0.295843,2979.38,1041.38,1.00245
"beta_language_std[8,2]",-0.308683,0.000886045,0.106874,0.106308,-0.483339,-0.308152,-0.136008,14978.5,3983.11,1.00112
"beta_language_std[8,3]",-1.10931,0.00100823,0.116593,0.115383,-1.30542,-1.10519,-0.91991,13868.4,5947.26,1.00153
"beta_language_std[8,4]",0.0127313,0.00093933,0.107217,0.10859,-0.163095,0.0125235,0.186201,13165.5,5527.04,1.00019
"beta_language_std[8,5]",0.878423,0.000914541,0.103153,0.103884,0.709168,0.877271,1.04571,12867.6,6146.61,1.00021
"beta_language_std[8,6]",-0.889642,0.00103565,0.116647,0.11802,-1.0809,-0.888845,-0.698274,12835.8,5670.2,1.00171
"beta_language_std[8,7]",-0.0597919,0.000873208,0.111127,0.110636,-0.241417,-0.0601763,0.123881,16305.7,5958.53,0.999932
"beta_language_std[8,8]",1.27296,0.000895485,0.109109,0.107963,1.0965,1.27104,1.45737,15061.6,5659.94,1.00256
"beta_language_std[8,9]",2.07429,0.000920901,0.113356,0.114486,1.89178,2.07332,2.26282,15409.3,5975.16,1.00013
"beta_language_std[8,10]",0.823069,0.000969018,0.106243,0.106163,0.650608,0.82113,0.996596,12059.6,5857.56,1.00006
"beta_language_std[8,11]",0.238435,0.00107365,0.10357,0.103038,0.0656807,0.238179,0.406097,9441.57,5700.86,0.999858
"beta_language_std[8,12]",-3.04477,0.0013179,0.115892,0.116784,-3.23676,-3.04337,-2.85524,7763.34,5819.25,1.0005
"beta_language_std[9,1]",0.609888,0.000890459,0.109241,0.107635,0.434143,0.607903,0.789693,15264.7,5592.64,1.00036
"beta_language_std[9,2]",-0.351038,0.00110333,0.10521,0.104932,-0.522977,-0.352341,-0.177884,9477.86,6207.56,1.00068
"beta_language_std[9,3]",1.2125,0.00095586,0.112537,0.112818,1.02792,1.21347,1.39858,14094.2,5405.72,1.00038
"beta_language_std[9,4]",-0.191871,0.000965487,0.105316,0.103921,-0.365852,-0.190306,-0.0178442,12042.4,6250.97,1.00018
"beta_language_std[9,5]",0.685938,0.00100129,0.106018,0.107674,0.510964,0.685947,0.859641,11329.9,6465.58,1.00232
"beta_language_std[9,6]",-1.43527,0.0011532,0.117619,0.116325,-1.62878,-1.43563,-1.24419,10535.0,5232.48,1.00039
"beta_language_std[9,7]",0.146935,0.00093222,0.105109,0.101046,-0.0231579,0.146654,0.323162,12901.4,5852.52,1.00248
"beta_language_std[9,8]",0.842253,0.000978828,0.107598,0.110485,0.668883,0.841559,1.01922,12401.9,6113.22,1.00108
"beta_language_std[9,9]",0.920525,0.000985818,0.111721,0.110377,0.73859,0.919838,1.1037,12980.9,5561.41,1.00162
"beta_language_std[9,10]",0.139713,0.000932923,0.105585,0.105881,-0.0339103,0.138785,0.310428,12921.7,5802.78,1.00044
"beta_language_std[9,11]",0.358159,0.000927339,0.0974707,0.0964068,0.198331,0.358345,0.519433,11212.1,6393.03,1.00034
"beta_language_std[9,12]",-2.93773,0.000996667,0.118101,0.117956,-3.13646,-2.93631,-2.7452,14227.7,6160.47,1.00207
"beta_language_std[10,1]",-0.303203,0.00125731,0.112641,0.114105,-0.489681,-0.30258,-0.117547,8362.52,5495.62,1.00064
"beta_language_std[10,2]",-0.199816,0.000845497,0.104351,0.10584,-0.369379,-0.199433,-0.0299672,15389.2,5889.23,1.00119
"beta_language_std[10,3]",1.90082,0.0011687,0.117382,0.116206,1.71251,1.89824,2.0987,10231.2,3956.05,1.00121
"beta_language_std[10,4]",0.124333,0.000939585,0.104784,0.104235,-0.0447931,0.125219,0.297253,12670.1,5804.87,1.00173
"beta_language_std[10,5]",0.966884,0.000927332,0.104378,0.102343,0.797491,0.966221,1.14374,12839.1,4598.46,1.0016
"beta_language_std[10,6]",-2.49289,0.00106945,0.121792,0.122744,-2.69361,-2.49136,-2.29588,13196.9,5378.79,0.9998
"beta_language_std[10,7]",0.489089,0.000893372,0.109128,0.110535,0.31073,0.489082,0.669403,15268.6,5710.9,1.00325
"beta_language_std[10,8]",0.496321,0.000968011,0.109363,0.108865,0.317353,0.496289,0.677803,12779.3,5323.31,1.00037
"beta_language_std[10,9]",1.28269,0.00184365,0.11271,0.110646,1.09219,1.28332,1.46681,3875.93,1115.37,1.00189
"beta_language_std[10,10]",0.562257,0.000936258,0.104593,0.104637,0.390538,0.562025,0.734245,12763.2,5822.1,1.00007
"beta_language_std[10,11]",0.414543,0.000991728,0.0999672,0.0975195,0.248549,0.415381,0.576067,10361.0,5539.2,1.00154
"beta_language_std[10,12]",-3.24103,0.00124457,0.116811,0.115324,-3.43789,-3.23851,-3.0538,8934.99,6225.1,1.00057
"beta_task_std[1,1]",-0.332757,0.000897329,0.086515,0.0864667,-0.476583,-0.333309,-0.189289,10220.0,4818.62,1.00083
"beta_task_std[1,2]",0.355301,0.00113184,0.104925,0.106486,0.181245,0.354893,0.529078,8719.95,5916.47,1.0007
"beta_task_std[1,3]",0.0670821,0.000982474,0.102139,0.102054,-0.0993406,0.0668445,0.235398,10917.1,6049.39,1.00313
"beta_task_std[1,4]",0.144674,0.00119396,0.0819666,0.0807073,0.0105381,0.143918,0.281,4978.24,930.306,1.00195
"beta_task_std[1,5]",0.210965,0.000936753,0.0850487,0.0829063,0.0767869,0.208429,0.354215,8435.23,6060.16,1.00006
"beta_task_std[1,6]",0.943781,0.00103942,0.0869668,0.0881828,0.804227,0.942163,1.08614,7157.07,6049.69,1.00037
"beta_task_std[1,7]",-1.38905,0.000649016,0.0638238,0.0633144,-1.4925,-1.38892,-1.28456,10193.0,6191.4,1.0015
"beta_task_std[2,1]",-0.397175,0.000761991,0.0887423,0.0884178,-0.544105,-0.397364,-0.25387,13813.3,5677.42,1.00202
"beta_task_std[2,2]",-0.0109214,0.000995392,0.101751,0.100096,-0.178607,-0.0101899,0.156368,10641.3,5995.97,0.99993
"beta_task_std[2,3]",0.150906,0.00114962,0.103633,0.102304,-0.0180668,0.151467,0.32419,8183.24,6120.29,1.00151
"beta_task_std[2,4]",0.134241,0.000871693,0.082668,0.0830727,-0.00331115,0.135487,0.269387,9220.4,6223.15,1.00045
"beta_task_std[2,5]",0.0683918,0.00116579,0.0941385,0.0940904,-0.0968653,0.074805,0.213695,6750.38,5873.02,1.00056
"beta_task_std[2,6]",0.741364,0.000820535,0.0863537,0.0866446,0.594764,0.743333,0.878386,11150.0,6195.65,1.00079
"beta_task_std[2,7]",-0.686806,0.000612783,0.0591994,0.0589593,-0.784585,-0.687337,-0.590337,9539.94,6071.34,1.00051
"beta_task_std[3,1]",-0.172494,0.000773843,0.083924,0.0848485,-0.310441,-0.172964,-0.0342184,12163.3,6066.41,1.0007
"beta_task_std[3,2]",0.462268,0.00106294,0.103585,0.101278,0.291078,0.46124,0.63268,9290.04,5995.75,1.0006
"beta_task_std[3,3]",-0.185592,0.000941967,0.102842,0.101705,-0.355976,-0.183825,-0.0175258,12247.6,5661.67,1.00097
"beta_task_std[3,4]",0.276456,0.00100241,0.0873809,0.0888945,0.135127,0.274781,0.423424,7688.35,6726.2,1.00159
"beta_task_std[3,5]",0.247553,0.00115633,0.088969,0.0901117,0.11214,0.24236,0.400973,5981.59,5685.25,1.00014
"beta_task_std[3,6]",0.896174,0.000951865,0.0846701,0.0858314,0.761384,0.895492,1.04016,8111.97,6274.74,1.00054
"beta_task_std[3,7]",-1.52436,0.000601867,0.0632361,0.0628178,-1.62832,-1.52459,-1.42122,11114.9,5743.08,1.00104
"beta_task_std[4,1]",-0.468591,0.000769191,0.0870403,0.0870783,-0.613257,-0.468606,-0.32559,12934.4,6211.21,1.00092
"beta_task_std[4,2]",-0.0456333,0.000957834,0.101445,0.100508,-0.212065,-0.0453734,0.120855,11595.3,6026.48,1.00149
"beta_task_std[4,3]",-0.21658,0.00102276,0.100576,0.102013,-0.382024,-0.215975,-0.0541385,9834.9,6132.98,1.00036
"beta_task_std[4,4]",0.0314416,0.00084604,0.0846206,0.0842394,-0.111333,0.0337696,0.167176,10114.1,5725.99,1.00121
"beta_task_std[4,5]",0.090675,0.000916745,0.0845406,0.0829656,-0.0520918,0.0940345,0.223232,8788.77,5888.27,1.00042
"beta_task_std[4,6]",0.893974,0.000832539,0.086661,0.0874964,0.752631,0.893136,1.03779,11094.2,5900.4,1.00079
"beta_task_std[4,7]",-0.285286,0.00061249,0.0593815,0.0593114,-0.38356,-0.285739,-0.188148,9485.1,6329.33,1.00108
"beta_task_std[5,1]",-0.375704,0.000893886,0.0908064,0.0910138,-0.5237,-0.37509,-0.225535,11135.9,5741.72,1.00144
"beta_task_std[5,2]",0.0111797,0.000925961,0.0997269,0.100433,-0.154426,0.0117705,0.173525,11722.4,6008.64,1.00005
"beta_task_std[5,3]",-0.300241,0.00109939,0.106848,0.105418,-0.476631,-0.30082,-0.126065,9488.27,5877.83,1.00177
"beta_task_std[5,4]",0.171299,0.000765372,0.0807477,0.0800574,0.0391098,0.17054,0.305844,11286.3,6144.61,1.00028
"beta_task_std[5,5]",0.30612,0.00164791,0.0984771,0.101242,0.152642,0.302798,0.473547,3499.04,4656.63,1.00077
"beta_task_std[5,6]",0.977376,0.00119766,0.0912664,0.092701,0.829961,0.975294,1.1268,5935.33,6074.34,0.999991
"beta_task_std[5,7]",-0.79003,0.000746633,0.0607818,0.0611239,-0.890446,-0.789036,-0.691143,6803.59,4286.07,1.00034
"beta_task_std[6,1]",0.200515,0.000957945,0.0853855,0.0875327,0.0612041,0.20091,0.341612,7974.49,1402.93,1.00051
"beta_task_std[6,2]",-0.217505,0.00114819,0.108073,0.108483,-0.398556,-0.215721,-0.0417001,8974.42,6160.07,1.00006
"beta_task_std[6,3]",0.191045,0.00102957,0.102648,0.102488,0.0245792,0.189708,0.360616,10023.7,5948.26,1.00178
"beta_task_std[6,4]",-0.0908077,0.0013082,0.09619,0.0979831,-0.249321,-0.0914233,0.0688969,5437.83,4681.99,1.00049
"beta_task_std[6,5]",0.0437673,0.0013605,0.0939662,0.0960481,-0.117662,0.0501318,0.185342,4756.32,5435.68,1.00064
"beta_task_std[6,6]",0.593112,0.00114425,0.0980169,0.0994995,0.430743,0.595187,0.750566,7332.85,5602.57,1.0009
"beta_task_std[6,7]",-0.720128,0.000568038,0.0584237,0.0580408,-0.816263,-0.719884,-0.625007,10636.7,6447.57,1.00048
"beta_task_std[7,1]",0.465658,0.000739061,0.087728,0.0851984,0.321232,0.466097,0.610672,14296.2,6142.52,1.00029
"beta_task_std[7,2]",-0.115102,0.00100353,0.101594,0.100719,-0.282003,-0.114395,0.0514238,10361.3,5598.63,1.00012
"beta_task_std[7,3]",-0.204289,0.00100866,0.104388,0.104249,-0.376456,-0.204728,-0.0335063,10745.4,6513.7,1.0001
"beta_task_std[7,4]",0.265798,0.00120285,0.0877986,0.0878774,0.124102,0.264227,0.413285,5294.32,2859.05,1.00156
"beta_task_std[7,5]",0.185858,0.000792055,0.0805765,0.0777601,0.0603102,0.182999,0.323786,10719.8,5396.75,1.00011
"beta_task_std[7,6]",0.75575,0.00110677,0.0873992,0.0866239,0.613073,0.756179,0.8991,6148.4,1197.71,1.00075
"beta_task_std[7,7]",-1.35367,0.000608611,0.0598042,0.0590964,-1.45215,-1.35362,-1.25403,9740.75,6149.9,0.999867
"beta_task_std[8,1]",-0.171184,0.000706189,0.086469,0.0867706,-0.312381,-0.171635,-0.0298968,15118.8,5711.67,1.00077
"beta_task_std[8,2]",-0.0359052,0.00111864,0.097904,0.0983214,-0.196849,-0.0368086,0.125166,7811.87,6037.93,1.002
"beta_task_std[8,3]",-0.518832,0.00104943,0.104183,0.104368,-0.691039,-0.518003,-0.348736,9911.32,6602.42,1.0011
"beta_task_std[8,4]",0.0211211,0.000909947,0.0860187,0.0844417,-0.121741,0.0236152,0.159477,9300.89,5801.79,1.00042
"beta_task_std[8,5]",0.189653,0.000791761,0.0835703,0.0804051,0.0582341,0.186974,0.329455,11250.4,5474.15,1.00002
"beta_task_std[8,6]",0.821398,0.000854651,0.0861064,0.0860227,0.67869,0.82125,0.9621,10310.0,6208.91,1.00058
"beta_task_std[8,7]",-0.30625,0.000558085,0.0577131,0.057579,-0.399591,-0.306621,-0.211266,10733.3,6427.17,1.00041
"beta_task_std[9,1]",-0.305233,0.00102807,0.0870397,0.0864526,-0.449228,-0.304115,-0.165047,7594.82,2098.29,1.00307
"beta_task_std[9,2]",-0.101038,0.00120444,0.0986741,0.100466,-0.261478,-0.101249,0.0605561,6953.49,3317.72,0.999979
"beta_task_std[9,3]",0.063763,0.000922553,0.0983665,0.0989727,-0.0975143,0.0634472,0.227199,11580.6,5853.96,1.00021
"beta_task_std[9,4]",0.163262,0.000771381,0.0819608,0.0802843,0.0301656,0.161704,0.299802,11394.9,5868.67,1.00023
"beta_task_std[9,5]",0.135292,0.000763367,0.0792125,0.0762594,0.00265119,0.137323,0.262945,10921.1,6009.05,1.0011
"beta_task_std[9,6]",0.716222,0.00104449,0.0876604,0.0865846,0.569816,0.717271,0.857811,7232.52,4138.09,1.00028
"beta_task_std[9,7]",-0.672268,0.000612612,0.0570347,0.0563358,-0.766921,-0.67184,-0.576613,8706.89,4761.92,1.00044
"beta_task_std[10,1]",-0.26676,0.000939611,0.0913073,0.0913875,-0.419245,-0.266616,-0.115897,9667.81,5739.56,1.00056
"beta_task_std[10,2]",-0.0827329,0.00110223,0.10333,0.10367,-0.253548,-0.0829016,0.085242,9104.42,6231.88,1.00014
"beta_task_std[10,3]",-0.0679829,0.00117147,0.0993769,0.100783,-0.229516,-0.0687926,0.0954619,7149.41,2773.43,1.00137
"beta_task_std[10,4]",0.0504617,0.0012701,0.0852878,0.0850665,-0.0924837,0.0533414,0.188975,4771.91,1980.95,1.00083
"beta_task_std[10,5]",0.0687045,0.00118961,0.084594,0.0861718,-0.0760593,0.0719988,0.198777,5236.42,6113.62,1.00057
"beta_task_std[10,6]",0.665333,0.000951092,0.0894579,0.0926833,0.516632,0.666675,0.807887,8908.77,5951.69,1.00021
"beta_task_std[10,7]",-0.367023,0.000626878,0.0586859,0.0585508,-0.464296,-0.366737,-0.270146,8660.8,5796.1,1.00005
phi_alpha,0.287088,0.00021517,0.0161278,0.0160884,0.260663,0.286983,0.314152,5598.63,5984.94,1.0001
beta_task_phi[1],0.423448,0.000367729,0.0311597,0.0314556,0.372362,0.423472,0.473856,7316.92,4700.64,1.001
beta_task_phi[2],-0.811033,0.000282831,0.0292229,0.029308,-0.858702,-0.81104,-0.763758,11232.2,6342.41,1.0016
beta_task_phi[3],-0.85342,0.000311842,0.0296357,0.0297261,-0.902583,-0.853415,-0.805257,9126.11,4798.59,1.00025
beta_task_phi[4],-0.0810646,0.000579551,0.0309006,0.0305084,-0.132637,-0.0806633,-0.0308952,3115.96,1022.3,1.0048
beta_task_phi[5],-0.539717,0.00026047,0.0294628,0.0296624,-0.588018,-0.539794,-0.491365,12950.2,6306.14,1.00011
beta_task_phi[6],-0.405748,0.000625545,0.0317819,0.031655,-0.457375,-0.405984,-0.353268,3028.1,1054.7,1.00135
beta_task_phi[7],2.26753,0.000441445,0.0391675,0.0390739,2.20315,2.26753,2.33322,7974.2,6346.65,1.00039
y_pred[1],0.0633268,0.0015259,0.139763,0.00285913,2.12739e-11,0.00192845,0.379785,8127.42,8014.38,0.99985
y_pred[2],0.120864,0.00294898,0.25963,0.000340575,8.44782e-19,0.000229715,0.859976,7953.11,7449.9,1.0002
y_pred[3],0.0928003,0.00260056,0.234124,9.66296e-06,4.38926e-25,6.51758e-06,0.771986,8190.27,7958.92,0.999996
y_pred[4],0.0968124,0.00220946,0.196757,0.00400846,6.10994e-12,0.00270367,0.592826,7716.15,7938.86,1.00061
y_pred[5],0.108182,0.00264856,0.234776,0.000542253,1.65719e-16,0.000365744,0.746705,7861.17,7660.72,1.00002
y_pred[6],0.195441,0.00325293,0.289236,0.042818,3.86835e-08,0.0288805,0.885542,8295.83,7890.39,0.999974
y_pred[7],0.0238255,0.000455516,0.0406306,0.00919869,1.36789e-06,0.00623032,0.109353,8138.75,7953.78,0.999921
y_pred[8],0.281428,0.00296772,0.258565,0.248839,0.00341189,0.203297,0.801489,7652.79,7400.3,1.00007
y_pred[9],0.43679,0.0043856,0.393482,0.513447,5.3104e-05,0.351313,0.998981,8264.08,7686.49,0.999781
y_pred[10],0.363991,0.00425543,0.381677,0.290135,2.94848e-06,0.195753,0.995847,8088.71,7398.26,1.00014
y_pred[11],0.387565,0.00369972,0.330109,0.405755,0.00229652,0.312922,0.959075,8092.7,7911.55,1.00008
y_pred[12],0.405202,0.00407481,0.367735,0.443062,0.000175555,0.308543,0.992437,8113.99,7617.34,1.00013
y_pred[13],0.579793,0.00404164,0.359294,0.471892,0.0113816,0.654937,0.999313,7741.6,7270.96,1.00002
y_pred[14],0.12171,0.0010702,0.0893154,0.0805778,0.0162354,0.102829,0.298095,8084.26,7973.04,1.00014
y_pred[15],0.680933,0.0031226,0.269927,0.292561,0.166205,0.750509,0.993636,7471.82,7930.11,1.00006
y_pred[16],0.811313,0.00348995,0.308926,0.012247,0.0498208,0.991739,1.0,8139.45,7888.41,0.999965
y_pred[17],0.752771,0.00405174,0.344745,0.0463001,0.023203,0.968771,1.0,7699.97,7556.13,1.00001
y_pred[18],0.773424,0.0031469,0.282137,0.128193,0.145931,0.913188,0.999981,8169.29,7764.81,0.999887
y_pred[19],0.783644,0.00345024,0.309625,0.0516293,0.0718606,0.965176,1.0,8093.69,7821.52,1.00006
y_pred[20],0.879709,0.0026914,0.236923,0.00294667,0.26072,0.998012,1.0,8351.31,7955.36,0.999894
y_pred[21],0.423667,0.00156643,0.134725,0.139709,0.20868,0.420086,0.653394,7477.89,7836.36,0.999771
y_pred[22],0.488513,0.00321813,0.286558,0.363571,0.0454309,0.488491,0.943512,7896.46,7799.81,0.999897
y_pred[23],0.658157,0.0042457,0.374937,0.228517,0.00545676,0.845838,0.999998,7759.43,7707.04,1.00071
y_pred[24],0.588379,0.00443212,0.394655,0.422093,0.00121661,0.714628,0.999989,8271.03,8124.06,0.999931
y_pred[25],0.612063,0.00366104,0.326714,0.400508,0.038149,0.683438,0.997361,7896.97,7814.9,0.999878
y_pred[26],0.628006,0.00425743,0.363216,0.357044,0.0110717,0.755696,0.999905,7132.42,7445.12,0.999938
y_pred[27],0.776261,0.00337169,0.304441,0.0781338,0.0828461,0.947296,1.0,8215.55,8144.3,0.999742
y_pred[28],0.24986,0.00132327,0.11937,0.12014,0.0799258,0.23699,0.464987,8039.53,7817.58,0.999983
y_pred[29],0.580227,0.00325325,0.284311,0.355917,0.0912953,0.608944,0.974827,7556.28,7853.97,1.00021
y_pred[30],0.734325,0.00391537,0.351707,0.0684124,0.0174177,0.953856,1.0,8316.95,7884.51,1.00032
y_pred[31],0.675553,0.0043285,0.374243,0.171263,0.00476067,0.884482,1.0,7504.07,7931.93,1.00041
y_pred[32],0.694312,0.00337847,0.308199,0.274079,0.0852138,0.807138,0.999615,8219.06,8141.19,0.99998
y_pred[33],0.705774,0.00381266,0.342683,0.168383,0.0294627,0.886383,0.999996,8049.09,7741.29,1.00025
y_pred[34],0.827864,0.00305808,0.276063,0.0236971,0.149635,0.984016,1.0,8145.2,7217.0,0.999948
y_pred[35],0.326624,0.00145201,0.127349,0.130759,0.134845,0.318018,0.550378,7860.03,7835.86,0.999877
y_pred[36],0.0612958,0.00152874,0.138101,0.00207921,1.10594e-11,0.00140241,0.379038,7966.02,7714.46,1.00018
y_pred[37],0.116574,0.00281652,0.253437,0.000205665,7.562539999999999e-20,0.000138719,0.832163,8178.13,7706.78,1.00077
y_pred[38],0.0846112,0.00245156,0.221877,4.22659e-06,1.66384e-27,2.85079e-06,0.735545,7499.25,8183.91,1.00082
y_pred[39],0.0960143,0.00226127,0.199271,0.00286434,2.15495e-12,0.00193197,0.606896,7904.91,7964.89,0.999965
y_pred[40],0.0989665,0.00251289,0.223648,0.000277333,2.5491700000000003e-18,0.000187058,0.713248,7677.27,7722.46,0.999796
y_pred[41],0.185886,0.00315388,0.282339,0.0374641,2.47507e-08,0.0252693,0.871937,7921.86,7816.48,1.00022
y_pred[42],0.0217425,0.000435877,0.0394742,0.00730774,1.24821e-06,0.00494836,0.102105,8023.11,7890.14,1.00008
y_pred[43],0.385226,0.00320594,0.279982,0.33891,0.0175219,0.338689,0.887989,7733.66,7784.29,1.0002
y_pred[44],0.551875,0.00443392,0.396161,0.543235,0.000995887,0.627889,0.999928,8098.61,7959.94,0.999896
y_pred[45],0.488129,0.00447725,0.399933,0.648231,0.000132621,0.4696,0.999722,7935.49,7761.37,1.00049
y_pred[46],0.500004,0.00381948,0.33794,0.481056,0.0142048,0.50522,0.987714,7596.48,7618.28,0.999837
y_pred[47],0.520445,0.00423251,0.375827,0.583479,0.00253748,0.537488,0.999165,7978.55,7743.82,1.00001
y_pred[48],0.690853,0.00372249,0.337474,0.227819,0.0359962,0.845708,0.999962,7794.36,7286.37,1.0006
y_pred[49],0.180665,0.00119471,0.103498,0.101011,0.0428615,0.163389,0.375777,7424.48,7433.16,1.00051
y_pred[50],0.713241,0.00285854,0.259546,0.257307,0.19169,0.787393,0.996402,8322.59,7710.15,1.00012
y_pred[51],0.830115,0.00338192,0.297887,0.00502824,0.068676,0.996609,1.0,7912.41,8049.66,1.00031
y_pred[52],0.789958,0.00368201,0.326772,0.0165562,0.0282506,0.988833,1.0,8137.05,7751.6,0.999998
y_pred[53],0.799412,0.00303882,0.26913,0.0879678,0.178926,0.940621,0.999996,8202.59,7848.57,1.00043
y_pred[54],0.814665,0.0033123,0.290218,0.0271538,0.102833,0.981685,1.0,7928.87,8251.75,1.00051
y_pred[55],0.895407,0.0025393,0.225217,0.000985929,0.295565,0.999335,1.0,7841.63,7362.62,0.999892
y_pred[56],0.468252,0.00150562,0.13734,0.143872,0.246381,0.467419,0.696438,8342.23,8015.93,1.00005
y_pred[57],0.752267,0.0027641,0.247425,0.210726,0.230997,0.839935,0.998243,8070.12,7831.98,1.00067
y_pred[58],0.858725,0.00313514,0.275048,0.00127578,0.114639,0.99914,1.0,7540.93,7537.4,1.00025
y_pred[59],0.818021,0.0035625,0.310079,0.00704013,0.0509403,0.995251,1.0,8004.68,7727.63,1.00015
y_pred[60],0.825901,0.0028357,0.254083,0.0556398,0.222202,0.962468,1.0,8173.75,7692.21,1.00013
y_pred[61],0.838122,0.0031443,0.276023,0.0112856,0.132375,0.992388,1.0,7815.35,7646.23,0.999769
y_pred[62],0.917968,0.0022691,0.201391,0.000183842,0.382842,0.999876,1.0,8083.89,8013.84,0.999852
y_pred[63],0.511637,0.00153406,0.137939,0.14545,0.284246,0.513134,0.739002,8086.82,7889.36,0.999868
y_pred[64],0.417068,0.00313422,0.283058,0.352424,0.0225755,0.3887,0.903155,8112.01,8143.39,0.999982
y_pred[65],0.581681,0.00429997,0.391206,0.446833,0.00165993,0.696976,0.999972,8322.33,7914.72,1.00031
y_pred[66],0.505479,0.00444543,0.401392,0.655746,0.000221578,0.517564,0.999851,8311.34,7909.65,0.999919
y_pred[67],0.532441,0.00381094,0.336175,0.473682,0.0196004,0.553813,0.991984,7888.89,7890.61,0.999894
y_pred[68],0.548626,0.004271,0.37672,0.547552,0.00326744,0.602609,0.999503,7861.18,7841.9,1.00001
y_pred[69],0.716768,0.00368363,0.328521,0.18339,0.0504558,0.876018,0.999987,7873.11,7784.33,0.999852
y_pred[70],0.194076,0.00120705,0.107904,0.107369,0.0482714,0.177871,0.397601,7872.51,7928.16,1.00019
y_pred[71],0.443651,0.00320653,0.286426,0.358811,0.0286272,0.420629,0.924159,7858.03,7929.13,1.00001
y_pred[72],0.611282,0.00435323,0.386985,0.353192,0.00275387,0.761463,0.99999,7896.49,7350.98,1.00086
y_pred[73],0.54363,0.00468178,0.398928,0.565583,0.000591945,0.612438,0.999947,7603.87,7841.85,1.00003
y_pred[74],0.558884,0.00373389,0.332581,0.455137,0.0242698,0.595264,0.994412,8079.3,7554.79,0.999782
y_pred[75],0.582956,0.0041405,0.370247,0.470336,0.00597382,0.669699,0.99971,7952.2,7654.63,0.999836
y_pred[76],0.747429,0.00359595,0.315723,0.125054,0.0690269,0.915612,0.999998,7696.95,7888.71,1.00038
y_pred[77],0.220492,0.00133669,0.1145,0.116548,0.0623308,0.206716,0.430936,7684.49,7771.33,0.999783
y_pred[78],0.0547837,0.00143199,0.128391,0.00123133,3.6845e-13,0.000830524,0.336759,7930.91,8054.43,1.00025
y_pred[79],0.104211,0.00272182,0.243572,4.59147e-05,1.95063e-22,3.0969e-05,0.802625,7844.7,7658.3,0.999899
y_pred[80],0.0779684,0.00245226,0.2148,7.66425e-07,8.609000000000001e-30,5.16946e-07,0.677825,7204.6,7867.76,1.00047
y_pred[81],0.0834983,0.00206783,0.185371,0.00161838,5.40498e-14,0.00109158,0.536164,8089.33,7630.95,1.00006
y_pred[82],0.0873165,0.00234035,0.210254,0.000113808,5.0418299999999994e-20,7.67623e-05,0.652855,7808.38,8036.52,0.99989
y_pred[83],0.16886,0.0031763,0.275718,0.0223302,1.39141e-09,0.0150615,0.859953,7952.63,7559.12,1.00046
y_pred[84],0.0194613,0.000427762,0.0372296,0.00546894,1.94245e-07,0.00369197,0.0941348,7838.91,7833.11,1.0002
y_pred[85],0.0627883,0.00162919,0.140049,0.00275945,1.07281e-11,0.00186122,0.390257,7505.31,7328.79,1.00046
y_pred[86],0.117823,0.00282142,0.256715,0.00021201,6.30209e-19,0.000142999,0.85353,8303.13,8056.71,1.0008
y_pred[87],0.0924604,0.00258554,0.233633,9.7509e-06,1.10398e-26,6.57689e-06,0.783333,8194.29,8322.58,0.999966
y_pred[88],0.100501,0.002256,0.202438,0.00414195,3.74904e-12,0.00279371,0.624701,7844.79,7939.2,1.0004
y_pred[89],0.105744,0.00265396,0.23186,0.000579475,3.49913e-17,0.00039085,0.73368,7617.17,7757.68,0.99992
y_pred[90],0.192483,0.00326799,0.288019,0.0420638,2.11479e-08,0.0283717,0.88557,8312.81,7952.1,0.999682
y_pred[91],0.0235489,0.000473135,0.0407348,0.00863792,1.51611e-06,0.00584885,0.106285,7721.18,7463.11,1.00012
y_pred[92],0.284052,0.00285994,0.25939,0.255225,0.00305239,0.204726,0.803971,8301.89,7710.5,1.00036
y_pred[93],0.439499,0.00437437,0.392606,0.515484,5.55292e-05,0.351588,0.998991,7970.33,7647.43,1.00027
y_pred[94],0.3703,0.00474598,0.388102,0.283783,3.45283e-06,0.19148,0.997646,6895.46,7567.06,0.99994
y_pred[95],0.387852,0.00363331,0.324346,0.401291,0.00254913,0.317448,0.952242,8013.19,7681.58,1.00002
y_pred[96],0.405362,0.00411508,0.369946,0.446663,0.000157385,0.310145,0.993861,8104.07,7885.87,1.00031
y_pred[97],0.583807,0.00400166,0.360249,0.470424,0.0114931,0.659686,0.999299,8202.89,8012.58,0.999813
y_pred[98],0.121783,0.00100031,0.0892957,0.082324,0.0162296,0.101227,0.296922,8024.75,7617.6,1.00021
y_pred[99],0.68118,0.00300273,0.267698,0.286934,0.156185,0.748244,0.993477,8153.03,8056.4,0.999904
y_pred[100],0.806893,0.00350125,0.314514,0.0117303,0.0458848,0.992088,1.0,8105.34,7976.75,1.0
y_pred[101],0.754085,0.0039032,0.345586,0.0393008,0.0202159,0.973492,1.0,8028.47,7375.7,0.999974
y_pred[102],0.774699,0.00323193,0.28174,0.123217,0.147888,0.91656,0.999974,7407.14,7767.65,1.00019
y_pred[103],0.788857,0.0034431,0.307087,0.050318,0.0729011,0.966061,1.0,7912.07,7857.16,1.00056
y_pred[104],0.881375,0.00268381,0.23682,0.00266275,0.251103,0.998204,1.0,7893.67,7294.44,1.00003
y_pred[105],0.425697,0.00151854,0.135945,0.144871,0.204137,0.423629,0.653354,8074.28,8188.09,1.00008
y_pred[106],0.485542,0.00332174,0.287562,0.36706,0.0466966,0.479279,0.945233,7403.79,7600.08,0.999987
y_pred[107],0.649992,0.00426033,0.378067,0.246946,0.00393651,0.833398,0.999998,8122.27,7707.75,0.999864
y_pred[108],0.594693,0.00423554,0.391,0.402733,0.00153133,0.727658,0.999985,8408.82,7824.8,1.00001
y_pred[109],0.610574,0.00363805,0.3261,0.399984,0.0417842,0.682252,0.996958,8165.46,7836.47,1.0002
y_pred[110],0.620299,0.00416705,0.365741,0.373025,0.0113452,0.745216,0.99989,7795.66,7971.47,1.00033
y_pred[111],0.772719,0.00343095,0.304563,0.0849915,0.0839005,0.942671,1.0,7870.71,7246.41,1.00027
y_pred[112],0.251263,0.00133157,0.117879,0.120001,0.0808631,0.23791,0.465266,7806.28,7844.78,1.00046
y_pred[113],0.584903,0.00330638,0.283791,0.357064,0.0918044,0.612673,0.97694,7562.93,7889.89,1.00002
y_pred[114],0.733515,0.00392063,0.349839,0.077302,0.0158654,0.94786,1.0,7938.49,7968.31,0.999995
y_pred[115],0.680721,0.00423919,0.372528,0.159017,0.00651696,0.89274,0.999999,7920.91,7157.81,1.00017
y_pred[116],0.68874,0.00350791,0.311118,0.279236,0.0767141,0.80353,0.999602,7883.08,7893.43,1.00093
y_pred[117],0.703783,0.0038234,0.343405,0.179686,0.0283075,0.878718,0.999995,8208.08,7769.59,1.00007
y_pred[118],0.829084,0.00317152,0.275409,0.0211056,0.147689,0.985765,1.0,7692.49,8137.78,0.999982
y_pred[119],0.326381,0.00140622,0.127506,0.13112,0.135635,0.317793,0.554685,8209.67,7800.06,0.999979
y_pred[120],0.0585411,0.00149716,0.133888,0.00216974,8.01291e-12,0.00146347,0.359387,8019.91,8098.55,0.999893
y_pred[121],0.113493,0.00272771,0.25113,0.000176529,1.6224599999999998e-20,0.000119067,0.813918,7883.08,7997.19,1.00003
y_pred[122],0.0911971,0.00264664,0.232299,2.48961e-06,1.4684299999999999e-27,1.67922e-06,0.762498,7897.83,7973.85,1.00021
y_pred[123],0.0970713,0.0022169,0.199777,0.0029073,2.24727e-12,0.00196094,0.606942,8516.05,7967.69,0.999983
y_pred[124],0.100101,0.00254729,0.226033,0.000306783,6.1111300000000005e-18,0.000206923,0.723647,8144.4,7812.14,0.999998
y_pred[125],0.187145,0.00311599,0.284053,0.0397162,1.55924e-08,0.0267883,0.876282,8330.6,7671.75,1.00005
y_pred[126],0.022229,0.000446116,0.0391346,0.00754483,1.20079e-06,0.00509956,0.102113,7904.89,7434.48,1.00028
y_pred[127],0.386297,0.00315646,0.282527,0.347063,0.0153763,0.347051,0.890189,7980.84,7798.03,1.0002
y_pred[128],0.557573,0.00440432,0.394591,0.524576,0.00104109,0.641129,0.999938,7879.62,7708.03,1.00028
y_pred[129],0.489946,0.00457176,0.398678,0.648913,0.000126019,0.479195,0.999715,7679.36,7572.46,1.00006
y_pred[130],0.509902,0.00384511,0.335574,0.477708,0.0150443,0.517857,0.988788,7520.08,7630.56,0.999993
y_pred[131],0.518086,0.00411168,0.377374,0.586625,0.00210319,0.531718,0.998746,8451.84,7972.22,0.999986
y_pred[132],0.692186,0.00369981,0.333783,0.237756,0.0397957,0.838979,0.999971,8096.59,7583.64,0.999946
y_pred[133],0.180369,0.00114023,0.102739,0.101342,0.0420219,0.164247,0.373228,8198.88,7605.47,0.99976
y_pred[134],0.717442,0.00291645,0.260856,0.250244,0.182959,0.798625,0.996923,7926.96,7966.31,0.999745
y_pred[135],0.832635,0.00327147,0.296205,0.00516983,0.0713063,0.996513,1.0,7596.8,7621.23,1.0001
y_pred[136],0.788964,0.00375796,0.326831,0.0185829,0.0364553,0.987466,1.0,7546.62,7505.16,1.00029
y_pred[137],0.804039,0.00301622,0.266726,0.080815,0.183419,0.945461,0.999996,7802.21,7909.97,1.00021
y_pred[138],0.808592,0.00335426,0.295977,0.0293533,0.0946147,0.980201,1.0,7982.62,7573.99,1.00039
y_pred[139],0.897528,0.00253101,0.220284,0.000865097,0.3142,0.999416,1.0,8088.8,7848.51,1.00019
y_pred[140],0.4691,0.00154888,0.138557,0.145947,0.243781,0.466557,0.70057,8050.47,7886.62,1.00022
y_pred[141],0.755842,0.0028413,0.248337,0.204199,0.236777,0.845753,0.998799,7806.95,7901.83,0.999925
y_pred[142],0.855782,0.00310059,0.279066,0.00128097,0.113464,0.999136,1.0,7968.31,8068.04,1.00007
y_pred[143],0.816273,0.00342003,0.310574,0.00667022,0.0476547,0.995501,1.0,8039.52,7324.14,0.999868
y_pred[144],0.833775,0.00288066,0.250747,0.0477531,0.223266,0.967787,1.0,7455.25,7372.18,1.00011
y_pred[145],0.83421,0.00312422,0.276762,0.0143115,0.144501,0.990347,1.0,7890.78,8072.67,1.00022
y_pred[146],0.912548,0.00228156,0.205075,0.000200892,0.36589,0.999864,1.0,8119.65,7893.53,0.999896
y_pred[147],0.511798,0.00147822,0.136987,0.14479,0.281366,0.515036,0.731282,8587.97,7930.08,1.0002
y_pred[148],0.407531,0.00331125,0.283627,0.356358,0.0203971,0.379485,0.903822,7562.91,8054.55,1.00015
y_pred[149],0.577373,0.0043893,0.392306,0.470863,0.00131238,0.68034,0.999971,7947.33,8054.53,0.999969
y_pred[150],0.511218,0.0045806,0.399862,0.644893,0.000246242,0.528782,0.999889,7886.94,7348.31,0.999874
y_pred[151],0.523608,0.00374459,0.334127,0.468407,0.0166634,0.534726,0.991389,7912.82,7807.37,1.0008
y_pred[152],0.549394,0.00428406,0.375842,0.545961,0.00369772,0.600044,0.999365,7844.57,7751.75,0.999876
y_pred[153],0.718685,0.0037572,0.327706,0.179544,0.0462268,0.878658,0.999992,7569.74,7540.1,0.999907
y_pred[154],0.195397,0.00121273,0.108692,0.106916,0.0474074,0.178746,0.398043,8186.71,7517.71,0.999824
y_pred[155],0.442341,0.00322622,0.287128,0.36101,0.0303755,0.419214,0.932794,8005.06,7818.54,1.00016
y_pred[156],0.621503,0.00437743,0.385863,0.317221,0.00299947,0.785843,0.999992,7816.83,7969.96,1.00014
y_pred[157],0.547268,0.0045002,0.398761,0.54933,0.000553776,0.624567,0.999936,8185.55,7974.29,0.999834
y_pred[158],0.560429,0.00388033,0.333949,0.453077,0.0233782,0.601444,0.99429,7420.46,7844.2,1.00044
y_pred[159],0.577108,0.00418003,0.369729,0.483829,0.00634184,0.658484,0.999651,7983.23,7384.4,1.00026
y_pred[160],0.740209,0.00368388,0.319912,0.13522,0.0568939,0.908741,0.999996,7544.27,7791.98,0.999906
y_pred[161],0.218049,0.00124954,0.112997,0.114389,0.0608588,0.203418,0.426,8350.71,8055.13,1.00001
y_pred[162],0.0535963,0.00145892,0.128627,0.00095337,4.68101e-13,0.000643039,0.337886,7957.1,7734.47,1.0004
y_pred[163],0.101789,0.00267638,0.239155,4.22025e-05,6.47704e-23,2.84652e-05,0.781652,7860.08,8140.4,0.999803
y_pred[164],0.0748707,0.00231098,0.209962,7.43852e-07,1.8268300000000002e-30,5.01721e-07,0.656678,8124.59,7805.23,0.999963
y_pred[165],0.0841107,0.00211109,0.186194,0.00152886,1.15232e-13,0.0010312,0.550573,7937.09,7765.02,1.00006
y_pred[166],0.0906284,0.00240305,0.216394,9.95336e-05,6.78507e-20,6.71345e-05,0.686979,8007.36,8188.7,1.00015
y_pred[167],0.165093,0.00296365,0.2691,0.022399,2.58289e-09,0.0151079,0.842672,8169.13,8015.03,0.999811
y_pred[168],0.0193398,0.000421397,0.0370256,0.00527814,3.14305e-07,0.00356324,0.0919461,8119.6,7513.27,1.00068
y_pred[169],0.0640431,0.00156546,0.139333,0.00268795,7.11725e-12,0.001813,0.376206,8092.23,7953.56,1.0001
y_pred[170],0.121634,0.00291974,0.259423,0.000238934,2.40134e-19,0.000161159,0.84689,7974.98,8045.32,0.999974
y_pred[171],0.0928561,0.00261471,0.232971,9.39255e-06,2.02393e-26,6.33519e-06,0.753856,8000.07,7472.6,1.0001
y_pred[172],0.0997436,0.00225045,0.201625,0.00383761,3.63005e-12,0.00258843,0.601118,8085.17,8027.69,1.00012
y_pred[173],0.102314,0.0025105,0.226952,0.000458811,8.69053e-17,0.000309464,0.710887,8310.13,8058.59,1.00005
y_pred[174],0.202606,0.00326769,0.29402,0.0485996,3.50642e-08,0.0327802,0.898248,8002.41,7781.02,0.999918
y_pred[175],0.023175,0.000457376,0.0400568,0.00834944,1.63679e-06,0.00565258,0.107162,8280.04,7795.43,0.999882
y_pred[176],0.281278,0.00287041,0.260305,0.252493,0.00310038,0.201298,0.803514,8300.8,8099.38,1.00024
y_pred[177],0.431932,0.00430889,0.391476,0.501188,3.32825e-05,0.341981,0.998659,8077.05,7873.42,1.00003
y_pred[178],0.371917,0.00427536,0.385553,0.299954,3.53388e-06,0.202427,0.997103,8090.02,7954.92,1.00005
y_pred[179],0.38773,0.00377823,0.328047,0.399141,0.00241463,0.314407,0.962395,7552.36,7699.77,1.00035
y_pred[180],0.398329,0.0040142,0.366517,0.430453,0.000212259,0.299436,0.991983,8387.48,7435.71,1.00014
y_pred[181],0.586506,0.00407314,0.360435,0.460886,0.0108436,0.666467,0.999361,7854.55,7973.41,0.999955
y_pred[182],0.120666,0.000976602,0.0875739,0.0815519,0.0160506,0.101763,0.288204,8059.17,8041.4,0.999779
y_pred[183],0.678951,0.00309919,0.268479,0.289355,0.160507,0.744771,0.993833,7994.03,8101.8,1.00006
y_pred[184],0.81318,0.00339294,0.308149,0.011227,0.0542134,0.992428,1.0,8265.66,7876.25,1.00004
y_pred[185],0.755062,0.00385054,0.34357,0.0473624,0.0225171,0.968055,1.0,7951.31,7970.77,1.00017
y_pred[186],0.773611,0.00316252,0.279825,0.133515,0.14947,0.909528,0.999975,7988.53,7929.62,1.00018
y_pred[187],0.787548,0.00332953,0.305634,0.0497086,0.0750457,0.966472,1.0,8363.55,8057.11,1.00005
y_pred[188],0.886578,0.00253852,0.230188,0.00215867,0.289624,0.998544,1.0,7845.25,7793.58,1.00046
y_pred[189],0.427859,0.00152249,0.135451,0.143327,0.210876,0.423463,0.656495,7986.45,8000.1,1.00019
y_pred[190],0.487213,0.00339268,0.29145,0.378405,0.0422073,0.481644,0.947384,7403.91,7835.87,0.999962
y_pred[191],0.653248,0.0042035,0.376273,0.237099,0.00517995,0.84004,0.999998,7913.78,7806.66,1.00011
y_pred[192],0.580059,0.00445165,0.395491,0.443009,0.00111205,0.700259,0.99998,7888.33,7890.14,1.00015
y_pred[193],0.603806,0.00385656,0.330166,0.410778,0.0310589,0.672368,0.997325,7405.42,7787.89,1.00039
y_pred[194],0.621808,0.00398077,0.364777,0.360266,0.0102779,0.754484,0.999883,8028.13,7846.79,0.999845
y_pred[195],0.77321,0.00348732,0.307026,0.0817498,0.0801906,0.944856,1.0,7734.49,7643.62,1.00068
y_pred[196],0.250579,0.00138606,0.119866,0.123369,0.0790122,0.238368,0.472438,7536.93,7695.37,0.999811
y_pred[197],0.583322,0.00325496,0.284231,0.353766,0.0977615,0.614132,0.977241,7588.65,7449.6,0.999858
y_pred[198],0.734833,0.00396191,0.349373,0.0784992,0.0190553,0.947053,1.0,8154.05,7924.09,0.99988
y_pred[199],0.663823,0.00427726,0.377658,0.201124,0.00577452,0.864337,1.0,7830.13,7702.92,0.999926
y_pred[200],0.691976,0.00348361,0.310351,0.273838,0.0736021,0.807217,0.999629,8077.9,8101.78,0.999703
y_pred[201],0.701771,0.00387131,0.344502,0.179415,0.0267219,0.878913,0.999995,8000.02,7854.35,1.00056
y_pred[202],0.831313,0.00308777,0.27358,0.0222694,0.156545,0.98498,1.0,7841.07,7822.73,0.999934
y_pred[203],0.325987,0.00141008,0.127561,0.132212,0.130763,0.318164,0.549986,8204.75,7665.18,1.0007
y_pred[204],0.0594846,0.00156829,0.134358,0.00191002,3.55333e-12,0.00128829,0.364751,8065.27,7691.34,1.00004
y_pred[205],0.11048,0.00281118,0.248303,0.00013461,1.08693e-19,9.07931e-05,0.813955,8235.14,7775.76,0.999869
y_pred[206],0.0887737,0.00251382,0.228079,4.64828e-06,4.24562e-27,3.13522e-06,0.739964,8188.5,8015.96,1.00005
y_pred[207],0.0918468,0.00211897,0.193729,0.0027848,1.92624e-12,0.00187832,0.574281,8086.56,7583.24,0.999924
y_pred[208],0.0993665,0.00248844,0.224801,0.00039032,7.91106e-18,0.000263268,0.705952,8013.89,7747.08,1.00018
y_pred[209],0.188513,0.0031288,0.28313,0.0382853,1.39203e-08,0.0258231,0.861761,8322.73,7929.63,0.999731
y_pred[210],0.0216038,0.000443304,0.0391744,0.0069866,1.12012e-06,0.00472348,0.102326,7878.3,7982.69,1.00017
y_pred[211],0.385976,0.00311218,0.279395,0.336721,0.0187222,0.3417,0.890715,8135.09,8099.49,1.00019
y_pred[212],0.547728,0.00455475,0.39751,0.550095,0.000737622,0.622742,0.999926,8021.82,7815.47,1.00009
y_pred[213],0.487862,0.00442556,0.399323,0.650492,0.000114249,0.474121,0.999799,7918.66,7539.3,1.00015
y_pred[214],0.507804,0.00374955,0.334305,0.472996,0.0159958,0.515139,0.98683,7957.56,7769.59,1.00073
y_pred[215],0.520165,0.00417971,0.377264,0.580952,0.00217561,0.541215,0.998814,8131.19,7997.97,1.00003
y_pred[216],0.688771,0.00379719,0.337939,0.231797,0.0372223,0.842997,0.999972,7833.66,7521.68,1.00022
y_pred[217],0.181249,0.00114854,0.105314,0.102908,0.0422328,0.163419,0.378055,8334.19,8055.48,1.00007
y_pred[218],0.711071,0.00289146,0.263659,0.267158,0.18766,0.78625,0.996532,8377.49,7754.15,1.00012
y_pred[219],0.82843,0.00329107,0.299713,0.0048103,0.0671432,0.996755,1.0,8366.46,8181.35,0.999672
y_pred[220],0.786142,0.00376967,0.32608,0.0221723,0.0346635,0.985045,1.0,8002.45,8124.77,0.999719
y_pred[221],0.807082,0.0028945,0.262125,0.0850686,0.195508,0.942587,0.999997,7882.04,7671.06,1.00014
y_pred[222],0.813466,0.00324567,0.292529,0.0284207,0.0985566,0.98083,1.0,8176.91,7995.01,1.00032
y_pred[223],0.899449,0.00246092,0.219127,0.000819878,0.320452,0.999447,1.0,8160.16,7930.9,1.00008
y_pred[224],0.466425,0.00156362,0.136192,0.14194,0.243802,0.464861,0.697462,7594.52,7846.27,1.00059
y_pred[225],0.753718,0.00278491,0.247815,0.215239,0.232088,0.838971,0.998596,7917.75,7793.02,1.00012
y_pred[226],0.856538,0.00316657,0.27999,0.00158193,0.0948686,0.998933,1.0,8073.66,7435.63,0.999871
y_pred[227],0.81522,0.00347465,0.310762,0.00791189,0.0485688,0.994664,1.0,8154.58,8087.85,0.999943
y_pred[228],0.8245,0.0028094,0.255863,0.0548547,0.211881,0.962998,1.0,8377.35,7704.33,0.999941
y_pred[229],0.83877,0.0031091,0.274661,0.0132559,0.133815,0.991059,1.0,7877.49,7374.2,1.00007
y_pred[230],0.914258,0.00232094,0.205613,0.000176429,0.373489,0.999881,1.0,7950.26,7767.89,1.00001
y_pred[231],0.511323,0.00149541,0.13698,0.144448,0.281749,0.512845,0.734922,8452.53,7495.68,0.999977
y_pred[232],0.410343,0.00314763,0.284923,0.350713,0.0212132,0.374521,0.909061,8344.21,8043.43,0.999915
y_pred[233],0.581842,0.00447051,0.391737,0.440645,0.0014899,0.701595,0.999978,7783.25,7955.95,1.00009
y_pred[234],0.510352,0.00462668,0.400417,0.646421,0.000226682,0.534054,0.999844,7741.15,7735.46,1.00048
y_pred[235],0.534273,0.0039734,0.334909,0.46977,0.0192388,0.553966,0.9928,7980.87,7713.73,0.999893
y_pred[236],0.546344,0.00414756,0.375425,0.551277,0.00372907,0.592562,0.99955,8387.89,7932.17,0.999855
y_pred[237],0.714691,0.00375171,0.327267,0.189497,0.0472821,0.87181,0.999984,7680.31,7809.62,0.999912
y_pred[238],0.196382,0.00118203,0.107815,0.105776,0.0501804,0.180239,0.397662,8338.42,7899.0,1.0002
y_pred[239],0.447341,0.00312505,0.287478,0.364493,0.0325726,0.428048,0.930585,8409.29,7727.73,0.999935
y_pred[240],0.611354,0.00445298,0.387462,0.361003,0.00250693,0.756123,0.999989,7549.91,7761.39,0.999694
y_pred[241],0.547469,0.00437458,0.395373,0.56357,0.000519292,0.610005,0.999938,8354.79,7911.63,0.999763
y_pred[242],0.561299,0.00370414,0.333758,0.459566,0.0259251,0.597652,0.994222,8098.93,7606.64,1.0002
y_pred[243],0.573287,0.00415384,0.372749,0.487607,0.00572701,0.657045,0.999674,8074.63,8174.24,0.999739
y_pred[244],0.735473,0.00360187,0.323129,0.140006,0.0587411,0.905512,0.999997,7906.8,7845.51,1.00026
y_pred[245],0.221086,0.00125896,0.113159,0.114849,0.0656134,0.206255,0.430147,8099.06,7622.06,0.999827
y_pred[246],0.0517351,0.00147568,0.125962,0.000933014,4.23354e-13,0.00062931,0.336213,7825.43,7406.14,1.00005
y_pred[247],0.100182,0.00263435,0.237976,4.4556e-05,5.46945e-23,3.00526e-05,0.783235,7743.48,7737.03,1.00022
y_pred[248],0.0780241,0.00243388,0.214021,7.11245e-07,1.4456000000000001e-30,4.79728e-07,0.662715,7878.76,7847.05,1.00053
y_pred[249],0.0831011,0.00214474,0.186904,0.00137823,9.08911e-14,0.000929603,0.555677,8004.02,7010.02,1.00021
y_pred[250],0.0897568,0.00240742,0.214457,0.000122402,4.603849999999999e-20,8.2559e-05,0.675002,7690.98,7790.83,1.00057
y_pred[251],0.174204,0.00309458,0.27866,0.0242627,2.10909e-09,0.016365,0.866749,8059.35,7931.27,0.999874
y_pred[252],0.0192381,0.000428699,0.0372691,0.00479527,2.73447e-07,0.00323692,0.0937466,7989.77,8014.01,1.00024
y_pred[253],0.0619635,0.0015863,0.138585,0.0027384,1.62628e-11,0.00184702,0.381153,7420.19,8057.11,1.00055
y_pred[254],0.117351,0.00288131,0.25848,0.000184312,2.87075e-19,0.000124317,0.855106,7879.79,7764.64,1.00016
y_pred[255],0.090226,0.00270895,0.228006,6.99982e-06,5.47794e-25,4.72131e-06,0.739891,6563.5,7564.78,0.999832
y_pred[256],0.0969933,0.00218004,0.196828,0.0040906,1.35954e-11,0.00275907,0.584781,8231.56,8053.81,1.00003
y_pred[257],0.106977,0.00250793,0.231605,0.00054395,4.27919e-17,0.000366889,0.730777,8148.95,7641.32,1.00004
y_pred[258],0.199006,0.00327657,0.292298,0.04725,3.47629e-08,0.0318699,0.8925,7844.57,7687.08,1.00001
y_pred[259],0.0225996,0.000459157,0.0400672,0.00816854,2.10653e-06,0.00553199,0.104738,7718.55,7701.25,1.00003
y_pred[260],0.288008,0.00299447,0.263571,0.263228,0.00279126,0.210205,0.815482,7621.9,7499.9,1.00007
y_pred[261],0.437176,0.00437475,0.393028,0.503075,5.24796e-05,0.343673,0.998991,7986.84,7619.65,0.999998
y_pred[262],0.368286,0.00428772,0.386653,0.282401,2.76786e-06,0.190545,0.997558,8162.1,7727.36,1.00029
y_pred[263],0.384921,0.00362076,0.323668,0.395487,0.00288704,0.311564,0.951084,8005.21,7916.95,1.00014
y_pred[264],0.397011,0.00404157,0.365187,0.420181,0.000172023,0.290786,0.99231,8078.41,7644.03,1.00005
y_pred[265],0.585419,0.0040365,0.357782,0.464611,0.0110002,0.66194,0.999302,7865.77,7608.02,0.999961
y_pred[266],0.12086,0.000973921,0.0874319,0.080495,0.0162827,0.100819,0.294496,8172.68,8021.5,0.999812
y_pred[267],0.681828,0.00300678,0.268794,0.296157,0.16328,0.748258,0.993728,7975.72,7829.78,0.999948
y_pred[268],0.812271,0.00347601,0.309099,0.0115546,0.0564127,0.992206,1.0,7884.93,7880.7,1.00024
y_pred[269],0.755663,0.00380769,0.341296,0.0468339,0.0208782,0.968411,1.0,7784.95,7292.6,1.00004
y_pred[270],0.772228,0.00322863,0.282452,0.131631,0.14402,0.91093,0.99998,7692.91,7893.36,1.00043
y_pred[271],0.782144,0.00351204,0.309378,0.0516152,0.0842238,0.965186,1.0,7797.33,7790.98,1.00028
y_pred[272],0.878219,0.00272796,0.24163,0.00244629,0.227794,0.99835,1.0,7807.83,7605.83,1.00003
y_pred[273],0.427657,0.00150584,0.13466,0.143055,0.213702,0.42325,0.655101,8156.87,7884.16,1.00069
y_pred[274],0.489799,0.00321474,0.288304,0.367648,0.0433611,0.488123,0.945139,8123.64,7710.53,1.00022
y_pred[275],0.654276,0.00427327,0.380697,0.220078,0.00392402,0.851537,0.999999,7625.99,7437.45,1.00065
y_pred[276],0.59079,0.00437528,0.395308,0.392535,0.00135128,0.734878,0.999986,8010.64,7822.16,1.00024
y_pred[277],0.602127,0.00375627,0.328876,0.417104,0.0393346,0.670456,0.996694,7806.5,7514.36,1.00013
y_pred[278],0.624714,0.00423573,0.366045,0.357315,0.0103093,0.756533,0.999929,7577.78,7782.1,0.999837
y_pred[279],0.774897,0.00340638,0.304202,0.0813228,0.0865187,0.945144,1.0,8116.65,7883.49,0.999892
y_pred[280],0.250328,0.00127364,0.11653,0.118697,0.0820465,0.235077,0.461827,8358.83,7745.86,1.00052
y_pred[281],0.582752,0.00341092,0.286731,0.357201,0.0892122,0.615263,0.978289,7495.45,7749.14,1.00011
y_pred[282],0.735138,0.00412996,0.348736,0.0757838,0.018801,0.948885,1.0,7704.03,8183.47,1.00006
y_pred[283],0.677489,0.00419411,0.375298,0.168788,0.00538278,0.88615,1.0,7975.57,7911.64,1.00031
y_pred[284],0.691428,0.00347154,0.311509,0.274262,0.0785128,0.808043,0.999636,7973.96,8059.22,0.999696
y_pred[285],0.711474,0.00397185,0.341866,0.158752,0.0258575,0.892877,0.999996,7903.4,7466.67,1.00012
y_pred[286],0.829269,0.00303082,0.274192,0.0237757,0.157841,0.983963,1.0,8429.39,8032.25,1.00047
y_pred[287],0.328867,0.00150438,0.129383,0.132146,0.134714,0.318176,0.558693,7511.26,8015.88,0.999991
y_pred[288],0.0635753,0.00157914,0.140093,0.00240475,6.18661e-12,0.00162198,0.393477,7952.58,7662.43,0.999985
y_pred[289],0.109687,0.00276049,0.24582,0.000131305,1.6107899999999998e-20,8.85638e-05,0.809161,7911.5,7928.85,1.00007
y_pred[290],0.0865068,0.00263805,0.224804,4.80988e-06,3.37918e-26,3.24422e-06,0.729343,7370.88,7376.06,0.999715
y_pred[291],0.0953757,0.00221363,0.19829,0.00313365,2.53419e-12,0.00211362,0.597458,8086.67,7674.26,0.999929
y_pred[292],0.103432,0.002549,0.227544,0.000351731,1.70346e-17,0.000237239,0.711199,7608.36,7931.57,0.999836
y_pred[293],0.18604,0.00315534,0.281918,0.0371813,1.48436e-08,0.0250785,0.870621,7970.57,8084.48,1.00006
y_pred[294],0.0215678,0.00043323,0.0390309,0.0069485,6.55803e-07,0.00469762,0.103407,8171.7,7969.57,1.00028
y_pred[295],0.38692,0.00313729,0.280615,0.337416,0.0171171,0.343048,0.887703,7935.67,7972.88,0.999904
y_pred[296],0.555787,0.00431987,0.392967,0.526536,0.000990642,0.639613,0.999914,8144.89,7122.32,0.999756
y_pred[297],0.489055,0.00444085,0.398874,0.64656,0.000152106,0.473897,0.999756,8046.36,7879.64,1.00027
y_pred[298],0.505569,0.00391578,0.337655,0.485843,0.014337,0.51574,0.986748,7627.77,8014.75,1.00028
y_pred[299],0.521348,0.00428549,0.377049,0.582499,0.00268076,0.543378,0.998811,7776.01,7692.63,1.00054
y_pred[300],0.699391,0.00372184,0.333724,0.213555,0.0408158,0.855517,0.99998,8114.37,7837.48,1.00015
y_pred[301],0.181518,0.00115998,0.104632,0.103218,0.0417347,0.165218,0.378259,8218.28,7851.12,1.00005
y_pred[302],0.711488,0.00296025,0.261256,0.259849,0.185115,0.789173,0.996253,7766.72,7682.74,0.999821
y_pred[303],0.837738,0.00318641,0.292206,0.00434921,0.0712934,0.997066,1.0,8394.72,8079.54,0.999794
y_pred[304],0.7849,0.00370286,0.329745,0.0187089,0.0334927,0.987381,1.0,8106.49,7846.95,1.00043
y_pred[305],0.801405,0.00299053,0.269559,0.0843607,0.175635,0.943029,0.999994,8043.86,8043.64,1.00062
y_pred[306],0.807091,0.0034019,0.297828,0.0289522,0.0879617,0.980472,1.0,7865.89,7568.61,0.999754
y_pred[307],0.902442,0.00248357,0.213343,0.000869545,0.335184,0.999413,1.0,7983.88,6709.62,1.00019
y_pred[308],0.47042,0.00156684,0.137079,0.144517,0.249765,0.468215,0.698527,7760.08,7571.31,1.0002
y_pred[309],0.747638,0.00286164,0.252345,0.219073,0.21922,0.83483,0.998403,7721.04,7807.94,1.00029
y_pred[310],0.859364,0.00306369,0.274092,0.00134546,0.115415,0.999092,1.0,7790.95,7681.41,0.999933
y_pred[311],0.816163,0.0033705,0.309608,0.00728105,0.0476186,0.995089,1.0,8414.17,7949.43,1.00017
y_pred[312],0.823695,0.00293176,0.255,0.0580631,0.22467,0.960831,1.0,7828.27,7712.11,0.999913
y_pred[313],0.833502,0.00309145,0.27925,0.0141025,0.128705,0.990488,1.0,8230.39,7966.76,1.00094
y_pred[314],0.9133,0.00229541,0.204751,0.000257972,0.373514,0.999826,1.0,7671.11,7399.66,1.0001
y_pred[315],0.51279,0.00155565,0.13617,0.142572,0.290092,0.515826,0.733777,7697.4,6900.28,1.00079
y_pred[316],0.413668,0.00310103,0.28502,0.352155,0.0218622,0.380228,0.905659,8478.68,8083.27,0.999977
y_pred[317],0.586207,0.00435368,0.390747,0.429241,0.00154714,0.709162,0.999965,8120.6,7651.74,0.99984
y_pred[318],0.513213,0.00443339,0.400438,0.646017,0.000226659,0.531228,0.999875,8205.36,8142.72,1.00003
y_pred[319],0.533675,0.00383296,0.336436,0.474832,0.0186479,0.550307,0.991846,7717.38,7729.71,0.999923
y_pred[320],0.545371,0.00421488,0.372663,0.543365,0.00396737,0.591763,0.99926,7911.11,7886.68,1.00096
y_pred[321],0.709499,0.0036613,0.332189,0.188383,0.0439803,0.872667,0.999984,8242.49,7540.7,1.00011
y_pred[322],0.195753,0.00122686,0.10839,0.10613,0.0490273,0.179426,0.402308,7774.7,7991.67,0.99986
y_pred[323],0.442,0.00318682,0.285562,0.358733,0.0313394,0.416523,0.921637,8179.26,7955.9,0.999933
y_pred[324],0.611744,0.00440752,0.38825,0.344968,0.00289528,0.767112,0.999993,7801.38,7693.76,1.00031
y_pred[325],0.547114,0.00444917,0.397175,0.560759,0.000568957,0.614463,0.999942,7829.48,7602.67,1.00008
y_pred[326],0.567922,0.00383752,0.331657,0.447368,0.0246791,0.610523,0.993692,7472.23,7832.28,1.00028
y_pred[327],0.581569,0.00418244,0.369896,0.474708,0.00592242,0.663633,0.999664,8211.69,8015.01,0.999994
y_pred[328],0.744709,0.00352885,0.316322,0.130793,0.0619629,0.911726,0.999997,8047.17,8120.11,0.999928
y_pred[329],0.219462,0.00125635,0.113833,0.114736,0.0609801,0.205815,0.427267,8164.37,7751.67,0.999884
y_pred[330],0.0550351,0.00151031,0.131329,0.00117803,2.68204e-13,0.000794569,0.352617,7864.64,7456.22,0.999917
y_pred[331],0.105025,0.00277133,0.243412,4.96465e-05,6.04899e-22,3.34861e-05,0.795974,7424.88,7845.21,1.00001
y_pred[332],0.0781267,0.00245451,0.212976,9.11882e-07,3.22051e-30,6.15056e-07,0.667623,8123.2,7874.37,1.0001
y_pred[333],0.085064,0.0022157,0.189432,0.00142837,9.34536e-14,0.000963422,0.566614,7312.56,7689.68,1.00007
y_pred[334],0.0902184,0.00237727,0.213545,0.000134337,1.27646e-19,9.06091e-05,0.673808,8080.47,7935.74,1.00108
y_pred[335],0.168394,0.00308072,0.273631,0.0212919,2.28998e-09,0.0143612,0.843324,7758.56,7780.08,1.00075
y_pred[336],0.01912,0.000401689,0.0359742,0.00505222,1.94603e-07,0.00340973,0.0938396,8135.93,8184.09,1.0002
y_pred[337],0.0617949,0.00156532,0.140261,0.00239829,9.86366e-12,0.00161763,0.374938,8123.44,8100.82,0.999953
y_pred[338],0.110421,0.00278894,0.246888,0.00020079,1.72581e-19,0.000135431,0.819261,7761.03,7795.18,1.00063
y_pred[339],0.091503,0.00253273,0.227643,7.62226e-06,3.4925900000000003e-26,5.14115e-06,0.736177,8105.27,7955.05,1.00052
y_pred[340],0.0975845,0.00227274,0.200491,0.00414786,6.39932e-12,0.0027977,0.615095,7838.87,7517.29,0.999889
y_pred[341],0.10478,0.00259325,0.231275,0.000520834,1.39333e-16,0.000351298,0.74249,8239.56,7891.07,0.999775
y_pred[342],0.200083,0.0033107,0.292373,0.0475144,3.74069e-08,0.0320481,0.887436,7765.81,7594.69,0.99989
y_pred[343],0.0233314,0.000463581,0.0417457,0.00812132,1.47529e-06,0.00549599,0.106224,8210.15,7757.77,0.999925
y_pred[344],0.279525,0.00289274,0.259557,0.25025,0.00300481,0.200433,0.801656,8199.57,7801.35,0.999944
y_pred[345],0.445779,0.00453673,0.395041,0.541309,5.46223e-05,0.370766,0.999194,7576.11,8020.28,1.00033
y_pred[346],0.374242,0.00440145,0.388762,0.29233,2.99111e-06,0.197235,0.997976,7907.11,7573.58,1.00032
y_pred[347],0.39508,0.00360131,0.327957,0.414422,0.002519,0.326218,0.960859,8293.17,8001.49,1.00007
y_pred[348],0.396853,0.00415805,0.367343,0.423552,0.000151209,0.292924,0.991305,7792.02,7632.41,1.00036
y_pred[349],0.583018,0.00404491,0.360767,0.470509,0.0115508,0.659069,0.999393,7993.41,7847.0,1.00016
y_pred[350],0.121573,0.000958846,0.0872227,0.0803902,0.0165673,0.102471,0.294679,8195.14,7806.38,0.999827
y_pred[351],0.68003,0.00299999,0.267791,0.291776,0.159766,0.74392,0.99352,8153.02,7630.85,0.999855
y_pred[352],0.809104,0.00344318,0.309864,0.0123493,0.0567346,0.991671,1.0,8278.01,7970.28,1.0003
y_pred[353],0.755579,0.00388884,0.344393,0.0425514,0.0195205,0.971299,1.0,7897.07,7997.88,0.999871
y_pred[354],0.775802,0.0031724,0.282368,0.122328,0.144716,0.917193,0.99998,7897.31,7997.35,1.0004
y_pred[355],0.78356,0.00360193,0.311336,0.0474921,0.0710093,0.967967,1.0,7667.1,7519.66,0.999741
y_pred[356],0.884274,0.00275258,0.233394,0.00266275,0.263026,0.998204,1.0,8175.12,7149.13,0.999856
y_pred[357],0.425866,0.00158592,0.13598,0.140802,0.208623,0.421454,0.657022,7311.44,8134.35,0.999787
y_pred[358],0.495499,0.00324706,0.289662,0.37225,0.0475672,0.48927,0.950341,8074.05,8058.4,1.00009
y_pred[359],0.65502,0.00425991,0.378643,0.223157,0.00419736,0.849454,0.999998,8320.31,8136.68,1.00039
y_pred[360],0.583681,0.00451068,0.394691,0.43105,0.00138683,0.708538,0.999982,7497.05,7350.78,1.00131
y_pred[361],0.607973,0.00371532,0.328809,0.40173,0.0389827,0.687558,0.997207,8093.22,7929.28,0.999777
y_pred[362],0.623056,0.00424471,0.363373,0.366107,0.0112766,0.749838,0.999905,7387.04,7748.91,1.00001
y_pred[363],0.776823,0.00339228,0.303716,0.0757105,0.0894286,0.948931,1.0,7649.38,7702.42,0.999816
y_pred[364],0.250833,0.00132439,0.118541,0.121764,0.0821573,0.236975,0.469697,8192.35,7562.23,1.00004
y_pred[365],0.57763,0.00337159,0.286256,0.360623,0.0885849,0.608523,0.975719,7326.37,7549.28,0.999951
y_pred[366],0.736444,0.00398508,0.350656,0.0736897,0.0178592,0.950297,1.0,7871.04,7803.43,1.00023
y_pred[367],0.676297,0.00434134,0.375008,0.165325,0.00653557,0.888486,0.999999,7377.57,7797.13,0.999714
y_pred[368],0.692243,0.0035957,0.310948,0.271477,0.0824093,0.810557,0.99964,7527.13,7376.42,0.999905
y_pred[369],0.704989,0.00383362,0.341177,0.176134,0.029095,0.881144,0.999996,7997.67,7968.5,1.00048
y_pred[370],0.828722,0.00306881,0.276883,0.0235148,0.145986,0.984139,1.0,8222.88,7854.06,0.999908
y_pred[371],0.328094,0.00140885,0.127893,0.132086,0.13459,0.318902,0.552271,8264.45,7916.47,1.00014
y_pred[372],0.0626902,0.00153872,0.140125,0.00232391,6.5899e-12,0.00156745,0.36508,8354.93,7945.87,0.999915
y_pred[373],0.116404,0.00284,0.254519,0.000154089,2.0813199999999998e-20,0.000103931,0.847446,8146.62,7998.67,0.99991
y_pred[374],0.0885854,0.00253511,0.226522,5.63157e-06,6.3786099999999995e-27,3.79844e-06,0.739487,8172.7,7914.91,1.00111
y_pred[375],0.089238,0.00215666,0.19226,0.00271142,2.96668e-12,0.00182883,0.583017,8372.37,7599.59,1.00006
y_pred[376],0.0985844,0.00247929,0.222891,0.000269526,1.14488e-17,0.000181793,0.700211,8179.51,7844.67,1.0004
y_pred[377],0.191297,0.0032165,0.288074,0.0361988,1.50855e-08,0.0244158,0.890885,7561.13,7627.77,1.00027
y_pred[378],0.0222714,0.00043215,0.0395516,0.00749817,1.01481e-06,0.00506957,0.101307,8316.43,7742.87,0.999739
y_pred[379],0.390178,0.00317952,0.281969,0.341186,0.0172528,0.345442,0.893607,8063.45,8187.22,1.00015
y_pred[380],0.559118,0.00474037,0.396538,0.5186,0.00118193,0.646672,0.999953,7249.2,7130.92,0.999814
y_pred[381],0.48378,0.00445402,0.398666,0.638185,0.000137638,0.46224,0.999754,7895.6,7686.82,1.00012
y_pred[382],0.510363,0.00373796,0.334888,0.471482,0.0141753,0.521165,0.987332,8004.48,7847.24,0.999841
y_pred[383],0.516677,0.00418548,0.374169,0.577968,0.00224711,0.537156,0.998936,7853.71,7562.34,0.999676
y_pred[384],0.687573,0.00371555,0.337489,0.232489,0.037503,0.84261,0.999969,8325.17,8098.05,1.00066
y_pred[385],0.181013,0.00119063,0.106558,0.103965,0.0409095,0.164152,0.379007,8070.17,8055.92,1.00045
y_pred[386],0.716595,0.00293893,0.259892,0.254582,0.189766,0.793059,0.996702,7888.22,7797.96,1.00004
y_pred[387],0.828732,0.00335639,0.300574,0.00516093,0.0596121,0.996519,1.0,7881.37,7852.36,1.00054
y_pred[388],0.787649,0.00371289,0.324589,0.0200796,0.0351501,0.986457,1.0,7576.53,7729.69,0.999816
y_pred[389],0.803587,0.00297461,0.265001,0.0860086,0.189904,0.941935,0.999994,8304.92,8098.97,0.999972
y_pred[390],0.806888,0.00330819,0.295159,0.0306053,0.100917,0.979357,1.0,7597.8,8055.19,1.00021
y_pred[391],0.897768,0.00248557,0.222956,0.000706459,0.297323,0.999524,1.0,8118.17,7474.06,0.999948
y_pred[392],0.467186,0.00150761,0.135225,0.140659,0.248283,0.466046,0.695167,8102.66,8038.34,1.00016
y_pred[393],0.752493,0.00280005,0.250143,0.208302,0.235615,0.844713,0.99864,7862.01,7641.59,0.999946
y_pred[394],0.855636,0.00310155,0.277661,0.00143516,0.104141,0.999032,1.0,8296.52,7848.28,0.999901
y_pred[395],0.807869,0.00379768,0.315998,0.00854571,0.0462955,0.994236,1.0,7409.42,7517.1,1.00026
y_pred[396],0.835055,0.00276328,0.249628,0.0458331,0.232605,0.969081,0.999999,8243.41,8014.58,0.999738
y_pred[397],0.838719,0.00313066,0.277648,0.0107933,0.128915,0.99272,1.0,7908.13,7814.9,0.999887
y_pred[398],0.91569,0.00221101,0.199796,0.00023944,0.402678,0.999839,1.0,8175.1,7920.95,0.999959
y_pred[399],0.51207,0.0015106,0.136348,0.145593,0.283923,0.514214,0.735018,8148.41,7491.78,1.00031
y_pred[400],0.405148,0.0031503,0.283701,0.347611,0.0228688,0.369488,0.907204,8134.74,7452.06,0.999915
y_pred[401],0.586348,0.00436318,0.390737,0.435115,0.00147965,0.705253,0.999977,8138.7,8098.09,1.00071
y_pred[402],0.509829,0.00441383,0.399276,0.643542,0.000284744,0.524626,0.99986,8200.75,7739.92,0.999971
y_pred[403],0.531124,0.00379794,0.335724,0.4743,0.0181574,0.5518,0.991666,7845.23,7890.58,1.00013
y_pred[404],0.539937,0.00420694,0.374562,0.563263,0.00373594,0.575497,0.999383,8139.2,8143.07,1.00022
y_pred[405],0.713996,0.00367134,0.329783,0.179154,0.0487405,0.878963,0.999989,8002.56,7584.6,1.00003
y_pred[406],0.195322,0.0011905,0.10727,0.106425,0.0501264,0.179036,0.395805,8113.59,8007.38,0.999933
y_pred[407],0.447508,0.00320381,0.286982,0.367086,0.0297554,0.434476,0.924365,8066.33,7406.15,1.00067
y_pred[408],0.616592,0.00429251,0.385281,0.335915,0.0026613,0.773215,0.99999,8204.1,7726.58,1.00006
y_pred[409],0.544827,0.00451801,0.397459,0.559857,0.000458528,0.615333,0.999949,7901.72,7937.16,1.00024
y_pred[410],0.568783,0.0037291,0.330245,0.440394,0.0272212,0.611468,0.995256,7987.55,7930.09,1.00047
y_pred[411],0.584155,0.0041388,0.371242,0.460964,0.00608151,0.675832,0.999735,8012.34,7973.26,1.00018
y_pred[412],0.746287,0.00360355,0.316658,0.121309,0.0668723,0.918144,0.999996,7826.79,7916.84,0.999842
y_pred[413],0.21931,0.0012539,0.112909,0.11259,0.0608652,0.204916,0.426357,8080.31,7547.62,0.999862
y_pred[414],0.0532829,0.00144699,0.13038,0.00100941,1.69117e-13,0.000680838,0.348136,8352.28,7652.32,1.0002
y_pred[415],0.10508,0.00278524,0.244482,4.42042e-05,5.44887e-23,2.98153e-05,0.804556,7831.67,7639.3,0.999763
y_pred[416],0.0776933,0.0023781,0.213535,6.48641e-07,9.121120000000001e-30,4.37503e-07,0.672969,7564.54,7880.0,1.00076
y_pred[417],0.0846387,0.00207292,0.185025,0.00170041,1.91337e-13,0.00114691,0.549184,7946.43,8188.24,0.999875
y_pred[418],0.0880125,0.00233926,0.210407,0.000118914,2.66727e-20,8.02065e-05,0.648373,8201.21,7872.16,1.00015
y_pred[419],0.172428,0.00306951,0.274795,0.0246844,1.26965e-09,0.0166494,0.851086,7844.74,7570.9,1.0001
y_pred[420],0.0192729,0.000416015,0.0369324,0.00503846,2.54194e-07,0.00340143,0.0903067,8197.29,7625.16,1.00053
y_pred[421],0.064903,0.00164059,0.141884,0.00260759,1.54856e-11,0.0017588,0.397589,7896.01,7511.29,0.999816
y_pred[422],0.116757,0.00281949,0.255045,0.000254796,5.31272e-19,0.000171857,0.847231,7972.17,7506.85,0.999847
y_pred[423],0.0922331,0.00252577,0.230447,7.13423e-06,1.68664e-26,4.81198e-06,0.752105,8025.44,8141.24,0.999944
y_pred[424],0.0982634,0.00217839,0.199475,0.00467313,1.08163e-11,0.00315198,0.596662,8540.49,8169.65,0.999856
y_pred[425],0.106021,0.00258579,0.231488,0.000618649,2.35414e-17,0.000417273,0.733728,7733.96,7938.44,0.999859
y_pred[426],0.195017,0.00331551,0.289674,0.0467196,3.01274e-08,0.0315121,0.889685,7848.38,7890.76,0.999715
y_pred[427],0.0230022,0.000447261,0.0397148,0.00816811,1.89406e-06,0.00553009,0.106358,8039.05,7733.08,1.00031
y_pred[428],0.281854,0.00297796,0.26063,0.254829,0.00289186,0.204801,0.809746,7845.63,7768.99,1.00049
y_pred[429],0.43816,0.00437774,0.394823,0.503196,6.89115e-05,0.343345,0.999229,8111.09,7976.55,1.00018
y_pred[430],0.370405,0.00429525,0.387069,0.285427,2.51039e-06,0.19257,0.997571,8275.05,8010.52,1.00005
y_pred[431],0.38481,0.00363411,0.324779,0.400179,0.00278601,0.316879,0.956514,7857.5,7944.81,0.999905
y_pred[432],0.403456,0.00416139,0.368455,0.437079,0.000214278,0.302864,0.99308,7838.85,7519.37,1.00021
y_pred[433],0.582065,0.00396782,0.358895,0.469247,0.0120117,0.658568,0.999361,8162.22,7820.11,1.00048
y_pred[434],0.119416,0.0010141,0.088243,0.0801471,0.0154956,0.0996765,0.29499,7505.94,7586.41,1.00053
y_pred[435],0.676699,0.00319278,0.271592,0.29296,0.157131,0.745458,0.993555,7101.67,7152.27,0.999918
y_pred[436],0.80585,0.00352455,0.314248,0.0124746,0.055596,0.991586,1.0,8122.79,8043.7,0.999821
y_pred[437],0.758325,0.00377664,0.343323,0.0402526,0.0206941,0.97285,1.0,8297.71,7951.58,0.999904
y_pred[438],0.770619,0.00312241,0.283008,0.136585,0.141348,0.907458,0.999973,8247.51,7768.63,1.00012
y_pred[439],0.784086,0.00340167,0.307121,0.055146,0.0703386,0.962805,1.0,8121.48,7850.05,0.999928
y_pred[440],0.880062,0.00266974,0.239227,0.00276876,0.239288,0.998133,1.0,8144.08,7795.16,1.00015
y_pred[441],0.42609,0.00155727,0.137913,0.14711,0.207537,0.421783,0.660399,7854.75,6903.5,0.99968
y_pred[442],0.489051,0.00319667,0.290221,0.376824,0.0434846,0.489296,0.945124,8182.81,7730.52,0.999968
y_pred[443],0.654054,0.00450682,0.379256,0.230845,0.00459279,0.844272,0.999999,7118.92,8049.39,1.00004
y_pred[444],0.582415,0.00448333,0.393858,0.448975,0.00139489,0.696189,0.999984,8188.19,7752.96,1.00032
y_pred[445],0.600944,0.00370325,0.331733,0.421568,0.0380238,0.667046,0.997532,7988.75,7520.83,0.99999
y_pred[446],0.617686,0.00410833,0.365519,0.38634,0.0112058,0.735857,0.999924,7977.24,7341.24,0.999993
y_pred[447],0.77081,0.00351258,0.307194,0.0809225,0.0869478,0.945415,1.0,7998.02,7891.51,1.00001
y_pred[448],0.250122,0.00129416,0.117592,0.118216,0.0823003,0.235708,0.466571,8288.71,7844.76,1.00044
y_pred[449],0.582295,0.0032381,0.28341,0.351735,0.0912898,0.609958,0.977264,7598.92,7511.25,1.00007
y_pred[450],0.735744,0.00393098,0.348178,0.0740136,0.0178416,0.950079,1.0,7796.5,7645.5,1.0001
y_pred[451],0.675828,0.00420883,0.374109,0.177017,0.005847,0.880599,1.0,8091.39,7494.75,1.00035
y_pred[452],0.696974,0.00350717,0.306639,0.268498,0.0876031,0.812262,0.99965,7677.75,7969.78,1.00031
y_pred[453],0.704953,0.00387089,0.343842,0.166681,0.0264707,0.887504,0.999994,7973.81,7947.72,0.999963
y_pred[454],0.831603,0.00299805,0.273042,0.0227231,0.143119,0.984673,1.0,8131.22,8065.17,0.999893
y_pred[455],0.327568,0.00146627,0.130508,0.135758,0.130929,0.318244,0.555393,8017.66,7418.88,0.999805
y_pred[456],0.0611206,0.0015534,0.140454,0.00240175,5.61592e-12,0.00161996,0.378701,8147.12,7525.59,0.999963
y_pred[457],0.114261,0.00281323,0.250479,0.000155547,5.3143299999999994e-20,0.000104915,0.816698,7857.23,7822.7,0.999673
y_pred[458],0.0846538,0.00255924,0.223284,2.99295e-06,3.97987e-27,2.01872e-06,0.725138,7908.36,7797.15,1.00022
y_pred[459],0.0982233,0.00226794,0.201685,0.00355232,2.53602e-12,0.00239601,0.612717,8076.74,7559.47,0.999855
y_pred[460],0.103517,0.00256341,0.228412,0.00034428,1.8744e-17,0.000232214,0.731964,8006.02,7636.11,0.999994
y_pred[461],0.188979,0.00321558,0.285766,0.0383299,2.40232e-08,0.0258533,0.877062,8050.8,7839.3,1.0
y_pred[462],0.0222186,0.000449308,0.0397945,0.00752581,1.15947e-06,0.00509353,0.103822,7835.64,8012.57,0.999962
y_pred[463],0.386795,0.00313724,0.279618,0.336947,0.017712,0.34345,0.888866,7977.21,7730.68,1.00003
y_pred[464],0.558608,0.00438503,0.394422,0.518126,0.00115223,0.646297,0.999951,8168.97,7998.74,1.00019
y_pred[465],0.493233,0.00444933,0.399918,0.647843,0.000157973,0.474442,0.999787,7960.97,7756.2,1.00003
y_pred[466],0.502764,0.00381564,0.337431,0.480601,0.0125582,0.500517,0.989126,7890.39,8010.32,1.00036
y_pred[467],0.523469,0.00445457,0.373939,0.570299,0.00241252,0.545408,0.998863,7440.28,8182.24,0.999793
y_pred[468],0.690837,0.00375243,0.339175,0.221183,0.0363482,0.850214,0.999969,8063.24,7932.39,0.999895
y_pred[469],0.181932,0.00115921,0.105206,0.10299,0.0410014,0.164467,0.378729,8340.71,7604.66,1.00074
y_pred[470],0.712122,0.00290971,0.264068,0.255337,0.180684,0.793172,0.996925,8185.29,7949.3,0.999697
y_pred[471],0.834416,0.003298,0.294296,0.00454491,0.0728847,0.996935,1.0,8266.18,7850.3,0.999861
y_pred[472],0.78966,0.00374375,0.328286,0.0169795,0.0292891,0.988547,1.0,7925.23,7788.81,1.0001
y_pred[473],0.796698,0.00298647,0.272041,0.0933237,0.166858,0.936996,0.999996,8177.43,7838.52,1.00028
y_pred[474],0.805644,0.00342161,0.298146,0.0280634,0.0923049,0.981072,1.0,7628.97,7754.03,0.999932
y_pred[475],0.900564,0.00238898,0.21493,0.00096369,0.336997,0.99935,1.0,8115.51,7955.32,1.00039
y_pred[476],0.468729,0.00151366,0.138725,0.146514,0.242781,0.466309,0.701558,8380.31,7846.43,1.00007
y_pred[477],0.755447,0.0028403,0.249126,0.207294,0.234023,0.84482,0.998719,7848.71,7969.86,0.999757
y_pred[478],0.860503,0.00317534,0.275062,0.00113567,0.111254,0.999234,1.0,8196.4,7359.77,0.999861
y_pred[479],0.81915,0.00337169,0.307284,0.00638333,0.0561414,0.995694,1.0,8056.83,7615.37,0.999808
y_pred[480],0.826445,0.00288815,0.257278,0.0515848,0.210856,0.965201,0.999999,8117.71,7764.45,0.999995
y_pred[481],0.837455,0.00336864,0.279443,0.0109698,0.112517,0.992601,1.0,6855.57,7443.69,1.00016
y_pred[482],0.912592,0.00233204,0.206014,0.000176429,0.371934,0.999881,1.0,7970.42,7747.24,1.0001
y_pred[483],0.512822,0.00149685,0.136417,0.1417,0.288035,0.513633,0.739333,8323.79,8026.2,1.00012
y_pred[484],0.411249,0.00316643,0.283801,0.356063,0.0197459,0.379321,0.905031,7952.49,7729.58,1.0003
y_pred[485],0.577219,0.00438301,0.390801,0.466742,0.00117695,0.683148,0.999972,7946.57,7552.34,1.00067
y_pred[486],0.51455,0.00442656,0.401178,0.637523,0.000219561,0.54678,0.999865,7910.0,7873.78,1.00026
y_pred[487],0.529307,0.00370534,0.335039,0.468449,0.0184645,0.552928,0.990172,8163.63,7791.33,0.999846
y_pred[488],0.541637,0.00416214,0.375548,0.556763,0.00298909,0.588912,0.999374,8240.29,8274.49,1.00013
y_pred[489],0.709557,0.00378787,0.331999,0.191071,0.0431962,0.870896,0.999987,7630.92,7515.19,1.00011
y_pred[490],0.196741,0.00128456,0.107648,0.10918,0.0501031,0.18103,0.396559,7419.86,7013.73,0.999977
y_pred[491],0.446591,0.00328395,0.284554,0.35786,0.0314879,0.427721,0.925552,7656.5,8025.88,1.00007
y_pred[492],0.614776,0.00452735,0.387803,0.344308,0.00255032,0.767511,0.999993,7564.32,7988.85,1.00017
y_pred[493],0.546227,0.00449703,0.396965,0.558767,0.000486878,0.615874,0.999947,7950.33,7931.26,1.00006
y_pred[494],0.569285,0.00381337,0.334651,0.44782,0.0267881,0.617342,0.995176,7760.69,7596.21,1.00014
y_pred[495],0.587125,0.00424311,0.36905,0.447825,0.00690839,0.687099,0.999718,7803.79,8013.48,1.0001
y_pred[496],0.741652,0.00355982,0.318684,0.128008,0.0639617,0.913633,0.999997,7913.0,7951.44,1.0004
y_pred[497],0.217344,0.00124888,0.113488,0.111646,0.0625059,0.200551,0.432101,8200.89,7906.15,0.999804
y_pred[498],0.0533826,0.00143571,0.128215,0.00103481,1.59776e-13,0.00069797,0.331625,7918.46,7848.07,1.00025
y_pred[499],0.107281,0.0027347,0.246064,5.74748e-05,1.71197e-22,3.87662e-05,0.813599,8129.48,7711.57,0.999833
y_pred[500],0.0785527,0.0024015,0.215028,8.59297e-07,5.812e-31,5.79588e-07,0.688078,7865.13,8228.45,1.00018
y_pred[501],0.0825228,0.00205863,0.18265,0.00161392,9.00475e-14,0.00108858,0.530962,8247.25,7939.71,1.00024
y_pred[502],0.0907588,0.00240364,0.21669,0.000144401,7.135949999999999e-20,9.73975e-05,0.690018,8054.96,7734.62,0.999821
y_pred[503],0.168427,0.00302754,0.27173,0.0249127,2.71485e-09,0.0168034,0.847512,8271.14,7684.67,0.999955
y_pred[504],0.0191941,0.000431517,0.0375704,0.00489269,1.85848e-07,0.00330281,0.0937253,8142.68,7700.62,1.00001
y_pred[505],0.0662587,0.00155232,0.141922,0.00323377,2.1012e-11,0.00218115,0.403277,8024.73,7995.26,1.00013
y_pred[506],0.124172,0.00296733,0.260105,0.00034896,1.30798e-19,0.00023537,0.847937,7767.92,7868.12,1.00036
y_pred[507],0.091616,0.00256325,0.230606,7.10618e-06,9.217000000000001e-26,4.79306e-06,0.757225,8398.54,7869.71,0.999626
y_pred[508],0.099659,0.0023074,0.201104,0.0039925,1.15375e-11,0.0026929,0.603036,7802.27,7684.12,0.999718
y_pred[509],0.105577,0.00258333,0.230262,0.000520289,4.91781e-17,0.00035093,0.735647,7868.48,7439.38,1.00018
y_pred[510],0.199615,0.00325513,0.293729,0.0429499,3.96175e-08,0.0289696,0.888225,7601.68,7955.84,1.00009
y_pred[511],0.0236606,0.000452531,0.0409424,0.00876982,1.43123e-06,0.00594043,0.109594,8139.09,7983.17,1.00028
y_pred[512],0.289653,0.00292837,0.261726,0.260992,0.00381557,0.21602,0.81714,7995.64,7873.56,1.00004
y_pred[513],0.446508,0.00444767,0.394622,0.53994,6.95688e-05,0.37069,0.999201,7970.6,7806.79,0.99971
y_pred[514],0.366437,0.00425571,0.384085,0.286322,3.30314e-06,0.193201,0.997294,8352.01,7895.53,0.999945
y_pred[515],0.383646,0.00363554,0.323754,0.394899,0.00249675,0.313049,0.954246,7955.31,7687.54,0.999924
y_pred[516],0.404079,0.00414516,0.370565,0.430134,0.000244647,0.297886,0.992099,8120.52,7664.04,1.00029
y_pred[517],0.588862,0.00406782,0.360413,0.453585,0.0114624,0.675043,0.999273,7918.02,7765.44,1.00014
y_pred[518],0.121922,0.000990205,0.0895546,0.0813455,0.0164349,0.102201,0.295222,8106.94,7862.85,0.999891
y_pred[519],0.681964,0.00300737,0.266408,0.289991,0.169074,0.744811,0.993369,7912.96,7667.66,1.0003
y_pred[520],0.802216,0.00350981,0.317074,0.0130409,0.0411801,0.991204,1.0,7966.89,7740.75,1.00008
y_pred[521],0.754488,0.00375653,0.341287,0.0468939,0.0222582,0.968371,1.0,8295.81,7784.83,1.00022
y_pred[522],0.773283,0.00309805,0.279464,0.131611,0.167352,0.910951,0.999984,8231.94,8141.76,1.00001
y_pred[523],0.782829,0.00345,0.311056,0.0504455,0.0690707,0.965975,1.0,7560.6,7475.56,1.00034
y_pred[524],0.881929,0.00264893,0.236499,0.00237735,0.253148,0.998396,1.0,8150.47,8091.21,0.999943
y_pred[525],0.426245,0.00152446,0.135396,0.142049,0.209011,0.422169,0.659623,7957.6,7714.11,1.0001
y_pred[526],0.488945,0.0032154,0.288207,0.369395,0.0449588,0.482382,0.944369,8169.36,7834.07,1.00012
y_pred[527],0.65572,0.00428533,0.378283,0.219908,0.00630682,0.851657,0.999999,8029.51,7721.1,0.999859
y_pred[528],0.585243,0.00443448,0.396014,0.424081,0.00108002,0.713427,0.999986,7799.58,6839.36,1.00022
y_pred[529],0.595689,0.00368945,0.325794,0.420829,0.0383001,0.655409,0.996639,7808.3,8010.01,1.00038
y_pred[530],0.625281,0.00415763,0.365202,0.351896,0.0118875,0.760279,0.999902,7766.49,7631.15,0.999701
y_pred[531],0.771902,0.00338957,0.305727,0.0824711,0.0889328,0.944369,0.999999,7938.23,7800.57,1.00057
y_pred[532],0.250511,0.00130231,0.119001,0.1206,0.0816461,0.235737,0.469428,8382.14,7546.61,1.00056
y_pred[533],0.587039,0.00320739,0.284807,0.351954,0.0913464,0.622726,0.977986,8145.44,7992.84,1.00054
y_pred[534],0.729633,0.00389722,0.351412,0.0826127,0.0169462,0.944279,1.0,8148.37,7761.46,0.999728
y_pred[535],0.674006,0.00412603,0.375492,0.172458,0.00590066,0.883676,1.0,8293.94,7349.0,1.00006
y_pred[536],0.691602,0.00351138,0.309823,0.276646,0.0781448,0.804442,0.999578,7426.73,7928.84,1.00007
y_pred[537],0.708524,0.00381951,0.339782,0.17287,0.0332005,0.883325,0.999995,8019.66,7715.6,1.00004
y_pred[538],0.833309,0.00300986,0.272579,0.0214332,0.154315,0.985544,1.0,8095.11,7973.4,0.999752
y_pred[539],0.328599,0.0014254,0.129843,0.134438,0.131024,0.319708,0.558183,8320.54,7848.04,0.999716
y_pred[540],0.0591282,0.00152341,0.135451,0.00190109,2.99693e-12,0.00128226,0.361987,8031.95,7620.39,0.999884
y_pred[541],0.111008,0.00278589,0.24798,0.000141705,1.7476e-19,9.55791e-05,0.819782,8047.59,7847.64,0.999939
y_pred[542],0.0865407,0.0024941,0.222513,4.06394e-06,1.94457e-26,2.74109e-06,0.718262,8021.93,7643.07,1.00048
y_pred[543],0.095764,0.00219373,0.198444,0.00325544,1.63304e-12,0.00219576,0.608742,8179.27,7891.28,1.00019
y_pred[544],0.100291,0.00248573,0.224763,0.000407218,9.25114e-18,0.000274664,0.71474,8274.78,7804.69,1.00046
y_pred[545],0.186843,0.00318212,0.283854,0.037957,2.08066e-08,0.0256017,0.878525,7575.37,7764.23,1.0003
y_pred[546],0.0218803,0.000445285,0.0400516,0.00724844,1.5821e-06,0.00490244,0.101435,7925.87,7726.66,1.00031
y_pred[547],0.388887,0.00312784,0.281846,0.342727,0.0157663,0.349062,0.892846,8122.35,7967.37,1.0008
y_pred[548],0.559245,0.00449301,0.392425,0.522004,0.000869644,0.64174,0.999933,7669.54,7809.86,0.99985
y_pred[549],0.485335,0.00442622,0.397638,0.637456,0.000114557,0.459874,0.999799,8030.47,7926.75,1.0003
y_pred[550],0.498898,0.00377726,0.333943,0.468018,0.0130312,0.492337,0.987225,7912.8,7974.04,1.00039
y_pred[551],0.526174,0.00421953,0.376156,0.573182,0.00211442,0.562049,0.998984,7902.48,7596.19,0.999882
y_pred[552],0.693607,0.00377562,0.335812,0.224893,0.03681,0.847812,0.999968,7902.53,7891.53,0.999936
y_pred[553],0.181581,0.00116406,0.104286,0.1002,0.042323,0.165282,0.380517,7858.87,7806.59,1.00041
y_pred[554],0.717758,0.0029031,0.259842,0.257893,0.190317,0.791492,0.996843,8021.4,7956.41,0.999898
y_pred[555],0.830048,0.00346182,0.299084,0.00450043,0.0659282,0.996965,1.0,7822.48,7866.82,0.999764
y_pred[556],0.785364,0.00373037,0.328934,0.0195362,0.0296735,0.986823,1.0,7197.27,7995.84,0.999918
y_pred[557],0.798439,0.00306697,0.272113,0.0897855,0.166183,0.939379,0.999996,7926.32,7887.34,0.999782
y_pred[558],0.808515,0.00328452,0.294949,0.0279433,0.0934465,0.981153,1.0,8127.95,7834.5,0.999959
y_pred[559],0.897125,0.0024875,0.221739,0.000822843,0.311575,0.999445,1.0,7655.24,7935.36,0.999724
y_pred[560],0.467506,0.00154251,0.136787,0.142944,0.245067,0.46511,0.695233,7880.87,7638.77,1.00028
y_pred[561],0.749876,0.00281098,0.250169,0.216305,0.230889,0.836335,0.998455,7953.15,7558.61,1.00005
y_pred[562],0.856148,0.00311494,0.277684,0.00148334,0.1162,0.999,1.0,8144.65,7845.09,1.00013
y_pred[563],0.819352,0.00343626,0.307058,0.00671692,0.0477628,0.99547,1.0,8066.74,8100.52,0.999732
y_pred[564],0.827269,0.00288214,0.254721,0.0539081,0.212486,0.963636,1.0,7931.49,7905.32,1.00011
y_pred[565],0.83742,0.00311758,0.277713,0.0101395,0.133493,0.993161,1.0,7837.6,7539.41,0.999892
y_pred[566],0.915616,0.00225354,0.20355,0.000240181,0.377365,0.999838,1.0,8226.2,8099.63,0.999966
y_pred[567],0.512992,0.00152467,0.136338,0.143513,0.285593,0.5138,0.737883,7994.88,7792.91,0.999826
y_pred[568],0.409302,0.00315591,0.28433,0.353334,0.0219281,0.375474,0.904416,8212.5,7929.89,0.999778
y_pred[569],0.576056,0.00433182,0.392762,0.466705,0.00160356,0.683659,0.999968,8072.17,7847.8,1.0002
y_pred[570],0.508641,0.00441775,0.39872,0.646529,0.000307569,0.519548,0.99983,8083.31,7599.59,1.00034
y_pred[571],0.525656,0.00370521,0.337093,0.477691,0.017864,0.548317,0.991343,8172.45,7469.1,1.00055
y_pred[572],0.541287,0.00420226,0.375352,0.556317,0.00292245,0.584984,0.999256,8049.99,7894.18,1.00032
y_pred[573],0.715353,0.00371415,0.328172,0.187762,0.047228,0.873085,0.999989,7957.21,7779.85,0.999965
y_pred[574],0.195711,0.00120897,0.108902,0.108014,0.047992,0.179875,0.39854,7944.77,7849.43,1.00004
y_pred[575],0.445076,0.0031629,0.286648,0.36156,0.0319636,0.420753,0.923967,8265.45,8016.3,1.0001
y_pred[576],0.620943,0.00431614,0.385093,0.326385,0.0030839,0.779513,0.99999,7921.21,7811.05,1.00054
y_pred[577],0.548677,0.004527,0.398651,0.542461,0.000440161,0.629962,0.999945,7785.29,8074.98,1.0001
y_pred[578],0.564755,0.00369493,0.334377,0.458264,0.0267268,0.600146,0.994825,8173.35,7718.64,1.00063
y_pred[579],0.583196,0.00412993,0.368918,0.467,0.00579259,0.671704,0.999687,7898.49,7846.53,0.999819
y_pred[580],0.74282,0.0036811,0.316324,0.1329,0.063176,0.910333,0.999997,7485.16,7819.85,0.999823
y_pred[581],0.21688,0.0012296,0.112521,0.114476,0.0598858,0.202655,0.424814,8356.43,8142.44,1.00002
y_pred[582],0.0561621,0.00151023,0.133735,0.00110106,3.49085e-13,0.000742654,0.350199,8065.17,7954.14,0.999876
y_pred[583],0.0996298,0.00267704,0.236702,4.81826e-05,4.89866e-22,3.24987e-05,0.770889,8018.41,7889.71,1.00006
y_pred[584],0.0836964,0.00254474,0.222105,9.18734e-07,2.0436500000000002e-29,6.19677e-07,0.721243,8020.57,7916.47,1.00001
y_pred[585],0.0834477,0.00207482,0.183229,0.00136237,5.47004e-14,0.000918906,0.537089,7810.15,7445.03,1.00038
y_pred[586],0.0851587,0.00230757,0.20822,0.000116501,2.39191e-19,7.85792e-05,0.648279,8162.74,7931.62,1.00039
y_pred[587],0.1664,0.00310442,0.268965,0.0224262,1.17315e-09,0.0151263,0.832873,7477.36,7698.4,1.00025
y_pred[588],0.0188354,0.000398352,0.0357132,0.00510375,2.88466e-07,0.00344499,0.091667,8306.19,8032.64,1.00009
y_pred[589],0.0649195,0.00159515,0.141688,0.00301453,2.45701e-11,0.00203328,0.391559,7880.46,7621.98,0.999981
y_pred[590],0.120744,0.00285337,0.257402,0.000186175,1.81648e-19,0.000125573,0.850949,8297.83,7550.49,1.00046
y_pred[591],0.096562,0.00265157,0.236793,7.17444e-06,5.38299e-26,4.8391e-06,0.788996,8134.61,7994.98,0.99999
y_pred[592],0.0973073,0.00220186,0.19728,0.00420152,6.19485e-12,0.00283388,0.595256,7943.41,7757.82,1.00007
y_pred[593],0.10529,0.00258372,0.231783,0.000502268,3.63328e-17,0.000338775,0.733519,8155.77,8054.45,1.00007
y_pred[594],0.189802,0.00307504,0.285732,0.0411385,2.94557e-08,0.0277476,0.876628,8218.34,8151.96,1.00013
y_pred[595],0.0231698,0.000439917,0.0393564,0.00869637,1.54992e-06,0.00589198,0.107196,8217.18,7856.81,0.999863
y_pred[596],0.286261,0.00312627,0.26132,0.257912,0.00310894,0.207889,0.81263,6897.97,7474.93,0.999927
y_pred[597],0.445226,0.00461331,0.393149,0.544474,4.72804e-05,0.372777,0.999075,7285.32,7092.79,1.00029
y_pred[598],0.3662,0.00434435,0.383518,0.284217,3.78818e-06,0.191787,0.996734,7959.28,7841.26,0.999776
y_pred[599],0.38958,0.00363325,0.328291,0.399607,0.00294424,0.313457,0.96416,8237.66,7968.18,1.00001
y_pred[600],0.395351,0.0040949,0.367557,0.401604,0.000159964,0.276227,0.991387,8028.13,7742.07,1.00014
y_pred[601],0.581913,0.00412581,0.359161,0.470758,0.0104321,0.656126,0.999317,7637.31,7798.16,1.0006
y_pred[602],0.121808,0.00102199,0.0894073,0.0807857,0.0158362,0.101604,0.296995,7721.05,7850.38,1.00058
y_pred[603],0.673786,0.00303581,0.271715,0.298238,0.152036,0.739107,0.99322,8133.56,8323.15,0.999901
y_pred[604],0.811649,0.0034877,0.309752,0.0119016,0.0527011,0.991973,1.0,7858.73,7934.78,1.00009
y_pred[605],0.762733,0.00390629,0.339449,0.0360205,0.0250339,0.975704,1.0,7585.03,7631.95,1.00028
y_pred[606],0.774207,0.00311019,0.282345,0.125736,0.147025,0.914967,0.999984,8016.79,7800.16,1.00019
y_pred[607],0.787725,0.00368752,0.307009,0.0501037,0.0736979,0.966206,1.0,7031.37,8076.03,0.999733
y_pred[608],0.880281,0.00270993,0.237949,0.00278358,0.245399,0.998123,1.0,7803.07,7600.01,0.999943
y_pred[609],0.425585,0.00150317,0.134743,0.140554,0.209611,0.420171,0.654217,8044.05,8015.96,0.999862
y_pred[610],0.490004,0.00316744,0.2903,0.371156,0.045444,0.486932,0.952443,8391.15,8009.41,0.99986
y_pred[611],0.654961,0.00425042,0.37798,0.224986,0.00519602,0.848229,0.999998,7573.71,7463.28,1.0001
y_pred[612],0.591111,0.00430786,0.391304,0.404352,0.00135262,0.726664,0.999983,8219.79,8161.82,1.0001
y_pred[613],0.602802,0.00366705,0.331976,0.421883,0.0382738,0.66827,0.997807,8148.51,7949.5,1.00008
y_pred[614],0.618815,0.00418059,0.366171,0.383456,0.0103707,0.738204,0.999904,7677.19,7924.0,0.999934
y_pred[615],0.773357,0.00339033,0.305848,0.0822947,0.0848535,0.944489,1.0,8146.75,7506.43,1.00018
y_pred[616],0.248735,0.00128521,0.11757,0.120671,0.0828987,0.236192,0.461424,8421.17,8014.08,0.999942
y_pred[617],0.585934,0.00314372,0.283913,0.349723,0.090993,0.618176,0.977216,8096.34,7887.91,1.00003
y_pred[618],0.735792,0.00400908,0.347926,0.0720418,0.020314,0.951408,1.0,7789.0,7577.39,1.00021
y_pred[619],0.674958,0.00408877,0.375698,0.164411,0.00589881,0.889104,1.0,8494.88,7103.48,1.00084
y_pred[620],0.692422,0.00340683,0.309226,0.271028,0.0855182,0.808598,0.999513,8373.98,8100.61,0.999883
y_pred[621],0.704052,0.00390687,0.344091,0.172746,0.0301559,0.883428,0.999996,8018.48,7951.65,1.0004
y_pred[622],0.839127,0.00295758,0.266278,0.0202508,0.16158,0.986341,1.0,8073.03,7714.38,0.999835
y_pred[623],0.328102,0.00140405,0.128534,0.134398,0.134349,0.319131,0.55314,8422.78,7848.78,1.00024
y_pred[624],0.0598101,0.00153979,0.136434,0.00226669,5.01247e-12,0.00152886,0.353877,8056.22,7972.57,0.999873
y_pred[625],0.115945,0.00282662,0.253949,0.000234152,7.17075e-20,0.000157934,0.842191,8108.06,7255.9,1.00015
y_pred[626],0.0864097,0.00247836,0.224806,5.21913e-06,1.0358800000000001e-26,3.52026e-06,0.734099,8114.64,7860.86,1.0
y_pred[627],0.0926487,0.00221851,0.195444,0.00291282,1.78404e-12,0.00196467,0.581596,7803.74,7716.92,0.999694
y_pred[628],0.101867,0.00261006,0.226686,0.000406172,2.00453e-17,0.000273959,0.720911,7413.58,7883.38,1.0002
y_pred[629],0.188854,0.00319268,0.283814,0.0399534,1.94646e-08,0.0269482,0.875486,7930.15,8014.15,0.99987
y_pred[630],0.021878,0.000436981,0.0393422,0.00769412,1.54042e-06,0.00520946,0.100543,8117.03,7797.06,0.9999
y_pred[631],0.385982,0.0031364,0.280369,0.336566,0.0169573,0.343282,0.888725,7907.49,7547.66,1.00019
y_pred[632],0.550118,0.00455426,0.396591,0.549696,0.000762563,0.622098,0.999929,7833.7,7402.92,1.00054
y_pred[633],0.482428,0.00464053,0.401372,0.635664,0.000134241,0.451528,0.999644,7528.98,7932.46,1.00029
y_pred[634],0.506064,0.00375083,0.335314,0.474623,0.0134068,0.512339,0.987394,8062.79,7754.33,1.00029
y_pred[635],0.522235,0.00426072,0.3747,0.576493,0.00269344,0.548729,0.998802,7540.16,7964.71,1.00011
y_pred[636],0.684191,0.00378719,0.339663,0.243126,0.0346504,0.835081,0.99996,8163.73,7969.31,1.00055
y_pred[637],0.180033,0.0011464,0.104709,0.102319,0.0422391,0.161407,0.377485,8466.25,8100.62,0.999849
y_pred[638],0.711234,0.00291375,0.261809,0.265326,0.18548,0.78662,0.99669,8011.33,7886.77,1.00029
y_pred[639],0.838332,0.00326381,0.29166,0.00434328,0.0809934,0.99707,1.0,7943.12,7666.45,0.999956
y_pred[640],0.795716,0.0035504,0.321881,0.0172493,0.0381452,0.988366,1.0,7971.58,7564.72,0.999963
y_pred[641],0.800746,0.00301258,0.266525,0.091366,0.190073,0.938311,0.999995,7805.29,7721.13,1.00024
y_pred[642],0.815404,0.00325431,0.291545,0.0245118,0.0975097,0.983467,1.0,8062.7,7697.52,1.00066
y_pred[643],0.897825,0.00252722,0.220237,0.000850271,0.308349,0.999426,1.0,7780.99,7873.7,0.999809
y_pred[644],0.468577,0.00155345,0.13893,0.144172,0.243087,0.466836,0.701296,8012.12,7848.02,1.00066
y_pred[645],0.747904,0.0028027,0.2506,0.21897,0.222844,0.83379,0.998357,8260.09,7541.9,0.999884
y_pred[646],0.857942,0.00309972,0.275722,0.00128319,0.112011,0.999135,1.0,8229.38,8023.49,0.999794
y_pred[647],0.819879,0.00350394,0.30856,0.00546635,0.0528593,0.996313,1.0,8084.9,7704.97,0.999734
y_pred[648],0.825498,0.00289565,0.255084,0.0528539,0.224593,0.964348,1.0,7657.66,7771.37,0.999968
y_pred[649],0.835412,0.00310456,0.279223,0.0119742,0.128933,0.991923,1.0,7841.92,7610.3,1.00015
y_pred[650],0.914913,0.00237657,0.205442,0.000194962,0.370682,0.999869,1.0,7445.73,7728.84,1.00009
y_pred[651],0.511366,0.0015391,0.136606,0.142854,0.283798,0.511367,0.738433,7873.49,7333.94,1.00013
y_pred[652],0.41382,0.00321699,0.28292,0.354662,0.0215955,0.38805,0.901895,7706.72,7449.84,1.00023
y_pred[653],0.578806,0.00450594,0.393494,0.448192,0.00138854,0.696532,0.999975,7482.53,6852.42,1.00032
y_pred[654],0.514089,0.0044448,0.399981,0.646457,0.000227718,0.531985,0.999862,7859.5,7476.59,0.999787
y_pred[655],0.528762,0.00402996,0.33697,0.473437,0.0169129,0.552947,0.991945,7351.12,8094.37,1.00012
y_pred[656],0.549561,0.0041521,0.373595,0.539526,0.00382733,0.603058,0.999386,8154.4,7335.56,1.00001
y_pred[657],0.712854,0.0036962,0.330301,0.181036,0.0423172,0.877684,0.999985,8092.31,8037.36,0.999976
y_pred[658],0.196124,0.00121527,0.108554,0.108306,0.048182,0.179301,0.397177,7966.07,7636.45,0.999912
y_pred[659],0.450166,0.00321415,0.288209,0.36578,0.0294434,0.428967,0.927653,8052.53,7783.45,1.00024
y_pred[660],0.60831,0.00428809,0.388617,0.351978,0.00317057,0.762373,0.999993,8235.36,8006.91,1.00011
y_pred[661],0.539143,0.0045356,0.399949,0.577562,0.000477949,0.603111,0.999944,7843.06,7727.74,1.00021
y_pred[662],0.559729,0.00372886,0.333538,0.457336,0.0251301,0.600354,0.994402,8006.56,7883.32,1.00028
y_pred[663],0.584493,0.00426292,0.370851,0.464713,0.00666387,0.674036,0.999716,7570.93,7814.35,1.00053
y_pred[664],0.738461,0.00356186,0.319534,0.139274,0.0611028,0.906005,0.999997,7803.6,7073.64,1.00023
y_pred[665],0.218107,0.00124871,0.113144,0.113834,0.0603848,0.203481,0.428213,8252.61,8056.52,1.00042
y_pred[666],0.05234,0.00144193,0.128129,0.000933873,3.00977e-13,0.000629889,0.330168,7433.31,7547.31,1.00024
y_pred[667],0.101618,0.00269169,0.238635,5.79622e-05,1.02879e-22,3.9095e-05,0.784048,7963.42,7992.9,0.999844
y_pred[668],0.0793095,0.00240591,0.216892,7.86145e-07,2.75833e-30,5.30247e-07,0.705437,8506.6,8056.13,0.999858
y_pred[669],0.081324,0.00204995,0.183999,0.00133455,1.29724e-13,0.000900142,0.550519,8264.38,7741.35,0.999893
y_pred[670],0.0894474,0.00241638,0.215434,0.000107689,1.74387e-19,7.26354e-05,0.68703,7863.07,8013.28,0.999915
y_pred[671],0.165829,0.00297743,0.268597,0.0231584,3.30488e-09,0.0156201,0.841793,8209.97,8097.33,0.999984
y_pred[672],0.018532,0.000392169,0.0349524,0.00525912,2.69597e-07,0.00355191,0.0891955,8032.63,8053.36,1.00013
y_pred[673],0.0624876,0.00151738,0.137856,0.00280045,1.65408e-11,0.00188888,0.379625,8135.44,8186.95,1.0
y_pred[674],0.119185,0.00295102,0.255427,0.000233785,7.55504e-20,0.000157686,0.836404,7333.89,7578.29,1.0005
y_pred[675],0.0899737,0.00258163,0.230363,6.8176e-06,2.9411e-26,4.59841e-06,0.763409,7857.41,8014.91,1.00024
y_pred[676],0.101956,0.00228939,0.204113,0.00433033,1.13292e-11,0.00292077,0.61568,7963.0,7566.12,1.00046
y_pred[677],0.103325,0.00254848,0.227177,0.000422345,7.03007e-17,0.000284868,0.712973,7864.2,7848.1,1.00005
y_pred[678],0.197022,0.00324127,0.290361,0.0455231,2.89809e-08,0.0307052,0.888217,7802.84,8101.15,0.999829
y_pred[679],0.023492,0.000453542,0.0413468,0.0086155,2.1548e-06,0.00584308,0.110751,7988.79,7877.19,1.00044
y_pred[680],0.288388,0.00293442,0.261832,0.26269,0.00357317,0.213134,0.813212,7904.56,7596.73,0.999951
y_pred[681],0.437491,0.00441329,0.39405,0.500498,7.80456e-05,0.341723,0.999026,8003.1,7740.94,0.999992
y_pred[682],0.373872,0.0043272,0.387818,0.299142,3.41061e-06,0.201861,0.997163,8102.4,7891.44,1.00016
y_pred[683],0.391639,0.0036549,0.325612,0.402414,0.00270555,0.322059,0.960981,8002.41,8141.23,1.00044
y_pred[684],0.397164,0.0041974,0.369111,0.418751,0.000153605,0.288377,0.991712,7860.89,7354.56,1.00015
y_pred[685],0.585418,0.00423128,0.360777,0.463789,0.0109802,0.667414,0.999393,7610.48,8015.81,0.999985
y_pred[686],0.122675,0.00103328,0.0885357,0.0820536,0.0161618,0.103183,0.293739,8190.42,7493.98,1.00052
y_pred[687],0.682156,0.00302305,0.268447,0.285857,0.156299,0.748208,0.993383,7868.5,8055.65,1.0005
y_pred[688],0.812698,0.00340409,0.308139,0.0120795,0.0540325,0.991853,1.0,8144.79,8217.79,1.0012
y_pred[689],0.75766,0.00376657,0.34104,0.0431852,0.0235001,0.970872,1.0,8153.42,7846.28,0.999912
y_pred[690],0.772431,0.00315033,0.281487,0.128448,0.149896,0.913114,0.999986,8058.28,7718.52,0.999769
y_pred[691],0.786735,0.00348827,0.306413,0.0495893,0.0756644,0.966552,1.0,7924.74,7754.48,1.00169
y_pred[692],0.881898,0.00263857,0.236358,0.00252635,0.251257,0.998296,1.0,7991.67,7989.4,0.9999
y_pred[693],0.426165,0.00147903,0.135477,0.144205,0.21118,0.421846,0.656242,8388.86,8058.13,1.00042
y_pred[694],0.490242,0.00318929,0.288457,0.370169,0.0429862,0.488713,0.943324,8195.51,8008.79,1.00024
y_pred[695],0.654854,0.00428933,0.378692,0.225443,0.00521372,0.847924,0.999999,7962.99,7932.43,1.0003
y_pred[696],0.587576,0.00448503,0.394275,0.417213,0.00108674,0.717767,0.999982,7874.09,7886.39,1.00019
y_pred[697],0.607715,0.00364058,0.329411,0.411389,0.0374991,0.677042,0.997416,8231.37,7786.8,1.0001
y_pred[698],0.622813,0.00408969,0.366685,0.363516,0.00996866,0.752114,0.999898,7857.97,7693.02,0.999749
y_pred[699],0.774573,0.00339492,0.303024,0.0839885,0.0938391,0.943345,0.999999,7979.67,7877.03,0.999958
y_pred[700],0.24905,0.00131915,0.118167,0.121134,0.079616,0.235853,0.468263,7989.29,7994.18,1.00001
y_pred[701],0.58865,0.00314356,0.28286,0.346742,0.0949238,0.623767,0.977049,8082.32,7833.04,0.999847
y_pred[702],0.726228,0.00387791,0.354868,0.0833518,0.0148739,0.94378,1.0,8255.77,7810.16,1.0002
y_pred[703],0.669079,0.00430547,0.376321,0.188225,0.00610457,0.87304,1.0,7590.4,7779.51,0.999925
y_pred[704],0.693318,0.00340625,0.308517,0.27056,0.0832875,0.810366,0.999501,8066.27,7725.03,1.00002
y_pred[705],0.704734,0.00387058,0.342648,0.175634,0.0313454,0.881482,0.999996,7497.91,7686.39,1.00046
y_pred[706],0.831814,0.00307931,0.272763,0.0220759,0.147434,0.98511,1.0,7753.8,7617.2,1.00015
y_pred[707],0.325676,0.00142492,0.128334,0.131868,0.131579,0.317619,0.55393,8175.05,7805.79,1.00013
y_pred[708],0.0583883,0.00146892,0.134907,0.00199617,2.39387e-12,0.0013464,0.353037,8289.21,7920.3,1.00042
y_pred[709],0.121196,0.00293952,0.260443,0.000151671,2.6234e-20,0.000102301,0.851432,7758.45,7399.14,1.00049
y_pred[710],0.0854624,0.00252615,0.221942,3.97614e-06,7.82261e-28,2.68187e-06,0.701624,7891.86,7871.99,1.00004
y_pred[711],0.093431,0.0022224,0.19498,0.00258367,1.83566e-12,0.00174266,0.590273,7951.86,7597.91,0.999892
y_pred[712],0.101276,0.00253362,0.229289,0.0003248,5.4409100000000006e-18,0.000219074,0.732746,8191.58,8101.54,0.999881
y_pred[713],0.190431,0.00317657,0.28801,0.0376638,1.5327e-08,0.025404,0.879853,8185.72,7810.09,1.00043
y_pred[714],0.0220507,0.000452038,0.0397751,0.0075102,1.09031e-06,0.00508009,0.102215,7952.39,8143.46,1.00016
y_pred[715],0.389497,0.00324941,0.28089,0.337126,0.0176111,0.348176,0.896458,7571.78,7405.1,1.00097
y_pred[716],0.552772,0.00447289,0.395691,0.5463,0.00073076,0.626004,0.999933,7944.16,7845.9,0.999954
y_pred[717],0.481653,0.00444034,0.398079,0.626923,0.000159801,0.44821,0.99958,8138.13,7745.66,1.00021
y_pred[718],0.50623,0.00377715,0.334157,0.475417,0.0159787,0.5093,0.98687,8078.44,7233.04,1.00001
y_pred[719],0.518413,0.00415121,0.374975,0.579843,0.00266816,0.531361,0.999106,8156.46,7651.76,1.00003
y_pred[720],0.692241,0.00391806,0.337157,0.228347,0.0409255,0.845206,0.999975,7743.89,7859.01,0.999754
y_pred[721],0.177908,0.00117602,0.1037,0.101363,0.0426759,0.160053,0.376095,7934.32,7878.34,0.999798
y_pred[722],0.716099,0.00288462,0.257883,0.253883,0.197312,0.790864,0.996806,7922.68,7821.77,1.00047
y_pred[723],0.829613,,0.301505,0.00415499,0.0652105,0.997197,1.0,7820.47,7593.37,1.00037
y_pred[724],0.791047,0.00362197,0.326155,0.0177111,0.0282714,0.988054,1.0,8128.62,7965.68,1.00015
y_pred[725],0.798859,0.003125,0.273263,0.0842999,0.157219,0.943111,0.999998,7953.95,7718.18,0.999914
y_pred[726],0.81831,0.00320033,0.286965,0.024345,0.110236,0.98358,1.0,8205.53,8013.82,1.00036
y_pred[727],0.898604,0.00245952,0.220956,0.00079838,0.311609,0.999462,1.0,8261.27,7877.72,0.99994
y_pred[728],0.467581,0.00154751,0.136583,0.145956,0.245866,0.467135,0.695347,7783.54,7807.44,1.00033
y_pred[729],0.7482,0.00280559,0.249945,0.21475,0.228581,0.837547,0.998349,7961.4,7842.11,1.00081
y_pred[730],0.861401,0.00302301,0.270968,0.00123501,0.128591,0.999167,1.0,7586.3,8105.24,1.00039
y_pred[731],0.818096,0.00353309,0.307037,0.00717727,0.0530358,0.995159,1.0,7934.47,7971.61,1.00013
y_pred[732],0.830043,0.00282424,0.250982,0.0535841,0.241898,0.963854,0.999999,8054.83,8000.48,1.00021
y_pred[733],0.839651,0.00316047,0.276336,0.0116406,0.128721,0.992149,1.0,7963.95,8049.66,1.0002
y_pred[734],0.913316,0.00229414,0.205291,0.000225355,0.362501,0.999848,1.0,8129.39,7934.5,1.00014
y_pred[735],0.509938,0.00153144,0.13651,0.142677,0.284922,0.511367,0.732781,8050.39,7860.01,1.00002
y_pred[736],0.411832,0.00320975,0.283079,0.348054,0.021561,0.379418,0.907929,7890.22,7643.4,1.00074
y_pred[737],0.582088,0.00434441,0.391722,0.442324,0.00135357,0.700101,0.999976,8182.91,7734.15,1.00027
y_pred[738],0.513093,0.00443581,0.398739,0.644038,0.00024654,0.526879,0.999876,7897.89,8057.92,0.999728
y_pred[739],0.528772,0.00369986,0.334933,0.470577,0.0165904,0.545787,0.991348,8113.85,7961.75,0.999719
y_pred[740],0.551733,0.00417132,0.375506,0.53012,0.00375532,0.616216,0.999532,8042.76,8000.31,1.00001
y_pred[741],0.712465,0.0038986,0.327925,0.190225,0.0502182,0.871404,0.999981,7151.73,8002.38,1.00029
y_pred[742],0.19529,0.00123979,0.107695,0.105717,0.0485147,0.177776,0.396883,7716.03,8051.53,0.999901
y_pred[743],0.446756,0.00315758,0.286561,0.367175,0.0339709,0.429678,0.918488,8206.57,7711.02,1.00015
y_pred[744],0.606832,0.00440234,0.387782,0.371871,0.0025189,0.748797,0.999989,7719.24,7703.78,0.99982
y_pred[745],0.548769,0.00467144,0.399332,0.543126,0.000496874,0.629003,0.999958,7622.06,7891.43,0.999982
y_pred[746],0.561513,0.00383711,0.332522,0.453364,0.0257557,0.598263,0.994447,7104.91,7808.67,0.999892
y_pred[747],0.580914,0.0041766,0.371592,0.457029,0.00735878,0.681156,0.999679,8069.17,7457.36,1.00096
y_pred[748],0.738562,0.00372344,0.319072,0.141614,0.0583652,0.904432,0.999996,7743.98,7254.92,1.00053
y_pred[749],0.217316,0.00129365,0.112641,0.112913,0.0606129,0.202427,0.426068,7592.83,7803.33,1.00173
y_pred[750],0.054138,0.00143573,0.129511,0.0010877,4.04055e-13,0.000733643,0.35252,8050.46,7515.91,1.00035
y_pred[751],0.100413,0.00269753,0.239227,4.55851e-05,1.0610999999999999e-22,3.07467e-05,0.792383,8027.39,8037.67,1.00026
y_pred[752],0.0762815,0.00242877,0.210017,6.09294e-07,2.34719e-30,4.10963e-07,0.651578,7870.99,7550.65,0.999855
y_pred[753],0.0843674,0.00215457,0.185475,0.0014783,4.79698e-14,0.0009971,0.556764,7967.49,7463.65,0.999917
y_pred[754],0.0900614,0.00244579,0.214065,0.000114281,5.1291599999999995e-20,7.70817e-05,0.676841,7756.86,7335.69,1.0
y_pred[755],0.168004,0.00298009,0.271015,0.0239764,1.90384e-09,0.0161719,0.845376,8214.36,7854.33,0.999984
y_pred[756],0.0200678,0.000437317,0.0383778,0.00531914,2.03435e-07,0.00359018,0.0958286,7614.23,8002.09,1.00026
y_pred[757],0.0647435,0.0016437,0.144575,0.00284598,2.13919e-11,0.00191959,0.396889,8223.77,7598.24,0.999959
y_pred[758],0.119061,0.00293185,0.259309,0.000201193,3.27655e-19,0.000135703,0.858127,7973.14,7863.94,0.999645
y_pred[759],0.0915947,0.0025614,0.228302,7.83074e-06,2.3522200000000001e-26,5.28176e-06,0.72751,7888.69,7707.77,0.999776
y_pred[760],0.100628,0.00225075,0.201854,0.00456179,1.1578e-11,0.00307689,0.607246,8046.51,7958.76,1.00015
y_pred[761],0.10184,0.00257236,0.225694,0.000463649,4.9724e-17,0.000312727,0.706278,8156.47,7563.06,1.00029
y_pred[762],0.195503,0.00328899,0.290663,0.0415597,3.84454e-08,0.0280318,0.882358,8067.51,7765.53,1.00002
y_pred[763],0.0233345,0.000472885,0.0411991,0.00876172,1.64679e-06,0.00593539,0.110056,7490.7,7786.48,0.999712
y_pred[764],0.282942,0.0029387,0.257761,0.256368,0.00326148,0.207465,0.804,7784.31,7930.15,0.999871
y_pred[765],0.444896,0.00450383,0.395755,0.529474,6.54539e-05,0.361984,0.998797,7744.55,7762.91,1.00072
y_pred[766],0.37651,0.0043774,0.386891,0.313778,3.91409e-06,0.211744,0.997435,8190.44,8141.01,1.00022
y_pred[767],0.390571,0.00372693,0.329174,0.411716,0.00239726,0.32016,0.960459,7948.64,8040.42,1.00066
y_pred[768],0.407039,0.00416633,0.368755,0.451426,0.000167847,0.313615,0.991591,7833.74,7358.25,1.00006
y_pred[769],0.583934,0.00408682,0.3601,0.467001,0.0119545,0.662228,0.999274,7957.47,7543.88,1.00094
y_pred[770],0.121448,0.00100443,0.0893299,0.0808796,0.0164688,0.101229,0.297938,7928.97,7849.84,0.999919
y_pred[771],0.677285,0.00299805,0.26774,0.298698,0.16907,0.741,0.993798,7896.1,7467.14,1.0003
y_pred[772],0.808346,0.00346567,0.312429,0.0116888,0.0538797,0.992116,1.0,8145.76,7984.21,1.00002
y_pred[773],0.752547,0.00384734,0.346417,0.0416685,0.0197757,0.971895,1.0,8355.7,8065.47,1.00021
y_pred[774],0.777902,0.00303165,0.27718,0.126414,0.156678,0.914459,0.999981,8434.12,7405.35,0.999959
y_pred[775],0.781576,0.00353393,0.308978,0.0542402,0.0721456,0.963415,1.0,7890.97,8051.09,0.999661
y_pred[776],0.881848,0.00258538,0.234281,0.0024752,0.270148,0.998331,1.0,8028.89,7904.84,1.0
y_pred[777],0.424923,0.00153658,0.136755,0.143564,0.207443,0.421436,0.654872,7905.48,8066.74,0.999919
y_pred[778],0.488482,0.00321048,0.288564,0.366092,0.0434805,0.481174,0.946787,8079.25,7968.47,1.00013
y_pred[779],0.659436,0.00425858,0.375808,0.215453,0.00492486,0.854653,0.999998,7805.56,7649.44,1.00009
y_pred[780],0.584674,0.00440731,0.394318,0.430957,0.00110555,0.708696,0.999986,8131.3,8098.98,0.999906
y_pred[781],0.607518,0.0036996,0.326869,0.410094,0.0395697,0.671628,0.997457,8170.53,7559.14,0.999967
y_pred[782],0.625406,0.00415681,0.364449,0.359827,0.00966136,0.75412,0.999908,7715.09,7657.08,1.00038
y_pred[783],0.774086,0.00340982,0.30454,0.0800322,0.0886759,0.946015,0.999999,8187.18,7791.29,1.00039
y_pred[784],0.251413,0.00132327,0.119612,0.120004,0.0783735,0.237181,0.471051,8323.95,7932.37,1.00033
y_pred[785],0.577664,0.00333384,0.282681,0.351541,0.093497,0.603791,0.976471,7093.08,6681.79,1.00001
y_pred[786],0.732066,0.00398045,0.350402,0.076391,0.0195884,0.948475,1.0,7755.82,7534.42,1.00019
y_pred[787],0.672776,0.00415712,0.376444,0.17036,0.00510926,0.885091,0.999999,8105.34,7712.06,0.999974
y_pred[788],0.693331,0.00346138,0.310401,0.274082,0.0806002,0.808179,0.999603,7975.08,7796.91,0.999918
y_pred[789],0.702634,0.00377756,0.343313,0.180112,0.0283683,0.878446,0.999994,8220.59,8233.49,0.999691
y_pred[790],0.829472,0.00303663,0.276005,0.0244703,0.139294,0.983495,1.0,8251.15,7793.86,1.00035
y_pred[791],0.328336,0.00143592,0.130032,0.135103,0.133145,0.318732,0.557511,8196.09,7957.61,1.00018
y_pred[792],0.0638502,0.00158303,0.143125,0.00201006,5.27201e-12,0.00135577,0.394461,8492.28,8051.52,1.00064
y_pred[793],0.11278,0.00281741,0.251821,0.000160077,2.2745199999999997e-20,0.00010797,0.838939,8074.51,7708.54,0.999748
y_pred[794],0.0884203,0.00251595,0.225518,4.08919e-06,3.7526e-27,2.75812e-06,0.734977,7578.95,7636.18,1.00028
y_pred[795],0.0891097,0.00216256,0.19068,0.00219291,1.11332e-12,0.0014791,0.566751,8111.65,8211.49,0.999937
y_pred[796],0.0987219,0.0025443,0.224508,0.000303399,4.3714e-18,0.00020464,0.714028,7793.22,7559.08,1.00046
y_pred[797],0.183571,0.00328814,0.280751,0.036109,1.54166e-08,0.0243553,0.863943,7892.51,7580.43,0.999803
y_pred[798],0.0224866,0.000459234,0.0403337,0.00733032,8.69241e-07,0.00495801,0.106842,7796.26,7526.39,1.00015
y_pred[799],0.388162,0.0030969,0.281609,0.34012,0.0156645,0.348391,0.892543,8250.56,7787.12,1.00017
y_pred[800],0.557267,0.00436997,0.393622,0.533673,0.00092259,0.634442,0.999947,8181.67,7808.17,0.999953
y_pred[801],0.48526,0.0045341,0.398241,0.640524,0.000108488,0.467759,0.999724,7795.18,7846.03,0.999902
y_pred[802],0.503431,0.0038148,0.336181,0.478341,0.0142713,0.509767,0.987655,7747.76,7500.76,1.00022
y_pred[803],0.524954,0.00411783,0.372259,0.568624,0.00244515,0.545712,0.998864,8325.94,7966.75,0.999883
y_pred[804],0.696193,0.00381519,0.33585,0.212299,0.0358935,0.856348,0.999974,7985.93,7707.34,1.00005
y_pred[805],0.182266,0.00117457,0.105882,0.105998,0.0422886,0.166386,0.381496,8223.44,7148.42,0.999955
y_pred[806],0.716957,0.0029475,0.259546,0.258293,0.191563,0.791793,0.997097,7905.46,7730.14,1.00028
y_pred[807],0.83319,0.00331689,0.294103,0.00482142,0.0797389,0.996748,1.0,8043.18,7971.02,1.00033
y_pred[808],0.787833,0.00364339,0.327414,0.0180269,0.0296762,0.987841,1.0,8334.29,8032.39,1.0
y_pred[809],0.802128,0.00297477,0.266382,0.0860442,0.193742,0.941925,0.999996,8175.07,7913.53,1.00026
y_pred[810],0.808474,0.00327081,0.295297,0.0274303,0.0923188,0.981499,1.0,8132.89,7787.88,1.00021
y_pred[811],0.903146,0.00236827,0.215178,0.000811723,0.327587,0.999453,1.0,8155.43,7907.14,0.999924
y_pred[812],0.468243,0.00150107,0.135999,0.144393,0.245309,0.466854,0.695534,8215.75,7685.55,1.0001
y_pred[813],0.748862,0.00288869,0.252587,0.217787,0.219288,0.836051,0.998693,7752.63,7744.52,1.0003
y_pred[814],0.856221,0.00311168,0.279365,0.00137882,0.102006,0.99907,1.0,8235.78,8172.57,0.999856
y_pred[815],0.809915,0.00358852,0.314615,0.00820471,0.0431506,0.994466,1.0,7791.68,7915.01,1.00053
y_pred[816],0.829301,0.00282736,0.252901,0.049507,0.219171,0.966604,0.999999,7985.34,7725.77,1.00036
y_pred[817],0.839802,0.00303629,0.276,0.0107414,0.132792,0.992755,1.0,8280.69,7847.34,1.00022
y_pred[818],0.915306,0.00225227,0.20211,0.000195703,0.395204,0.999868,1.0,7878.48,7958.76,1.00007
y_pred[819],0.512234,0.00149956,0.135532,0.140419,0.28633,0.512409,0.734268,8217.29,7183.41,1.00031
y_pred[820],0.411439,0.00324243,0.283313,0.351809,0.023137,0.377101,0.909472,7628.59,8096.7,1.00032
y_pred[821],0.574217,0.00446498,0.393083,0.465765,0.00152737,0.684186,0.99997,7888.35,7365.76,1.0001
y_pred[822],0.504827,0.00447853,0.400635,0.651445,0.000167669,0.513674,0.999853,7705.55,7849.28,1.00002
y_pred[823],0.531093,0.00368404,0.334203,0.466455,0.017867,0.559602,0.989452,8228.03,7724.05,0.999901
y_pred[824],0.548367,0.00409211,0.375538,0.542173,0.00361595,0.602091,0.999447,8274.48,8055.94,0.999916
y_pred[825],0.716655,0.00366205,0.326984,0.182187,0.0535635,0.876841,0.999985,7999.44,8018.23,0.999976
y_pred[826],0.195598,0.0012068,0.108176,0.105838,0.0500704,0.179678,0.400303,8123.68,7829.95,1.0001
y_pred[827],0.448056,0.00326402,0.283604,0.357515,0.0317491,0.434003,0.913973,7502.49,7683.32,1.00025
y_pred[828],0.609761,0.00424146,0.386071,0.372938,0.00293088,0.747877,0.999986,8058.51,7723.51,1.00075
y_pred[829],0.53962,0.00455395,0.398787,0.574987,0.000424309,0.605012,0.999936,7549.43,7537.82,1.00008
y_pred[830],0.5636,0.00366804,0.33143,0.447347,0.0276,0.607751,0.994495,8086.41,7695.54,1.00053
y_pred[831],0.583054,0.00418609,0.368716,0.472204,0.00707449,0.666977,0.999689,7900.62,7694.03,1.00055
y_pred[832],0.737082,0.00362651,0.319923,0.144715,0.06056,0.902316,0.999995,7832.92,7613.12,1.00028
y_pred[833],0.219555,0.00129125,0.1136,0.114022,0.063389,0.203408,0.42995,7774.16,7455.95,0.999803
y_pred[834],0.0544148,0.00145804,0.131234,0.00103146,2.35208e-13,0.000695708,0.347877,8084.87,8098.64,1.00003
y_pred[835],0.103082,0.00278244,0.240497,5.38743e-05,1.7578999999999999e-22,3.63377e-05,0.798897,6990.34,7128.52,1.00023
y_pred[836],0.0785509,0.00237617,0.214187,9.74262e-07,3.80321e-31,6.57131e-07,0.678929,7825.44,7789.23,1.00006
y_pred[837],0.0836112,0.00210364,0.186054,0.00139675,3.43373e-14,0.000942093,0.55198,8008.7,7493.04,1.00034
y_pred[838],0.0872247,0.00240213,0.210615,9.49897e-05,9.840869999999999e-20,6.40697e-05,0.658492,7808.54,7875.46,1.00072
y_pred[839],0.166499,0.00308818,0.272233,0.0201758,1.47288e-09,0.0136084,0.851265,7798.07,7915.06,1.00035
y_pred[840],0.0194019,0.000413046,0.0366077,0.00554909,3.25952e-07,0.00374736,0.0949169,7639.19,7717.98,1.00001
y_pred[841],0.354004,0.00308121,0.275345,0.322641,0.0117805,0.298725,0.863377,8209.46,7946.03,0.999868
y_pred[842],0.443388,0.00441602,0.396469,0.519258,5.26093e-05,0.354197,0.999295,7920.76,7528.0,0.999998
y_pred[843],0.487478,0.00442657,0.400402,0.64573,8.69232e-05,0.467276,0.99971,8136.08,8056.49,1.00006
y_pred[844],0.484007,0.00369725,0.335697,0.476635,0.0108704,0.468466,0.984519,8301.28,7720.01,1.0005
y_pred[845],0.466349,0.00424981,0.374265,0.564961,0.00104654,0.428169,0.997046,8032.13,7298.08,1.00043
y_pred[846],0.63148,0.00400339,0.35206,0.367987,0.0196326,0.744714,0.999806,7733.46,7679.3,1.00064
y_pred[847],0.291285,0.00141027,0.124451,0.128875,0.105299,0.280031,0.512522,7820.18,7871.69,0.999924
y_pred[848],0.307625,0.00295017,0.264686,0.28126,0.0055438,0.240073,0.832318,8326.66,7768.72,1.00004
y_pred[849],0.398791,0.00454866,0.390378,0.372086,1.45676e-05,0.251395,0.997784,7495.49,7809.87,0.99999
y_pred[850],0.438738,0.00447823,0.396759,0.498657,3.55904e-05,0.338382,0.999195,7898.92,7901.84,0.999987
y_pred[851],0.444279,0.00396033,0.333256,0.456028,0.00625599,0.407162,0.975794,7213.71,7635.52,1.00034
y_pred[852],0.427273,0.00407159,0.371948,0.500622,0.000244912,0.35536,0.994635,8231.46,7380.25,0.999938
y_pred[853],0.584625,0.00394518,0.359749,0.469612,0.0120444,0.658503,0.999195,8145.34,7994.89,1.00008
y_pred[854],0.25639,0.00139136,0.11916,0.12173,0.0871384,0.241704,0.474725,7306.72,7998.23,1.00006
y_pred[855],0.0515718,0.00142974,0.128859,0.000590179,1.93478e-14,0.00039807,0.341409,7778.98,7636.39,0.999939
y_pred[856],0.069936,0.00229426,0.202594,4.0696e-07,9.91717e-32,2.74491e-07,0.636884,8194.6,7528.8,1.00019
y_pred[857],0.0866464,0.00254485,0.226552,1.72022e-06,8.1745e-30,1.16028e-06,0.739321,8132.37,7771.59,0.999858
y_pred[858],0.0837952,0.00208004,0.188311,0.00126095,3.74534e-14,0.000850499,0.564152,7792.29,7549.41,1.00029
y_pred[859],0.0795995,0.00227268,0.20182,2.28526e-05,5.71605e-23,1.54139e-05,0.620271,7920.11,7830.46,1.00023
y_pred[860],0.139433,0.00274197,0.249664,0.00946771,5.3636e-11,0.00638588,0.780068,8024.77,7777.58,0.999941
y_pred[861],0.037588,0.000595161,0.0523764,0.0237952,0.000118371,0.0171912,0.141858,7882.76,7794.06,1.00011
y_pred[862],0.446432,0.00325928,0.288808,0.365243,0.030224,0.417754,0.93159,7921.33,7974.09,0.999821
y_pred[863],0.543671,0.0044091,0.397447,0.570018,0.000858082,0.607266,0.999918,8269.85,7622.7,1.00004
y_pred[864],0.585464,0.00486027,0.396179,0.415123,0.00096869,0.719395,0.999986,6886.86,7624.05,1.00009
y_pred[865],0.576515,0.00375437,0.333044,0.435824,0.025239,0.632389,0.99555,7786.58,7756.74,1.00005
y_pred[866],0.5756,0.00412341,0.37118,0.481933,0.00428174,0.657528,0.999561,8129.33,8058.42,1.00034
y_pred[867],0.714824,0.00364304,0.328054,0.188138,0.048571,0.87281,0.999986,8181.7,8023.21,0.99977
y_pred[868],0.379359,0.00148289,0.132131,0.136576,0.171541,0.373709,0.602781,7981.24,7782.9,0.999954
y_pred[869],0.653437,0.0031286,0.274268,0.31601,0.138526,0.708237,0.9898,7804.64,7727.36,1.00008
y_pred[870],0.732017,0.00407902,0.352753,0.0733175,0.0206386,0.950548,1.0,7532.33,7617.65,1.0001
y_pred[871],0.768712,0.00390484,0.335363,0.0370665,0.0278915,0.974999,1.0,7891.82,7966.98,1.00015
y_pred[872],0.760483,0.00321302,0.285431,0.153767,0.139248,0.895606,0.999964,7730.09,7778.3,1.00033
y_pred[873],0.752286,0.00362821,0.324871,0.0913341,0.0472323,0.938394,1.0,8191.68,8270.45,1.00003
y_pred[874],0.851039,0.00294764,0.261152,0.0115487,0.173542,0.99221,1.0,8070.73,7783.6,1.00029
y_pred[875],0.586019,0.00150127,0.134227,0.143745,0.361951,0.590265,0.799905,8021.35,7829.14,0.999791
y_pred[876],0.0457676,0.00132596,0.118627,0.000304622,2.63753e-15,0.000205465,0.301016,7907.07,7518.1,1.0001
y_pred[877],0.0641869,0.00218415,0.194343,6.27619e-08,1.15401e-34,4.23323e-08,0.562744,8008.14,7806.35,1.00045
y_pred[878],0.0735508,0.00230379,0.204747,3.66334e-07,5.88375e-32,2.47089e-07,0.620413,7767.22,7753.35,1.00004
y_pred[879],0.0758959,0.00201437,0.179174,0.000539965,1.86408e-15,0.000364201,0.524286,7968.92,7807.97,1.00004
y_pred[880],0.0693564,0.0021174,0.191763,6.1507e-06,4.02136e-26,4.14859e-06,0.586987,7851.03,8226.1,0.999935
y_pred[881],0.128165,0.00266667,0.242118,0.00443008,3.5014e-12,0.00298805,0.76373,8329.77,8078.58,0.999736
y_pred[882],0.0344414,0.000567547,0.0499941,0.0203452,5.15254e-05,0.0143864,0.136192,7810.0,7650.01,0.999936
y_pred[883],0.796406,0.00251989,0.231536,0.152538,0.295426,0.891934,0.999645,7982.21,8150.46,1.00017
y_pred[884],0.852541,0.00315009,0.278689,0.00197334,0.112615,0.998669,1.0,7910.51,8012.43,1.00028
y_pred[885],0.869585,0.00304035,0.270277,0.000481845,0.122504,0.999675,1.0,7807.26,7945.19,0.99974
y_pred[886],0.869881,0.00261443,0.226601,0.0180136,0.298781,0.98785,1.0,7885.26,7436.42,1.00029
y_pred[887],0.862811,0.00289117,0.256643,0.00454343,0.174872,0.996935,1.0,8046.15,7821.66,1.00004
y_pred[888],0.921021,0.00221602,0.196917,7.56126e-05,0.402853,0.999949,1.0,8003.79,7846.65,0.99993
y_pred[889],0.74552,0.00132797,0.118218,0.118508,0.529683,0.758436,0.917202,8014.06,7326.69,0.999775
y_pred[890],0.594987,0.00317785,0.282953,0.347582,0.0960764,0.634332,0.977704,7729.13,7327.41,1.00012
y_pred[891],0.685155,0.00406731,0.369319,0.158804,0.00905721,0.892884,1.0,8406.17,7700.1,1.0002
y_pred[892],0.716586,0.00409821,0.360397,0.089022,0.0124878,0.939955,1.0,7890.14,7256.03,0.999954
y_pred[893],0.714067,0.00333231,0.301406,0.235699,0.0968037,0.836391,0.999802,8132.59,8014.21,1.00014
y_pred[894],0.696371,0.00396118,0.34611,0.186993,0.0277864,0.8738,0.999994,7675.39,7838.21,1.00013
y_pred[895],0.817652,0.00313849,0.280263,0.0326372,0.144355,0.977986,1.0,8070.24,7680.43,1.00016
y_pred[896],0.52245,0.00151958,0.137779,0.147319,0.293713,0.522784,0.745119,8259.43,7889.35,1.00005
y_pred[897],0.847449,0.00230349,0.20829,0.0770648,0.366674,0.947759,0.999977,7996.07,7464.37,1.00011
y_pred[898],0.892917,0.00279105,0.245607,6.37518e-05,0.1726,0.999957,1.0,7806.46,7878.57,0.999654
y_pred[899],0.908547,,0.229336,5.9304e-06,0.246293,0.999996,1.0,7477.45,7418.11,1.0004
y_pred[900],0.912609,0.00205308,0.18678,0.00262791,0.454396,0.998228,1.0,8400.52,8093.57,0.999985
y_pred[901],0.902012,0.00250172,0.219978,0.000298744,0.309616,0.999799,1.0,8199.56,7801.69,1.00028
y_pred[902],0.942105,,0.171224,1.4826e-06,0.530221,0.999999,1.0,7945.0,7683.79,0.999791
y_pred[903],0.810424,0.00118583,0.106573,0.105252,0.612388,0.827219,0.954499,8146.52,7543.74,0.999832
y_pred[904],0.452988,0.00321059,0.287267,0.366962,0.0325557,0.43704,0.927394,8039.68,8010.11,1.00052
y_pred[905],0.542769,0.00445288,0.394992,0.567611,0.000810993,0.606746,0.999878,7682.82,7865.98,0.999814
y_pred[906],0.572466,0.00438614,0.397165,0.47338,0.00102645,0.679511,0.999983,8067.2,6860.49,1.00055
y_pred[907],0.581201,0.00375078,0.329951,0.437037,0.0330722,0.633046,0.995644,7865.72,7752.17,1.00003
y_pred[908],0.563395,0.00424074,0.373124,0.510849,0.00468694,0.632708,0.999547,7924.46,7803.61,1.00053
y_pred[909],0.716771,0.00367969,0.327907,0.180628,0.051783,0.877875,0.999988,8048.27,7862.32,0.999895
y_pred[910],0.377442,0.00148435,0.133345,0.138034,0.170466,0.370326,0.608423,8109.57,7700.81,1.00009
y_pred[911],0.451438,0.00322392,0.289238,0.370111,0.0312718,0.43014,0.933452,7987.69,8006.09,1.00045
y_pred[912],0.538868,0.00449328,0.396685,0.592658,0.00070697,0.58792,0.999918,7605.67,8056.18,0.999797
y_pred[913],0.58113,0.00444007,0.394844,0.444237,0.00119929,0.699412,0.999984,7686.43,7496.64,1.00038
y_pred[914],0.583993,0.00375662,0.331371,0.435591,0.0350997,0.641474,0.995562,7231.77,7526.32,1.00025
y_pred[915],0.560804,0.00419997,0.371853,0.520583,0.00490604,0.619897,0.999575,7914.99,7889.28,0.999952
y_pred[916],0.726043,0.00354079,0.32459,0.159546,0.0532186,0.89224,0.999993,8362.14,7249.32,1.0002
y_pred[917],0.378581,0.00148612,0.132572,0.138108,0.171683,0.372785,0.604639,8086.55,7965.32,1.00004
y_pred[918],0.0454125,0.00134966,0.12149,0.000280141,7.15723e-16,0.000188952,0.315997,7813.78,7698.13,0.999879
y_pred[919],0.0674053,0.00220726,0.19959,4.06213e-08,2.27113e-35,2.73987e-08,0.602953,8277.17,7652.97,1.00033
y_pred[920],0.0739669,0.00234033,0.207433,2.30587e-07,2.9678e-32,1.55529e-07,0.642942,7937.13,7774.35,0.999879
y_pred[921],0.0734907,0.00203834,0.176654,0.000490334,8.25665e-16,0.000330725,0.49278,7848.84,7632.72,1.00019
y_pred[922],0.0696876,0.00214184,0.189804,7.44174e-06,2.91822e-25,5.01939e-06,0.549744,7729.95,7552.71,0.999963
y_pred[923],0.126976,0.00285011,0.244801,0.00477798,2.35611e-12,0.00322271,0.774613,7193.59,7874.83,0.999915
y_pred[924],0.0333614,0.000557972,0.0484185,0.019129,4.74223e-05,0.0135096,0.134582,7737.37,7170.88,1.00027
y_pred[925],0.356173,0.00321537,0.276222,0.322991,0.0104779,0.306304,0.866955,7295.58,7752.23,1.00062
y_pred[926],0.434994,0.00440006,0.393546,0.490457,7.16731e-05,0.33443,0.999173,7722.37,7853.56,1.00025
y_pred[927],0.483899,0.004404,0.401817,0.639808,0.000123799,0.457334,0.999794,8331.64,7722.62,0.999848
y_pred[928],0.484643,0.00374769,0.334419,0.469786,0.0104554,0.474012,0.983316,8045.08,7740.22,0.999843
y_pred[929],0.470976,0.0041152,0.374892,0.572082,0.000794281,0.446879,0.996899,8191.03,7770.09,0.999903
y_pred[930],0.634443,0.00395801,0.351389,0.361399,0.0196948,0.75125,0.999817,7797.82,7869.79,1.0004
y_pred[931],0.292062,0.00140156,0.124224,0.128148,0.107726,0.281072,0.516278,7920.8,7762.22,1.00009
y_pred[932],0.312673,0.00292731,0.2655,0.284349,0.00648134,0.24664,0.824191,8346.81,7806.41,0.99995
y_pred[933],0.399812,0.00437701,0.389794,0.391378,1.24951e-05,0.264637,0.997777,7898.91,7914.85,1.0004
y_pred[934],0.446391,0.00447393,0.399855,0.536111,3.78215e-05,0.364804,0.999475,8089.61,7695.51,1.00013
y_pred[935],0.438653,0.00370331,0.332599,0.455025,0.00543969,0.401438,0.972954,8087.61,7765.86,1.00028
y_pred[936],0.417613,0.00425579,0.371279,0.473026,0.000236868,0.33108,0.993409,7660.55,7740.01,1.00043
y_pred[937],0.58937,0.00403592,0.362493,0.445945,0.0120768,0.68304,0.999381,8074.89,7807.0,1.00004
y_pred[938],0.254318,0.00129953,0.11898,0.122229,0.0827574,0.239433,0.467516,8376.83,7712.23,1.00016
y_pred[939],0.0505224,0.00143784,0.127901,0.000612349,2.16035e-14,0.000413024,0.31637,8145.72,7777.6,1.00007
y_pred[940],0.0731662,0.00229391,0.207668,2.58049e-07,1.70376e-32,1.74052e-07,0.647078,8149.86,7990.38,0.999825
y_pred[941],0.0865821,0.0025208,0.224955,2.54665e-06,1.54257e-28,1.7177e-06,0.727545,7890.06,7729.88,1.00004
y_pred[942],0.0829056,0.0021259,0.18682,0.00107241,2.60105e-14,0.000723333,0.551808,7526.93,7971.32,0.999818
y_pred[943],0.0745349,0.00218094,0.196606,2.11016e-05,3.49441e-23,1.42329e-05,0.594629,8068.28,7936.48,0.999788
y_pred[944],0.135898,0.00284791,0.247251,0.00820862,2.52452e-11,0.00553663,0.776304,7662.88,7946.62,0.999814
y_pred[945],0.0379637,0.000578952,0.0509453,0.0248818,0.000110355,0.0179728,0.143384,7942.96,7410.55,1.00025
y_pred[946],0.456081,0.00322315,0.289319,0.3715,0.0344178,0.433938,0.93163,8044.41,8016.06,1.00021
y_pred[947],0.54797,0.0043816,0.39535,0.56287,0.000766022,0.61227,0.999914,8035.65,8054.83,1.00023
y_pred[948],0.589434,0.00436384,0.391525,0.423237,0.00157255,0.713568,0.999985,8349.19,8001.0,1.00011
y_pred[949],0.583232,0.0037188,0.330574,0.43034,0.0301345,0.640475,0.995829,7957.43,8034.64,0.999965
y_pred[950],0.565748,0.00420523,0.372726,0.512823,0.0040031,0.633282,0.999673,7879.13,7676.13,1.00029
y_pred[951],0.722422,0.00363479,0.327145,0.168218,0.0508094,0.886358,0.999991,8266.34,8055.84,0.999871
y_pred[952],0.379135,0.0015014,0.132564,0.139141,0.169911,0.373506,0.605291,7811.02,7767.64,0.999821
y_pred[953],0.652567,0.00301428,0.275224,0.315752,0.144196,0.708372,0.989896,8299.14,7984.91,0.999964
y_pred[954],0.735933,0.00383124,0.348872,0.0714324,0.0194305,0.95182,1.0,8092.48,8139.79,1.00021
y_pred[955],0.771369,0.00371542,0.335342,0.0326683,0.0277125,0.977966,1.0,8003.41,7643.75,0.99983
y_pred[956],0.76633,0.00322274,0.283423,0.14785,0.142176,0.899647,0.999965,7979.19,7849.35,1.00111
y_pred[957],0.75389,0.00361117,0.322823,0.0927114,0.0510973,0.937462,1.0,7944.71,7686.2,1.00029
y_pred[958],0.852993,0.00283211,0.257705,0.0111744,0.200786,0.992463,1.0,7411.18,7575.84,1.00018
y_pred[959],0.585671,0.00152647,0.134978,0.13919,0.35909,0.590567,0.801739,7858.6,7520.45,1.00015
y_pred[960],0.0457702,0.00138374,0.119826,0.000374312,8.46368e-16,0.00025247,0.302773,8144.98,8013.18,1.00051
y_pred[961],0.0643743,0.00217558,0.193269,6.46992e-08,5.54529e-36,4.3639e-08,0.569191,7986.51,7771.22,1.00005
y_pred[962],0.074011,0.00227764,0.20847,3.97218e-07,8.4727e-32,2.6792e-07,0.650095,7887.67,7957.37,0.999965
y_pred[963],0.0760824,0.00204457,0.180178,0.000599829,3.66019e-15,0.000404579,0.51086,7663.35,7600.02,0.999863
y_pred[964],0.069129,0.00212146,0.190904,4.75462e-06,2.25193e-25,3.20695e-06,0.562694,8162.22,7807.43,1.00027
y_pred[965],0.131219,0.00275226,0.247553,0.00461992,3.76048e-12,0.0031161,0.777397,8060.3,7770.39,1.00004
y_pred[966],0.0338342,0.000564484,0.0488305,0.0203895,6.36994e-05,0.0144115,0.132941,7776.1,7923.76,1.00018
y_pred[967],0.794064,0.00258642,0.232349,0.154199,0.295097,0.89141,0.999645,8153.3,7616.21,1.0001
y_pred[968],0.852555,0.00323164,0.280944,0.00170054,0.103385,0.998853,1.0,7522.15,7647.2,1.00032
y_pred[969],0.870183,0.00302851,0.266962,0.000480362,0.130209,0.999676,1.0,7600.06,7949.78,1.00018
y_pred[970],0.8655,0.00266992,0.228296,0.019259,0.294033,0.98701,1.0,7857.12,7829.07,1.00011
y_pred[971],0.862345,0.00290917,0.259146,0.00511052,0.165383,0.996553,1.0,7805.55,8040.8,0.99986
y_pred[972],0.919763,0.00223466,0.196253,9.19212e-05,0.427768,0.999938,1.0,7769.1,7721.48,1.0003
y_pred[973],0.7434,0.00131977,0.118751,0.121233,0.527145,0.756627,0.91324,8171.72,7600.83,0.9998
y_pred[974],0.591549,0.00321301,0.286615,0.35711,0.0941912,0.632722,0.97938,8125.54,8158.32,1.00033
y_pred[975],0.686384,0.00412572,0.368031,0.158765,0.00795041,0.892907,0.999999,8100.02,7443.03,1.00039
y_pred[976],0.716821,0.00404582,0.359534,0.0977041,0.0122055,0.934099,1.0,8034.61,7650.94,0.999812
y_pred[977],0.71372,0.00331299,0.302486,0.235327,0.0893095,0.837086,0.9998,8441.84,7964.06,1.0005
y_pred[978],0.701425,0.00385645,0.343992,0.185483,0.0276492,0.874788,0.999995,8048.57,7993.6,1.00058
y_pred[979],0.818889,0.00317836,0.280438,0.0310857,0.137951,0.979033,1.0,7737.51,8139.08,1.00026
y_pred[980],0.525065,0.00147255,0.134648,0.139412,0.297862,0.524409,0.745688,8357.1,6999.3,0.99987
y_pred[981],0.853736,0.00236626,0.203314,0.0720744,0.38962,0.951047,0.999979,7560.39,7395.66,1.00004
y_pred[982],0.897547,0.00272693,0.240938,7.11648e-05,0.201368,0.999952,1.0,8147.3,7525.2,1.00014
y_pred[983],0.907914,0.00264114,0.23211,7.413e-06,0.234983,0.999995,1.0,7846.47,7715.64,1.00125
y_pred[984],0.905107,0.00219293,0.196245,0.0026457,0.411835,0.998215,1.0,8058.29,7969.55,1.00035
y_pred[985],0.901691,0.00255828,0.222751,0.000286883,0.289751,0.999807,1.0,7941.65,7724.44,1.00016
y_pred[986],0.946304,0.00185287,0.163429,1.4826e-06,0.572239,0.999999,1.0,8208.11,7552.94,1.00015
y_pred[987],0.811686,0.00116921,0.104742,0.104703,0.614962,0.826591,0.953902,8027.31,7861.44,1.00056
y_pred[988],0.447225,0.00318442,0.284847,0.362547,0.0315008,0.429635,0.920484,8063.31,7955.26,1.00013
y_pred[989],0.548611,0.00437835,0.39639,0.539283,0.000687378,0.630365,0.999902,7661.53,8015.19,1.00073
y_pred[990],0.576128,0.00450028,0.394895,0.457117,0.00097705,0.690427,0.999975,7673.87,7059.03,1.00021
y_pred[991],0.578238,0.00369822,0.33381,0.441996,0.0255109,0.628059,0.995263,8082.73,7993.39,0.999953
y_pred[992],0.552484,0.00421713,0.374394,0.539245,0.00482361,0.605789,0.999583,7933.66,8100.71,0.999806
y_pred[993],0.714645,0.00372352,0.330246,0.176344,0.0514579,0.880855,0.999987,7928.5,7637.61,0.999917
y_pred[994],0.37571,0.00147534,0.131843,0.138215,0.170539,0.371262,0.598745,8037.26,7871.15,0.99997
y_pred[995],0.45441,0.00325131,0.287729,0.366062,0.0335847,0.438893,0.92871,7868.03,7875.55,1.00015
y_pred[996],0.54123,0.00441416,0.392363,0.578559,0.000702403,0.594648,0.999911,7929.52,7918.88,0.999903
y_pred[997],0.580522,0.00455949,0.393395,0.456488,0.0011389,0.690583,0.999983,7626.54,7490.76,0.999807
y_pred[998],0.580172,0.00368251,0.3309,0.442103,0.0294458,0.631482,0.995882,8096.26,7923.36,1.00084
y_pred[999],0.562794,0.00426536,0.372622,0.516648,0.00469425,0.629128,0.999501,7535.66,7845.23,1.00018
y_pred[1000],0.712718,0.00371282,0.33139,0.182994,0.0430752,0.876343,0.999988,8029.89,7845.16,1.00012
y_pred[1001],0.379397,0.00151004,0.131937,0.1379,0.173139,0.373709,0.606751,7642.07,8079.74,1.00021
y_pred[1002],0.0450066,0.00138209,0.12096,0.00023359,3.92709e-16,0.000157554,0.294605,7624.96,7793.65,1.00012
y_pred[1003],0.063666,0.00219567,0.191197,3.8426e-08,1.6753500000000002e-34,2.5918e-08,0.56098,7398.29,7929.96,0.999827
y_pred[1004],0.0745142,0.0022698,0.208827,4.67292e-07,2.68861e-32,3.15184e-07,0.646139,8570.2,8271.79,1.00014
y_pred[1005],0.0703806,0.00188437,0.172314,0.000485041,6.63553e-16,0.000327156,0.485842,8435.73,8230.64,1.00034
y_pred[1006],0.0703056,0.00221413,0.193473,4.83285e-06,4.2854900000000004e-26,3.25972e-06,0.573709,7654.83,7804.76,0.999944
y_pred[1007],0.125761,0.00277281,0.242868,0.00399153,1.14334e-12,0.00269225,0.774846,8096.11,7641.67,0.999897
y_pred[1008],0.0335588,0.000548466,0.048295,0.0189989,5.10554e-05,0.0133346,0.135803,7814.58,7691.61,1.0
y_pred[1009],0.358725,0.00309372,0.279129,0.32259,0.0112866,0.300847,0.873355,8207.92,7843.18,1.0003
y_pred[1010],0.448111,0.00432413,0.394072,0.544913,6.08084e-05,0.374804,0.998995,8259.68,7921.14,0.999913
y_pred[1011],0.4856,0.00436722,0.39633,0.635025,0.000145515,0.459059,0.999677,8200.59,7930.67,1.00002
y_pred[1012],0.48382,0.00372864,0.336479,0.477525,0.0119933,0.474878,0.983488,8228.89,7728.88,1.00037
y_pred[1013],0.469386,0.00416249,0.373841,0.564706,0.000803039,0.436029,0.997246,8081.9,8053.46,1.00012
y_pred[1014],0.629821,0.00404355,0.35135,0.373409,0.0189945,0.740819,0.999759,7785.98,7712.95,0.999888
y_pred[1015],0.292699,0.00136815,0.124259,0.128051,0.10963,0.280626,0.51256,8312.26,7088.93,1.0002
y_pred[1016],0.309229,0.00299185,0.268228,0.279727,0.00546668,0.237002,0.836226,8319.22,7647.33,0.999991
y_pred[1017],0.394102,0.00442612,0.388585,0.3609,1.59154e-05,0.243807,0.99765,8043.23,8015.67,1.00043
y_pred[1018],0.442835,0.00450396,0.399331,0.522308,4.46718e-05,0.355283,0.999183,7762.9,7869.42,1.00018
y_pred[1019],0.43715,0.00383548,0.334343,0.461538,0.00515517,0.396363,0.972433,7679.51,7438.75,1.00043
y_pred[1020],0.424636,0.0041058,0.371208,0.486663,0.000355647,0.342579,0.993676,8240.1,8138.56,1.00024
y_pred[1021],0.58437,0.00412002,0.359783,0.465846,0.0111583,0.662586,0.999249,7719.8,7392.22,1.00007
y_pred[1022],0.255135,0.00129898,0.118666,0.121847,0.0839573,0.24079,0.472009,8410.44,8042.18,1.00029
y_pred[1023],0.0486363,0.00139328,0.127203,0.000520221,6.94359e-15,0.000350885,0.320761,8097.49,7378.33,1.00024
y_pred[1024],0.0713776,0.00229325,0.203221,3.6734e-07,1.14696e-32,2.47768e-07,0.602509,7992.7,7871.56,1.00017
y_pred[1025],0.084314,0.00246573,0.223418,1.98202e-06,4.7225e-28,1.33686e-06,0.739776,8109.71,7931.0,0.999945
y_pred[1026],0.0829137,0.002083,0.185384,0.00124046,5.81094e-14,0.000836677,0.541782,8127.06,7717.12,0.999811
y_pred[1027],0.0755738,0.00222327,0.197238,2.37542e-05,5.41849e-23,1.6022e-05,0.573801,8012.03,8011.81,1.00002
y_pred[1028],0.135962,0.00276923,0.247443,0.00786459,3.06381e-11,0.0053046,0.784679,8038.91,7850.38,0.999848
y_pred[1029],0.037444,0.00056082,0.0500746,0.0249087,0.000123913,0.0180869,0.141052,8030.65,7843.14,1.0005
y_pred[1030],0.45311,0.003355,0.28623,0.363225,0.0313807,0.439327,0.926894,7362.61,7717.96,1.00011
y_pred[1031],0.546723,0.00435885,0.395375,0.552078,0.000709189,0.621203,0.999931,8325.39,8142.26,0.999938
y_pred[1032],0.586789,0.00444182,0.394676,0.424737,0.00128428,0.712724,0.999987,7748.53,7114.78,0.99991
y_pred[1033],0.575734,0.00390707,0.332122,0.445947,0.0270255,0.62508,0.99538,7107.97,7210.44,1.00022
y_pred[1034],0.560659,0.00408199,0.373417,0.52145,0.00523633,0.624513,0.999533,8431.33,7974.2,1.00018
y_pred[1035],0.722759,0.00356692,0.324488,0.167862,0.052916,0.886636,0.999991,8177.28,7719.02,0.999799
y_pred[1036],0.37974,0.00147164,0.132512,0.140043,0.171176,0.375217,0.605393,8112.07,7907.31,0.999983
y_pred[1037],0.656872,0.00311015,0.277541,0.307177,0.137275,0.723518,0.991366,7982.45,7681.57,1.00039
y_pred[1038],0.734485,0.00389804,0.350923,0.0700291,0.0179809,0.952766,1.0,8024.75,8147.11,1.00009
y_pred[1039],0.759341,0.00384893,0.343026,0.0395661,0.0227517,0.973313,1.0,7671.84,7500.33,1.00004
y_pred[1040],0.765805,0.00312967,0.281806,0.148213,0.151155,0.899581,0.999971,7973.66,8275.16,1.00018
y_pred[1041],0.749585,0.00359376,0.323884,0.0989176,0.0475418,0.933279,1.0,8054.91,7889.87,0.999897
y_pred[1042],0.850942,0.00297886,0.260346,0.0113048,0.179499,0.992375,1.0,7935.96,7484.22,0.999773
y_pred[1043],0.58498,0.00148744,0.134218,0.141098,0.358059,0.588526,0.798738,8192.3,7743.95,0.999948
y_pred[1044],0.0453431,0.00132009,0.118311,0.000279647,6.66368e-16,0.00018862,0.295451,8202.65,7887.67,1.00022
y_pred[1045],0.0642676,0.00220994,0.193412,9.5061e-08,7.93431e-35,6.41177e-08,0.562727,7990.82,7265.05,0.999943
y_pred[1046],0.0746368,0.00234289,0.209195,5.75254e-07,3.03656e-32,3.88004e-07,0.634675,7968.11,7556.01,0.999809
y_pred[1047],0.0716655,0.00203257,0.173365,0.000605982,1.97948e-15,0.000408729,0.499743,7411.73,7526.64,0.999929
y_pred[1048],0.0740345,0.00218513,0.198559,5.30436e-06,4.722319999999999e-25,3.57774e-06,0.610766,8180.16,7972.49,1.00029
y_pred[1049],0.125527,0.00266809,0.239293,0.0041804,3.9807e-12,0.00281964,0.758845,7720.31,7807.6,0.999936
y_pred[1050],0.0341845,0.000533307,0.0482874,0.0207794,6.47345e-05,0.0147486,0.137467,8276.7,8055.68,1.00003
y_pred[1051],0.789729,0.0026674,0.236479,0.161771,0.275862,0.884574,0.999615,8145.97,7620.02,1.00033
y_pred[1052],0.850452,0.00319664,0.283072,0.00206007,0.0937966,0.998611,1.0,8061.69,8097.84,1.00001
y_pred[1053],0.869584,0.00301576,0.270874,0.000404009,0.117293,0.999727,1.0,8277.5,7971.43,1.00005
y_pred[1054],0.865235,0.00259814,0.229879,0.0196444,0.285644,0.98675,1.0,8156.27,7667.39,0.999908
y_pred[1055],0.862595,0.0029273,0.258344,0.00498228,0.179012,0.99664,1.0,7631.08,7708.5,1.00006
y_pred[1056],0.924364,0.00210069,0.190093,8.96973e-05,0.445197,0.999939,1.0,7899.78,7575.87,1.00005
y_pred[1057],0.742248,0.0013741,0.119128,0.119873,0.523013,0.7558,0.916186,7479.35,7596.66,1.00033
y_pred[1058],0.588712,0.00316427,0.284094,0.352626,0.094843,0.621023,0.978985,8056.12,7928.4,1.00004
y_pred[1059],0.684799,0.00407779,0.367825,0.158969,0.00855109,0.892773,1.0,7838.51,7858.71,0.999913
y_pred[1060],0.717505,0.00424469,0.362382,0.0851198,0.00917021,0.942588,1.0,7484.98,7888.32,1.00058
y_pred[1061],0.713562,0.0036061,0.302946,0.234713,0.0979408,0.837457,0.999834,7484.14,7523.17,1.00069
y_pred[1062],0.697571,0.00392588,0.344673,0.196879,0.0269391,0.867042,0.999994,7904.56,7867.88,1.00013
y_pred[1063],0.819771,0.00314079,0.281082,0.0290664,0.131373,0.980395,1.0,8280.32,7677.2,1.00002
y_pred[1064],0.523551,0.00152144,0.136858,0.14215,0.293555,0.525338,0.748937,8092.09,7822.48,1.00019
y_pred[1065],0.847404,0.00229686,0.20807,0.0784095,0.37078,0.946831,0.999979,8227.73,7946.05,1.00025
y_pred[1066],0.890939,0.0027461,0.246349,7.413e-05,0.195014,0.99995,1.0,7836.23,7764.93,0.999864
y_pred[1067],0.912008,0.00251607,0.225463,7.413e-06,0.273836,0.999995,1.0,7991.46,7785.83,0.999967
y_pred[1068],0.910156,0.00215828,0.194304,0.00285549,0.425151,0.998074,1.0,8059.92,7837.45,1.00022
y_pred[1069],0.902917,0.002526,0.222343,0.000250559,0.305248,0.999831,1.0,7591.11,7481.7,0.999832
y_pred[1070],0.947593,0.00177967,0.162484,0.0,0.57986,1.0,1.0,8197.24,8074.35,1.00041
y_pred[1071],0.811074,0.0012026,0.107348,0.105154,0.60983,0.827247,0.955473,8082.97,7867.46,1.00015
y_pred[1072],0.453031,0.00324839,0.287399,0.364909,0.0331762,0.43695,0.930051,8046.74,8140.38,0.999969
y_pred[1073],0.545933,0.00436831,0.394989,0.552718,0.000605696,0.619606,0.999924,8203.67,7691.09,0.999908
y_pred[1074],0.577143,0.00451955,0.396858,0.438638,0.00121209,0.703244,0.99998,7714.38,7846.13,0.999953
y_pred[1075],0.579611,0.00371996,0.331523,0.443092,0.0285901,0.626549,0.995529,8007.19,7569.98,0.999939
y_pred[1076],0.563967,0.00416753,0.372104,0.510455,0.00462691,0.63056,0.99947,8109.5,8009.19,0.999918
y_pred[1077],0.717649,0.00371676,0.326907,0.174151,0.0495549,0.882374,0.999991,7768.07,7834.53,0.999906
y_pred[1078],0.376638,0.00147758,0.133894,0.138838,0.168244,0.370138,0.609218,8313.23,8045.41,1.00031
y_pred[1079],0.453279,0.00328994,0.288221,0.364944,0.0321736,0.434265,0.932141,7745.76,7994.86,1.00033
y_pred[1080],0.552352,0.00435382,0.393014,0.535128,0.000745288,0.631844,0.999909,7863.51,7009.26,1.00002
y_pred[1081],0.584791,0.00441922,0.39286,0.426488,0.00127866,0.711536,0.999986,7931.38,7660.61,0.999944
y_pred[1082],0.582427,0.00383819,0.331063,0.432279,0.0298121,0.638719,0.995562,7596.59,7753.77,0.999813
y_pred[1083],0.564867,0.00415173,0.372069,0.505514,0.00496365,0.635071,0.999448,8112.38,8086.47,0.999897
y_pred[1084],0.722535,0.00365138,0.326323,0.174804,0.0493603,0.881857,0.999988,7786.77,8072.26,1.00038
y_pred[1085],0.378828,0.00147866,0.132779,0.13633,0.173897,0.370856,0.607868,8094.92,7751.42,1.00016
y_pred[1086],0.0422391,0.00128135,0.116732,0.000208295,5.08997e-16,0.000140493,0.279491,8081.27,7769.89,1.00021
y_pred[1087],0.0624191,0.00219407,0.191921,5.38114e-08,4.10732e-35,3.62953e-08,0.516368,7577.09,7837.34,1.00005
y_pred[1088],0.074793,0.00241171,0.2113,2.40921e-07,1.40528e-32,1.62499e-07,0.669732,7640.94,7756.61,1.00036
y_pred[1089],0.0728149,0.0019396,0.175812,0.000469025,9.71803e-16,0.000316353,0.510283,8388.45,7895.65,1.00016
y_pred[1090],0.0716152,0.00220308,0.194621,5.46027e-06,1.1734899999999999e-25,3.6829e-06,0.584051,7646.15,8231.54,1.00013
y_pred[1091],0.132636,0.00279792,0.248676,0.00514007,2.9116e-12,0.00346693,0.790865,7861.73,7850.88,0.999779
y_pred[1092],0.0335087,0.000543139,0.0485626,0.0197852,4.78127e-05,0.0139394,0.137471,7991.94,7912.05,0.999936
y_pred[1093],0.359491,0.00314805,0.279146,0.325444,0.0100944,0.305988,0.88406,7862.11,7928.53,0.999695
y_pred[1094],0.447873,0.0043345,0.394519,0.540298,6.52006e-05,0.370451,0.99931,8328.97,8042.38,0.999839
y_pred[1095],0.484972,0.00461792,0.399928,0.636296,0.000132064,0.455896,0.999793,7524.97,7638.49,0.999903
y_pred[1096],0.488207,0.00378155,0.335781,0.479422,0.0115967,0.486384,0.98512,8000.93,7777.32,1.00031
y_pred[1097],0.465244,0.0042215,0.374969,0.560893,0.000799619,0.425673,0.997154,7967.81,7704.52,0.99993
y_pred[1098],0.628308,0.00395038,0.353058,0.363038,0.0181701,0.748671,0.999743,8175.86,8230.22,0.999773
y_pred[1099],0.293236,0.00140735,0.125736,0.129381,0.10698,0.282141,0.516666,8066.85,7574.46,1.0003
y_pred[1100],0.311748,0.00302751,0.269367,0.280362,0.00571163,0.237559,0.838605,8039.16,7540.57,1.00028
y_pred[1101],0.399421,0.00447415,0.388007,0.388837,1.41482e-05,0.262862,0.997333,7842.45,7541.3,0.999736
y_pred[1102],0.43614,0.0045735,0.396738,0.498565,3.50095e-05,0.338618,0.999314,7686.22,7980.1,1.00017
y_pred[1103],0.43991,0.00372108,0.333446,0.451041,0.00603452,0.392796,0.975866,8028.26,7848.25,1.00037
y_pred[1104],0.418946,0.00420243,0.369574,0.473367,0.00027821,0.33312,0.992943,7678.93,7969.33,0.999943
y_pred[1105],0.58371,0.00407126,0.359095,0.468124,0.011094,0.66025,0.999324,7749.15,7674.71,1.00008
y_pred[1106],0.255669,0.00136308,0.119679,0.124341,0.0842015,0.243196,0.470457,7959.44,7496.5,1.00073
y_pred[1107],0.0500357,0.00137386,0.123242,0.000636731,2.39985e-14,0.000429469,0.315731,8128.51,7565.8,0.999832
y_pred[1108],0.0711225,0.00227632,0.203068,3.49762e-07,3.02112e-32,2.35911e-07,0.627195,7807.6,7971.32,1.00038
y_pred[1109],0.0833844,0.0025201,0.222021,1.57207e-06,7.49061e-29,1.06035e-06,0.716855,8173.98,7926.65,0.999634
y_pred[1110],0.0804145,0.00206378,0.181138,0.00135935,6.59619e-14,0.000916867,0.529865,8058.15,6990.89,1.00004
y_pred[1111],0.0741516,0.00223263,0.197501,2.74245e-05,8.80636e-23,1.84976e-05,0.604471,7219.41,7693.92,1.00051
y_pred[1112],0.141448,0.0029832,0.252496,0.00932074,6.80438e-11,0.00628675,0.803102,7393.74,7563.63,1.00015
y_pred[1113],0.0383987,0.000579958,0.051633,0.0252945,0.000120743,0.018369,0.146809,8015.41,7838.93,0.999808
y_pred[1114],0.452867,0.00322709,0.28718,0.365631,0.0354202,0.434624,0.925432,7962.27,7994.37,1.0003
y_pred[1115],0.547491,0.00439964,0.393524,0.554243,0.000897227,0.61681,0.999907,8216.23,7888.35,1.00025
y_pred[1116],0.592746,0.00436102,0.392749,0.401576,0.00168333,0.728544,0.999982,8292.19,7907.54,1.00034
y_pred[1117],0.57643,0.00369682,0.333856,0.449388,0.0299836,0.62853,0.995511,7942.69,7894.4,1.00026
y_pred[1118],0.566525,0.00427562,0.372026,0.507687,0.00532935,0.637272,0.999584,7398.87,7438.64,0.999835
y_pred[1119],0.712312,0.00369649,0.331334,0.180104,0.0472075,0.878319,0.999989,8131.67,8023.31,1.00006
y_pred[1120],0.380242,0.00147664,0.134078,0.139507,0.171549,0.373151,0.612596,8291.12,7885.71,1.00023
y_pred[1121],0.649919,0.00309805,0.273843,0.321282,0.1448,0.702296,0.989599,7822.9,7970.58,1.00042
y_pred[1122],0.732485,0.00393296,0.351998,0.0712241,0.0174898,0.95196,1.0,7997.92,8072.52,1.00032
y_pred[1123],0.762221,0.00387321,0.3452,0.0317892,0.0174317,0.978558,1.0,7755.74,8037.33,0.999933
y_pred[1124],0.763855,0.00314767,0.283534,0.151028,0.141661,0.897576,0.999966,8015.78,7562.15,1.00074
y_pred[1125],0.7524,0.00368222,0.325196,0.0869967,0.052329,0.941319,1.0,7817.53,7843.41,1.0002
y_pred[1126],0.85318,0.00289901,0.259177,0.0112077,0.178634,0.992441,1.0,7839.9,7835.78,1.00011
y_pred[1127],0.589407,0.00149311,0.134898,0.13872,0.359022,0.594548,0.803021,8165.05,7633.77,0.9998
y_pred[1128],0.0452361,0.00131718,0.117706,0.000374907,2.74233e-15,0.000252872,0.290192,8082.68,7890.83,0.999999
y_pred[1129],0.0669652,0.00228964,0.196499,9.93644e-08,5.05112e-35,6.70203e-08,0.582914,7476.81,7717.98,1.0004
y_pred[1130],0.0749891,0.00229704,0.209244,4.15182e-07,5.611e-32,2.80037e-07,0.659896,8400.64,8100.93,0.99979
y_pred[1131],0.077376,0.00199381,0.180941,0.000643709,1.15479e-15,0.000434176,0.531088,8120.95,7719.07,0.999988
y_pred[1132],0.0726473,0.00216935,0.196155,6.48046e-06,8.78945e-26,4.37101e-06,0.580073,7979.78,7501.25,1.00004
y_pred[1133],0.131045,0.00287427,0.246342,0.00532769,2.57761e-12,0.00359348,0.77066,7500.47,7202.28,0.999809
y_pred[1134],0.034112,0.000542594,0.0490575,0.019587,6.34998e-05,0.0138541,0.133632,7965.33,7638.69,1.00013
y_pred[1135],0.795151,0.00259976,0.232392,0.155601,0.284669,0.889641,0.99966,8004.55,8107.88,1.00024
y_pred[1136],0.851083,0.00315853,0.280588,0.00243517,0.106797,0.998358,1.0,7874.88,7881.7,0.999885
y_pred[1137],0.869379,0.00296429,0.268226,0.000439591,0.124935,0.999704,1.0,8410.47,7726.52,0.999933
y_pred[1138],0.870572,0.0025357,0.223814,0.0195221,0.307077,0.986833,1.0,7922.47,7917.1,1.0004
y_pred[1139],0.856403,0.00302608,0.264896,0.0057473,0.158565,0.996123,1.0,7901.17,7677.07,0.999891
y_pred[1140],0.925964,0.00211539,0.190456,6.22692e-05,0.425573,0.999958,1.0,7688.1,7167.9,1.00007
y_pred[1141],0.742523,0.00132653,0.118835,0.120647,0.527565,0.754881,0.914578,7920.56,7591.88,1.00056
y_pred[1142],0.593552,0.00333151,0.284624,0.351022,0.0958323,0.629509,0.980197,7215.26,7523.46,1.00025
y_pred[1143],0.681942,0.00421647,0.371776,0.158734,0.00676489,0.892931,1.0,7735.57,7956.05,0.999976
y_pred[1144],0.713132,0.00405708,0.360937,0.0978716,0.0121458,0.933987,1.0,7812.78,8103.43,0.999969
y_pred[1145],0.712684,0.00331426,0.303637,0.239464,0.0936043,0.834307,0.999798,8323.28,8121.22,1.00042
y_pred[1146],0.697578,0.00387251,0.34594,0.188813,0.0277741,0.872544,0.999994,8031.39,7794.82,0.999961
y_pred[1147],0.819234,0.00310559,0.277686,0.0359605,0.141714,0.975745,1.0,8082.56,7844.22,0.999832
y_pred[1148],0.522733,0.00151931,0.138191,0.141811,0.291641,0.524872,0.748487,8280.35,7537.58,1.00026
y_pred[1149],0.853618,0.00228287,0.20353,0.0712775,0.384551,0.951646,0.99998,8072.75,7600.91,1.00072
y_pred[1150],0.88839,0.00281431,0.250241,7.70952e-05,0.173454,0.999948,1.0,7865.84,7896.26,0.999749
y_pred[1151],0.906958,0.00257199,0.229828,1.03782e-05,0.244745,0.999993,1.0,8057.1,7782.35,0.999856
y_pred[1152],0.906146,0.00219498,0.194845,0.00225429,0.409383,0.998479,1.0,7833.39,7852.8,1.00004
y_pred[1153],0.902991,0.00256276,0.222577,0.000295037,0.288885,0.999801,1.0,7280.4,7287.32,0.999967
y_pred[1154],0.946313,0.00182801,0.163799,0.0,0.581465,1.0,1.0,7440.9,7301.47,1.0006
y_pred[1155],0.81316,0.00121883,0.105915,0.10317,0.612201,0.830563,0.955074,7699.99,7700.74,1.00016
y_pred[1156],0.44829,0.00325925,0.284036,0.354221,0.0327711,0.425666,0.924756,7571.4,7673.17,1.00064
y_pred[1157],0.549778,0.00449194,0.395985,0.536362,0.000617806,0.631657,0.999908,7797.08,7759.67,1.00007
y_pred[1158],0.585335,0.00438269,0.392039,0.419119,0.00131909,0.716321,0.999981,7980.74,7218.63,0.999874
y_pred[1159],0.578094,0.00387974,0.331247,0.43791,0.0311803,0.631192,0.994812,7327.19,7454.27,1.00057
y_pred[1160],0.569232,0.00419307,0.37169,0.500355,0.00574673,0.643716,0.999561,7935.55,7677.04,1.00034
y_pred[1161],0.709253,0.00369474,0.330472,0.188993,0.0511186,0.872318,0.999987,8001.25,7628.5,1.00029
y_pred[1162],0.37842,0.00147115,0.133056,0.14051,0.169255,0.371686,0.607578,8326.28,7865.99,1.00093
y_pred[1163],0.449554,0.00327352,0.286968,0.363222,0.0316059,0.430856,0.926653,7899.1,8015.77,0.999914
y_pred[1164],0.550289,0.00463899,0.395509,0.546989,0.000751964,0.623864,0.999905,7828.01,8109.53,0.999996
y_pred[1165],0.581563,0.00441779,0.394621,0.437387,0.00103073,0.704074,0.999984,7958.99,7725.99,1.00005
y_pred[1166],0.582386,0.00371411,0.331111,0.441661,0.0313026,0.63366,0.995741,7914.41,8055.9,1.00015
y_pred[1167],0.564021,0.00424672,0.373095,0.506438,0.00528813,0.639037,0.999608,7609.35,7990.34,0.999988
y_pred[1168],0.715785,0.0037075,0.328675,0.18024,0.0483287,0.878251,0.999992,7979.63,7940.48,0.999927
y_pred[1169],0.378682,0.00145011,0.131652,0.136364,0.171394,0.372019,0.607983,8244.79,7367.28,0.999981
y_pred[1170],0.0441863,0.001333,0.120136,0.000246711,8.22914e-16,0.000166404,0.286119,7852.55,8044.94,1.00021
y_pred[1171],0.0589838,0.00217775,0.186494,3.9065e-08,2.33626e-36,2.6349e-08,0.51656,7665.45,7330.2,1.00014
y_pred[1172],0.0736349,0.00229747,0.20696,2.97259e-07,1.8556600000000002e-32,2.00498e-07,0.648293,8425.29,7875.53,0.999875
y_pred[1173],0.072552,0.00195594,0.174233,0.000508217,1.42842e-15,0.000342788,0.491727,8207.65,8052.89,0.999827
y_pred[1174],0.0690164,0.0022706,0.190806,7.96018e-06,6.22196e-25,5.36907e-06,0.552527,7455.04,7975.65,0.999994
y_pred[1175],0.126474,0.00270768,0.241243,0.00533387,2.39017e-12,0.00359765,0.760269,8041.67,7595.29,0.999768
y_pred[1176],0.0333695,0.000526433,0.0472906,0.0197169,5.41687e-05,0.0138883,0.131477,8090.14,8052.96,1.00005
y_pred[1177],0.353942,0.00301362,0.276159,0.317247,0.0104197,0.297852,0.869334,8456.87,7733.32,1.0004
y_pred[1178],0.444513,0.00438433,0.394055,0.525861,5.33563e-05,0.359874,0.999059,8020.4,7860.23,1.00005
y_pred[1179],0.493773,0.00445452,0.400894,0.652324,0.000198201,0.480376,0.99975,8091.32,7645.18,1.0003
y_pred[1180],0.48228,0.00385822,0.334708,0.469829,0.0112374,0.470972,0.983931,7670.12,7306.94,1.00071
y_pred[1181],0.466927,0.00425587,0.376033,0.562529,0.000809655,0.425849,0.997496,8045.15,7915.74,1.00024
y_pred[1182],0.6311,0.00397811,0.351295,0.362284,0.020552,0.748598,0.999675,7951.49,8051.49,0.999803
y_pred[1183],0.295189,0.00140926,0.126323,0.129968,0.108894,0.283732,0.522979,8082.82,7698.92,0.999885
y_pred[1184],0.319234,0.00302356,0.267154,0.292139,0.00657044,0.252003,0.832318,7732.08,7970.87,1.0
y_pred[1185],0.405185,0.00440206,0.389803,0.405371,1.51669e-05,0.274038,0.997471,7836.21,7929.9,1.00015
y_pred[1186],0.439705,0.00437199,0.39752,0.508899,2.30457e-05,0.34577,0.999408,8255.73,7848.38,0.999704
y_pred[1187],0.436724,0.00365434,0.331874,0.453054,0.00538082,0.398195,0.973533,8304.98,7972.58,0.999887
y_pred[1188],0.420829,0.00434933,0.370901,0.485227,0.00030603,0.342508,0.993877,7281.38,7136.48,1.00018
y_pred[1189],0.587239,0.00392881,0.360608,0.455396,0.0129397,0.673892,0.999283,8349.19,8186.11,1.00016
y_pred[1190],0.253452,0.0013191,0.119362,0.122651,0.0826966,0.2393,0.470118,8279.93,8286.54,0.999871
y_pred[1191],0.0500731,0.00140387,0.12514,0.000690505,1.95383e-14,0.00046574,0.328051,8360.7,7886.57,1.00039
y_pred[1192],0.073724,0.00231724,0.208868,3.46523e-07,2.2200399999999997e-31,2.33726e-07,0.663223,8168.69,7950.33,1.00003
y_pred[1193],0.0869378,0.00249177,0.227085,1.7832e-06,5.86247e-28,1.20275e-06,0.74952,7911.21,8041.3,1.00009
y_pred[1194],0.0824184,0.00200723,0.18218,0.00123505,3.05035e-14,0.000833031,0.528068,8386.51,7403.57,1.0001
y_pred[1195],0.0793487,0.00235003,0.203519,1.82949e-05,8.947520000000001e-23,1.23397e-05,0.635465,8103.77,7626.66,1.00064
y_pred[1196],0.143713,0.00281526,0.255141,0.00883656,4.86574e-11,0.00596018,0.800989,8223.39,7807.78,0.999872
y_pred[1197],0.038181,0.000581714,0.0515414,0.0246899,0.000104989,0.0178621,0.149537,8008.23,7784.2,1.00006
y_pred[1198],0.446261,0.00328461,0.288496,0.367095,0.0295774,0.431302,0.927889,7832.14,8064.52,1.00054
y_pred[1199],0.536598,0.00451371,0.396695,0.597633,0.000681134,0.583605,0.999921,7759.8,8052.55,0.999983
y_pred[1200],0.587058,0.00442274,0.395271,0.422412,0.0011388,0.7143,0.999984,8268.59,7717.68,1.00017
y_pred[1201],0.576024,0.0037317,0.330532,0.43575,0.0288549,0.628618,0.995871,7909.27,8096.4,0.999924
y_pred[1202],0.567099,0.00435254,0.371978,0.509819,0.0052389,0.634794,0.999649,7443.6,7726.17,1.00015
y_pred[1203],0.718468,0.00366092,0.328614,0.167898,0.0487799,0.886609,0.99999,8291.98,7301.19,1.00063
y_pred[1204],0.378197,0.00148901,0.13343,0.138742,0.172696,0.37244,0.614927,8006.03,7936.88,0.999991
y_pred[1205],0.656257,0.00308945,0.274135,0.309915,0.134521,0.712506,0.991113,7917.86,7601.84,0.999761
y_pred[1206],0.736598,0.00391159,0.350829,0.0700143,0.0171082,0.952776,1.0,8021.61,7957.01,1.00025
y_pred[1207],0.758981,0.00385662,0.342919,0.0393378,0.0244877,0.973467,1.0,7904.62,7869.47,1.00011
y_pred[1208],0.764761,0.00327574,0.283147,0.147236,0.144144,0.900146,0.999958,7447.28,7785.52,0.999721
y_pred[1209],0.751197,0.00375476,0.325663,0.0879026,0.05119,0.940708,1.0,7496.49,7341.87,1.00002
y_pred[1210],0.852428,0.00283987,0.257281,0.0107896,0.185595,0.992722,1.0,8206.32,8015.39,0.999812
y_pred[1211],0.585955,0.00146923,0.134932,0.141041,0.355059,0.591178,0.801606,8448.14,7724.05,0.999899
y_pred[1212],0.0444019,0.00136717,0.118444,0.00025539,4.77588e-16,0.000172258,0.295761,7633.31,7668.52,1.00004
y_pred[1213],0.0628362,0.00221948,0.191532,5.02003e-08,5.92395e-36,3.38597e-08,0.552015,7766.36,7605.8,1.00003
y_pred[1214],0.0776363,0.00241266,0.216817,7.55649e-07,6.89433e-31,5.09678e-07,0.689633,8185.4,7956.94,0.999996
y_pred[1215],0.076697,0.0020641,0.182091,0.000508797,6.84336e-16,0.000343179,0.528402,7688.29,8016.4,0.999896
y_pred[1216],0.070504,0.00215121,0.193312,8.92797e-06,7.13047e-26,6.02183e-06,0.556196,8248.4,8058.96,0.999845
y_pred[1217],0.130415,0.00282169,0.244736,0.00554973,8.20131e-12,0.00374324,0.766001,7681.51,8098.24,1.00038
y_pred[1218],0.0342728,0.000546042,0.0494469,0.0201521,6.69259e-05,0.0142788,0.134498,8121.42,7780.47,1.00028
y_pred[1219],0.79427,0.00257146,0.233633,0.15403,0.283608,0.89106,0.999618,8330.96,7994.5,1.00005
y_pred[1220],0.852213,0.00319713,0.279601,0.00185992,0.109424,0.998746,1.0,7838.63,7726.68,0.9999
y_pred[1221],0.869802,0.00303724,0.270741,0.000421058,0.12561,0.999716,1.0,7975.44,7970.47,1.00049
y_pred[1222],0.869728,0.00259157,0.225895,0.017382,0.30643,0.988276,1.0,7715.57,7897.36,1.00041
y_pred[1223],0.861427,0.00290135,0.257925,0.00486515,0.178839,0.996719,1.0,7963.38,7530.93,1.00037
y_pred[1224],0.927155,0.00206933,0.186708,6.52344e-05,0.455648,0.999956,1.0,8016.69,8001.65,0.99984
y_pred[1225],0.745535,0.00133505,0.119871,0.119682,0.526495,0.760533,0.916245,7945.66,7901.21,1.00006
y_pred[1226],0.590212,0.00320901,0.28467,0.351307,0.0933132,0.624686,0.979626,7847.84,7628.71,1.00041
y_pred[1227],0.679299,0.00419614,0.371977,0.169156,0.007877,0.885899,1.0,7752.71,7165.25,1.00009
y_pred[1228],0.719361,0.00398459,0.35715,0.0969272,0.0110925,0.934624,1.0,8275.08,7974.22,0.999858
y_pred[1229],0.714091,0.00337813,0.303626,0.235407,0.0974889,0.837129,0.999796,8139.79,7908.44,1.00046
y_pred[1230],0.698796,0.0039471,0.344403,0.189054,0.0300982,0.872393,0.999996,8309.14,7732.32,0.999812
y_pred[1231],0.827259,0.00307672,0.270973,0.0306965,0.158103,0.979296,1.0,7760.06,7725.02,0.999865
y_pred[1232],0.522135,0.00151129,0.137213,0.143684,0.290874,0.523656,0.744357,8239.31,8141.9,1.00023
y_pred[1233],0.847949,0.00233981,0.208095,0.0794214,0.363763,0.946058,0.999979,7711.67,7185.59,0.999994
y_pred[1234],0.895073,0.00269901,0.241118,6.81996e-05,0.209781,0.999954,1.0,7890.12,8096.07,1.0003
y_pred[1235],0.909387,0.00262589,0.229897,7.413e-06,0.24695,0.999995,1.0,7916.87,7606.59,1.00004
y_pred[1236],0.90678,0.00220979,0.197085,0.00314015,0.420884,0.997882,1.0,7815.3,7956.86,1.00011
y_pred[1237],0.898394,0.00255368,0.227888,0.00029059,0.279625,0.999804,1.0,8155.32,8075.81,0.999941
y_pred[1238],0.950326,0.00174712,0.157787,0.0,0.621603,1.0,1.0,7984.19,8006.98,0.999983
y_pred[1239],0.813662,0.0011678,0.106816,0.104368,0.612556,0.83179,0.956656,8371.23,8057.6,1.00005
y_pred[1240],0.448432,0.00310019,0.284762,0.359837,0.0312438,0.431586,0.927223,8385.28,7848.27,1.00013
y_pred[1241],0.542652,0.00443822,0.394603,0.57045,0.000792564,0.603738,0.999935,8047.59,7967.95,1.00069
y_pred[1242],0.573724,0.00431912,0.39709,0.468712,0.000900815,0.682553,0.999978,8640.05,8140.57,1.00007
y_pred[1243],0.577003,0.00374529,0.333399,0.442048,0.0319529,0.630244,0.99566,8041.53,7991.76,0.999939
y_pred[1244],0.568265,0.00415018,0.371761,0.499935,0.00442503,0.63925,0.999422,8085.89,7860.8,1.00022
y_pred[1245],0.718323,0.00365245,0.328694,0.170647,0.047027,0.884741,0.999991,8139.65,7579.22,1.00024
y_pred[1246],0.375679,0.00148267,0.133343,0.139479,0.168299,0.367562,0.606982,8106.8,7895.17,0.999678
y_pred[1247],0.448391,0.00319138,0.288258,0.370053,0.0325568,0.428501,0.924567,8149.52,8101.54,0.999964
y_pred[1248],0.534985,0.00446439,0.395048,0.587398,0.00071073,0.590468,0.99991,7936.73,8108.84,1.00027
y_pred[1249],0.582911,0.00436655,0.391521,0.441844,0.000978328,0.700571,0.999974,7992.5,7713.32,1.00006
y_pred[1250],0.578267,0.00363614,0.333012,0.442099,0.0326886,0.629319,0.996432,8354.29,7848.02,1.00073
y_pred[1251],0.563447,0.00428394,0.376418,0.503764,0.0046463,0.643256,0.999528,7904.04,7955.4,1.00012
y_pred[1252],0.713097,0.00368008,0.332633,0.173649,0.043548,0.88267,0.999987,8092.54,7973.46,1.00008
y_pred[1253],0.377447,0.00145787,0.133357,0.137347,0.168939,0.3727,0.608039,8384.06,7853.5,0.999957
y_pred[1254],0.0432222,0.00132917,0.116394,0.000284091,4.38819e-16,0.000191616,0.290472,8182.03,7277.04,0.999918
y_pred[1255],0.0638222,0.00213589,0.193032,4.60369e-08,4.19822e-36,3.10514e-08,0.561718,8164.96,7163.96,1.00027
y_pred[1256],0.0749603,0.00237018,0.211747,3.87043e-07,3.58891e-31,2.61057e-07,0.662623,8058.08,8036.68,1.00007
y_pred[1257],0.06978,0.0018733,0.167933,0.000482492,6.33778e-16,0.000325436,0.476779,8197.57,8013.99,0.999631
y_pred[1258],0.0659366,0.002018,0.183788,5.26451e-06,1.92706e-25,3.55087e-06,0.516074,8040.23,7969.43,0.999841
y_pred[1259],0.12955,0.0027283,0.245674,0.00521542,2.57347e-12,0.00351775,0.780699,8169.61,8184.54,0.999631
y_pred[1260],0.0335244,0.000568989,0.0487612,0.0192273,4.83313e-05,0.0135064,0.136771,7481.4,7767.24,1.00005
y_pred[1261],0.347293,0.00305571,0.273613,0.310644,0.0105146,0.2914,0.866245,8147.73,7827.9,1.00018
y_pred[1262],0.451462,0.00464525,0.395291,0.549236,8.45015e-05,0.378164,0.999259,7692.73,7660.5,1.00115
y_pred[1263],0.480048,0.00445719,0.398579,0.618685,0.000171105,0.438886,0.999625,8076.14,7891.21,0.999824
y_pred[1264],0.488133,0.00373669,0.338057,0.483001,0.00979592,0.480348,0.983952,8284.37,7650.53,0.999972
y_pred[1265],0.466967,0.00432423,0.374896,0.560406,0.000882026,0.425968,0.997201,7756.48,7849.51,0.999864
y_pred[1266],0.632724,0.00395816,0.352641,0.354811,0.0211524,0.754157,0.999777,8005.57,7483.75,0.99984
y_pred[1267],0.291296,0.00136749,0.124124,0.128547,0.107744,0.27908,0.513588,8238.29,7749.28,0.999722
y_pred[1268],0.316912,0.00301666,0.267187,0.287199,0.00672424,0.249915,0.835252,7826.28,7652.77,1.00007
y_pred[1269],0.401911,0.00434202,0.38932,0.382518,1.8317e-05,0.258477,0.998034,8006.99,7847.74,1.00032
y_pred[1270],0.440453,0.00437648,0.397857,0.509813,3.01532e-05,0.346378,0.999242,8255.89,7858.54,1.00035
y_pred[1271],0.433501,0.00399759,0.333175,0.452351,0.00507922,0.387907,0.972908,7207.14,7738.27,1.00001
y_pred[1272],0.425608,0.00429948,0.372897,0.49068,0.000284261,0.345225,0.994882,7766.28,7801.09,1.00076
y_pred[1273],0.581282,0.00400801,0.359712,0.470401,0.0100999,0.657174,0.999211,8228.78,7510.9,1.00012
y_pred[1274],0.25465,0.0013186,0.118592,0.12024,0.0830344,0.241782,0.473605,8124.18,7968.78,1.00035
y_pred[1275],0.0492496,0.00138868,0.124255,0.000632233,2.25355e-14,0.000426436,0.316865,8114.41,7855.37,0.999805
y_pred[1276],0.0745355,0.00239949,0.210069,2.7211e-07,3.90778e-32,1.83535e-07,0.65138,7932.14,7668.0,1.00015
y_pred[1277],0.0859786,0.00256255,0.225788,1.83654e-06,1.86916e-29,1.23873e-06,0.727796,7779.46,7687.14,1.00008
y_pred[1278],0.0834116,0.00215465,0.184739,0.00116583,1.36437e-14,0.000786344,0.534707,7753.61,7422.48,1.00004
y_pred[1279],0.0787976,0.00225142,0.20177,2.52742e-05,1.13936e-22,1.70472e-05,0.612109,8037.91,7929.58,1.00037
y_pred[1280],0.134601,0.00281868,0.247846,0.00727299,1.93197e-11,0.00490557,0.788438,7712.79,7734.65,0.999922
y_pred[1281],0.0368726,0.000580319,0.0508443,0.0229603,9.02841e-05,0.016554,0.141214,7458.71,7820.08,1.00027
y_pred[1282],0.44544,0.00323322,0.286851,0.364287,0.03109,0.424841,0.926422,7896.43,7779.11,0.99985
y_pred[1283],0.551851,0.00445322,0.395947,0.535089,0.000610673,0.63331,0.999926,7944.41,7692.82,1.00027
y_pred[1284],0.580698,0.00439651,0.397848,0.4377,0.00113133,0.704055,0.999986,8149.94,8015.5,1.00039
y_pred[1285],0.580581,0.00363578,0.330584,0.437833,0.0328075,0.63475,0.996177,8449.01,7725.7,1.00014
y_pred[1286],0.570488,0.0042029,0.374679,0.489226,0.00471018,0.656246,0.999672,7977.04,7888.71,1.00008
y_pred[1287],0.7164,0.00365626,0.329006,0.177951,0.0469885,0.87981,0.999992,8325.39,8098.91,0.999956
y_pred[1288],0.379464,0.00144735,0.13346,0.137566,0.17293,0.370177,0.612419,8475.54,7857.6,1.00068
y_pred[1289],0.652164,0.00305426,0.275727,0.320738,0.139192,0.705595,0.990176,8335.95,7951.15,0.999905
y_pred[1290],0.729306,0.00387501,0.352076,0.0820664,0.0142049,0.944647,1.0,8280.42,7964.87,0.999802
y_pred[1291],0.767131,0.00368392,0.338257,0.0346521,0.0248247,0.976627,1.0,8359.13,7435.34,1.00007
y_pred[1292],0.761108,0.00335671,0.289145,0.151262,0.116747,0.897398,0.999974,7684.58,7693.75,1.00001
y_pred[1293],0.752954,0.00363619,0.324653,0.0886395,0.0560234,0.940211,1.0,7985.68,8008.38,0.999974
y_pred[1294],0.851403,0.00293663,0.26156,0.0109231,0.165036,0.992633,1.0,7733.57,7847.63,1.00026
y_pred[1295],0.585857,0.00150896,0.135183,0.140902,0.355638,0.590769,0.799612,8036.86,7586.83,1.00098
y_pred[1296],0.0455714,0.00137144,0.119549,0.000370061,9.76955e-16,0.000249602,0.289654,8066.15,7608.29,1.0006
y_pred[1297],0.0679751,0.00227912,0.201808,5.455e-08,2.2894000000000003e-35,3.67934e-08,0.617013,7496.52,7254.79,1.00027
y_pred[1298],0.074238,0.00240586,0.209063,5.97056e-07,3.38244e-31,4.02709e-07,0.65557,8201.85,7963.76,0.9999
y_pred[1299],0.07513,0.00198858,0.177919,0.000666799,2.01014e-15,0.00044975,0.507974,8635.64,7929.45,1.00015
y_pred[1300],0.0680894,0.00220324,0.188957,7.70784e-06,3.63191e-25,5.19886e-06,0.544576,7134.02,7638.32,1.00054
y_pred[1301],0.131289,0.0027526,0.245849,0.00571088,2.90326e-12,0.00385193,0.774204,7985.16,8103.27,1.0002
y_pred[1302],0.0342493,0.000552667,0.0491223,0.019737,5.3209e-05,0.0138868,0.137781,8025.07,7727.47,1.00079
y_pred[1303],0.796988,0.00260606,0.231851,0.14917,0.290669,0.894556,0.999619,8018.99,7831.75,1.0005
y_pred[1304],0.852068,0.00315698,0.281537,0.00206749,0.0997164,0.998606,1.0,7514.57,7717.3,0.999827
y_pred[1305],0.871307,0.00302956,0.266434,0.000409198,0.129896,0.999724,1.0,7932.33,7809.77,1.00015
y_pred[1306],0.871013,0.00254992,0.223416,0.0170128,0.312913,0.988525,1.0,7841.82,7986.33,1.00012
y_pred[1307],0.862942,0.00285926,0.259507,0.00433883,0.174296,0.997073,1.0,8263.58,7858.27,1.0008
y_pred[1308],0.921218,0.00215556,0.194839,6.6717e-05,0.399842,0.999955,1.0,7954.88,7905.12,1.00008
y_pred[1309],0.743882,0.00141483,0.119065,0.121634,0.528399,0.757441,0.91428,7077.7,7816.96,1.00068
y_pred[1310],0.589302,0.00315872,0.282479,0.346644,0.0921342,0.628184,0.977181,8012.5,7456.1,0.999992
y_pred[1311],0.680553,0.00418584,0.369644,0.170768,0.00761376,0.884814,1.0,7849.34,7924.58,1.00026
y_pred[1312],0.719187,0.00402885,0.359575,0.0933638,0.0125,0.937027,1.0,7754.37,7967.1,1.00001
y_pred[1313],0.719738,0.0033855,0.300381,0.22389,0.10187,0.845018,0.999768,7936.44,7092.88,1.00005
y_pred[1314],0.697666,0.00378945,0.345553,0.186326,0.0263774,0.874269,0.999995,8388.46,7808.14,1.00009
y_pred[1315],0.818293,0.00324224,0.282234,0.0323444,0.124267,0.978184,1.0,7710.47,7680.09,0.999929
y_pred[1316],0.52344,0.00153554,0.137736,0.143418,0.291086,0.526022,0.749638,8064.82,7929.13,1.0003
y_pred[1317],0.852202,0.00238505,0.20464,0.0767031,0.378918,0.947892,0.999979,7267.03,7733.53,1.00049
y_pred[1318],0.894352,0.00273988,0.241972,0.000106747,0.202998,0.999928,1.0,7635.52,7774.27,0.999858
y_pred[1319],0.910814,0.00256123,0.226843,7.413e-06,0.257852,0.999995,1.0,8043.4,8086.23,0.9998
y_pred[1320],0.907463,0.00232852,0.194745,0.00234844,0.418175,0.998416,1.0,8106.69,7525.57,0.999971
y_pred[1321],0.902198,0.00250779,0.222046,0.000303192,0.300994,0.999796,1.0,8411.74,7827.5,0.999761
y_pred[1322],0.945323,0.0018778,0.167668,1.4826e-06,0.557455,0.999999,1.0,7657.45,7853.48,1.00068
y_pred[1323],0.812032,0.00120396,0.107297,0.104454,0.608943,0.830855,0.954726,7994.77,8052.81,1.00042
y_pred[1324],0.444967,0.00315263,0.285078,0.359584,0.0318082,0.426939,0.923968,8215.0,7462.71,1.00034
y_pred[1325],0.535946,0.0045256,0.395282,0.596547,0.000506035,0.580348,0.999908,7924.01,8240.84,0.999976
y_pred[1326],0.581833,0.00452142,0.396383,0.436758,0.000959798,0.704548,0.999984,7582.07,7343.08,0.999812
y_pred[1327],0.584208,0.00370805,0.330437,0.433786,0.0309733,0.638184,0.99551,8011.08,8044.9,1.00013
y_pred[1328],0.567929,0.00427039,0.372881,0.501809,0.00522588,0.641074,0.999627,7427.8,7755.79,1.00038
y_pred[1329],0.712251,0.0036863,0.330643,0.179134,0.0461376,0.879048,0.999987,8091.74,7973.59,0.9997
y_pred[1330],0.376908,0.00149171,0.130614,0.133286,0.171693,0.369337,0.605426,7693.67,8077.18,1.00012
y_pred[1331],0.451946,0.00322691,0.28697,0.364038,0.0316103,0.434747,0.926793,7898.42,7826.55,1.00006
y_pred[1332],0.547344,0.00459131,0.396297,0.552845,0.000720552,0.619757,0.999949,7520.25,7589.68,0.999939
y_pred[1333],0.588914,0.00429378,0.393595,0.4208,0.00125979,0.715445,0.999986,8529.1,7831.44,0.999901
y_pred[1334],0.582984,0.00367051,0.32769,0.430915,0.0333631,0.631779,0.996174,8081.25,7482.6,1.00029
y_pred[1335],0.559974,0.00437595,0.37448,0.523736,0.00410793,0.623145,0.999499,7661.04,7889.63,1.0
y_pred[1336],0.718553,0.00368101,0.328436,0.175868,0.0473521,0.881203,0.99999,7992.64,7972.51,0.99964
y_pred[1337],0.380214,0.00153118,0.133269,0.140198,0.172525,0.372161,0.610485,7586.19,7419.71,0.999879
y_pred[1338],0.0444285,0.00131755,0.115949,0.000291296,6.96909e-16,0.000196477,0.291188,7974.43,7685.12,1.00006
y_pred[1339],0.0624427,0.00213183,0.190818,5.12556e-08,7.45646e-36,3.45715e-08,0.530917,8410.24,7794.46,1.00035
y_pred[1340],0.073745,0.00231525,0.20687,3.1378e-07,6.41032e-31,2.11641e-07,0.638214,7806.19,7409.42,0.999968
y_pred[1341],0.0743903,0.0019509,0.175731,0.00055743,3.88617e-16,0.000375982,0.503169,8141.92,8103.84,1.00016
y_pred[1342],0.0705029,0.00211093,0.189727,5.9563e-06,2.16199e-25,4.01747e-06,0.551415,8065.68,8054.63,0.999879
y_pred[1343],0.128659,0.00281923,0.244777,0.00515537,1.74897e-12,0.00347725,0.78265,8014.49,7919.29,1.00019
y_pred[1344],0.03355,0.00054149,0.0483578,0.0197704,5.84558e-05,0.0139384,0.134324,7985.83,7540.62,0.999877
y_pred[1345],0.354548,0.00312474,0.275817,0.32492,0.0109428,0.302804,0.869078,7716.58,7840.6,0.99989
y_pred[1346],0.449451,0.00432142,0.393732,0.543926,7.7928e-05,0.373873,0.999189,8204.39,8140.47,1.00016
y_pred[1347],0.479157,0.00447402,0.400753,0.633836,0.000106734,0.452773,0.999664,7863.8,7612.82,0.999999
y_pred[1348],0.482255,0.00368084,0.336588,0.4796,0.0105072,0.470682,0.984117,8429.88,8107.94,1.00021
y_pred[1349],0.469933,0.00415169,0.376853,0.572493,0.000859706,0.437504,0.997812,8105.09,7393.87,0.999978
y_pred[1350],0.628715,0.00396417,0.350325,0.376832,0.0188603,0.736867,0.999801,7969.29,7517.43,0.999595
y_pred[1351],0.291835,0.00132841,0.122218,0.126043,0.1108,0.280589,0.513243,8473.05,8052.81,0.999916
y_pred[1352],0.309001,0.0029629,0.265289,0.283862,0.0049144,0.241486,0.822785,8164.21,7850.2,1.00002
y_pred[1353],0.400629,0.004407,0.389757,0.383574,9.68374e-06,0.25912,0.99766,7277.65,7834.92,0.999806
y_pred[1354],0.437675,0.00451176,0.399058,0.508184,2.74239e-05,0.344576,0.999255,7878.05,7058.66,0.999945
y_pred[1355],0.434486,0.00370621,0.333456,0.45352,0.00562753,0.390111,0.974441,8003.45,7648.71,1.0008
y_pred[1356],0.418775,0.00434749,0.370744,0.477122,0.000278559,0.336027,0.994049,7614.3,7099.94,0.999933
y_pred[1357],0.582797,0.00409101,0.359423,0.468267,0.0116351,0.66081,0.99939,7551.38,7033.11,1.00002
y_pred[1358],0.255358,0.00132515,0.119566,0.118979,0.0823967,0.242173,0.471826,8165.19,7711.19,0.999881
y_pred[1359],0.0474018,0.00134172,0.121071,0.000509048,9.90802e-15,0.000343349,0.30316,8018.05,8013.13,1.00009
y_pred[1360],0.0709987,0.002327,0.203279,4.41406e-07,9.050080000000001e-32,2.97724e-07,0.626667,7774.29,7641.82,1.00036
y_pred[1361],0.0818839,0.00246243,0.217695,1.86357e-06,3.53312e-28,1.25696e-06,0.694861,8028.45,7600.29,1.00045
y_pred[1362],0.0788832,0.00198978,0.178177,0.00116821,1.10693e-14,0.000787948,0.520879,7926.42,7484.67,1.00007
y_pred[1363],0.0775206,0.00228568,0.20283,2.05724e-05,9.046790000000001e-23,1.38759e-05,0.642801,8095.15,7304.96,0.999891
y_pred[1364],0.147641,0.00287076,0.260743,0.00902263,2.33394e-11,0.00608568,0.814507,8151.41,7890.39,1.00045
y_pred[1365],0.0369608,0.000583343,0.0505906,0.0231394,0.00013591,0.016794,0.144632,7639.37,7850.19,0.999825
y_pred[1366],0.447156,0.00314583,0.286621,0.361592,0.0347554,0.424642,0.928061,8363.46,8053.44,1.00012
y_pred[1367],0.546933,0.00461235,0.394126,0.55914,0.000756263,0.615214,0.999913,7450.24,7798.37,1.00027
y_pred[1368],0.587011,0.00437096,0.392007,0.428368,0.00162614,0.710219,0.999983,8133.42,7543.33,1.00004
y_pred[1369],0.575253,0.00368959,0.333997,0.448595,0.0278148,0.628834,0.995883,8182.29,7237.94,1.00041
y_pred[1370],0.566106,0.00407008,0.372594,0.507099,0.00478316,0.639647,0.999462,8386.82,7186.11,0.999811
y_pred[1371],0.721161,0.00363972,0.325901,0.169013,0.0501694,0.88586,0.99999,7881.59,7821.02,1.00087
y_pred[1372],0.377112,0.00142295,0.131988,0.137332,0.17131,0.37268,0.603849,8612.91,7968.37,1.00038
y_pred[1373],0.656937,0.00312754,0.273712,0.309715,0.139315,0.716014,0.990582,7719.59,7415.67,0.99987
y_pred[1374],0.737912,0.00399766,0.349265,0.0715325,0.0189732,0.951752,1.0,7746.71,7747.81,0.999846
y_pred[1375],0.76265,0.00385209,0.341656,0.0377685,0.0204558,0.974525,1.0,7908.2,7677.44,0.999971
y_pred[1376],0.764018,0.00319652,0.284249,0.145396,0.142564,0.901463,0.999972,8008.19,7888.2,1.0001
y_pred[1377],0.753618,0.00368716,0.322804,0.0907196,0.0506403,0.938809,1.0,7792.14,7607.5,1.00047
y_pred[1378],0.852102,0.00287486,0.259148,0.0119505,0.185886,0.991939,1.0,7701.92,7635.22,1.00073
y_pred[1379],0.587843,0.00151044,0.135285,0.142466,0.356701,0.593179,0.801998,8068.91,7763.09,1.00025
y_pred[1380],0.0436763,0.00129305,0.11726,0.000239411,4.10194e-16,0.00016148,0.285775,8201.51,7792.16,0.999827
y_pred[1381],0.0660925,0.00215268,0.195167,6.82898e-08,5.38528e-34,4.60609e-08,0.573055,8432.61,7607.21,0.999795
y_pred[1382],0.0747994,0.00230905,0.20931,6.59413e-07,1.32302e-30,4.44768e-07,0.64187,7781.66,7888.01,1.00013
y_pred[1383],0.076042,0.0020351,0.179151,0.000590288,2.74839e-15,0.000398144,0.513906,7920.55,7849.11,1.00024
y_pred[1384],0.0675659,0.0021325,0.189053,5.14662e-06,2.19681e-26,3.47134e-06,0.549543,7772.69,7666.81,1.00002
y_pred[1385],0.127652,0.00282776,0.242933,0.00526752,2.62048e-12,0.00355289,0.766685,7392.27,7659.56,1.00027
y_pred[1386],0.0346849,0.000572115,0.0506319,0.021078,5.69678e-05,0.0148929,0.135959,8280.5,8002.52,1.00032
y_pred[1387],0.792813,0.00261624,0.233944,0.156138,0.276765,0.889528,0.99964,8024.14,7528.77,1.00015
y_pred[1388],0.849364,0.00319541,0.28378,0.0019044,0.0963435,0.998715,1.0,7800.95,7409.63,1.00024
y_pred[1389],0.87251,0.00300618,0.266143,0.000440332,0.123966,0.999703,1.0,7976.71,7736.01,1.00035
y_pred[1390],0.86986,0.00253028,0.226107,0.01762,0.30179,0.988115,1.0,8108.98,8059.5,1.00014
y_pred[1391],0.860171,0.00293192,0.258722,0.0048355,0.183483,0.996738,1.0,7391.68,7983.5,0.999891
y_pred[1392],0.924931,0.00208958,0.190313,7.413e-05,0.446876,0.99995,1.0,7917.48,7744.82,1.00016
y_pred[1393],0.744033,0.00137653,0.119924,0.122626,0.526303,0.757731,0.916362,7518.23,8047.21,1.00048
y_pred[1394],0.597806,0.00338303,0.283872,0.352349,0.100108,0.631846,0.979669,7207.29,7613.76,1.00007
y_pred[1395],0.672115,0.00422105,0.374124,0.184722,0.00649623,0.875399,0.999999,7983.3,7804.14,1.00015
y_pred[1396],0.708047,0.00403965,0.363948,0.10856,0.0105607,0.926777,1.0,8033.54,7882.98,0.999956
y_pred[1397],0.714641,0.00328917,0.303398,0.231223,0.0891584,0.840259,0.999837,8526.72,7633.72,1.00033
y_pred[1398],0.68918,0.00390637,0.348791,0.210847,0.0208343,0.857596,0.999993,7911.43,8075.63,1.00009
y_pred[1399],0.822326,0.00327257,0.281475,0.0283851,0.125254,0.980854,1.0,7155.39,7673.82,1.00032
y_pred[1400],0.520333,0.00154087,0.136428,0.141542,0.290507,0.522829,0.745852,7837.8,7887.48,1.00061
y_pred[1401],0.850879,0.00236556,0.204926,0.0730825,0.381703,0.950435,0.999981,7696.86,7349.29,0.999873
y_pred[1402],0.89211,0.00269344,0.244142,8.00604e-05,0.194353,0.999946,1.0,8259.28,7167.18,1.00035
y_pred[1403],0.909291,0.00268329,0.228444,8.8956e-06,0.257276,0.999994,1.0,7859.09,7129.11,1.00058
y_pred[1404],0.903273,0.00221722,0.200409,0.0030119,0.382999,0.997969,1.0,8213.8,7616.32,0.999906
y_pred[1405],0.902416,0.00251319,0.223239,0.000306157,0.296044,0.999794,1.0,7552.36,7768.07,1.00003
y_pred[1406],0.946938,0.00181266,0.163002,1.4826e-06,0.584989,0.999999,1.0,8257.18,7930.95,0.999945
y_pred[1407],0.811625,0.00118342,0.106538,0.104923,0.61191,0.827967,0.955018,8160.54,7712.66,0.999912
y_pred[1408],0.446035,0.00326914,0.287031,0.363203,0.0309923,0.429806,0.925292,7667.25,7910.12,1.00024
y_pred[1409],0.538599,0.0045032,0.394746,0.585289,0.00076189,0.592129,0.999896,7658.23,7450.58,1.00109
y_pred[1410],0.580403,0.00450726,0.394498,0.449988,0.00115647,0.695125,0.999978,7866.42,7921.59,0.999884
y_pred[1411],0.581783,0.00381627,0.332076,0.442911,0.0296483,0.631355,0.995314,7665.49,7809.1,1.00046
y_pred[1412],0.55776,0.0042015,0.37402,0.523161,0.00381083,0.621668,0.999618,8127.02,7909.49,1.0002
y_pred[1413],0.719827,0.00372235,0.326366,0.169963,0.0540496,0.885136,0.999986,7816.92,7846.67,1.0004
y_pred[1414],0.376244,0.00148062,0.133036,0.138875,0.170412,0.367541,0.60698,8076.94,7568.27,1.00009
y_pred[1415],0.449727,0.0032836,0.286677,0.364102,0.0311598,0.432885,0.924181,7686.67,7967.94,1.00001
y_pred[1416],0.545931,0.00453043,0.394037,0.565916,0.000875337,0.607936,0.999871,7509.03,7726.52,1.00035
y_pred[1417],0.585035,0.00450564,0.394606,0.427986,0.00152993,0.710534,0.999982,8040.83,8013.51,1.00041
y_pred[1418],0.580945,0.00369895,0.329241,0.431156,0.0306242,0.631202,0.99504,8022.76,7931.13,0.999954
y_pred[1419],0.564021,0.00411575,0.369671,0.516124,0.0049695,0.625374,0.999604,8111.26,7706.76,1.00028
y_pred[1420],0.714934,0.00370738,0.328657,0.186667,0.0520476,0.873854,0.999991,7764.48,7431.1,1.0002
y_pred[1421],0.380515,0.00146812,0.132101,0.138267,0.173554,0.374354,0.608491,8111.59,8276.33,0.999981
y_pred[1422],0.0465762,0.00138831,0.123511,0.000227925,2.57346e-16,0.000153733,0.306115,7773.4,7449.11,0.999965
y_pred[1423],0.0671698,0.00228283,0.200837,3.99904e-08,7.248799999999999e-36,2.69732e-08,0.599822,8231.7,7930.63,1.00007
y_pred[1424],0.0764452,0.00237514,0.214968,3.22311e-07,1.90938e-33,2.17396e-07,0.696486,8101.87,8098.33,0.999836
y_pred[1425],0.0738727,0.0020298,0.176723,0.00065477,7.56157e-16,0.000441636,0.51779,7670.31,7722.2,1.0001
y_pred[1426],0.0701024,0.00215415,0.191799,5.73321e-06,1.4863e-25,3.867e-06,0.554809,8029.68,7928.88,1.00029
y_pred[1427],0.127748,0.00274199,0.2425,0.00476565,1.7421e-12,0.00321439,0.753874,7920.91,7361.5,0.999765
y_pred[1428],0.033007,0.000555928,0.0484164,0.0190166,4.90479e-05,0.013445,0.133935,7652.56,8103.01,1.0003
y_pred[1429],0.350362,0.00307816,0.277415,0.31666,0.0107366,0.293218,0.874204,8282.01,8185.27,1.00012
y_pred[1430],0.448298,0.00447099,0.39818,0.543422,7.74263e-05,0.371616,0.999193,8030.54,7606.58,1.00069
y_pred[1431],0.484087,0.00463506,0.399962,0.635732,0.000147445,0.453751,0.999713,7224.67,6920.15,1.00027
y_pred[1432],0.489979,0.00374832,0.33597,0.478469,0.0110987,0.486737,0.984038,8084.29,7733.34,1.00065
y_pred[1433],0.463684,0.00418595,0.373924,0.56138,0.000866864,0.427593,0.996912,8021.25,8013.22,1.00029
y_pred[1434],0.636475,0.00401574,0.351145,0.353737,0.0205006,0.756113,0.999809,7654.74,7805.82,1.00005
y_pred[1435],0.292143,0.00139661,0.124966,0.129228,0.107611,0.281633,0.51226,7993.44,7929.11,1.00021
y_pred[1436],0.312734,0.00303616,0.267143,0.283559,0.005302,0.244677,0.827689,7777.22,7628.71,1.0004
y_pred[1437],0.397571,0.0045106,0.387881,0.37333,1.52097e-05,0.252356,0.998279,7421.94,7699.31,1.00011
y_pred[1438],0.442327,0.00437461,0.396651,0.53412,4.37221e-05,0.364939,0.999425,7872.56,7305.91,1.00012
y_pred[1439],0.438708,0.00368351,0.335466,0.453892,0.00543578,0.390383,0.976584,8171.8,7850.56,1.00004
y_pred[1440],0.420319,0.00416191,0.371364,0.474838,0.000337623,0.334047,0.99423,7859.38,7647.57,1.00001
y_pred[1441],0.57896,0.00409891,0.359562,0.475134,0.01018,0.651819,0.999103,7526.65,7638.9,1.00018
y_pred[1442],0.253689,0.00133877,0.120122,0.121192,0.0814899,0.240074,0.474899,8118.2,7656.25,0.999909
y_pred[1443],0.0480336,0.00135692,0.121261,0.000597847,1.93287e-14,0.000403242,0.310246,7953.45,7855.28,0.999799
y_pred[1444],0.072799,0.00234751,0.20735,2.91435e-07,2.92517e-32,1.9657e-07,0.642258,8164.39,7431.7,0.999823
y_pred[1445],0.0831785,0.00247004,0.220787,1.91894e-06,3.7584e-28,1.29431e-06,0.708497,7838.68,8130.93,1.00053
y_pred[1446],0.0818472,0.00203952,0.181443,0.00143499,7.45745e-14,0.000967886,0.528971,7820.76,7729.07,1.00007
y_pred[1447],0.0763249,0.00219987,0.197973,2.39206e-05,1.13687e-22,1.61342e-05,0.590785,8112.21,8054.12,0.999994
y_pred[1448],0.143535,0.00289054,0.256575,0.00829621,8.02798e-11,0.00559572,0.808601,8212.58,6780.7,1.00011
y_pred[1449],0.0372344,0.000561117,0.0509831,0.0236267,0.000107673,0.0170645,0.141675,8091.16,7923.3,1.0003
y_pred[1450],0.45287,0.00315357,0.287471,0.36417,0.0316019,0.436439,0.928185,8279.43,8003.24,1.00004
y_pred[1451],0.546957,0.00442166,0.395784,0.550516,0.000733855,0.621754,0.999918,7724.83,7527.01,0.999882
y_pred[1452],0.584694,0.00442163,0.395704,0.423927,0.00154402,0.71344,0.999979,7990.78,7665.38,1.00013
y_pred[1453],0.582969,0.00364892,0.330351,0.429076,0.0317306,0.639862,0.995685,7921.21,8141.51,1.00054
y_pred[1454],0.570066,0.00417229,0.372332,0.501837,0.00594405,0.643528,0.999601,8082.6,7757.81,0.999832
y_pred[1455],0.715844,0.00371567,0.330429,0.16911,0.0450128,0.885804,0.99999,7827.9,8010.59,1.00001
y_pred[1456],0.38098,0.00147618,0.133895,0.139588,0.172131,0.374228,0.611458,8248.99,8413.5,0.999733
y_pred[1457],0.654934,0.00310947,0.273323,0.311103,0.137996,0.713525,0.989763,7832.22,7881.77,1.00041
y_pred[1458],0.736312,0.00395024,0.349938,0.0707363,0.020536,0.952289,1.0,7729.0,7733.2,0.999747
y_pred[1459],0.769006,0.00381838,0.338136,0.0312221,0.0229164,0.978941,1.0,8021.27,8014.8,1.00002
y_pred[1460],0.76312,0.00320163,0.287412,0.143899,0.127262,0.902515,0.999968,7851.15,6726.16,1.00018
y_pred[1461],0.745514,0.00368301,0.327391,0.0990725,0.0433114,0.933173,0.999999,7678.85,7428.73,1.00034
y_pred[1462],0.85657,0.00289191,0.254071,0.00877847,0.198759,0.994079,1.0,7859.31,8119.94,1.00036
y_pred[1463],0.587747,0.00151283,0.135528,0.142556,0.357383,0.593488,0.800925,8060.93,7850.28,0.999997
y_pred[1464],0.0449031,0.00136454,0.118679,0.000299565,5.091e-16,0.000202054,0.294233,7622.84,7727.39,1.00013
y_pred[1465],0.0652368,0.0022618,0.195598,5.22414e-08,1.0606499999999999e-35,3.52363e-08,0.570586,7723.22,7928.16,1.00003
y_pred[1466],0.0749092,0.00240256,0.210208,4.2584e-07,1.24031e-31,2.87225e-07,0.660096,7851.69,7759.75,1.00021
y_pred[1467],0.0719158,0.00201606,0.174041,0.000609204,2.40642e-15,0.000410903,0.487749,7591.82,7431.75,1.00006
y_pred[1468],0.0724476,0.00216365,0.195011,9.19029e-06,2.02827e-24,6.19876e-06,0.569569,7994.18,7888.64,1.00029
y_pred[1469],0.132033,0.00269636,0.247262,0.00540887,4.3208e-12,0.00364823,0.788192,8156.28,8055.34,0.999817
y_pred[1470],0.0335984,0.000543833,0.0477727,0.019461,5.35066e-05,0.0137254,0.134539,7805.83,7807.5,1.00037
y_pred[1471],0.794104,0.00259014,0.234248,0.155178,0.286841,0.890413,0.999635,8223.36,7953.77,0.999864
y_pred[1472],0.852867,0.00320446,0.280907,0.00192071,0.101791,0.998704,1.0,7570.77,7722.21,1.00029
y_pred[1473],0.869249,0.00296328,0.27096,0.00045071,0.111097,0.999696,1.0,8303.44,8136.01,1.00019
y_pred[1474],0.867798,0.00253593,0.225411,0.0196674,0.303179,0.986734,1.0,7897.54,8033.97,1.00035
y_pred[1475],0.863927,0.00283659,0.254568,0.00453527,0.18259,0.996941,1.0,8128.95,8100.24,1.00009
y_pred[1476],0.92495,0.002151,0.19162,6.52344e-05,0.442818,0.999956,1.0,7853.6,8141.44,1.00026
y_pred[1477],0.744375,0.00128987,0.118907,0.120074,0.528778,0.756459,0.915225,8494.79,7677.29,1.00009
y_pred[1478],0.593202,0.00319305,0.28398,0.349232,0.100865,0.628965,0.979035,8015.27,7637.92,1.0004
y_pred[1479],0.68934,0.00404907,0.368189,0.154252,0.00756887,0.895954,1.0,8075.58,7968.99,1.00043
y_pred[1480],0.707684,0.00412328,0.365239,0.104411,0.00924883,0.929576,1.0,7580.63,7690.27,1.00016
y_pred[1481],0.709317,0.00340223,0.30483,0.239426,0.0983083,0.833758,0.999723,7881.63,7490.14,0.999965
y_pred[1482],0.699928,0.00407637,0.344943,0.186404,0.0284084,0.874187,0.999995,7027.03,7707.44,0.999975
y_pred[1483],0.819613,0.00313037,0.279518,0.0319775,0.141032,0.978432,1.0,8011.76,7613.74,0.999959
y_pred[1484],0.522492,0.00155088,0.137503,0.144682,0.292957,0.523648,0.743603,7961.98,7795.55,1.00054
y_pred[1485],0.849491,0.00231906,0.207548,0.0729521,0.377261,0.950545,0.999983,7946.11,7775.77,1.00005
y_pred[1486],0.899858,0.00269543,0.237663,6.52344e-05,0.218448,0.999956,1.0,8103.6,7764.27,1.00004
y_pred[1487],0.907531,0.0025037,0.228736,1.4826e-05,0.253419,0.99999,1.0,8133.91,7726.2,1.0
y_pred[1488],0.905142,0.00227098,0.195876,0.00345668,0.420172,0.997669,1.0,7562.47,7389.3,1.00026
y_pred[1489],0.898022,0.00253944,0.227116,0.000342481,0.277158,0.999769,1.0,7793.98,7785.53,0.999783
y_pred[1490],0.947835,0.00183836,0.161971,0.0,0.584721,1.0,1.0,7948.44,7611.51,0.999678
y_pred[1491],0.811386,0.00119297,0.108259,0.106083,0.604074,0.829858,0.956125,8315.28,7471.88,0.999882
y_pred[1492],0.445543,0.00326995,0.287893,0.363876,0.0309041,0.429621,0.927988,7757.23,8014.11,0.9999
y_pred[1493],0.53642,0.00441392,0.39377,0.581351,0.000752073,0.594194,0.999894,7823.24,8186.3,0.999804
y_pred[1494],0.57051,0.00443047,0.396924,0.473897,0.000888784,0.679045,0.99997,7943.34,7810.59,1.00012
y_pred[1495],0.578479,0.0037163,0.331561,0.442383,0.0307186,0.626322,0.995909,8057.6,7983.37,1.00023
y_pred[1496],0.569093,0.00431927,0.370446,0.495907,0.00608465,0.646053,0.9996,7509.81,6780.51,0.999886
y_pred[1497],0.713699,0.00368912,0.329139,0.189924,0.044331,0.871636,0.999989,8034.1,7561.13,0.999906
y_pred[1498],0.377197,0.00144809,0.131964,0.13818,0.171767,0.371093,0.6052,8308.81,7889.83,1.00013
y_pred[1499],0.45113,0.00329645,0.290622,0.373368,0.0294649,0.433408,0.928236,7703.73,7621.2,1.00011
y_pred[1500],0.551517,0.00444617,0.394155,0.545073,0.000646828,0.623803,0.999918,8001.84,8041.5,1.00042
y_pred[1501],0.581684,0.00441478,0.393716,0.436247,0.00114759,0.704802,0.999986,7835.81,8014.13,1.00011
y_pred[1502],0.580548,0.00371357,0.331352,0.44042,0.0303443,0.628891,0.995915,8030.42,7784.71,1.0001
y_pred[1503],0.561453,0.00423113,0.373838,0.516407,0.00452403,0.628297,0.999484,7879.11,7729.3,1.00026
y_pred[1504],0.716673,0.00376695,0.330735,0.17232,0.0460426,0.883569,0.999986,7918.02,7100.36,0.999772
y_pred[1505],0.377043,0.00149294,0.132324,0.13711,0.171519,0.369735,0.60874,7907.98,7393.89,1.00039
y_pred[1506],0.0430971,0.00127887,0.114707,0.000241711,9.62644e-16,0.000163032,0.27115,7904.66,7985.31,1.00031
y_pred[1507],0.0636002,0.00216679,0.191945,4.58324e-08,1.2453900000000002e-34,3.09136e-08,0.557473,8239.69,8096.27,0.999768
y_pred[1508],0.073711,0.00237065,0.209459,3.28406e-07,2.82875e-31,2.21507e-07,0.652381,7552.5,7522.31,1.00004
y_pred[1509],0.0745765,0.00205808,0.176291,0.000530796,8.55077e-16,0.000358017,0.501613,7833.02,7334.28,1.00056
y_pred[1510],0.0641482,0.00205099,0.182511,3.05574e-06,7.9857e-26,2.06107e-06,0.500489,7988.15,7679.18,0.999897
y_pred[1511],0.125338,0.00265566,0.239989,0.00412382,8.935e-13,0.00278148,0.755926,8439.54,7902.22,1.00006
y_pred[1512],0.0339037,0.000551193,0.0482522,0.0201991,5.79969e-05,0.0143368,0.133752,8024.52,7299.99,1.00057
y_pred[1513],0.353592,0.00304851,0.275158,0.313465,0.0107092,0.296231,0.868167,8238.13,7345.74,1.00021
y_pred[1514],0.447618,0.00452526,0.394979,0.549304,8.78533e-05,0.378412,0.99948,7750.71,7608.43,0.999808
y_pred[1515],0.493196,0.00461799,0.400497,0.652763,0.000122626,0.479812,0.999769,7457.51,7723.48,1.00028
y_pred[1516],0.485539,0.00376574,0.337632,0.482712,0.0113356,0.470219,0.986157,8105.71,7712.06,1.00015
y_pred[1517],0.468717,0.00415335,0.373674,0.563408,0.000837043,0.435972,0.996779,8005.45,8013.92,1.00004
y_pred[1518],0.630168,0.00391056,0.354663,0.368739,0.0184959,0.745511,0.999802,8140.33,7469.23,0.999996
y_pred[1519],0.293388,0.001395,0.125863,0.129566,0.108588,0.280944,0.519555,8131.01,7995.31,0.999993
y_pred[1520],0.314268,0.00303841,0.269188,0.288129,0.00593936,0.247905,0.844324,7806.76,8035.61,1.00102
y_pred[1521],0.404117,0.00454031,0.390874,0.389213,1.46788e-05,0.263077,0.997945,7164.99,7609.61,1.00026
y_pred[1522],0.4433,0.00447227,0.399528,0.515052,4.57395e-05,0.350071,0.999286,8046.61,7540.98,0.999873
y_pred[1523],0.439898,0.00367084,0.331909,0.45592,0.0061363,0.407782,0.973567,8088.94,7917.32,0.999807
y_pred[1524],0.416947,0.00418588,0.369512,0.464219,0.000305217,0.329037,0.994111,7741.53,7688.67,0.999916
y_pred[1525],0.587707,0.00402494,0.359054,0.457579,0.0107251,0.671021,0.99944,7648.17,7886.29,1.00013
y_pred[1526],0.255235,0.00141018,0.120419,0.123082,0.0827225,0.241199,0.476602,7738.98,7181.53,1.00032
y_pred[1527],0.0514614,0.00137165,0.125191,0.000597423,2.30614e-14,0.000402957,0.325546,8397.59,7952.44,1.0001
y_pred[1528],0.070379,0.00222637,0.201727,4.15933e-07,1.38221e-31,2.80543e-07,0.613585,8166.62,7872.2,1.0004
y_pred[1529],0.0803108,0.00244899,0.218322,1.05586e-06,1.01961e-27,7.12165e-07,0.710661,8186.23,8137.36,1.00032
y_pred[1530],0.0812196,0.00202788,0.182749,0.00116736,2.09931e-14,0.000787371,0.531363,8341.28,8261.73,1.00048
y_pred[1531],0.0747146,0.00220982,0.198255,1.58204e-05,1.46973e-23,1.06707e-05,0.594055,8269.92,8055.59,1.00047
y_pred[1532],0.13849,0.00285458,0.254104,0.00796938,2.82921e-11,0.00537527,0.796823,8266.9,7823.49,1.00017
y_pred[1533],0.0382763,0.000597537,0.0528716,0.0237134,0.000120679,0.017175,0.147077,8103.71,7858.52,1.00009
y_pred[1534],0.451584,0.00336043,0.289026,0.368945,0.0333799,0.429196,0.930434,7577.24,7770.0,1.00008
y_pred[1535],0.546531,0.0045289,0.396461,0.563152,0.000731287,0.611984,0.99992,7726.06,7974.07,0.999897
y_pred[1536],0.596422,0.00438099,0.391448,0.396561,0.00157473,0.731856,0.999981,7920.54,7412.29,0.999768
y_pred[1537],0.586693,0.00367944,0.329454,0.429141,0.0316384,0.643272,0.996085,7965.36,7454.07,1.00019
y_pred[1538],0.569565,0.00442047,0.373527,0.500277,0.00467701,0.647659,0.999698,7391.78,7849.14,0.999872
y_pred[1539],0.715916,0.0036645,0.327113,0.181267,0.0494134,0.877494,0.999986,8036.82,7757.34,0.999647
y_pred[1540],0.378447,0.00149398,0.132821,0.138444,0.168385,0.373777,0.605841,7983.02,7835.93,0.999798
y_pred[1541],0.659073,0.00309071,0.272846,0.303223,0.144051,0.720154,0.990995,7704.8,7769.0,1.00034
y_pred[1542],0.737304,0.00389453,0.34635,0.0771063,0.0211156,0.947993,1.0,8099.02,7896.95,0.999849
y_pred[1543],0.76483,0.00377916,0.340419,0.0328626,0.0210401,0.977834,1.0,8288.35,8117.46,0.999918
y_pred[1544],0.757531,0.00319147,0.289272,0.149607,0.134471,0.898555,0.999962,8135.36,7849.66,0.999721
y_pred[1545],0.754552,0.00352833,0.321384,0.090764,0.0540196,0.938778,1.0,8264.16,7712.51,0.999912
y_pred[1546],0.852273,0.00285535,0.256455,0.0106421,0.194062,0.992822,1.0,7974.29,7773.19,0.999726
y_pred[1547],0.585721,0.00152498,0.136476,0.142534,0.354571,0.591077,0.80404,8002.09,7770.07,1.00003
y_pred[1548],0.0465766,0.00140282,0.121264,0.000337604,1.11012e-15,0.000227711,0.309648,8039.44,7869.55,1.00029
y_pred[1549],0.0664464,0.00234796,0.199722,4.55458e-08,7.64666e-35,3.07202e-08,0.590341,7870.26,7758.86,1.00058
y_pred[1550],0.0735453,0.00231572,0.205059,4.38671e-07,1.51461e-31,2.95879e-07,0.616563,7921.53,7465.54,0.999794
y_pred[1551],0.0742092,0.00201287,0.177267,0.000551693,1.2465e-15,0.000372112,0.50155,7490.03,7823.44,0.999962
y_pred[1552],0.0756405,0.00227142,0.200923,9.98742e-06,8.24883e-25,6.73643e-06,0.613361,7834.7,7974.33,1.00001
y_pred[1553],0.126137,0.00268563,0.239249,0.00544135,1.5187e-12,0.00367014,0.747275,8049.74,7916.99,1.00008
y_pred[1554],0.0338904,0.00054335,0.0484159,0.0206107,5.45072e-05,0.0146021,0.134054,7667.21,7846.99,1.00029
y_pred[1555],0.793618,0.00261441,0.233131,0.153475,0.292012,0.891929,0.999595,8104.81,7886.58,1.00047
y_pred[1556],0.846476,0.00327952,0.28928,0.00221723,0.0808482,0.998504,1.0,8221.04,7972.79,0.999865
y_pred[1557],0.871087,0.00308099,0.266333,0.000408456,0.135015,0.999724,1.0,7656.36,7356.9,0.999774
y_pred[1558],0.870161,0.00245788,0.224532,0.0192434,0.292253,0.98702,1.0,8337.12,7327.6,0.999875
y_pred[1559],0.85833,0.00298658,0.263365,0.00480288,0.163146,0.99676,1.0,7913.37,7362.95,1.00062
y_pred[1560],0.924588,0.00215171,0.19204,7.413e-05,0.432013,0.99995,1.0,7800.09,7735.02,1.00032
y_pred[1561],0.742224,0.00129057,0.119256,0.120362,0.523638,0.756112,0.914265,8588.94,8241.23,1.00009
y_pred[1562],0.595671,0.00315562,0.283593,0.352539,0.101423,0.631429,0.980473,8162.67,8163.24,0.999898
y_pred[1563],0.686253,0.00408097,0.366928,0.16215,0.00829208,0.890626,1.0,7948.67,7377.68,1.00009
y_pred[1564],0.710899,0.00413435,0.363869,0.0983283,0.00938742,0.933679,1.0,7812.96,7429.59,1.00011
y_pred[1565],0.711531,0.00341225,0.304504,0.237854,0.0956139,0.83523,0.999797,8059.5,7973.85,1.00065
y_pred[1566],0.703604,0.00380794,0.343315,0.176514,0.0271731,0.880865,0.999995,8326.46,7870.08,0.999714
y_pred[1567],0.820771,0.0030602,0.279794,0.0295971,0.133954,0.980037,1.0,8513.19,7581.82,1.00078
y_pred[1568],0.520948,0.00151461,0.136503,0.141202,0.291467,0.522975,0.748191,8116.15,7965.89,0.999926
y_pred[1569],0.850153,0.00237355,0.205277,0.0797201,0.372057,0.945747,0.999968,7434.34,7976.73,1.00004
y_pred[1570],0.894405,0.00274336,0.246371,6.37518e-05,0.183821,0.999957,1.0,8432.08,8255.68,0.999845
y_pred[1571],0.907615,0.00262352,0.23095,8.8956e-06,0.245094,0.999994,1.0,7701.3,7530.38,1.00002
y_pred[1572],0.906864,0.00222828,0.196535,0.00243962,0.396171,0.998355,1.0,7882.21,7262.91,0.999957
y_pred[1573],0.901672,0.00259031,0.224344,0.000277988,0.278385,0.999812,1.0,7688.12,7713.74,0.999937
y_pred[1574],0.945904,0.00201939,0.16524,1.4826e-06,0.568217,0.999999,1.0,7564.04,7680.87,1.00022
y_pred[1575],0.810387,0.00121143,0.107526,0.105325,0.604799,0.827405,0.952752,7883.69,7677.4,0.999988
y_pred[1576],0.440592,0.00324249,0.28585,0.359885,0.0320389,0.415985,0.926047,7767.86,7795.45,1.00013
y_pred[1577],0.547293,0.00444106,0.395152,0.551868,0.00061215,0.618829,0.999888,7891.21,7849.05,1.00043
y_pred[1578],0.580204,0.00441156,0.396037,0.448548,0.000997711,0.696494,0.999983,8285.42,7807.35,1.00003
y_pred[1579],0.582103,0.00364349,0.330332,0.429888,0.0303315,0.637679,0.995581,8205.31,7609.57,1.00048
y_pred[1580],0.56244,0.0042556,0.373007,0.510544,0.00419011,0.63314,0.999522,7851.22,7734.64,0.999959
y_pred[1581],0.725457,0.00363722,0.322411,0.171302,0.0547921,0.88427,0.999991,7884.16,7762.09,0.99994
y_pred[1582],0.376981,0.00162408,0.133204,0.139295,0.168684,0.371872,0.604929,6809.91,7277.45,1.00035
y_pred[1583],0.447283,0.00319496,0.28664,0.361904,0.0312777,0.429729,0.926881,8002.11,7767.59,1.00012
y_pred[1584],0.551236,0.00434736,0.394247,0.547583,0.000965467,0.623344,0.999899,8345.76,8144.88,1.00033
y_pred[1585],0.587231,0.00449743,0.393403,0.426571,0.00183391,0.711587,0.999982,7495.6,7898.84,1.00044
y_pred[1586],0.579346,0.00378559,0.332981,0.44413,0.029485,0.633123,0.995667,7753.83,7736.57,1.00003
y_pred[1587],0.566539,0.00417925,0.370988,0.512831,0.00508656,0.630999,0.999653,8021.4,7796.98,0.99998
y_pred[1588],0.71366,0.00367589,0.330564,0.178955,0.0446949,0.879139,0.999991,7912.53,7669.39,1.00034
y_pred[1589],0.379194,0.00146274,0.131773,0.138935,0.174426,0.371732,0.604278,8150.41,7704.6,1.00056
y_pred[1590],0.0449142,0.00132029,0.118939,0.000285751,6.89249e-16,0.000192737,0.298334,8165.16,7728.58,1.00006
y_pred[1591],0.0639652,0.00217896,0.193303,8.2663e-08,1.97089e-35,5.57555e-08,0.557198,8033.26,7807.08,0.999856
y_pred[1592],0.0750163,0.00230677,0.210359,2.62571e-07,3.98796e-33,1.77102e-07,0.649719,7907.32,8130.31,0.999791
y_pred[1593],0.0755003,0.00196748,0.177732,0.000485286,1.0344e-15,0.000327321,0.519667,7942.8,8050.4,1.00028
y_pred[1594],0.0707736,0.00216753,0.191111,7.13019e-06,9.65341e-26,4.80924e-06,0.577972,7921.75,7650.23,0.999894
y_pred[1595],0.130748,0.00284407,0.247309,0.00452067,2.01379e-12,0.00304915,0.783235,8331.49,7233.55,0.999873
y_pred[1596],0.0339626,0.000544669,0.0490463,0.0200513,4.6021e-05,0.014096,0.134004,8565.95,7800.23,0.999982
y_pred[1597],0.361256,0.00329725,0.278522,0.32997,0.0103513,0.312502,0.871448,7495.89,8077.35,0.999766
y_pred[1598],0.454643,0.00439713,0.39537,0.567936,6.49601e-05,0.391628,0.998902,8107.99,7437.33,0.999884
y_pred[1599],0.488796,0.00458622,0.401729,0.65674,0.000135966,0.47728,0.999711,8054.94,7787.07,1.00056
y_pred[1600],0.478254,0.00378164,0.335768,0.475828,0.0110128,0.46377,0.98387,7802.44,7965.31,0.99973
y_pred[1601],0.47415,0.00421009,0.376127,0.57445,0.00123327,0.43965,0.997719,8011.35,7853.56,1.00001
y_pred[1602],0.626576,0.00400876,0.351029,0.378105,0.0181983,0.736541,0.999748,7573.66,7487.3,1.00063
y_pred[1603],0.29086,0.00138598,0.124631,0.126419,0.107176,0.279367,0.514217,8099.2,7954.76,0.999821
y_pred[1604],0.314582,0.0030938,0.271342,0.283498,0.0064106,0.240656,0.848083,7803.46,7267.54,0.99996
y_pred[1605],0.403213,0.00434835,0.391612,0.386912,1.44965e-05,0.261379,0.997716,7863.0,7378.24,1.0
y_pred[1606],0.440948,0.00440933,0.399775,0.500311,3.80405e-05,0.339447,0.999246,7969.13,7730.25,1.00012
y_pred[1607],0.430613,0.00377553,0.331933,0.441876,0.00564375,0.381609,0.974279,7708.31,7896.65,1.00006
y_pred[1608],0.418872,0.00416505,0.371449,0.468207,0.000281286,0.327226,0.99332,8145.67,8054.89,0.999939
y_pred[1609],0.579543,0.00402047,0.361094,0.477025,0.0115074,0.651439,0.999356,8137.73,7364.05,0.999937
y_pred[1610],0.255422,0.00134002,0.11897,0.123533,0.0827106,0.243158,0.469334,7879.14,7848.85,1.00017
y_pred[1611],0.0496628,0.00142631,0.125432,0.000603036,1.28935e-14,0.000406742,0.314967,8270.55,7829.9,0.999914
y_pred[1612],0.0735608,0.00237346,0.207445,4.21488e-07,6.20711e-32,2.84289e-07,0.649099,7215.64,7212.11,1.00025
y_pred[1613],0.0868671,0.00254198,0.227691,2.44302e-06,3.225e-28,1.64779e-06,0.752923,7901.14,7659.86,1.0
y_pred[1614],0.0819887,0.00208431,0.183514,0.000993865,1.66936e-14,0.000670353,0.530608,7824.36,7577.78,0.999836
y_pred[1615],0.0769612,0.002254,0.201426,2.18372e-05,8.05056e-23,1.4729e-05,0.607918,7980.85,8014.6,0.999759
y_pred[1616],0.137816,0.00277801,0.25136,0.00833079,1.92745e-11,0.00561904,0.790982,8172.26,6914.14,0.99998
y_pred[1617],0.0378109,0.00058296,0.0514944,0.0239629,9.54945e-05,0.017328,0.146984,7787.12,7809.29,0.999751
y_pred[1618],0.452563,0.00324889,0.288426,0.365092,0.0343151,0.431701,0.9264,7865.09,7866.04,1.00017
y_pred[1619],0.544496,0.00437179,0.394969,0.568236,0.000668359,0.607371,0.999918,8172.58,7990.67,0.999886
y_pred[1620],0.58424,0.00441871,0.395407,0.432339,0.00116915,0.707459,0.999985,8179.63,8080.26,1.00053
y_pred[1621],0.584188,0.00368414,0.330434,0.437606,0.0309928,0.632182,0.995774,8183.11,7730.18,1.00025
y_pred[1622],0.561057,0.00429785,0.374075,0.520467,0.00517966,0.628096,0.999541,7656.15,7926.04,1.00028
y_pred[1623],0.714342,0.00367133,0.330317,0.177018,0.0488088,0.880397,0.999988,8207.16,8016.54,1.00006
y_pred[1624],0.382284,0.00151077,0.134482,0.142003,0.173397,0.376595,0.615985,7983.9,7619.93,1.00022
y_pred[1625],0.653451,0.00307712,0.276452,0.316549,0.136684,0.711326,0.989986,8102.3,7972.57,1.00018
y_pred[1626],0.731505,0.00411382,0.353738,0.07468,0.0153956,0.949629,1.0,7394.6,8053.22,0.999817
y_pred[1627],0.763997,0.00383049,0.338979,0.0380924,0.0235232,0.974307,1.0,7516.38,7054.62,1.00001
y_pred[1628],0.763694,0.00320186,0.285343,0.146349,0.132271,0.900794,0.999973,7952.11,7945.94,1.00055
y_pred[1629],0.759536,0.00353875,0.321122,0.0798832,0.0584323,0.946117,1.0,8203.28,7847.09,0.999966
y_pred[1630],0.85853,0.00279634,0.253604,0.00874734,0.197439,0.9941,1.0,8185.7,7682.4,1.00014
y_pred[1631],0.58722,0.00153175,0.134699,0.138404,0.358316,0.590115,0.800381,7661.47,7417.58,0.999872
y_pred[1632],0.0449074,0.0013294,0.120553,0.000249849,9.98724e-16,0.000168521,0.292291,8039.05,7617.43,1.00047
y_pred[1633],0.068889,0.00222494,0.201048,8.16108e-08,4.89667e-34,5.50458e-08,0.605223,8119.19,8016.24,0.999863
y_pred[1634],0.0773133,0.00242464,0.21233,5.42538e-07,3.4912300000000004e-32,3.65937e-07,0.661617,7256.36,7768.6,1.00013
y_pred[1635],0.0782327,0.00204495,0.182937,0.000596039,1.85496e-15,0.000402022,0.529498,8111.08,8102.49,0.999925
y_pred[1636],0.0712848,0.00212789,0.191588,1.10922e-05,3.16709e-25,7.48155e-06,0.56745,7974.35,8131.58,0.99991
y_pred[1637],0.130711,0.00287133,0.248489,0.00470025,2.78109e-12,0.00317028,0.787929,8097.2,7728.98,0.999992
y_pred[1638],0.0343339,0.000549118,0.0492313,0.0196084,5.60376e-05,0.0137908,0.138694,7886.05,8011.07,0.999964
y_pred[1639],0.793476,0.00257695,0.232833,0.155665,0.288454,0.88987,0.999576,8000.95,7758.61,1.00006
y_pred[1640],0.843951,0.00322511,0.290171,0.00224095,0.0789517,0.998489,1.0,8005.75,7925.36,0.999964
y_pred[1641],0.863307,0.00311191,0.277989,0.000455158,0.0971625,0.999693,1.0,8228.79,8008.24,1.00002
y_pred[1642],0.863671,0.00258726,0.234819,0.0189313,0.270374,0.987231,1.0,7993.75,7210.6,1.00044
y_pred[1643],0.861247,0.00292548,0.25935,0.00454269,0.182307,0.996936,1.0,8013.58,8097.43,1.00038
y_pred[1644],0.922146,0.00226947,0.195675,6.52344e-05,0.400494,0.999956,1.0,8057.98,7334.84,1.0001
y_pred[1645],0.743182,0.00134296,0.119774,0.12167,0.520886,0.75662,0.915204,7963.22,7698.34,1.00001
y_pred[1646],0.588497,0.0031433,0.283561,0.350001,0.0950797,0.623028,0.976867,8031.14,7613.07,1.00034
y_pred[1647],0.67914,0.00433375,0.370664,0.170025,0.00758799,0.885315,0.999999,7545.8,7716.03,0.999899
y_pred[1648],0.721305,0.00406175,0.357145,0.0894223,0.0110536,0.939685,1.0,7843.91,7691.53,0.99984
y_pred[1649],0.706287,0.00341888,0.30785,0.242555,0.0867694,0.831692,0.999776,8074.8,8023.36,1.00039
y_pred[1650],0.693915,0.00389691,0.347787,0.191649,0.0281485,0.870679,0.999997,7973.67,7730.42,0.999774
y_pred[1651],0.81631,0.00325621,0.28296,0.0336461,0.131103,0.977306,1.0,8035.86,7250.12,1.00001
y_pred[1652],0.523424,0.00150015,0.136515,0.144108,0.297123,0.523961,0.746928,8271.22,7797.22,1.00014
y_pred[1653],0.852402,0.00227072,0.203308,0.0755763,0.381809,0.94871,0.999979,7968.19,7850.06,0.999957
y_pred[1654],0.894484,0.00271064,0.242577,6.81996e-05,0.201056,0.999954,1.0,8105.89,8015.15,1.00025
y_pred[1655],0.907021,0.00262436,0.231922,8.8956e-06,0.228951,0.999994,1.0,7855.03,7562.29,1.00015
y_pred[1656],0.904012,0.0022357,0.198405,0.00305341,0.398479,0.997941,1.0,8171.28,8053.78,0.999976
y_pred[1657],0.903891,0.00242619,0.218728,0.000305416,0.31391,0.999794,1.0,8062.54,7950.03,1.00023
y_pred[1658],0.944382,0.0018724,0.165985,1.4826e-06,0.556513,0.999999,1.0,7434.69,7464.78,1.00002
y_pred[1659],0.810893,0.00122083,0.106836,0.106823,0.613719,0.827717,0.95466,7721.85,7946.28,1.00016
y_pred[1660],0.448923,0.00323555,0.287204,0.364167,0.0318158,0.427516,0.925916,7922.49,7796.17,0.999702
y_pred[1661],0.5425,0.00451986,0.396128,0.57237,0.000557064,0.604604,0.999891,7993.02,7257.69,1.00015
y_pred[1662],0.5763,0.00443423,0.394058,0.455719,0.000988801,0.691458,0.999978,7977.88,7399.74,1.00005
y_pred[1663],0.575928,0.00383985,0.333848,0.450412,0.0297158,0.625212,0.995719,7566.83,7411.02,1.0003
y_pred[1664],0.561527,0.00432961,0.373679,0.522391,0.00423997,0.625795,0.99949,7796.93,8121.67,1.00015
y_pred[1665],0.711617,0.00368083,0.330652,0.18774,0.048738,0.873118,0.999986,8118.15,7916.91,0.99999
y_pred[1666],0.377571,0.00148479,0.132552,0.139142,0.172198,0.371458,0.60692,7962.91,7191.97,1.00028
y_pred[1667],0.459674,0.00314231,0.288249,0.368292,0.0371361,0.442867,0.93141,8485.32,7425.2,0.99998
y_pred[1668],0.547235,0.00446464,0.393997,0.546211,0.000747594,0.623305,0.999912,7707.64,7925.55,1.00007
y_pred[1669],0.586451,0.00451106,0.393134,0.427881,0.00151016,0.710446,0.999985,7769.22,7625.87,0.999958
y_pred[1670],0.578357,0.00367087,0.330387,0.439735,0.0295444,0.626184,0.995509,8115.66,7525.92,1.00007
y_pred[1671],0.567134,0.00413635,0.372108,0.49322,0.0050363,0.649016,0.999553,8251.52,8165.08,0.999797
y_pred[1672],0.715075,0.00372209,0.329264,0.180074,0.0419496,0.878332,0.999988,7893.86,7925.77,1.00084
y_pred[1673],0.379641,0.00148502,0.133607,0.142018,0.171932,0.373366,0.610284,8128.71,7269.82,1.00029
y_pred[1674],0.0433301,0.00132632,0.117376,0.000238281,7.10772e-16,0.000160718,0.283619,8166.81,7728.82,1.00051
y_pred[1675],0.0642326,0.00220078,0.19437,1.77497e-08,1.74674e-36,1.1972e-08,0.574403,8120.53,7623.29,1.00088
y_pred[1676],0.07778,0.00242506,0.215341,3.94156e-07,3.66e-32,2.65854e-07,0.698928,7851.87,7670.27,0.999886
y_pred[1677],0.0740004,0.00197419,0.174642,0.000534462,7.89039e-16,0.00036049,0.492476,8146.14,7673.08,1.00004
y_pred[1678],0.0690205,0.00215078,0.192041,4.74751e-06,3.7323000000000004e-25,3.20215e-06,0.584023,8388.21,8112.99,0.999772
y_pred[1679],0.124393,0.00271069,0.239791,0.00442153,2.87575e-12,0.00298228,0.765166,8385.5,7964.09,1.00007
y_pred[1680],0.0334961,0.000542778,0.0484848,0.0193369,4.5409e-05,0.0135768,0.132541,7709.49,8011.89,1.00029
y_pred[1681],0.0721867,0.00167216,0.148732,0.00509724,3.34891e-10,0.00343804,0.420216,7685.68,7988.31,1.0003
y_pred[1682],0.116922,0.00282434,0.25112,0.00035739,1.7622700000000003e-18,0.000241056,0.81674,7579.22,7846.33,1.00013
y_pred[1683],0.0656776,0.00220881,0.196834,1.25687e-07,6.700640000000001e-34,8.47745e-08,0.592444,8089.52,7633.61,1.00028
y_pred[1684],0.108023,0.00229565,0.207385,0.00699647,8.39235e-11,0.00471905,0.630555,8029.73,7969.07,0.99997
y_pred[1685],0.103279,0.00256412,0.228701,0.000572418,8.4668e-17,0.000386091,0.733427,8194.69,7874.2,1.00001
y_pred[1686],0.184312,0.0031915,0.282607,0.0337428,9.14668e-09,0.0227592,0.872035,7493.22,7903.86,1.00035
y_pred[1687],0.0198865,0.000417443,0.0378787,0.00552257,2.92685e-07,0.00372873,0.0967085,8326.14,7844.79,1.00062
y_pred[1688],0.548869,0.00343788,0.289173,0.368246,0.0654412,0.568329,0.968547,7297.47,7847.14,0.999907
y_pred[1689],0.69663,0.00413413,0.362457,0.148325,0.0111094,0.899954,1.0,7871.32,7792.54,0.999716
y_pred[1690],0.544634,0.00447022,0.399236,0.567844,0.000555582,0.610293,0.999951,7997.69,7641.61,1.00016
y_pred[1691],0.656411,0.00360394,0.31562,0.337126,0.0662857,0.748355,0.999077,7632.63,7864.79,0.999891
y_pred[1692],0.643811,0.00409571,0.362309,0.314551,0.0136048,0.786733,0.999956,8148.77,7923.52,1.00039
y_pred[1693],0.775669,0.00339247,0.303346,0.0800322,0.0928628,0.946017,1.0,8174.78,8044.64,1.0001
y_pred[1694],0.23972,0.00130051,0.11851,0.118766,0.0742216,0.223904,0.458847,8371.84,7432.26,1.00032
y_pred[1695],0.148392,0.00226205,0.206232,0.0732146,1.31287e-05,0.0496412,0.614594,8234.42,8056.29,0.999801
y_pred[1696],0.246649,0.00396673,0.341872,0.0521035,2.57958e-09,0.0351433,0.975577,7685.43,7960.48,1.00032
y_pred[1697],0.151092,0.00327415,0.288609,0.00117019,2.22431e-16,0.000789282,0.919643,7673.33,7361.86,1.00008
y_pred[1698],0.208892,0.00303893,0.271328,0.107082,6.74742e-06,0.0723814,0.8237,7776.02,7849.84,1.0
y_pred[1699],0.2034,0.00339744,0.302991,0.0402366,1.80929e-08,0.0271393,0.92069,8061.76,7324.87,0.999895
y_pred[1700],0.336618,0.0039448,0.342494,0.29664,7.88591e-05,0.202186,0.97035,7483.4,7554.32,1.00049
y_pred[1701],0.0420436,0.000608888,0.0539987,0.0282585,0.000251858,0.0210661,0.155959,8024.6,8170.01,1.00004
y_pred[1702],0.617542,0.00310283,0.278681,0.331684,0.11232,0.658083,0.98363,8087.43,7790.78,0.999811
y_pred[1703],0.755962,0.00392104,0.339017,0.0510037,0.0267062,0.965599,1.0,7460.54,7670.03,1.00013
y_pred[1704],0.622814,0.00439853,0.388249,0.303493,0.00227544,0.79521,0.999996,8026.32,7892.59,1.00017
y_pred[1705],0.717799,0.00349558,0.301488,0.232292,0.0987313,0.839465,0.999865,7937.67,7490.57,0.999783
y_pred[1706],0.711732,0.00394769,0.3417,0.154991,0.0315271,0.895438,0.999997,7573.52,7459.94,1.00065
y_pred[1707],0.821988,0.00311207,0.278835,0.0289997,0.140631,0.98044,1.0,8511.56,7530.22,0.999855
y_pred[1708],0.302796,0.00136358,0.125112,0.125981,0.114044,0.292403,0.528103,8423.64,7757.1,0.999972
y_pred[1709],0.693995,0.0030134,0.265047,0.275124,0.176488,0.767788,0.994091,7722.71,7766.09,1.00134
y_pred[1710],0.812397,0.00346437,0.311037,0.00915506,0.0539736,0.993825,1.0,8080.58,7834.43,0.999866
y_pred[1711],0.686337,0.00419734,0.37172,0.145893,0.00754317,0.901595,1.0,8106.2,7618.9,1.00021
y_pred[1712],0.782326,0.00317226,0.276907,0.119774,0.153336,0.919034,0.999988,7915.47,7353.97,0.999863
y_pred[1713],0.77262,0.00355389,0.315668,0.063459,0.0634729,0.957197,1.0,8254.76,8135.77,1.00005
y_pred[1714],0.867555,0.00280588,0.247046,0.00668578,0.217974,0.995491,1.0,8021.72,7469.08,1.00061
y_pred[1715],0.372713,0.00151458,0.133688,0.138951,0.166226,0.365458,0.607017,7782.31,7868.93,1.00027
y_pred[1716],0.106942,0.00198555,0.180022,0.0256562,1.64724e-07,0.0173068,0.53233,8315.71,8047.58,1.00008
y_pred[1717],0.174923,0.00341316,0.301568,0.0071347,7.98859e-13,0.00481229,0.933815,7616.74,7318.56,0.999977
y_pred[1718],0.101542,0.00273591,0.24261,3.21595e-05,1.27216e-23,2.16913e-05,0.812337,8155.98,7376.63,1.00031
y_pred[1719],0.153247,0.00273764,0.244419,0.0309678,3.71648e-08,0.0208877,0.753888,7796.1,7872.59,0.999794
y_pred[1720],0.151356,0.0031599,0.269564,0.00838613,1.24138e-11,0.00565637,0.854823,7649.24,7379.35,1.00008
y_pred[1721],0.251662,0.00350545,0.31644,0.124041,1.88736e-06,0.0836923,0.936389,8124.03,7706.44,1.00038
y_pred[1722],0.0294566,0.000514273,0.0462671,0.0147659,1.30636e-05,0.0101448,0.126864,8100.83,8052.85,1.00006
y_pred[1723],0.59569,0.0031083,0.282072,0.34372,0.101694,0.632025,0.980327,8259.62,8274.75,1.00057
y_pred[1724],0.74165,0.00391874,0.345735,0.0718572,0.0183151,0.951533,1.0,7691.93,7917.94,1.00006
y_pred[1725],0.599423,0.00442407,0.390643,0.380666,0.00151362,0.742589,0.999979,8047.46,7999.49,1.00027
y_pred[1726],0.701376,0.00339562,0.30888,0.253827,0.0849762,0.822949,0.999677,8178.51,7915.0,1.00053
y_pred[1727],0.692299,0.0038999,0.346049,0.20539,0.0243474,0.861261,0.99999,8098.53,7877.52,0.999838
y_pred[1728],0.813592,0.00328396,0.285489,0.0353333,0.120511,0.976168,1.0,7510.57,7528.49,1.00016
y_pred[1729],0.275581,0.00133677,0.122805,0.127097,0.0966138,0.26374,0.496717,8468.5,8056.62,0.999989
y_pred[1730],0.775778,0.00264816,0.237864,0.185134,0.283572,0.864252,0.99921,8105.73,7913.31,0.999907
y_pred[1731],0.862754,0.00312736,0.273169,0.0010697,0.112925,0.999278,1.0,8057.07,7896.04,0.999969
y_pred[1732],0.773059,0.00371576,0.336261,0.0272294,0.0268258,0.981634,1.0,8181.71,7326.94,1.00028
y_pred[1733],0.840951,0.00277874,0.245362,0.0386996,0.254058,0.973896,1.0,8035.42,7919.2,1.00042
y_pred[1734],0.839028,0.00313397,0.277153,0.0114946,0.124117,0.992247,1.0,8118.25,7640.42,0.999968
y_pred[1735],0.908964,0.00231759,0.207434,0.000481104,0.357616,0.999675,1.0,7877.08,7518.4,0.999944
y_pred[1736],0.472223,0.00152313,0.138264,0.145663,0.243343,0.47082,0.700618,8239.1,7922.31,1.00014
y_pred[1737],0.805044,0.00261595,0.230228,0.137983,0.292469,0.903087,0.999764,7854.82,7464.36,0.999905
y_pred[1738],0.884986,0.00287115,0.252252,0.000221649,0.168443,0.99985,1.0,7641.54,7627.57,0.999799
y_pred[1739],0.81093,0.00348144,0.312514,0.010585,0.0504303,0.992861,1.0,7926.72,8017.01,1.00039
y_pred[1740],0.866078,0.00260176,0.228605,0.0187779,0.303939,0.987335,1.0,8056.67,7568.39,1.00096
y_pred[1741],0.859826,0.00294287,0.263366,0.00414387,0.153566,0.997205,1.0,7830.32,7522.6,1.00023
y_pred[1742],0.925559,0.00223502,0.192088,6.37518e-05,0.434153,0.999957,1.0,7850.29,7599.15,1.00017
y_pred[1743],0.522225,0.00151017,0.136951,0.143275,0.294342,0.523167,0.747425,8215.89,8094.33,1.00029
y_pred[1744],0.582767,0.00316049,0.283659,0.351659,0.0884946,0.618167,0.976302,8178.06,7949.43,1.00041
y_pred[1745],0.716327,0.00404517,0.360012,0.0968397,0.0124426,0.934682,1.0,7899.24,7950.89,1.00126
y_pred[1746],0.574463,0.00443232,0.39544,0.467871,0.000761887,0.682965,0.999978,7740.58,7657.28,0.999784
y_pred[1747],0.686666,0.00353126,0.313544,0.280677,0.0757396,0.80123,0.99951,7916.13,7941.45,1.00042
y_pred[1748],0.677597,0.00398508,0.353734,0.226165,0.0211808,0.847205,0.999987,7861.19,7717.39,1.00075
y_pred[1749],0.79972,0.003291,0.291916,0.048352,0.108279,0.967387,1.0,8093.68,8178.18,0.999809
y_pred[1750],0.264174,0.00134846,0.119676,0.120802,0.0896185,0.251841,0.48014,7846.29,8185.2,1.00034
y_pred[1751],0.596045,0.00318926,0.282542,0.344521,0.0961927,0.631571,0.979924,7736.99,7652.86,0.999959
y_pred[1752],0.738743,0.00384589,0.349797,0.06976,0.0156486,0.952947,1.0,8318.08,7846.46,1.0001
y_pred[1753],0.592681,0.00438527,0.394904,0.392916,0.00131221,0.734592,0.999988,8099.92,7947.84,1.0001
y_pred[1754],0.691233,0.00344485,0.311183,0.278907,0.083303,0.804659,0.99961,7863.18,8108.9,0.999951
y_pred[1755],0.694298,0.003932,0.345571,0.201241,0.0259936,0.864088,0.99999,7770.65,7750.45,0.999787
y_pred[1756],0.812155,0.00325902,0.281827,0.0434387,0.129513,0.970701,1.0,7317.4,7304.65,1.00034
y_pred[1757],0.274316,0.00138886,0.122702,0.123486,0.0939033,0.263019,0.494182,7861.56,7187.97,1.00039
y_pred[1758],0.0656379,0.00160024,0.142357,0.00338896,6.08716e-11,0.00228583,0.388267,8269.05,8211.25,1.00003
y_pred[1759],0.112676,0.00277077,0.24792,0.000224408,7.9254e-20,0.000151361,0.809025,8038.2,7794.94,0.999735
y_pred[1760],0.0690069,0.00239328,0.203401,4.85774e-08,4.62637e-37,3.2765e-08,0.630122,8055.78,7106.9,1.0
y_pred[1761],0.0995879,0.00232,0.202475,0.00400309,1.0729e-11,0.00270005,0.61281,7786.33,7728.97,1.00027
y_pred[1762],0.10003,0.00256286,0.227788,0.000266517,1.9080100000000003e-18,0.000179763,0.725379,8162.52,7890.16,0.99977
y_pred[1763],0.163476,0.00301327,0.269517,0.020976,2.56409e-09,0.0141481,0.844087,7935.78,7678.99,1.0002
y_pred[1764],0.0181914,0.000428154,0.0365691,0.00375819,7.9832e-08,0.00253547,0.0915953,7760.15,7421.94,1.00006
y_pred[1765],0.0704824,0.00165489,0.147192,0.00529957,1.8246e-10,0.00357451,0.410457,7918.89,7685.94,1.00015
y_pred[1766],0.124735,0.0028768,0.260905,0.000399911,5.02703e-18,0.000269736,0.847331,8094.13,8183.82,0.999896
y_pred[1767],0.071073,0.00232203,0.205675,1.08591e-07,5.1079500000000005e-34,7.32437e-08,0.634218,8167.72,7714.5,1.00051
y_pred[1768],0.107892,0.00232818,0.208415,0.00683763,6.65704e-11,0.00461192,0.639624,8047.51,8078.93,1.00007
y_pred[1769],0.106755,0.00257503,0.233841,0.000579574,2.68644e-17,0.000390918,0.761682,8160.21,7502.55,1.00022
y_pred[1770],0.186675,0.00324315,0.284132,0.037249,4.33263e-09,0.0251241,0.869073,7936.84,7666.06,1.00023
y_pred[1771],0.0191287,0.000411779,0.0369311,0.00487919,1.96531e-07,0.00329375,0.0923723,8140.18,7786.05,1.00011
y_pred[1772],0.543756,0.00320928,0.285785,0.367841,0.0767973,0.553932,0.963722,7947.51,7714.67,1.00062
y_pred[1773],0.700769,0.00407828,0.361786,0.136113,0.0100261,0.908192,1.0,7927.96,7863.64,1.0001
y_pred[1774],0.539115,0.00450497,0.398173,0.584677,0.000508392,0.59746,0.999954,8133.66,8057.85,1.00028
y_pred[1775],0.654216,0.00373692,0.319258,0.351143,0.0622592,0.743393,0.999112,7338.22,7607.55,1.00003
y_pred[1776],0.647678,0.00409148,0.357548,0.314027,0.0162585,0.78658,0.999936,7649.89,7689.77,0.999721
y_pred[1777],0.780257,0.00337378,0.301313,0.0724198,0.0933521,0.951151,1.0,7999.75,8000.82,1.00014
y_pred[1778],0.239962,0.00133987,0.117137,0.120759,0.0757208,0.225224,0.453075,7641.52,7611.78,1.00058
y_pred[1779],0.147576,0.0022846,0.203115,0.0735187,1.64461e-05,0.0498117,0.610861,7920.06,8016.07,1.0002
y_pred[1780],0.240928,0.00382312,0.339001,0.0520132,3.55641e-09,0.0350825,0.97609,8217.37,7973.11,1.00011
y_pred[1781],0.148689,0.00318056,0.285031,0.0012683,1.97333e-16,0.000855459,0.91659,7949.38,7544.84,1.00038
y_pred[1782],0.216428,0.00314787,0.275865,0.111593,9.84816e-06,0.0753737,0.836134,7987.6,7806.14,1.00003
y_pred[1783],0.20651,0.00344073,0.3047,0.0455933,8.81207e-09,0.0307523,0.922193,7991.75,7911.69,0.999875
y_pred[1784],0.334703,0.00387697,0.344504,0.282779,7.53577e-05,0.192744,0.970917,7920.05,7723.04,0.999981
y_pred[1785],0.0423086,0.000602593,0.0549017,0.028519,0.000226167,0.0213003,0.153816,8029.97,7178.99,1.00001
y_pred[1786],0.626788,0.00311403,0.279646,0.333462,0.112076,0.673872,0.98602,8182.69,7905.0,0.999878
y_pred[1787],0.753519,0.00380196,0.341561,0.048928,0.0256644,0.966998,1.0,8072.02,7854.95,0.999868
y_pred[1788],0.623047,0.00444482,0.387917,0.298936,0.00257728,0.798277,0.999995,7836.71,8135.4,1.00006
y_pred[1789],0.72125,0.00344771,0.303187,0.222084,0.0960895,0.84689,0.999833,7712.12,7901.86,1.00017
y_pred[1790],0.713552,0.00377556,0.338827,0.15859,0.0351171,0.893003,0.999998,7976.33,7571.92,0.999819
y_pred[1791],0.823575,0.00309504,0.276397,0.0274622,0.144987,0.981477,1.0,7864.33,7796.32,1.00001
y_pred[1792],0.301058,0.00141942,0.125226,0.129037,0.117098,0.288813,0.525837,7805.26,6278.26,0.999924
y_pred[1793],0.693423,0.00289998,0.264403,0.279745,0.177647,0.762988,0.994128,8179.85,7360.22,0.999907
y_pred[1794],0.802071,0.00372161,0.316849,0.011528,0.0448357,0.992224,1.0,7416.2,7632.77,1.00001
y_pred[1795],0.689068,0.00407431,0.367933,0.152003,0.00907866,0.897474,1.0,8122.38,7650.0,1.00061
y_pred[1796],0.781694,0.003096,0.278223,0.117331,0.153497,0.920659,0.999986,8225.04,7954.52,1.00023
y_pred[1797],0.777578,0.00348178,0.314311,0.0566242,0.0694511,0.961807,1.0,8163.14,8055.66,1.00024
y_pred[1798],0.867005,0.00273816,0.249402,0.00505789,0.205919,0.996588,1.0,8199.66,7764.72,1.00018
y_pred[1799],0.373652,0.00151343,0.13281,0.140054,0.167128,0.3662,0.602734,7712.56,7808.15,1.0
y_pred[1800],0.103881,0.00201688,0.176807,0.0226561,1.89333e-07,0.0152823,0.524727,7875.08,7863.71,0.999885
y_pred[1801],0.177423,0.00332505,0.302514,0.00692562,4.46229e-13,0.00467126,0.936025,8312.11,7896.57,1.00045
y_pred[1802],0.100937,0.00270853,0.242085,2.52579e-05,8.584610000000001e-24,1.70362e-05,0.803205,7876.34,7895.89,1.0005
y_pred[1803],0.150183,0.00267805,0.238447,0.034641,6.30888e-08,0.0233659,0.740715,8073.79,7913.52,1.00062
y_pred[1804],0.14214,0.00297022,0.263009,0.00592972,4.15848e-12,0.00399954,0.839123,7935.81,7929.08,0.999893
y_pred[1805],0.244491,0.0035061,0.312401,0.108093,1.49417e-06,0.0729237,0.925687,8052.38,7734.84,0.999707
y_pred[1806],0.0282629,0.0005017,0.045672,0.0140119,1.40545e-05,0.00962229,0.118244,8250.49,7656.92,0.999816
y_pred[1807],0.597665,0.00325367,0.282904,0.351814,0.0998615,0.636736,0.979629,7731.7,7728.42,0.999941
y_pred[1808],0.738086,0.00383817,0.348543,0.0677215,0.0221056,0.954322,1.0,8147.82,7847.06,1.00051
y_pred[1809],0.59286,0.00436354,0.39353,0.399894,0.00140936,0.729844,0.999989,8026.03,7808.47,0.999896
y_pred[1810],0.692931,0.00354215,0.312206,0.27023,0.0760174,0.810187,0.999675,7988.31,7781.88,0.999875
y_pred[1811],0.700916,0.00379144,0.343116,0.183654,0.029324,0.876051,0.999995,8182.98,7906.63,1.00035
y_pred[1812],0.809386,0.00316492,0.285931,0.0407456,0.121162,0.972517,1.0,7603.5,7726.45,0.999879
y_pred[1813],0.279281,0.00133877,0.123423,0.127479,0.0963612,0.267475,0.500967,8513.23,7821.38,0.999967
y_pred[1814],0.775934,0.00263998,0.240862,0.183011,0.258628,0.867269,0.999199,7863.86,7696.58,1.00042
y_pred[1815],0.859719,0.00312573,0.27663,0.00083248,0.111824,0.999439,1.0,7832.54,7805.01,1.00072
y_pred[1816],0.768184,0.00377996,0.337099,0.0351043,0.02596,0.976322,1.0,7798.68,7692.77,1.0001
y_pred[1817],0.840263,0.00272599,0.246317,0.0403586,0.23912,0.972777,1.0,8290.43,7499.32,1.00007
y_pred[1818],0.836672,0.00313894,0.276433,0.0133604,0.138068,0.990989,1.0,7089.29,7648.96,1.00013
y_pred[1819],0.910373,0.00239253,0.207399,0.000432178,0.35865,0.999708,1.0,7510.23,7734.62,0.999819
y_pred[1820],0.471653,0.00150372,0.137511,0.144751,0.248206,0.468037,0.702388,8412.1,7292.79,1.00041
y_pred[1821],0.8049,0.00254556,0.227568,0.141995,0.302859,0.900644,0.999755,8149.89,7969.43,1.00036
y_pred[1822],0.885856,0.00291769,0.25335,0.000149743,0.171433,0.999899,1.0,7348.9,7353.9,0.999668
y_pred[1823],0.813039,0.0036276,0.311671,0.00929516,0.0491684,0.993731,1.0,7549.6,7729.53,1.00002
y_pred[1824],0.867811,0.00252487,0.223978,0.0224651,0.304369,0.984847,1.0,7836.13,7893.21,1.00057
y_pred[1825],0.866503,0.00281016,0.251918,0.00361903,0.205778,0.997559,1.0,7906.58,7862.94,0.99997
y_pred[1826],0.921562,0.00228004,0.197393,5.1891e-05,0.397564,0.999965,1.0,7853.19,7871.05,0.999903
y_pred[1827],0.521352,0.00151574,0.136999,0.144447,0.294834,0.521976,0.744174,8234.67,7888.5,1.00003
y_pred[1828],0.585859,0.00318817,0.284633,0.349256,0.0886948,0.624046,0.976923,8011.03,7886.32,1.00011
y_pred[1829],0.719256,0.00413872,0.358712,0.0974276,0.0127153,0.934286,1.0,7937.53,7868.28,1.00063
y_pred[1830],0.576261,0.00442483,0.3967,0.460983,0.00079398,0.687557,0.999973,7885.7,7133.25,1.00032
y_pred[1831],0.683826,0.00343845,0.312515,0.290395,0.0758696,0.794601,0.999574,8260.03,8122.32,1.00031
y_pred[1832],0.679405,0.00392143,0.352242,0.224746,0.0202916,0.848256,0.99999,8015.9,8107.06,1.00019
y_pred[1833],0.803641,0.00319999,0.287504,0.0494358,0.118211,0.966656,1.0,8435.13,7805.37,0.999885
y_pred[1834],0.265502,0.00134546,0.121394,0.123717,0.0918508,0.250675,0.486055,8260.96,7745.0,1.0001
y_pred[1835],0.594307,0.00322183,0.285929,0.351425,0.094029,0.635506,0.979852,7896.78,7733.83,1.00092
y_pred[1836],0.735535,0.00388075,0.350294,0.0744562,0.0174566,0.94978,1.0,8242.37,7808.77,1.00045
y_pred[1837],0.600473,0.0043622,0.390372,0.382131,0.00128804,0.741765,0.999989,8546.91,7974.05,1.0005
y_pred[1838],0.696791,0.00346308,0.308281,0.267938,0.079046,0.81201,0.999667,8003.75,8065.26,1.00042
y_pred[1839],0.695999,0.00388481,0.344298,0.197039,0.0259458,0.86697,0.999991,8007.11,8015.64,1.00033
y_pred[1840],0.810877,0.00322762,0.285919,0.0400687,0.123053,0.972974,1.0,7785.79,7510.7,1.0008
y_pred[1841],0.27409,0.00140286,0.122918,0.12426,0.0942537,0.261834,0.497995,7730.49,7930.33,1.00023
y_pred[1842],0.066056,0.00157389,0.142011,0.00373289,5.05498e-11,0.0025178,0.388953,8305.04,8258.03,1.00019
y_pred[1843],0.123762,0.00301496,0.262512,0.000203134,1.36796e-19,0.000137012,0.863923,7747.11,7557.09,0.99987
y_pred[1844],0.0624212,0.00219782,0.189943,3.44391e-08,2.9694099999999997e-37,2.32289e-08,0.529817,7640.55,7266.2,1.00034
y_pred[1845],0.10106,0.00226013,0.202897,0.00476936,1.06783e-11,0.00321689,0.609709,8309.84,8180.08,1.00005
y_pred[1846],0.0986041,0.00254338,0.224489,0.000260889,3.67594e-18,0.000175967,0.712016,8197.16,7689.88,0.99981
y_pred[1847],0.16621,0.00297271,0.270518,0.0229107,1.91461e-09,0.015453,0.8394,8146.77,7735.28,0.999842
y_pred[1848],0.0179969,0.000396541,0.0349563,0.00393325,5.789e-08,0.00265342,0.0906081,7889.55,7769.11,0.999775
y_pred[1849],0.0709968,0.00167761,0.146046,0.00537898,1.87892e-10,0.00362807,0.404872,8062.86,7844.88,1.00009
y_pred[1850],0.125374,0.00296992,0.263852,0.000440765,1.09592e-17,0.000297292,0.872792,8093.44,8187.67,1.0003
y_pred[1851],0.0712406,0.00236505,0.204334,1.80288e-07,9.73629e-34,1.21602e-07,0.616801,6883.62,7181.02,1.0005
y_pred[1852],0.106219,0.00233083,0.20579,0.00665441,6.89629e-11,0.00448833,0.623902,8095.41,7831.43,1.00047
y_pred[1853],0.100273,0.00252028,0.223912,0.000389752,1.2557e-17,0.000262884,0.702782,8089.71,7680.41,0.999924
y_pred[1854],0.185731,0.00322849,0.284721,0.0338765,1.08529e-08,0.0228494,0.874976,7833.5,7460.9,0.99978
y_pred[1855],0.0198191,0.000423505,0.0379698,0.00511931,2.05856e-07,0.00345538,0.0983443,7807.71,7714.2,1.00015
y_pred[1856],0.547253,0.00317788,0.287872,0.367064,0.0737648,0.564708,0.967896,8196.62,7790.09,1.0006
y_pred[1857],0.69725,0.0041896,0.366845,0.127248,0.00961927,0.91417,1.0,7495.45,7206.62,0.999943
y_pred[1858],0.540443,0.00451399,0.401674,0.572775,0.000579728,0.608024,0.99993,7642.27,8041.45,1.00006
y_pred[1859],0.653892,0.003562,0.318441,0.341383,0.0609477,0.746652,0.998905,8067.98,7810.35,0.99991
y_pred[1860],0.646659,0.00402929,0.359598,0.301878,0.0142879,0.795327,0.999958,7834.89,7770.23,0.999735
y_pred[1861],0.777107,0.00346504,0.304641,0.0758824,0.087012,0.948816,1.0,7867.74,7421.97,1.00003
y_pred[1862],0.238349,0.00128215,0.115216,0.115127,0.072334,0.224661,0.44811,7903.18,7868.16,1.00022
y_pred[1863],0.147446,0.00229019,0.203011,0.0738749,1.37981e-05,0.0500415,0.611923,7937.56,7913.14,1.00023
y_pred[1864],0.253368,0.00387309,0.346264,0.0552248,2.83598e-09,0.0372487,0.979397,8125.03,8045.15,0.999838
y_pred[1865],0.15123,0.00333403,0.286381,0.00118004,4.49522e-16,0.000795926,0.910082,7809.27,7757.39,1.00004
y_pred[1866],0.215123,0.00319136,0.277769,0.111665,7.78839e-06,0.0754549,0.845371,7475.49,7910.7,1.00004
y_pred[1867],0.20378,0.00339162,0.29966,0.0443143,1.65334e-08,0.0298897,0.909045,7827.19,7682.53,1.00029
y_pred[1868],0.338138,0.00381866,0.343494,0.298744,8.95938e-05,0.204181,0.973291,7871.53,7668.53,1.00005
y_pred[1869],0.0416792,0.000614021,0.0534991,0.0281943,0.000270086,0.0210047,0.153089,7925.97,7786.69,0.999998
y_pred[1870],0.623879,0.00319394,0.280343,0.333446,0.11395,0.673845,0.984892,7736.28,7877.21,1.00017
y_pred[1871],0.760765,0.00374129,0.339298,0.0440036,0.0236036,0.97032,1.0,7873.97,8046.93,1.0005
y_pred[1872],0.622266,0.00443215,0.385582,0.314348,0.00277796,0.787861,0.999996,7558.98,8141.66,1.00042
y_pred[1873],0.722252,0.00333357,0.301324,0.215481,0.0969565,0.851665,0.999821,8341.94,7768.49,1.00004
y_pred[1874],0.715462,0.0037946,0.33929,0.154576,0.0310442,0.895718,0.999998,8032.66,7739.74,0.999818
y_pred[1875],0.825878,0.00324252,0.275232,0.0281746,0.141663,0.980997,1.0,7804.29,7994.03,1.00004
y_pred[1876],0.302455,0.00142656,0.127605,0.130698,0.112103,0.290985,0.531031,7985.21,7946.01,0.999989
y_pred[1877],0.700282,0.00300516,0.262399,0.27291,0.182166,0.77131,0.994669,7851.69,7807.86,1.00008
y_pred[1878],0.805351,0.00352168,0.315953,0.0108741,0.0475365,0.992665,1.0,8155.66,7722.42,0.999907
y_pred[1879],0.693192,0.00429977,0.371188,0.12806,0.00721507,0.913624,1.0,7850.09,7551.84,1.0
y_pred[1880],0.77744,0.00314658,0.281704,0.118938,0.14273,0.919601,0.99999,8077.51,7687.07,0.999896
y_pred[1881],0.777252,0.00354822,0.313135,0.0589771,0.0637338,0.960221,1.0,7735.45,7689.03,1.0004
y_pred[1882],0.870561,0.00273344,0.243495,0.00598081,0.22873,0.995966,1.0,7993.81,7364.13,1.00061
y_pred[1883],0.372616,0.00146173,0.134402,0.139891,0.164631,0.364092,0.607274,8463.9,7896.71,1.00032
y_pred[1884],0.101424,0.00188578,0.173117,0.0229784,1.37126e-07,0.0154999,0.513752,8608.01,7888.29,1.00011
y_pred[1885],0.176171,0.00348363,0.302426,0.00685774,8.08082e-13,0.00462549,0.938001,7495.25,7441.03,0.999651
y_pred[1886],0.10478,0.00271646,0.245627,3.76334e-05,2.6131e-23,2.53834e-05,0.829396,8036.54,7910.11,1.00013
y_pred[1887],0.14732,0.00264467,0.237855,0.0288332,5.03974e-08,0.019448,0.737399,7943.53,7640.63,1.00054
y_pred[1888],0.150778,0.00302016,0.268326,0.00889434,7.85408e-12,0.00599915,0.856962,7867.99,7731.29,1.00014
y_pred[1889],0.250975,0.00358647,0.315696,0.122816,2.93851e-06,0.0828764,0.928802,7775.72,7924.22,0.999865
y_pred[1890],0.0288769,0.000520086,0.0466072,0.0134549,1.88752e-05,0.00925918,0.12638,7888.6,7705.92,0.999966
y_pred[1891],0.598017,0.00319908,0.285449,0.354718,0.100267,0.639798,0.98058,7949.99,7804.45,0.999983
y_pred[1892],0.733795,0.00390925,0.35149,0.0753798,0.0166631,0.949157,1.0,7941.28,7858.43,1.00007
y_pred[1893],0.585856,0.00440261,0.392958,0.439377,0.00161849,0.702792,0.999986,8060.57,8139.62,1.00043
y_pred[1894],0.69869,0.00344187,0.308054,0.259116,0.0834226,0.818285,0.99969,7952.43,7842.76,0.999857
y_pred[1895],0.692097,0.00383962,0.348753,0.201982,0.025388,0.863627,0.999992,8365.06,7889.5,1.00012
y_pred[1896],0.814031,0.00317951,0.283382,0.0365824,0.128177,0.975326,1.0,8103.6,7650.28,0.99981
y_pred[1897],0.279243,0.00134476,0.122524,0.126177,0.0980987,0.268385,0.50094,8322.41,7871.96,1.00038
y_pred[1898],0.772984,0.00269713,0.243372,0.181137,0.248718,0.867195,0.999045,8107.27,7898.74,0.999985
y_pred[1899],0.862098,0.00307216,0.274227,0.000921436,0.105497,0.999378,1.0,7960.15,7969.53,0.99978
y_pred[1900],0.773264,0.00365374,0.336246,0.0286839,0.0253169,0.980653,1.0,8132.57,7799.45,1.00021
y_pred[1901],0.839933,0.00269069,0.244896,0.0421592,0.243457,0.971563,1.0,8239.97,7859.64,1.00002
y_pred[1902],0.842571,0.00317644,0.273681,0.010949,0.134309,0.992615,1.0,8137.76,8167.76,1.00039
y_pred[1903],0.910379,0.00228495,0.205467,0.000472208,0.372339,0.999682,1.0,8401.62,7971.64,1.00007
y_pred[1904],0.470087,0.00150919,0.13715,0.144178,0.246423,0.468008,0.70118,8235.28,8142.37,0.999967
y_pred[1905],0.807049,0.00253338,0.230162,0.136934,0.291819,0.904304,0.99982,8156.94,8062.06,1.00023
y_pred[1906],0.886181,0.00277921,0.249851,0.000196445,0.172061,0.999867,1.0,7804.93,7544.64,1.00002
y_pred[1907],0.800608,0.00357406,0.320863,0.0114523,0.0405632,0.992275,1.0,8172.85,8164.38,1.00016
y_pred[1908],0.865087,0.00258737,0.230894,0.020766,0.281783,0.985993,1.0,7906.74,7762.25,1.00002
y_pred[1909],0.863013,0.00296322,0.25855,0.00437886,0.178229,0.997046,1.0,7717.75,7524.52,1.00005
y_pred[1910],0.924697,0.00213404,0.190034,6.07866e-05,0.419375,0.999959,1.0,7685.74,7507.28,0.999661
y_pred[1911],0.522981,0.00150468,0.136383,0.146763,0.296895,0.52318,0.744171,8211.83,7912.4,0.99981
y_pred[1912],0.580474,0.00328505,0.284479,0.355689,0.0888968,0.613565,0.974788,7537.62,8094.31,1.00022
y_pred[1913],0.726512,0.00398422,0.353691,0.0855475,0.0140966,0.942299,1.0,8039.09,7802.2,0.999852
y_pred[1914],0.583885,0.00442645,0.392505,0.442527,0.0013269,0.700496,0.999984,8103.19,8055.66,0.999775
y_pred[1915],0.683464,0.00360503,0.312447,0.290784,0.0750097,0.793743,0.999568,7496.36,7334.23,1.00025
y_pred[1916],0.673195,0.00401369,0.351132,0.244464,0.0231862,0.834653,0.99998,7681.49,7816.88,1.00018
y_pred[1917],0.798805,0.00331302,0.293476,0.0489695,0.104607,0.96697,1.0,8048.36,8001.03,1.00079
y_pred[1918],0.266075,0.00138524,0.121017,0.12328,0.0905123,0.252787,0.489941,7671.57,7896.88,1.00055
y_pred[1919],0.598291,0.00324461,0.282211,0.345517,0.0975748,0.634037,0.978218,7746.79,8051.09,0.999939
y_pred[1920],0.733179,0.00396071,0.352564,0.0722234,0.0163324,0.951286,1.0,8004.39,7611.31,0.999904
y_pred[1921],0.586757,0.00437685,0.391884,0.430362,0.00124334,0.708746,0.999985,8229.18,7720.63,0.999843
y_pred[1922],0.695017,0.00344448,0.309335,0.273705,0.0828707,0.807732,0.999699,7876.47,7493.8,0.999996
y_pred[1923],0.690522,0.00401185,0.349181,0.198568,0.0219317,0.865889,0.999989,7728.09,7743.26,0.999988
y_pred[1924],0.810414,0.00322869,0.287632,0.0385083,0.106034,0.974027,1.0,7881.65,7719.13,1.00017
y_pred[1925],0.276051,0.00135509,0.124699,0.128114,0.0927735,0.262946,0.499124,8373.2,7740.03,1.0001
y_pred[1926],0.0666807,0.00161616,0.145307,0.00310717,4.43032e-11,0.00209575,0.403126,8125.31,7889.28,1.00011
y_pred[1927],0.12098,0.00291314,0.259221,0.000229289,3.73267e-19,0.000154653,0.853472,8101.8,7806.77,1.00016
y_pred[1928],0.0675602,0.00230741,0.202191,2.39557e-08,1.48725e-36,1.61579e-08,0.639922,8173.86,7753.87,0.999976
y_pred[1929],0.097736,0.00228287,0.200887,0.00385832,1.30909e-11,0.0026024,0.616498,7983.86,7623.02,1.00018
y_pred[1930],0.093859,0.00239133,0.219543,0.000201623,3.57959e-18,0.000135993,0.706951,8359.24,7759.8,1.00035
y_pred[1931],0.169061,0.00304914,0.273806,0.0223343,2.18962e-09,0.0150643,0.851308,8068.48,8043.21,1.0002
y_pred[1932],0.0176086,0.000392203,0.0356311,0.00374172,4.96409e-08,0.00252444,0.0889066,7958.63,7503.28,0.999977
y_pred[1933],0.0682877,0.00162581,0.143974,0.00454149,1.44559e-10,0.00306319,0.397906,7825.84,7730.75,0.999983
y_pred[1934],0.125512,0.00288207,0.262799,0.000408848,1.1167e-18,0.000275764,0.854885,8270.97,7518.74,0.999916
y_pred[1935],0.0695496,0.0024009,0.200915,1.13229e-07,1.9025899999999998e-35,7.63717e-08,0.597675,7760.39,7566.46,1.00018
y_pred[1936],0.106024,0.00234605,0.205643,0.00613121,4.83864e-11,0.00413544,0.614768,7885.15,7792.56,0.999883
y_pred[1937],0.10444,0.00261582,0.230065,0.000453312,7.14376e-17,0.000305755,0.730867,7856.85,8035.3,1.00043
y_pred[1938],0.184486,0.00312649,0.281945,0.031594,6.46824e-09,0.0213099,0.868464,8013.23,8100.24,1.00017
y_pred[1939],0.0199566,0.0004356,0.0389303,0.00530831,2.44107e-07,0.00358348,0.0971571,7964.16,7767.5,1.00013
y_pred[1940],0.553256,0.00320859,0.286228,0.360223,0.0714174,0.576421,0.96936,7997.68,7771.11,0.999834
y_pred[1941],0.700878,0.00403142,0.363563,0.126137,0.00944045,0.914921,1.0,8077.76,7640.97,0.999861
y_pred[1942],0.548139,0.00443735,0.397962,0.541892,0.000693974,0.629433,0.999931,8175.15,7953.55,0.999932
y_pred[1943],0.655085,0.00354947,0.318564,0.331208,0.0632615,0.758263,0.998994,7907.72,7385.68,1.00011
y_pred[1944],0.648862,0.00399593,0.359714,0.293113,0.0159543,0.801446,0.999955,8077.18,7906.54,0.999829
y_pred[1945],0.780531,0.0034211,0.303189,0.0707756,0.0911689,0.95226,1.0,7926.45,7760.36,1.00042
y_pred[1946],0.239379,0.00132662,0.117486,0.118314,0.0711918,0.226868,0.454489,7954.14,7953.85,1.00046
y_pred[1947],0.148602,0.00228223,0.204025,0.0763345,1.93299e-05,0.0517734,0.630711,8002.03,8052.6,0.999961
y_pred[1948],0.245274,0.00377455,0.341181,0.0484255,3.84101e-09,0.0326625,0.975903,8375.69,8098.8,0.999947
y_pred[1949],0.146349,0.00320007,0.282448,0.00119497,7.29561e-17,0.000805997,0.895552,7812.97,7526.73,1.00004
y_pred[1950],0.20893,0.00308062,0.273172,0.105822,8.67892e-06,0.0715431,0.843868,7959.74,7728.56,1.00002
y_pred[1951],0.212341,0.00344164,0.307509,0.0468799,1.11426e-08,0.0316201,0.92179,7856.1,7520.9,1.00026
y_pred[1952],0.324253,0.00388649,0.341215,0.263043,7.37615e-05,0.178795,0.97046,7744.42,7891.74,1.00023
y_pred[1953],0.0423754,0.000586302,0.0532108,0.0301556,0.000289154,0.0227405,0.151305,8192.18,8103.29,1.00021
y_pred[1954],0.627354,0.003099,0.278552,0.326272,0.112191,0.675745,0.9845,8045.67,7971.43,0.999842
y_pred[1955],0.757144,0.00380017,0.338749,0.0510237,0.0280933,0.965585,1.0,8049.94,7986.13,0.999801
y_pred[1956],0.616529,0.00440102,0.388354,0.331467,0.0018857,0.776262,0.999995,7920.67,7793.67,1.00007
y_pred[1957],0.718665,0.00340864,0.303597,0.223604,0.0922116,0.846214,0.999824,7889.08,7299.05,1.00061
y_pred[1958],0.710665,0.00382801,0.341057,0.157677,0.0339875,0.893607,0.999997,7882.79,7368.58,1.00016
y_pred[1959],0.827382,0.00311317,0.276222,0.0243124,0.148562,0.983602,1.0,7905.87,7741.9,0.999861
y_pred[1960],0.300429,0.00141609,0.125775,0.130263,0.11247,0.289742,0.523332,7961.84,7873.29,1.00048
y_pred[1961],0.697342,0.0030052,0.26613,0.27502,0.172388,0.771049,0.995325,8016.05,7801.45,1.00035
y_pred[1962],0.815161,0.00340815,0.306137,0.0112307,0.0605158,0.992425,1.0,8331.03,8055.22,0.99981
y_pred[1963],0.693758,0.00416448,0.368014,0.134267,0.00852476,0.909437,1.0,7619.26,7786.02,1.0003
y_pred[1964],0.77739,0.00310425,0.278666,0.123637,0.154325,0.916436,0.999988,7962.28,7782.87,0.999867
y_pred[1965],0.774556,0.00359926,0.315859,0.0598274,0.0577148,0.959647,1.0,7346.69,7791.2,1.00008
y_pred[1966],0.864416,0.00285673,0.250765,0.00559756,0.213295,0.996224,1.0,7742.39,7423.65,1.00003
y_pred[1967],0.373425,0.00149131,0.131427,0.137464,0.167557,0.368371,0.599167,7836.26,7953.04,0.999917
y_pred[1968],0.103686,0.0018957,0.170992,0.026559,1.7391e-07,0.0179156,0.499121,8102.71,7904.33,0.999828
y_pred[1969],0.170589,0.0033281,0.298566,0.00556813,6.62392e-13,0.00375566,0.927831,8183.27,7716.24,1.00029
y_pred[1970],0.0983922,0.00268754,0.237057,2.45799e-05,5.29691e-24,1.65789e-05,0.770816,8105.26,7779.46,0.999917
y_pred[1971],0.148947,0.00264234,0.237436,0.0326245,9.2265e-08,0.0220053,0.728612,8087.64,8151.47,0.999802
y_pred[1972],0.152428,0.0030497,0.271485,0.00650729,6.07128e-12,0.00438911,0.850688,7858.11,7769.77,1.00043
y_pred[1973],0.250191,0.00347966,0.314895,0.118589,2.04206e-06,0.0800045,0.926475,8093.58,7605.71,0.999842
y_pred[1974],0.0285868,0.000511238,0.0453809,0.013495,1.13137e-05,0.00925185,0.124397,8021.99,7725.45,1.00067
y_pred[1975],0.604836,0.00303197,0.2794,0.337243,0.109486,0.64169,0.980535,8389.86,8263.31,0.999875
y_pred[1976],0.734068,0.00394323,0.352434,0.0704287,0.0153101,0.952497,1.0,8102.95,8177.96,0.999849
y_pred[1977],0.59511,0.00448187,0.393569,0.403169,0.00109296,0.727548,0.99999,7891.2,7399.57,1.00067
y_pred[1978],0.700748,0.00337178,0.307832,0.257445,0.0874506,0.820761,0.999685,8201.15,7563.93,1.00002
y_pred[1979],0.695046,0.00386609,0.347558,0.186613,0.0273697,0.874051,0.999995,8046.71,8005.63,1.00028
y_pred[1980],0.813384,0.00322589,0.284744,0.0386165,0.1231,0.973953,1.0,7979.73,8231.4,1.00017
y_pred[1981],0.277571,0.00138809,0.122234,0.126077,0.0971791,0.266106,0.496913,7975.05,7728.37,0.999877
y_pred[1982],0.775572,0.00268594,0.237094,0.184145,0.274149,0.865695,0.99922,7442.6,6641.76,0.999657
y_pred[1983],0.867511,0.00300253,0.268413,0.000751678,0.128801,0.999493,1.0,7860.63,7500.98,1.00011
y_pred[1984],0.769264,0.00379551,0.338955,0.0286423,0.0275473,0.980681,1.0,7848.18,7818.83,1.00026
y_pred[1985],0.841231,0.00277641,0.243031,0.0396855,0.257572,0.973232,1.0,7801.93,7844.75,1.00026
y_pred[1986],0.837933,0.00302951,0.277123,0.012081,0.131059,0.991851,1.0,8272.05,8086.08,1.00018
y_pred[1987],0.91009,0.00241938,0.206156,0.000412904,0.368367,0.999721,1.0,7877.17,7708.83,1.00026
y_pred[1988],0.470543,0.00153527,0.139446,0.147867,0.243574,0.468668,0.702697,8236.21,7873.27,1.00015
y_pred[1989],0.809093,0.00248296,0.226235,0.134924,0.303355,0.905674,0.99976,7927.22,7684.93,1.0007
y_pred[1990],0.888791,0.00274037,0.248854,0.000137882,0.182621,0.999907,1.0,8450.61,8229.07,0.999944
y_pred[1991],0.80479,0.00352183,0.315205,0.0121143,0.0442313,0.991829,1.0,8119.66,7847.37,1.00011
y_pred[1992],0.863797,0.00266593,0.227644,0.0215918,0.306865,0.985437,1.0,7277.42,7810.47,1.00006
y_pred[1993],0.863947,0.00298475,0.259849,0.00360346,0.179062,0.997569,1.0,7731.19,7652.54,1.0
y_pred[1994],0.921987,0.00226309,0.197235,7.11648e-05,0.419227,0.999952,1.0,8027.86,7346.69,1.00061
y_pred[1995],0.521878,0.00151544,0.136853,0.144135,0.294351,0.524684,0.741804,8150.19,7845.41,1.00009
y_pred[1996],0.58599,0.00318849,0.283872,0.356224,0.09326,0.621299,0.976801,8027.5,7977.78,1.00002
y_pred[1997],0.718375,0.00398682,0.358974,0.0957003,0.0156588,0.935451,1.0,8167.04,7615.43,1.00027
y_pred[1998],0.574974,0.00445942,0.395454,0.458636,0.0010326,0.689512,0.999983,7832.51,7630.05,1.00001
y_pred[1999],0.679758,0.00357412,0.315946,0.290917,0.0657018,0.794747,0.999521,7944.63,8013.04,0.999786
y_pred[2000],0.674124,0.00395751,0.35117,0.251457,0.0208537,0.830014,0.999989,7982.11,7961.28,1.0001
y_pred[2001],0.803421,0.00333143,0.289251,0.0485433,0.116742,0.967258,1.0,7412.31,7227.51,1.00041
y_pred[2002],0.265209,0.00132639,0.121158,0.124306,0.0884142,0.253251,0.487393,8398.36,7910.59,1.00004
y_pred[2003],0.58961,0.00311866,0.284341,0.352499,0.0979572,0.623662,0.977513,8412.76,7809.06,1.00001
y_pred[2004],0.734507,0.00387765,0.353567,0.0696807,0.0149822,0.953001,1.0,8167.68,7968.8,1.00031
y_pred[2005],0.583893,0.0043787,0.394369,0.440662,0.00144448,0.701834,0.999988,7944.84,7573.76,1.00064
y_pred[2006],0.690766,0.00352594,0.310018,0.27724,0.0813252,0.805619,0.999564,7803.88,7500.15,1.00031
y_pred[2007],0.690955,0.00388891,0.347365,0.203837,0.0245547,0.86237,0.999993,7703.01,7477.01,0.999972
y_pred[2008],0.813402,0.00337039,0.28297,0.0380509,0.127467,0.974335,1.0,7536.09,7977.91,1.00038
y_pred[2009],0.274865,0.00137096,0.121801,0.124375,0.0977261,0.261881,0.496453,7947.15,7848.11,1.00032
y_pred[2010],0.0669193,0.00161142,0.144354,0.00373073,3.39793e-11,0.00251635,0.394566,8103.34,7848.0,1.00013
y_pred[2011],0.117681,0.0029415,0.257043,0.000205651,8.412629999999999e-20,0.000138709,0.836467,8168.33,7722.99,1.00044
y_pred[2012],0.063759,0.00230848,0.197848,2.2323e-08,7.52862e-37,1.50567e-08,0.589627,7594.06,7418.33,0.999893
y_pred[2013],0.0977769,0.00234807,0.198553,0.00400375,9.03116e-12,0.00270049,0.603993,7730.27,7057.09,1.00008
y_pred[2014],0.0990415,0.00262265,0.224443,0.000270312,3.1370700000000004e-18,0.000182323,0.703477,7922.42,7668.73,1.00054
y_pred[2015],0.168573,0.00299942,0.27454,0.020981,2.79018e-09,0.0141515,0.848277,8459.15,7849.61,0.999879
y_pred[2016],0.017745,0.000401717,0.0346894,0.00400978,1.14906e-07,0.0027056,0.0883238,8284.94,7545.12,0.999657
y_pred[2017],0.0702722,0.00163054,0.147657,0.00465225,1.82889e-10,0.0031379,0.40856,8198.98,7848.62,0.999877
y_pred[2018],0.128077,0.00301756,0.265105,0.000450662,2.5269600000000004e-18,0.000303967,0.857823,7902.93,7888.88,1.00006
y_pred[2019],0.0754388,0.00244235,0.216066,1.41208e-07,1.33863e-34,9.52432e-08,0.700055,7971.74,7366.72,0.99997
y_pred[2020],0.108033,0.00240949,0.210017,0.00581029,1.10129e-10,0.00391899,0.651318,8016.34,7836.67,1.00021
y_pred[2021],0.100951,0.0024972,0.226652,0.000508704,2.43672e-17,0.000343116,0.719962,8380.71,7885.4,0.999624
y_pred[2022],0.176454,0.00311905,0.274746,0.0334698,7.33797e-09,0.0225751,0.850228,8077.15,7696.55,1.00005
y_pred[2023],0.0198632,0.000419482,0.0380901,0.00506425,1.7414e-07,0.00341791,0.0971273,7838.94,7541.72,0.999803
y_pred[2024],0.547158,0.0031612,0.287953,0.365846,0.0709336,0.567224,0.970088,8285.25,7953.52,1.0003
y_pred[2025],0.691183,0.00408208,0.36597,0.151451,0.00879287,0.897846,1.0,8090.24,7927.68,0.999891
y_pred[2026],0.550913,0.00442727,0.39867,0.542683,0.000566903,0.629061,0.999923,8081.25,7857.45,1.00051
y_pred[2027],0.652424,0.00380346,0.318663,0.34813,0.058651,0.744313,0.999076,7136.06,7425.6,1.00051
y_pred[2028],0.643098,0.00403558,0.361033,0.314509,0.014702,0.786694,0.999959,7966.0,7678.41,0.999993
y_pred[2029],0.777144,0.00339716,0.301813,0.0796912,0.098199,0.946246,1.0,8079.14,7958.44,1.00023
y_pred[2030],0.238988,0.00134094,0.115858,0.117619,0.0748627,0.226011,0.450561,7472.13,7847.36,1.00031
y_pred[2031],0.149863,0.00235738,0.207296,0.0723597,1.67643e-05,0.0489957,0.624974,7710.98,7964.11,1.0002
y_pred[2032],0.239621,0.00380922,0.336412,0.0438006,3.20415e-09,0.0295431,0.970364,7418.18,7651.36,1.00036
y_pred[2033],0.147014,0.00319621,0.28328,0.00136936,2.21949e-16,0.000923619,0.912929,7640.42,7685.19,1.00012
y_pred[2034],0.211614,0.00310011,0.276106,0.103049,8.20749e-06,0.0696263,0.838643,7927.61,7896.43,0.999883
y_pred[2035],0.201865,0.00370588,0.299926,0.0422214,1.27632e-08,0.028478,0.912174,6370.62,7590.97,0.999869
y_pred[2036],0.335704,0.00385544,0.343906,0.290456,6.99816e-05,0.198035,0.970051,8035.81,7854.43,1.00069
y_pred[2037],0.0431111,0.000596768,0.0545934,0.0296181,0.00025324,0.0222634,0.155939,8658.04,7947.34,1.00024
y_pred[2038],0.629161,0.00309221,0.277661,0.329674,0.119154,0.675056,0.98645,8046.49,7671.4,1.00001
y_pred[2039],0.760063,0.00378835,0.341549,0.0383815,0.0222243,0.974112,1.0,7944.47,7597.74,1.00006
y_pred[2040],0.618635,0.00429963,0.388354,0.321174,0.00248501,0.783268,0.999997,8309.35,7924.2,1.00047
y_pred[2041],0.720575,0.00339535,0.302409,0.218477,0.101663,0.849897,0.99984,7940.82,7847.6,0.999925
y_pred[2042],0.717671,0.0037992,0.337289,0.153405,0.0368475,0.896499,0.999998,7979.67,7310.95,0.999974
y_pred[2043],0.827076,0.00317852,0.278772,0.0238906,0.13345,0.983886,1.0,8031.06,7752.35,1.00028
y_pred[2044],0.303206,0.00136743,0.126579,0.128016,0.115459,0.291872,0.531908,8621.27,8182.16,1.00004
y_pred[2045],0.692765,0.00294096,0.26498,0.274065,0.169804,0.768919,0.994511,8185.68,7928.15,1.0001
y_pred[2046],0.807273,0.00356637,0.313976,0.0127941,0.0495372,0.99137,1.0,8211.59,8090.36,1.00022
y_pred[2047],0.693344,0.00408456,0.368874,0.134252,0.00851054,0.909447,1.0,8091.75,7496.54,0.999909
y_pred[2048],0.777214,0.00314409,0.28068,0.120273,0.145482,0.918713,0.999987,7749.84,7789.92,1.00074
y_pred[2049],0.776703,0.00359534,0.313707,0.0574344,0.0638326,0.961261,1.0,8172.68,7459.98,0.999842
y_pred[2050],0.872884,0.00277658,0.242499,0.00513869,0.233182,0.996534,1.0,7644.75,7650.98,0.999827
y_pred[2051],0.370271,0.00151684,0.131122,0.136113,0.165506,0.364374,0.600515,7473.81,7525.11,1.0007
y_pred[2052],0.103326,0.00195773,0.174383,0.0257788,1.88021e-07,0.0173889,0.51703,7800.21,8015.77,1.00051
y_pred[2053],0.179852,0.00337644,0.305788,0.00686734,1.36574e-12,0.00463196,0.944079,8235.08,7997.48,0.999888
y_pred[2054],0.107733,0.0028052,0.249389,2.50923e-05,9.95949e-24,1.69246e-05,0.823069,8200.09,7887.76,1.00048
y_pred[2055],0.155413,0.00277178,0.245136,0.0329291,5.00038e-08,0.0222108,0.741642,7948.95,7625.76,1.00019
y_pred[2056],0.150002,0.00300338,0.268781,0.00678557,3.05114e-12,0.0045768,0.845358,8175.84,8019.51,1.00029
y_pred[2057],0.247653,0.00366905,0.3153,0.114388,1.33225e-06,0.0771704,0.929278,7670.22,7886.05,1.00064
y_pred[2058],0.0283257,0.000514158,0.0447653,0.0141886,1.79246e-05,0.00978982,0.121813,7378.38,7820.97,0.999886
y_pred[2059],0.604473,0.00307902,0.282336,0.342591,0.105675,0.644081,0.982224,8365.76,7599.83,1.00019
y_pred[2060],0.740406,0.00395613,0.345742,0.0683723,0.0207434,0.953883,1.0,7409.53,7413.46,1.00019
y_pred[2061],0.595164,0.00431568,0.393053,0.393353,0.00143502,0.734135,0.999989,8287.82,7731.57,1.00021
y_pred[2062],0.701194,0.00343988,0.306273,0.260155,0.0854181,0.81835,0.999647,7879.53,7467.42,1.00058
y_pred[2063],0.689595,0.00388286,0.348219,0.207152,0.0247101,0.860148,0.999993,8111.76,7908.17,0.999959
y_pred[2064],0.813845,0.00311916,0.281779,0.037303,0.137985,0.974839,1.0,8193.74,7891.32,1.00034
y_pred[2065],0.281344,0.00137574,0.122601,0.126409,0.098896,0.268716,0.499844,8030.42,8020.99,1.00066
y_pred[2066],0.769594,0.00273449,0.244062,0.190697,0.249612,0.860252,0.999239,8166.41,7605.55,0.999996
y_pred[2067],0.866828,0.00303294,0.270978,0.000664946,0.115974,0.999551,1.0,8158.48,7999.84,0.999705
y_pred[2068],0.772265,0.00371511,0.335938,0.0274778,0.023287,0.981467,1.0,8235.37,8049.71,0.999983
y_pred[2069],0.843898,0.00282553,0.240807,0.0372362,0.264033,0.974884,1.0,7890.52,7299.33,1.00066
y_pred[2070],0.834584,0.00318566,0.282173,0.0110402,0.108485,0.992554,1.0,7813.07,7625.29,0.999925
y_pred[2071],0.904273,0.00242331,0.217231,0.000439591,0.313976,0.999703,1.0,7765.16,7965.38,0.999672
y_pred[2072],0.46984,0.00150344,0.13813,0.144826,0.24389,0.469726,0.698455,8456.95,7526.76,0.999752
y_pred[2073],0.807547,0.00254734,0.228959,0.137543,0.296666,0.90392,0.999791,8148.43,7489.36,1.00012
y_pred[2074],0.887258,0.00282172,0.249836,0.000128986,0.185568,0.999913,1.0,7768.97,7660.77,1.00027
y_pred[2075],0.807328,0.00346427,0.313708,0.0124234,0.0437285,0.991621,1.0,8365.2,7872.47,1.00007
y_pred[2076],0.870764,0.00247771,0.222432,0.0205229,0.314726,0.986158,1.0,8155.43,7933.33,0.999742
y_pred[2077],0.865206,0.00286539,0.257844,0.00370872,0.174657,0.997498,1.0,7972.71,7983.41,1.00012
y_pred[2078],0.926643,0.00219879,0.188884,6.6717e-05,0.44582,0.999955,1.0,7926.79,7486.98,1.00023
y_pred[2079],0.520551,0.00156354,0.138892,0.148024,0.291916,0.519911,0.748549,7914.86,7742.26,0.999833
y_pred[2080],0.577615,0.0032722,0.287257,0.363098,0.0905874,0.608404,0.976678,7792.09,7666.85,0.999903
y_pred[2081],0.726159,0.00390018,0.354536,0.0840353,0.0138971,0.943319,1.0,8315.28,7622.21,0.999912
y_pred[2082],0.571465,0.00464479,0.397676,0.467728,0.000801652,0.683403,0.999981,7389.93,7291.14,1.00057
y_pred[2083],0.685809,0.00347046,0.310014,0.288424,0.0767921,0.796002,0.999502,7925.04,7849.63,0.999886
y_pred[2084],0.673095,0.00395649,0.352318,0.239169,0.0245533,0.838442,0.999986,8206.06,7767.82,1.00029
y_pred[2085],0.793703,0.00326218,0.295886,0.0530749,0.105024,0.964201,1.0,8206.49,7715.63,1.00006
y_pred[2086],0.265435,0.00132563,0.120471,0.122069,0.0903603,0.253453,0.483012,8305.8,7809.04,0.999901
y_pred[2087],0.596346,0.0032297,0.283356,0.350713,0.0990877,0.630386,0.978773,7783.02,7766.79,1.00009
y_pred[2088],0.729267,0.0041109,0.353511,0.0853296,0.0157012,0.942446,1.0,7706.01,7918.8,1.00002
y_pred[2089],0.600045,0.00433176,0.393024,0.374342,0.00153584,0.747107,0.999989,8322.92,8098.23,1.00002
y_pred[2090],0.697033,0.00333899,0.307061,0.266408,0.0866044,0.813159,0.99956,8286.27,7674.67,0.999825
y_pred[2091],0.691723,0.00394119,0.348079,0.199396,0.0241721,0.86535,0.99999,7924.86,7994.62,1.00002
y_pred[2092],0.80747,0.00325393,0.287818,0.0425002,0.112409,0.971334,1.0,8015.37,7834.1,0.999923
y_pred[2093],0.275932,0.00134674,0.123573,0.125641,0.0938586,0.264022,0.49889,8470.87,8056.08,1.0005
y_pred[2094],0.068696,0.00168349,0.145933,0.00336756,2.73559e-11,0.00227139,0.403637,7864.6,7626.72,1.00026
y_pred[2095],0.118293,0.00283483,0.255254,0.000231178,3.33208e-19,0.000155927,0.832524,8144.33,7811.35,1.00012
y_pred[2096],0.0656172,0.00226634,0.19666,3.63513e-08,1.33473e-36,2.45186e-08,0.579424,8105.33,7612.72,1.00027
y_pred[2097],0.0984358,0.00219169,0.199993,0.00347693,7.77376e-12,0.00234516,0.611279,8220.13,7880.97,0.999913
y_pred[2098],0.0956838,0.00247734,0.223259,0.000160892,2.52418e-18,0.000108521,0.698897,8130.32,7980.75,0.999844
y_pred[2099],0.17284,0.00307802,0.277124,0.0250685,3.9265e-09,0.0169085,0.861504,8111.55,8080.66,0.999835
y_pred[2100],0.0173082,0.000382614,0.0348176,0.00390378,7.97994e-08,0.00263391,0.0852989,7842.94,8187.03,0.999989
y_pred[2101],0.0701966,0.0016049,0.145231,0.00523273,1.85813e-10,0.00352943,0.406805,8013.86,8142.84,0.999976
y_pred[2102],0.121648,0.00284877,0.258477,0.000361124,4.274530000000001e-18,0.000243575,0.847567,8232.36,7927.95,1.00014
y_pred[2103],0.0646701,0.00219077,0.194574,1.15011e-07,2.0746e-34,7.75739e-08,0.581175,8006.38,7753.99,1.00045
y_pred[2104],0.110764,0.00249373,0.213909,0.00615773,5.75261e-11,0.00415333,0.667478,7299.71,7726.91,1.00047
y_pred[2105],0.104602,0.00260141,0.228761,0.000467374,7.31838e-17,0.000315239,0.7264,7667.72,7789.87,1.00022
y_pred[2106],0.181499,0.00309528,0.278225,0.0337142,1.23691e-08,0.02274,0.852721,7876.25,8085.59,1.00008
y_pred[2107],0.0188345,0.000412621,0.0361941,0.00494583,2.68085e-07,0.00333813,0.0916347,7483.09,7718.03,0.999883
y_pred[2108],0.550431,0.00321929,0.286093,0.358435,0.0741219,0.565101,0.966852,8032.36,8231.17,1.00035
y_pred[2109],0.698236,0.00416426,0.366088,0.128843,0.0102824,0.913096,1.0,7925.43,7904.41,1.00024
y_pred[2110],0.553518,0.00448246,0.399139,0.528489,0.000591493,0.640593,0.999957,7801.5,7405.76,1.0006
y_pred[2111],0.650099,0.00363853,0.319075,0.352269,0.0582162,0.738864,0.998695,7753.69,8044.82,1.00032
y_pred[2112],0.653016,0.00411744,0.355258,0.295496,0.0186231,0.799718,0.999958,7354.5,7613.54,1.00041
y_pred[2113],0.782137,0.00338023,0.300783,0.0711307,0.0891312,0.952021,1.0,8007.56,8005.38,0.999999
y_pred[2114],0.23864,0.00129034,0.117421,0.119701,0.0738424,0.224614,0.456917,8314.08,7517.57,1.00014
y_pred[2115],0.148842,0.00228974,0.203867,0.0750789,1.93132e-05,0.0509097,0.6159,7836.59,8025.99,0.999749
y_pred[2116],0.246847,0.00390311,0.341338,0.0549638,3.20314e-09,0.0370726,0.973576,7806.54,8117.45,1.00037
y_pred[2117],0.141022,0.00313308,0.277005,0.00122422,9.25543e-17,0.000825725,0.891453,8028.68,8077.37,1.00054
y_pred[2118],0.207104,0.00301785,0.271377,0.103521,1.02798e-05,0.0699892,0.827014,8042.43,7487.69,0.99983
y_pred[2119],0.207044,0.00350145,0.305515,0.0404081,1.54904e-08,0.0272549,0.921504,7705.61,7972.34,1.00018
y_pred[2120],0.331129,0.00393403,0.343293,0.283799,7.53788e-05,0.193324,0.971275,7659.2,7587.13,0.999816
y_pred[2121],0.0434938,0.000630814,0.055176,0.0297911,0.000286575,0.0226127,0.159236,7815.84,7827.09,1.00001
y_pred[2122],0.6204,0.00303378,0.276985,0.327453,0.117767,0.666982,0.982917,8423.9,8011.19,1.00001
y_pred[2123],0.757499,0.00378968,0.337927,0.0535782,0.0235927,0.963862,1.0,7848.34,7635.67,0.999829
y_pred[2124],0.618098,0.00445952,0.388181,0.328494,0.00209339,0.778299,0.999995,7804.0,7990.84,1.0
y_pred[2125],0.719886,0.00336516,0.301625,0.225561,0.10233,0.844519,0.999829,8155.71,7799.09,1.00047
y_pred[2126],0.720901,0.00384593,0.337334,0.150338,0.0346426,0.898539,0.999997,7698.96,7832.45,1.0
y_pred[2127],0.826811,0.00309622,0.277306,0.0258855,0.140779,0.982541,1.0,8054.64,8056.41,1.00034
y_pred[2128],0.300991,0.00136184,0.124577,0.127427,0.116224,0.289937,0.526907,8402.41,8058.87,1.00021
y_pred[2129],0.695507,0.00298147,0.263904,0.274976,0.179051,0.767831,0.994821,8058.51,8013.49,1.00058
y_pred[2130],0.811717,0.00342858,0.310386,0.00999717,0.0562114,0.993257,1.0,8085.98,7765.84,1.00061
y_pred[2131],0.692606,0.00408358,0.368379,0.141409,0.00769417,0.904619,1.0,8258.85,8054.39,0.99995
y_pred[2132],0.779139,0.00312399,0.278047,0.123448,0.150664,0.916513,0.999988,7945.97,7617.63,1.00028
y_pred[2133],0.776313,0.00346263,0.311683,0.0582054,0.0747585,0.960741,1.0,8196.37,7595.11,0.999876
y_pred[2134],0.867342,0.00279516,0.248312,0.00569689,0.217404,0.996158,1.0,7991.59,7750.24,1.00039
y_pred[2135],0.368661,0.00147948,0.131466,0.137307,0.165467,0.36046,0.594748,7980.38,7672.29,1.00035
y_pred[2136],0.100891,0.00199656,0.172279,0.0224588,1.81079e-07,0.0151497,0.496744,7859.37,7708.02,1.00042
y_pred[2137],0.173873,0.0032985,0.29953,0.0076042,6.00353e-13,0.00512897,0.936208,8134.58,8053.26,1.00004
y_pred[2138],0.103475,0.0027445,0.24396,3.24825e-05,5.97643e-23,2.19092e-05,0.796541,7416.48,7644.16,0.999937
y_pred[2139],0.150046,0.00272091,0.238951,0.0336009,6.83352e-08,0.022664,0.742034,8091.52,7483.79,1.00004
y_pred[2140],0.150218,0.0029503,0.269035,0.00649629,9.7135e-12,0.00438168,0.84404,7971.51,7687.69,0.999858
y_pred[2141],0.256017,0.00354295,0.320527,0.124023,2.05132e-06,0.0836728,0.942452,8433.69,7973.98,0.999686
y_pred[2142],0.0284758,0.000494725,0.0442062,0.0142699,1.44871e-05,0.00983793,0.121208,7887.63,7847.38,1.00006
y_pred[2143],0.591228,0.00324689,0.285293,0.354121,0.0981415,0.627517,0.979841,7812.44,8014.16,1.00051
y_pred[2144],0.735505,0.00388266,0.350966,0.0693308,0.0141364,0.953237,1.0,8298.75,8231.67,0.999913
y_pred[2145],0.591743,0.0044163,0.391799,0.409305,0.00119353,0.72328,0.999987,7888.49,8040.89,1.0001
y_pred[2146],0.697124,0.00348461,0.309814,0.263939,0.0754425,0.815717,0.999626,7959.58,8057.85,1.00026
y_pred[2147],0.691005,0.00387605,0.34844,0.205917,0.0243175,0.860918,0.99999,8102.26,7760.23,0.999948
y_pred[2148],0.810221,0.00317085,0.286595,0.0366447,0.121847,0.975283,1.0,8345.88,7677.15,1.00001
y_pred[2149],0.280251,0.00140736,0.123307,0.128005,0.0987312,0.267268,0.500035,7703.17,7504.3,1.00056
y_pred[2150],0.771865,0.00269919,0.241765,0.187884,0.262838,0.86265,0.999258,7784.56,7815.65,1.00013
y_pred[2151],0.868685,0.00296561,0.266751,0.000836186,0.131395,0.999436,1.0,8318.32,7845.6,1.00003
y_pred[2152],0.767541,0.00375746,0.337515,0.0318907,0.028317,0.97849,1.0,8147.19,7918.4,0.999855
y_pred[2153],0.839629,0.00277927,0.247428,0.0417344,0.237997,0.97185,1.0,8026.95,8013.28,0.999836
y_pred[2154],0.839709,0.00317403,0.275472,0.011843,0.13358,0.992012,1.0,7956.92,8054.03,1.00035
y_pred[2155],0.908587,0.00238821,0.210161,0.000352118,0.350076,0.999762,1.0,8056.91,7850.66,1.0001
y_pred[2156],0.471389,0.00153006,0.136906,0.143614,0.248589,0.471479,0.702633,8069.77,7528.12,1.00035
y_pred[2157],0.808716,0.00255049,0.226435,0.13546,0.310271,0.904694,0.999767,7970.87,7970.49,0.99999
y_pred[2158],0.889154,0.00276835,0.248276,0.000172723,0.180615,0.999883,1.0,8152.16,7983.07,1.00006
y_pred[2159],0.800969,0.00365502,0.319431,0.0120758,0.0403321,0.991855,1.0,7647.86,7522.55,1.00023
y_pred[2160],0.872752,0.00247925,0.222805,0.0170306,0.315219,0.988513,1.0,8079.24,7995.27,1.00007
y_pred[2161],0.863918,0.00288012,0.255774,0.00458049,0.177241,0.996911,1.0,7753.63,7731.98,0.999955
y_pred[2162],0.925935,0.00209806,0.187719,0.000102299,0.430624,0.999931,1.0,7884.5,7874.86,1.00026
y_pred[2163],0.519242,0.00149916,0.137768,0.143608,0.289681,0.522174,0.742963,8467.61,8027.03,0.999821
y_pred[2164],0.583812,0.00319254,0.285653,0.359304,0.0918519,0.611998,0.977741,7955.79,7701.08,1.00033
y_pred[2165],0.728769,0.004015,0.350692,0.0882896,0.0177457,0.940449,1.0,7740.41,8137.86,1.00009
y_pred[2166],0.573532,0.00440636,0.397825,0.453725,0.000990876,0.692983,0.99998,8341.69,8013.16,0.999711
y_pred[2167],0.685076,0.00343631,0.310853,0.289441,0.0740532,0.794772,0.999458,8305.21,7574.37,0.999953
y_pred[2168],0.677256,0.00392578,0.349969,0.239885,0.0212091,0.837838,0.999983,8078.02,7687.05,0.999967
y_pred[2169],0.7956,0.00326921,0.291513,0.052106,0.120957,0.964855,1.0,8062.72,7626.79,0.999969
y_pred[2170],0.266936,0.00133098,0.120972,0.123137,0.0923034,0.254684,0.483298,8306.01,7953.81,1.00013
y_pred[2171],0.592788,0.00327677,0.283029,0.349271,0.0972109,0.626408,0.978406,7544.84,7238.81,1.00036
y_pred[2172],0.736026,0.00394503,0.349873,0.0741811,0.0161693,0.949966,1.0,7855.65,7609.25,1.0004
y_pred[2173],0.588835,0.0043316,0.396305,0.407551,0.00105301,0.724622,0.999986,8386.17,8206.69,0.99989
y_pred[2174],0.69222,0.00344142,0.310573,0.272686,0.0786188,0.808892,0.999547,8108.08,7232.39,0.999983
y_pred[2175],0.685906,0.0038311,0.347706,0.215888,0.0231328,0.854213,0.999989,8291.16,8111.57,1.00011
y_pred[2176],0.804621,0.0033043,0.291336,0.0406974,0.104987,0.97255,1.0,7704.63,7938.69,1.0004
y_pred[2177],0.274137,0.00137461,0.121907,0.124633,0.0969071,0.26054,0.494061,7880.1,8098.84,1.00009
y_pred[2178],0.0633513,0.00152801,0.13633,0.00320583,8.32253e-11,0.0021623,0.375239,7992.1,8016.04,0.999948
y_pred[2179],0.117765,0.00293834,0.255479,0.000314132,7.18526e-19,0.000211879,0.844886,7449.88,6958.67,0.999677
y_pred[2180],0.0636156,0.00217015,0.195537,1.99976e-08,8.14836e-37,1.34882e-08,0.561571,7943.98,8096.56,1.00001
y_pred[2181],0.0966392,0.00223292,0.197145,0.00388533,4.88425e-12,0.00262062,0.592168,7928.18,7659.76,1.00002
y_pred[2182],0.0953182,0.00242455,0.218829,0.000262613,3.58799e-18,0.00017713,0.686271,7823.15,7628.02,1.00045
y_pred[2183],0.169742,0.00305039,0.272126,0.0251685,2.30525e-09,0.0169759,0.845345,8057.31,8100.19,0.999864
y_pred[2184],0.0176316,0.000393493,0.0351015,0.00361543,8.00376e-08,0.00243919,0.090499,8010.0,7588.12,1.00096
y_pred[2185],0.0721704,0.00167249,0.147752,0.00486629,1.52978e-10,0.00328227,0.41213,8289.28,7805.24,1.00008
y_pred[2186],0.124635,0.00292523,0.262041,0.000418222,3.3668600000000004e-18,0.000282087,0.858704,8100.29,7789.13,0.999935
y_pred[2187],0.0700778,0.00227397,0.204252,1.34114e-07,6.69316e-34,9.04587e-08,0.623128,7984.46,7795.47,0.999861
y_pred[2188],0.10678,0.0023498,0.206976,0.00569804,8.23896e-11,0.00384328,0.622036,8195.01,7945.38,1.00044
y_pred[2189],0.0986324,0.00254876,0.222351,0.000461417,3.16466e-17,0.000311221,0.702974,7694.18,6734.26,1.0007
y_pred[2190],0.182187,0.0031997,0.281982,0.0315236,1.18243e-08,0.0212624,0.870752,7763.39,8013.73,0.999839
y_pred[2191],0.0187006,0.000413249,0.0362669,0.00465194,1.96469e-07,0.00313998,0.0924775,7674.42,7425.32,1.00037
y_pred[2192],0.549703,0.00324927,0.289392,0.372639,0.0701551,0.572696,0.967659,7957.69,7900.71,1.00046
y_pred[2193],0.689313,0.00417551,0.369332,0.14581,0.00836476,0.901651,1.0,7874.02,7718.7,1.00044
y_pred[2194],0.542492,0.00439719,0.399373,0.569573,0.000446794,0.609348,0.999952,8184.85,7847.38,0.999878
y_pred[2195],0.653294,0.00361459,0.31964,0.341558,0.0642293,0.750032,0.999123,7829.9,7630.94,0.999929
y_pred[2196],0.652598,0.00406332,0.358228,0.287782,0.0189613,0.805165,0.999968,7476.25,7571.01,0.999996
y_pred[2197],0.780478,0.00357182,0.299347,0.0778513,0.09683,0.947487,1.0,7924.52,7970.18,0.999754
y_pred[2198],0.239919,0.00128523,0.116221,0.11894,0.0745586,0.226701,0.450925,8195.86,7685.46,1.00003
y_pred[2199],0.14422,0.00238719,0.203112,0.0685207,1.9051e-05,0.0464294,0.61533,7657.79,7268.29,1.00014
y_pred[2200],0.246637,0.00381752,0.341336,0.054657,2.04061e-09,0.0368656,0.980026,7969.57,7808.74,1.00021
y_pred[2201],0.150397,0.00323851,0.286405,0.00142682,3.49793e-16,0.00096238,0.92062,8052.56,7853.75,0.999687
y_pred[2202],0.219531,0.0032153,0.279239,0.116802,1.12044e-05,0.0789414,0.853433,7724.87,7890.89,1.0
y_pred[2203],0.202282,0.00348546,0.301744,0.0412054,1.78249e-08,0.0277927,0.920961,7674.67,7326.97,1.00014
y_pred[2204],0.336511,0.00379335,0.342772,0.292776,6.84732e-05,0.199348,0.966255,8132.64,7657.32,1.00013
y_pred[2205],0.043565,0.000617646,0.0555113,0.030086,0.00028335,0.0226499,0.158805,8035.01,7908.41,1.00004
y_pred[2206],0.624839,0.00307135,0.279116,0.335449,0.114967,0.669206,0.985415,8221.29,7778.64,1.00043
y_pred[2207],0.755722,0.00381142,0.340921,0.0498761,0.02126,0.966359,1.0,8191.79,7934.69,0.999939
y_pred[2208],0.61689,0.00436817,0.390168,0.32505,0.00238416,0.780695,0.999997,8063.86,7861.71,1.00011
y_pred[2209],0.718741,0.00338256,0.300395,0.233469,0.0995347,0.838081,0.999819,7861.71,7322.72,1.0004
y_pred[2210],0.718655,0.00362134,0.335071,0.161785,0.0359883,0.890803,0.999996,8557.54,7915.05,1.00013
y_pred[2211],0.826417,0.00302377,0.275582,0.0273792,0.14526,0.981533,1.0,8293.05,7844.12,0.9999
y_pred[2212],0.301088,0.00148306,0.12643,0.128405,0.113547,0.289762,0.530058,7233.3,7909.63,0.999913
y_pred[2213],0.693906,0.00298419,0.265481,0.277566,0.169836,0.764572,0.994758,7765.11,7231.47,1.00032
y_pred[2214],0.808511,0.00356892,0.314139,0.0119675,0.0439739,0.991928,1.0,7921.74,7934.68,0.999987
y_pred[2215],0.692485,0.00411449,0.367988,0.138913,0.00913139,0.906304,1.0,8008.71,8101.57,1.00015
y_pred[2216],0.782056,0.00310657,0.277178,0.120862,0.154133,0.918223,0.99999,7906.0,7929.04,0.999978
y_pred[2217],0.772892,0.00348342,0.315122,0.0638141,0.0618192,0.956958,1.0,8043.27,7456.1,1.00019
y_pred[2218],0.865671,0.00280857,0.248451,0.00663167,0.223339,0.995527,1.0,8210.9,7698.69,1.00034
y_pred[2219],0.368716,0.00150715,0.131355,0.135233,0.164963,0.361025,0.599221,7604.69,7628.44,1.00014
y_pred[2220],0.0985387,0.00194342,0.171726,0.0206676,1.70497e-07,0.0139418,0.497527,7801.02,7888.81,0.999995
y_pred[2221],0.179358,0.00343861,0.304395,0.0081499,4.0088e-13,0.00549703,0.937885,8322.78,7925.86,1.00013
y_pred[2222],0.105324,0.00275746,0.244782,2.91608e-05,1.25787e-22,1.96687e-05,0.795958,7794.53,7639.79,1.00044
y_pred[2223],0.151276,0.00272829,0.239376,0.0348093,6.26375e-08,0.0234789,0.749768,7984.81,7885.47,1.00009
y_pred[2224],0.148926,0.00296689,0.268154,0.00688979,3.72459e-12,0.0046471,0.848919,8064.29,7693.6,0.999934
y_pred[2225],0.2547,0.00360916,0.317582,0.121584,2.36647e-06,0.0820382,0.929232,8082.85,7704.69,0.999818
y_pred[2226],0.0281628,0.000485188,0.0436084,0.0144829,1.3526e-05,0.00998879,0.119889,8185.63,8057.31,1.00008
y_pred[2227],0.596242,0.00318662,0.283148,0.351884,0.100964,0.630024,0.980137,7958.09,7860.79,1.00019
y_pred[2228],0.73592,0.00399789,0.351727,0.0696703,0.0146256,0.953008,1.0,7632.57,7604.23,1.00033
y_pred[2229],0.58815,0.00443546,0.3947,0.419018,0.00135056,0.716678,0.999987,7893.49,7517.77,1.00026
y_pred[2230],0.705438,0.00346658,0.305057,0.25192,0.0885054,0.82431,0.999679,7310.33,7917.43,0.999787
y_pred[2231],0.700725,0.00382741,0.342477,0.187848,0.0248586,0.873192,0.999994,7930.39,7557.06,0.99993
y_pred[2232],0.814965,0.00310164,0.281073,0.0372325,0.123446,0.974887,1.0,8250.41,7638.14,0.99981
y_pred[2233],0.279817,0.00133748,0.122828,0.122628,0.101062,0.266494,0.503809,8435.47,7507.95,1.00055
y_pred[2234],0.774297,0.00273372,0.241405,0.181214,0.243651,0.866521,0.99917,7651.08,7807.88,1.00011
y_pred[2235],0.858375,0.00314584,0.278579,0.00105042,0.0992793,0.999291,1.0,7745.28,7330.7,0.999988
y_pred[2236],0.767806,0.00372339,0.337195,0.0329634,0.0212312,0.977766,1.0,8183.1,7973.04,1.00073
y_pred[2237],0.842024,0.00280581,0.245145,0.0372689,0.25059,0.974862,1.0,7786.29,8019.66,1.00025
y_pred[2238],0.834042,0.00312986,0.281058,0.0130009,0.124978,0.991231,1.0,8119.51,7432.37,1.00006
y_pred[2239],0.911168,0.00229244,0.208103,0.000338774,0.36275,0.999772,1.0,8237.61,7706.96,0.999988
y_pred[2240],0.471746,0.00149989,0.137423,0.142033,0.247726,0.470974,0.703231,8410.96,6841.6,0.999736
y_pred[2241],0.808144,0.00255603,0.22618,0.138658,0.30485,0.902586,0.999736,7961.22,7436.7,1.00038
y_pred[2242],0.879838,0.00292257,0.260352,0.00016531,0.138789,0.999888,1.0,8269.16,7684.58,1.00077
y_pred[2243],0.803986,0.00354425,0.319071,0.011717,0.0408885,0.992097,1.0,8212.47,8073.13,1.0002
y_pred[2244],0.867,0.00258263,0.22804,0.017468,0.288731,0.988218,1.0,7802.59,7912.58,1.00023
y_pred[2245],0.858823,0.00294085,0.262251,0.00365461,0.162683,0.997535,1.0,7851.62,7821.52,1.00045
y_pred[2246],0.925356,0.00210582,0.189875,6.59757e-05,0.428672,0.999955,1.0,8100.47,7953.07,0.999784
y_pred[2247],0.523043,0.00147548,0.136363,0.14288,0.293114,0.52496,0.743169,8555.1,8077.17,0.999845
y_pred[2248],0.579927,0.00314775,0.283035,0.352976,0.0913866,0.606507,0.975709,8284.92,7889.3,0.999921
y_pred[2249],0.718448,0.00409508,0.357152,0.0960384,0.0134011,0.935223,1.0,7641.02,7581.08,0.999987
y_pred[2250],0.57853,0.00442859,0.393532,0.465539,0.001091,0.684516,0.999976,7935.43,7827.86,0.999839
y_pred[2251],0.684696,0.00352356,0.312079,0.2949,0.0805254,0.791623,0.999567,7764.62,7478.8,1.00011
y_pred[2252],0.678951,0.00398876,0.351784,0.2323,0.021007,0.843028,0.999986,7930.37,7287.82,1.00014
y_pred[2253],0.796334,0.00326532,0.294272,0.0513098,0.102062,0.965392,1.0,8629.65,7527.59,1.00009
y_pred[2254],0.267205,0.00134385,0.120866,0.124592,0.0930244,0.254408,0.484675,8085.87,7716.82,0.999879
y_pred[2255],0.591708,0.00321722,0.283918,0.350186,0.0978545,0.626272,0.979085,7832.61,7715.79,0.99992
y_pred[2256],0.73128,0.0040044,0.352219,0.0776675,0.0147675,0.947614,1.0,8016.74,8003.41,0.999924
y_pred[2257],0.588638,0.00442709,0.393181,0.425558,0.00137965,0.712144,0.999977,8032.49,7440.33,1.00081
y_pred[2258],0.698851,0.00352761,0.310217,0.258439,0.0800804,0.820275,0.999701,7761.14,7806.39,1.00001
y_pred[2259],0.691161,0.00391572,0.349333,0.194436,0.0207359,0.86871,0.99999,7877.01,7838.68,1.00011
y_pred[2260],0.810737,0.00321377,0.285396,0.0414261,0.119137,0.972058,1.0,7976.0,7858.13,0.999979
y_pred[2261],0.27506,0.00136832,0.122873,0.12514,0.0938609,0.264578,0.497999,8083.98,8013.24,1.00016
y_pred[2262],0.0671429,0.00159783,0.143973,0.00334237,6.47494e-11,0.0022544,0.400108,7947.76,8276.03,0.999883
y_pred[2263],0.120147,0.00294311,0.257516,0.000290084,1.32287e-19,0.000195659,0.846134,7770.3,7557.69,1.00043
y_pred[2264],0.0666862,0.00227641,0.199937,2.19984e-08,2.73754e-37,1.48377e-08,0.612151,8016.57,8054.84,1.00009
y_pred[2265],0.101173,0.00231385,0.202093,0.00492526,1.08679e-11,0.00332204,0.609152,7757.03,7970.93,1.00003
y_pred[2266],0.0893436,0.00236657,0.211112,0.000199124,2.4413700000000004e-18,0.000134307,0.65241,8024.55,7713.69,0.999948
y_pred[2267],0.170019,0.00312286,0.275384,0.0236058,2.74267e-09,0.0159219,0.852839,7872.35,7767.64,1.00023
y_pred[2268],0.0179386,0.000399382,0.035499,0.00401545,5.83731e-08,0.00270902,0.088515,7920.19,7470.77,1.00041
y_pred[2269],0.0719331,0.00171407,0.150004,0.00492738,3.96298e-10,0.00332348,0.421487,8059.13,7895.54,1.00007
y_pred[2270],0.126011,0.00296983,0.262943,0.000494269,1.39644e-18,0.00033338,0.857234,7909.56,7925.82,0.999807
y_pred[2271],0.0705669,0.0023256,0.205551,9.69039e-08,6.02317e-34,6.53608e-08,0.625077,8142.56,7756.79,0.999956
y_pred[2272],0.107211,0.00239147,0.207717,0.00696041,7.36116e-11,0.00469473,0.638456,7872.17,7822.59,1.00033
y_pred[2273],0.10305,0.00260163,0.228896,0.00052117,4.06527e-17,0.000351525,0.732528,7613.77,7356.84,1.00014
y_pred[2274],0.1821,0.00325529,0.281639,0.0337029,5.31491e-09,0.0227323,0.870655,7357.33,7208.17,1.00003
y_pred[2275],0.0193998,0.000411485,0.0366282,0.00498338,2.09104e-07,0.00336371,0.094195,7972.47,7537.82,0.999678
y_pred[2276],0.540723,0.00313781,0.286569,0.360909,0.0709059,0.556196,0.965502,8263.58,7713.31,1.00058
y_pred[2277],0.701876,0.00423396,0.361549,0.128242,0.0123183,0.9135,1.0,8157.32,8034.93,1.00017
y_pred[2278],0.548062,0.00438233,0.397416,0.562764,0.00053473,0.612709,0.999927,8266.58,8098.47,0.999837
y_pred[2279],0.655451,0.00351255,0.320554,0.342953,0.0574767,0.750576,0.999057,8373.9,7791.16,0.999767
y_pred[2280],0.652169,0.00399753,0.358973,0.285042,0.0144811,0.806652,0.999951,8186.84,8089.74,1.00016
y_pred[2281],0.781002,0.00341001,0.299969,0.0757831,0.0928146,0.948883,1.0,7678.34,8050.35,1.00008
y_pred[2282],0.241283,0.00129093,0.116386,0.118533,0.0735959,0.227282,0.454241,8221.07,7770.66,1.00004
y_pred[2283],0.147567,0.00231277,0.20179,0.0782297,1.61769e-05,0.0531534,0.602353,7691.65,7691.7,1.00005
y_pred[2284],0.247403,0.00390471,0.342868,0.048278,1.88106e-09,0.032563,0.979474,7884.12,8188.04,1.00037
y_pred[2285],0.148073,0.00320515,0.283545,0.00136052,4.79086e-16,0.000917661,0.899236,7912.7,8040.38,0.999964
y_pred[2286],0.213488,0.00314356,0.275767,0.10941,5.20428e-06,0.0738941,0.842434,7277.63,7765.75,1.00007
y_pred[2287],0.205417,0.00339872,0.30271,0.0446244,1.323e-08,0.0300988,0.916298,7958.01,7457.23,1.00026
y_pred[2288],0.32942,0.00396678,0.340452,0.283447,9.61278e-05,0.193701,0.972418,7405.7,7720.19,1.00073
y_pred[2289],0.0420882,0.000614078,0.0535648,0.0289965,0.000282088,0.0218738,0.154441,7808.09,7927.15,1.00002
y_pred[2290],0.627593,0.00315818,0.277014,0.327936,0.121648,0.676414,0.983767,7389.86,8025.65,0.999933
y_pred[2291],0.762652,0.0037527,0.336232,0.0444113,0.0289556,0.970045,1.0,7991.36,7828.68,1.00005
y_pred[2292],0.62419,0.00437997,0.389192,0.293099,0.00242556,0.802247,0.999996,7634.39,7516.99,0.99997
y_pred[2293],0.72299,0.00345005,0.302577,0.218065,0.101317,0.849952,0.999802,8155.77,7846.71,0.999946
y_pred[2294],0.724565,0.00385715,0.332643,0.14133,0.0397928,0.904654,0.999999,7277.53,7678.24,0.999668
y_pred[2295],0.827827,0.00317431,0.274414,0.0246749,0.141638,0.983357,1.0,7289.34,7264.79,0.999995
y_pred[2296],0.305561,0.00138998,0.126135,0.131045,0.118746,0.294562,0.527619,8182.23,8279.76,1.00013
y_pred[2297],0.700839,0.00292381,0.263654,0.269846,0.170405,0.772652,0.994528,8138.09,7649.07,1.00004
y_pred[2298],0.812294,0.0034872,0.310161,0.0108563,0.0532508,0.992678,1.0,7795.73,7931.1,0.999895
y_pred[2299],0.69461,0.00403816,0.367333,0.132505,0.00814165,0.910625,1.0,8136.14,7557.89,1.00002
y_pred[2300],0.781247,0.00314597,0.276645,0.119269,0.159604,0.919331,0.999987,8287.09,7847.65,0.999847
y_pred[2301],0.774109,0.00369104,0.313129,0.0629631,0.065379,0.957532,1.0,7146.35,7808.11,1.00019
y_pred[2302],0.872058,0.00272082,0.241798,0.00456789,0.231163,0.996919,1.0,8106.52,8037.34,1.00008
y_pred[2303],0.370895,0.00149319,0.133324,0.140211,0.163771,0.363887,0.59789,7977.27,7825.74,1.00009
y_pred[2304],0.103542,0.00208162,0.176868,0.0233803,2.3007e-07,0.0157711,0.519268,7282.98,7267.85,1.00012
y_pred[2305],0.175888,0.00356667,0.301531,0.00699233,3.56635e-13,0.00471626,0.93563,7976.49,7714.65,1.00047
y_pred[2306],0.0990035,0.00272795,0.238021,2.68467e-05,7.22419e-24,1.81078e-05,0.782982,8021.98,7805.63,1.00023
y_pred[2307],0.150585,0.00270474,0.2401,0.0307767,7.30347e-08,0.0207589,0.739288,7814.4,7886.42,0.999867
y_pred[2308],0.150212,0.00290317,0.266602,0.0082394,3.22456e-12,0.0055574,0.844432,8372.77,8271.55,1.00029
y_pred[2309],0.252315,0.00364072,0.31755,0.118802,1.75651e-06,0.0801588,0.9289,7380.69,7482.69,1.00014
y_pred[2310],0.0289835,0.000514161,0.045798,0.0139859,1.33315e-05,0.00958103,0.122417,8185.37,7885.61,1.00007
y_pred[2311],0.599372,0.00318637,0.283149,0.342867,0.0983919,0.643185,0.979291,7966.37,8014.54,1.00004
y_pred[2312],0.735691,0.00393008,0.350126,0.0743791,0.0172973,0.949832,1.0,7893.94,7644.17,0.999773
y_pred[2313],0.599756,0.00470729,0.389927,0.38177,0.00156353,0.741945,0.999986,7480.5,7566.27,1.00051
y_pred[2314],0.699892,0.00348077,0.309374,0.2575,0.0805817,0.820869,0.99969,7790.42,7152.45,0.999816
y_pred[2315],0.687195,0.00387692,0.34895,0.209934,0.0246299,0.858244,0.999991,8189.27,7702.81,0.999914
y_pred[2316],0.80976,0.00314589,0.284654,0.0428145,0.118095,0.971122,1.0,8145.08,7937.38,1.0007
y_pred[2317],0.278135,0.00135877,0.123159,0.123753,0.0970982,0.265958,0.502631,8315.93,7676.1,0.999892
y_pred[2318],0.767472,0.00275639,0.243233,0.195452,0.251464,0.857341,0.999165,7851.26,7652.16,1.00021
y_pred[2319],0.864335,0.00301439,0.272061,0.000856943,0.119725,0.999422,1.0,8146.8,7930.12,0.999754
y_pred[2320],0.776242,0.0036878,0.33189,0.0283406,0.0266405,0.980884,1.0,8164.33,7914.93,1.00032
y_pred[2321],0.842144,0.00281703,0.244494,0.0387033,0.248444,0.973894,1.0,7621.34,7632.28,1.00066
y_pred[2322],0.842987,0.00319043,0.271746,0.0123693,0.150748,0.991657,1.0,7157.99,7618.05,1.00026
y_pred[2323],0.908522,0.00233483,0.211956,0.00037658,0.34855,0.999746,1.0,7892.63,8069.54,1.00066
y_pred[2324],0.471257,0.00158745,0.137208,0.144998,0.249641,0.470557,0.704314,7551.64,7416.03,1.00005
y_pred[2325],0.807365,0.00255929,0.228751,0.136227,0.293405,0.904611,0.999757,8234.01,8015.44,1.00034
y_pred[2326],0.881491,0.00288446,0.257438,0.000151967,0.15696,0.999897,1.0,8250.67,7927.27,1.00051
y_pred[2327],0.799494,0.00365195,0.3227,0.0130691,0.0350782,0.991185,1.0,8122.76,8276.74,0.99986
y_pred[2328],0.865801,0.00257612,0.228628,0.0197253,0.300663,0.986695,1.0,7805.77,7866.78,0.999928
y_pred[2329],0.862724,0.00290238,0.259992,0.00345223,0.172747,0.997672,1.0,8153.36,8065.62,1.00057
y_pred[2330],0.924719,0.00218297,0.191927,7.33887e-05,0.425831,0.99995,1.0,7684.86,7844.42,1.00034
y_pred[2331],0.52114,0.00159057,0.137478,0.14464,0.292122,0.521004,0.745335,7491.28,7524.99,1.00001
y_pred[2332],0.586146,0.00329062,0.281023,0.343266,0.0959667,0.619328,0.97584,7466.23,7848.37,1.00032
y_pred[2333],0.726172,0.00391255,0.352864,0.091916,0.0157321,0.938003,1.0,8014.14,7937.28,1.00031
y_pred[2334],0.572442,0.00440744,0.39549,0.468493,0.00106825,0.682584,0.999974,8075.9,7790.72,0.999883
y_pred[2335],0.68922,0.00366759,0.310816,0.279591,0.075496,0.801997,0.999579,7619.69,7974.7,1.00055
y_pred[2336],0.676543,0.00399286,0.353006,0.236673,0.0224712,0.83999,0.999982,7273.64,7524.52,1.00016
y_pred[2337],0.798588,0.00320652,0.293115,0.0502246,0.109276,0.966124,1.0,8190.98,7722.99,0.999707
y_pred[2338],0.262764,0.00132036,0.119742,0.123239,0.089119,0.251575,0.477261,8185.15,8002.38,1.00038
y_pred[2339],0.598147,0.00314042,0.282567,0.340608,0.0976958,0.639035,0.980549,8096.28,7958.75,1.00054
y_pred[2340],0.7333,0.00392235,0.35046,0.0742568,0.0178399,0.949914,1.0,8114.67,8101.11,1.0
y_pred[2341],0.59558,0.00456269,0.394264,0.388842,0.00132298,0.737176,0.999986,7304.86,7068.34,1.00004
y_pred[2342],0.693229,0.00345403,0.309223,0.272309,0.0823503,0.808648,0.999615,8008.26,8007.6,0.999834
y_pred[2343],0.68366,0.00386089,0.348177,0.233337,0.0265583,0.842375,0.999993,7807.03,7950.94,1.00017
y_pred[2344],0.809097,0.00322588,0.285886,0.0400806,0.130778,0.972966,1.0,7843.39,7932.77,0.999844
y_pred[2345],0.275076,0.00134542,0.120532,0.121703,0.0967916,0.264377,0.496305,7994.66,7674.54,1.00021
y_pred[2346],0.0653269,0.00159463,0.142532,0.00324786,7.50549e-11,0.00219065,0.399104,7964.35,7743.05,0.999942
y_pred[2347],0.113856,0.00286706,0.250812,0.000187843,1.34434e-19,0.000126698,0.815656,7501.83,7556.43,1.00032
y_pred[2348],0.0646814,0.00217686,0.19621,3.88266e-08,3.11754e-38,2.61882e-08,0.586509,8004.46,8055.68,0.999916
y_pred[2349],0.0987682,0.00220926,0.198517,0.00378649,9.45723e-12,0.00255395,0.596745,8280.88,7811.86,1.00053
y_pred[2350],0.0978399,0.00265124,0.223684,0.000258303,2.2879200000000002e-18,0.000174223,0.707486,7494.62,7377.42,1.00014
y_pred[2351],0.173528,0.00308692,0.276547,0.0245945,1.72013e-09,0.0165888,0.849307,8264.5,8042.24,1.00017
y_pred[2352],0.0179773,0.000388051,0.0354092,0.00392174,8.50393e-08,0.00264599,0.0931291,8371.09,7895.94,1.00038
y_pred[2353],0.0690691,0.00163557,0.142411,0.00464475,2.33987e-10,0.00313284,0.399758,7865.44,7252.04,1.00009
y_pred[2354],0.124032,0.00296204,0.262302,0.000267435,1.9725200000000003e-18,0.000180382,0.859547,7754.57,7931.94,1.00038
y_pred[2355],0.0758102,0.00237236,0.212537,1.66456e-07,3.9325600000000005e-34,1.12273e-07,0.675519,7833.82,7906.37,0.999975
y_pred[2356],0.11189,0.00237767,0.213241,0.00727741,8.17903e-11,0.00490855,0.655433,7762.05,7452.4,1.00031
y_pred[2357],0.104031,0.00258088,0.2307,0.00048748,3.04077e-17,0.0003288,0.738516,7860.82,7517.9,0.999965
y_pred[2358],0.180961,0.003131,0.281429,0.0290483,4.62918e-09,0.0195928,0.867637,8007.02,7889.02,1.00004
y_pred[2359],0.0194909,0.00040504,0.0365675,0.00541396,2.07357e-07,0.00365418,0.0929907,8162.95,7719.9,0.99998
y_pred[2360],0.554479,0.00322776,0.289024,0.370889,0.0701767,0.574807,0.968834,8055.68,7670.3,1.00036
y_pred[2361],0.701536,0.00419531,0.36263,0.124399,0.012713,0.916093,1.0,7488.24,7889.07,1.00025
y_pred[2362],0.542281,0.00476279,0.398092,0.565821,0.000581629,0.611927,0.999945,7140.12,7295.37,1.00034
y_pred[2363],0.656018,0.00361421,0.318245,0.342467,0.0596169,0.749459,0.998997,7854.16,7972.52,1.00006
y_pred[2364],0.647374,0.00403696,0.357206,0.312508,0.0157343,0.787774,0.999952,8006.26,7851.01,1.00009
y_pred[2365],0.774792,0.00339128,0.304616,0.0778409,0.0830925,0.947496,1.0,8262.77,7542.95,0.999754
y_pred[2366],0.23969,0.00130487,0.115721,0.115704,0.0745465,0.224522,0.451385,7994.84,8039.85,1.00001
y_pred[2367],0.149779,0.00236561,0.206641,0.0749608,1.69839e-05,0.0508601,0.628975,7464.56,7505.41,0.999968
y_pred[2368],0.246617,0.00389378,0.343403,0.0498128,3.30678e-09,0.0335983,0.978501,7948.71,7847.89,1.00043
y_pred[2369],0.144618,0.00315325,0.279935,0.0013024,4.04044e-16,0.000878458,0.895682,8006.59,7847.28,1.00073
y_pred[2370],0.21718,0.0030907,0.275336,0.115263,1.05415e-05,0.0779084,0.839659,7884.9,7134.9,1.00046
y_pred[2371],0.214216,0.00348913,0.309232,0.0445238,1.53273e-08,0.030031,0.923911,7907.48,8031.81,1.0004
y_pred[2372],0.336177,0.00384764,0.34475,0.28721,8.98684e-05,0.195792,0.973586,8031.28,7770.61,1.00004
y_pred[2373],0.0421422,0.000638339,0.0545101,0.028359,0.000257253,0.0214891,0.156085,7369.06,7070.81,0.999722
y_pred[2374],0.630412,0.00319046,0.280968,0.328999,0.115176,0.680762,0.984867,8006.04,7807.92,1.00011
y_pred[2375],0.75443,0.0037943,0.341935,0.0489577,0.0198915,0.966978,1.0,7992.1,7338.76,1.00033
y_pred[2376],0.622985,0.00442026,0.387703,0.303253,0.00232876,0.795366,0.999995,7809.23,7826.88,1.00054
y_pred[2377],0.720165,0.00336748,0.302468,0.218167,0.102679,0.850162,0.999886,8074.97,8044.96,1.0005
y_pred[2378],0.720146,0.00372049,0.333932,0.163234,0.0360284,0.889834,0.999997,8138.85,8232.55,1.00002
y_pred[2379],0.827229,0.00306781,0.27683,0.0251256,0.14309,0.983053,1.0,8042.59,7916.23,0.999882
y_pred[2380],0.301174,0.001404,0.127035,0.129074,0.110691,0.289843,0.52969,8253.83,7455.02,1.00002
y_pred[2381],0.696953,0.00300917,0.263168,0.276067,0.179978,0.768781,0.994488,7600.35,7660.67,1.00041
y_pred[2382],0.807955,0.00356852,0.311869,0.012121,0.0469933,0.991824,1.0,7911.51,8170.36,0.999869
y_pred[2383],0.695801,0.00405385,0.366001,0.137735,0.00721821,0.907097,1.0,8218.27,8104.9,0.999993
y_pred[2384],0.776504,0.00312735,0.281866,0.1198,0.148504,0.919027,0.999988,7857.46,7830.89,1.00017
y_pred[2385],0.776158,0.00348462,0.312292,0.0610987,0.0686876,0.958789,1.0,7393.35,7716.48,1.00023
y_pred[2386],0.869156,0.002773,0.246293,0.00573396,0.221048,0.996132,1.0,8028.36,7919.38,1.00091
y_pred[2387],0.374173,0.00152706,0.134607,0.139968,0.164684,0.366698,0.609182,7808.35,7197.71,1.00004
y_pred[2388],0.0991812,0.00192602,0.170923,0.0223119,1.56298e-07,0.0150502,0.505361,7760.41,7664.67,1.00026
y_pred[2389],0.17722,0.0033939,0.303649,0.00700892,4.65515e-13,0.00472745,0.932078,8131.98,7541.36,0.999964
y_pred[2390],0.105042,0.00272541,0.244834,3.4451e-05,6.56392e-24,2.32369e-05,0.807204,7912.02,7885.17,0.999904
y_pred[2391],0.151117,0.0027675,0.242375,0.0309922,5.97319e-08,0.0209045,0.743557,7942.34,7729.76,1.00035
y_pred[2392],0.153037,0.00311509,0.270158,0.00786251,5.59399e-12,0.00530319,0.847701,7829.28,7681.78,0.999951
y_pred[2393],0.241878,0.00357531,0.310571,0.108535,8.51528e-07,0.0732197,0.925908,7223.56,7357.59,0.999979
y_pred[2394],0.0284573,0.000507534,0.0450295,0.0138237,1.47176e-05,0.00949518,0.119341,7991.78,7890.79,0.999912
y_pred[2395],0.59934,0.00318583,0.283426,0.348576,0.0981634,0.639627,0.980544,7953.25,7806.75,1.00051
y_pred[2396],0.741037,0.00388833,0.344863,0.0738387,0.0203438,0.950196,1.0,8192.46,7327.48,0.999736
y_pred[2397],0.591134,0.0043351,0.393096,0.411168,0.00137605,0.722092,0.999989,8274.27,7734.93,0.999913
y_pred[2398],0.69165,0.00347307,0.311065,0.282824,0.0791622,0.801481,0.999624,8089.54,7841.36,1.00008
y_pred[2399],0.693135,0.0038775,0.347483,0.194785,0.0231802,0.868501,0.999992,8199.95,7116.27,1.00021
y_pred[2400],0.808405,0.00329168,0.285409,0.0434357,0.128821,0.970703,1.0,7519.52,7735.54,0.999903
y_pred[2401],0.277282,0.00138194,0.123022,0.126002,0.0983927,0.264552,0.498578,8042.06,7918.38,0.999915
y_pred[2402],0.769786,0.00269418,0.243838,0.187587,0.256318,0.862747,0.999176,8028.34,7756.4,1.00024
y_pred[2403],0.862171,0.00304775,0.271443,0.00108007,0.125778,0.999271,1.0,7978.59,7854.22,1.00028
y_pred[2404],0.768563,0.00368216,0.336248,0.0322821,0.0241377,0.978226,1.0,8345.67,7708.29,0.999707
y_pred[2405],0.84429,0.00275758,0.24463,0.0369434,0.243457,0.975081,1.0,8157.51,7876.41,0.999871
y_pred[2406],0.840819,0.00302686,0.273581,0.0112129,0.140198,0.992437,1.0,8033.1,7830.16,1.00009
y_pred[2407],0.909841,0.00230149,0.206891,0.000473691,0.363806,0.99968,1.0,7639.75,7656.86,1.00014
y_pred[2408],0.468727,0.00150479,0.137382,0.141763,0.243899,0.467589,0.697946,8352.92,8093.74,1.00033
y_pred[2409],0.801099,0.00260401,0.231121,0.144179,0.294216,0.899518,0.999785,7895.91,7369.66,0.99968
y_pred[2410],0.885937,0.00280548,0.252198,0.000149001,0.163534,0.999899,1.0,8202.13,8124.96,0.999884
y_pred[2411],0.805483,0.00350672,0.314605,0.0125947,0.0483736,0.991505,1.0,7970.87,7538.78,0.999849
y_pred[2412],0.858826,0.00268106,0.236125,0.0206749,0.284211,0.986055,1.0,7672.32,7897.19,0.999786
y_pred[2413],0.866138,0.00283721,0.25598,0.00345742,0.179766,0.997668,1.0,7918.61,7896.08,0.999816
y_pred[2414],0.92398,0.00224153,0.192419,7.11648e-05,0.433405,0.999952,1.0,8093.51,7123.63,0.999671
y_pred[2415],0.521264,0.00153739,0.137125,0.143642,0.287775,0.522936,0.74325,8044.27,7447.36,0.99986
y_pred[2416],0.579707,0.0032321,0.285242,0.355478,0.0858744,0.611468,0.976681,7967.23,7970.86,0.999822
y_pred[2417],0.720535,0.00414861,0.357695,0.0877714,0.0149374,0.940799,1.0,7354.06,7302.14,1.00015
y_pred[2418],0.571695,0.00438676,0.396853,0.472761,0.000989557,0.679521,0.999978,8157.6,7418.25,1.0002
y_pred[2419],0.68648,0.00357656,0.309294,0.289716,0.0829964,0.792613,0.999361,7535.32,8011.27,1.00053
y_pred[2420],0.677116,0.00417577,0.350811,0.234724,0.0207642,0.841394,0.999984,7946.57,7850.08,1.00003
y_pred[2421],0.807436,0.0031545,0.286051,0.043154,0.122524,0.970893,1.0,8278.38,7919.68,0.999821
y_pred[2422],0.264564,0.00133996,0.120908,0.125334,0.0894515,0.251766,0.484194,8198.2,7929.29,1.00026
y_pred[2423],0.587823,0.0032072,0.284675,0.35272,0.0873546,0.620397,0.978505,7888.51,7686.05,0.999781
y_pred[2424],0.732414,0.00389807,0.348745,0.086248,0.0176323,0.941827,1.0,8022.15,7757.94,0.999809
y_pred[2425],0.585619,0.00433859,0.391791,0.438701,0.00126342,0.702935,0.999984,7991.06,7690.19,0.999746
y_pred[2426],0.701041,0.00353727,0.307133,0.255657,0.0803377,0.821267,0.999633,7104.27,7310.38,0.999803
y_pred[2427],0.68866,0.00396964,0.346027,0.214935,0.0223791,0.854847,0.99999,7279.75,7703.18,1.00019
y_pred[2428],0.806159,0.00323384,0.289779,0.0417055,0.110748,0.97187,1.0,7955.02,7956.16,0.999974
y_pred[2429],0.274896,0.00135562,0.121269,0.125997,0.0960603,0.264889,0.49537,8058.25,8098.07,1.00009
y_pred[2430],0.0670786,0.00164832,0.144809,0.00347179,7.83559e-11,0.00234169,0.393144,7959.31,7517.86,1.00019
y_pred[2431],0.115373,0.00290185,0.25129,0.000208314,2.75609e-19,0.000140506,0.833835,7660.6,7654.73,1.00051
y_pred[2432],0.0674305,0.00231808,0.199638,4.08622e-08,7.60837e-37,2.75611e-08,0.59862,8125.48,7662.9,0.999986
y_pred[2433],0.0979374,0.00228414,0.200923,0.00419615,7.16258e-12,0.00283027,0.618691,7613.4,7545.5,1.00081
y_pred[2434],0.0939864,0.00239635,0.216896,0.000297893,1.89826e-18,0.000200926,0.669027,8209.13,7040.95,0.999806
y_pred[2435],0.169861,0.00304192,0.274094,0.0241067,1.9863e-09,0.0162597,0.851986,8318.9,7919.17,1.00004
y_pred[2436],0.0172812,0.000403018,0.03549,0.0034247,5.28721e-08,0.00231041,0.0859122,7622.29,7626.26,1.00013
y_pred[2437],0.0669718,0.00156901,0.141396,0.00463786,2.48471e-10,0.0031282,0.39346,7980.21,7810.69,1.00056
y_pred[2438],0.119554,0.0029527,0.257403,0.000459244,1.40988e-18,0.000309756,0.847445,7934.72,7895.99,0.999944
y_pred[2439],0.0742315,0.00239433,0.210312,1.36967e-07,1.60757e-34,9.23832e-08,0.652791,7717.26,7855.99,1.00005
y_pred[2440],0.1024,0.00230007,0.202167,0.00585191,6.05789e-11,0.00394706,0.609175,7741.6,7766.02,0.999719
y_pred[2441],0.106915,0.00261586,0.232352,0.00045785,2.27518e-17,0.000308815,0.744584,8007.35,7503.81,1.00008
y_pred[2442],0.180788,0.00319667,0.280566,0.0345363,9.08748e-09,0.0232945,0.870534,8135.81,7766.98,1.00002
y_pred[2443],0.0191655,0.000413402,0.0368112,0.00475435,1.97503e-07,0.00320847,0.0937862,8226.83,7765.61,0.999746
y_pred[2444],0.553646,0.0032423,0.288477,0.367889,0.0731459,0.576777,0.968112,7869.06,7477.32,1.0002
y_pred[2445],0.704855,0.00413473,0.361323,0.127611,0.00929058,0.913926,1.0,7566.43,7911.87,1.00032
y_pred[2446],0.543659,0.00448723,0.397857,0.576441,0.000471153,0.60317,0.999937,7916.42,7766.91,0.999987
y_pred[2447],0.654831,0.00359206,0.322685,0.336011,0.057309,0.754731,0.999142,8069.89,7725.41,0.999811
y_pred[2448],0.646707,0.00407911,0.359566,0.309253,0.0151057,0.790355,0.99996,7910.74,7969.49,0.999939
y_pred[2449],0.782321,0.00333609,0.299248,0.0737905,0.0969344,0.950226,1.0,7981.93,8055.89,1.00019
y_pred[2450],0.240664,0.00130738,0.118783,0.119059,0.0726077,0.225542,0.464157,8303.3,7884.41,1.00025
y_pred[2451],0.145998,0.00229429,0.202537,0.0742766,1.36223e-05,0.0503636,0.619923,7928.03,7956.33,1.00025
y_pred[2452],0.240105,0.00372243,0.335951,0.0483689,3.51952e-09,0.0326243,0.972551,8147.69,7915.47,1.00011
y_pred[2453],0.149927,0.00328181,0.285277,0.00142224,1.75162e-16,0.000959287,0.906178,7830.97,7930.1,1.00025
y_pred[2454],0.216732,0.00317609,0.275745,0.114356,8.30548e-06,0.0772465,0.836938,7478.77,7858.01,1.00004
y_pred[2455],0.203312,0.00344528,0.303124,0.0389546,7.60793e-09,0.0262746,0.917838,7749.25,7730.56,0.999814
y_pred[2456],0.329244,0.00386461,0.342378,0.276363,6.74515e-05,0.188186,0.970594,7795.35,7876.02,1.00027
y_pred[2457],0.0427718,0.000621843,0.0550256,0.0296011,0.000250447,0.0222666,0.157614,8004.22,7746.66,1.00006
y_pred[2458],0.623901,0.00305166,0.277662,0.328311,0.119833,0.670307,0.984797,8260.98,7769.97,0.999803
y_pred[2459],0.75471,0.00396295,0.341983,0.0509481,0.0225508,0.965636,1.0,7489.32,7844.51,0.999747
y_pred[2460],0.618401,0.00439469,0.388333,0.323701,0.00291963,0.781531,0.999997,7730.32,7702.56,1.00005
y_pred[2461],0.720923,0.00339151,0.299875,0.2242,0.103211,0.845483,0.999843,7939.98,7767.24,0.999908
y_pred[2462],0.713691,0.00388877,0.340621,0.154378,0.0345468,0.895838,0.999997,7708.48,7856.15,0.999974
y_pred[2463],0.828713,0.00303649,0.275321,0.0239966,0.146611,0.983815,1.0,8416.37,7890.69,0.999839
y_pred[2464],0.301256,0.00139991,0.125881,0.131544,0.114259,0.289624,0.524693,8090.79,7009.38,1.00014
y_pred[2465],0.694888,0.00294828,0.265671,0.279162,0.178056,0.766225,0.995416,8143.19,7523.32,0.999636
y_pred[2466],0.805741,0.00346899,0.314836,0.011714,0.0482401,0.992099,1.0,8197.81,7877.87,1.00008
y_pred[2467],0.691351,0.00420832,0.369964,0.137141,0.00772055,0.907498,1.0,7971.61,8083.91,1.00003
y_pred[2468],0.781044,0.00309531,0.275806,0.122777,0.154911,0.91701,0.99999,7803.97,7938.84,1.00018
y_pred[2469],0.770162,0.00366012,0.316815,0.0686177,0.0551124,0.953718,1.0,7620.63,7709.22,1.00034
y_pred[2470],0.868885,0.00274111,0.24259,0.00585627,0.236631,0.99605,1.0,7657.86,7606.05,0.999921
y_pred[2471],0.373311,0.00146734,0.132215,0.135522,0.169486,0.365107,0.606395,8153.72,7929.86,1.00011
y_pred[2472],0.101519,0.00195637,0.174819,0.0218991,1.33268e-07,0.014772,0.515669,7860.8,7610.16,0.999901
y_pred[2473],0.172864,0.00335545,0.299041,0.00672504,1.61594e-12,0.00453598,0.924202,7754.79,7549.86,0.999797
y_pred[2474],0.101649,0.00279902,0.240695,2.56802e-05,1.78749e-23,1.73211e-05,0.782758,7569.59,7804.05,0.999717
y_pred[2475],0.153478,0.00276582,0.239597,0.0337149,8.06402e-08,0.0227406,0.735107,7291.62,7504.3,1.00042
y_pred[2476],0.145802,0.00298916,0.265863,0.0058162,4.13395e-12,0.00392297,0.841948,7986.25,7505.37,1.00018
y_pred[2477],0.247818,0.00351784,0.315335,0.116473,1.46491e-06,0.078585,0.934405,7990.22,7835.89,1.0003
y_pred[2478],0.028141,0.000498217,0.0448508,0.0134219,1.35988e-05,0.00922661,0.124466,8353.02,7751.45,0.999672
y_pred[2479],0.598133,0.00313124,0.283094,0.349519,0.0991315,0.636093,0.979752,8168.11,7889.66,1.00039
y_pred[2480],0.741396,0.00385442,0.347061,0.0680714,0.0196007,0.954087,1.0,8147.98,7637.4,1.00041
y_pred[2481],0.595166,0.0044533,0.392178,0.395535,0.00143897,0.732722,0.999985,7889.21,7990.37,1.00043
y_pred[2482],0.694025,0.00352306,0.309953,0.272944,0.0813383,0.809039,0.999617,7964.03,8015.83,1.00013
y_pred[2483],0.694082,0.00384944,0.346857,0.19842,0.0219967,0.866043,0.999991,8232.63,7869.88,1.0003
y_pred[2484],0.812479,0.00320036,0.283401,0.0391488,0.120404,0.973595,1.0,7914.66,7818.23,0.999915
y_pred[2485],0.278634,0.00137235,0.123655,0.125752,0.0995633,0.266751,0.502765,8178.67,7991.86,1.00013
y_pred[2486],0.772369,0.00271164,0.240544,0.188456,0.261622,0.861309,0.999048,7965.49,7809.28,1.00011
y_pred[2487],0.865441,0.00300382,0.267854,0.000852495,0.138286,0.999425,1.0,7864.51,7726.99,1.00026
y_pred[2488],0.765901,0.00378969,0.338241,0.0331947,0.0228531,0.97761,1.0,7921.73,8054.2,0.999814
y_pred[2489],0.843453,0.00274867,0.245547,0.0369264,0.241414,0.975092,1.0,7784.96,7755.5,1.00025
y_pred[2490],0.839421,0.00311205,0.277132,0.0115102,0.124953,0.992236,1.0,7637.13,7374.72,1.00125
y_pred[2491],0.91016,0.00234954,0.210193,0.000416611,0.337116,0.999719,1.0,7595.27,7578.61,1.00026
y_pred[2492],0.469356,0.0015302,0.137572,0.144364,0.247441,0.466418,0.69845,8073.71,7511.88,1.00019
y_pred[2493],0.80827,0.00252685,0.225796,0.137394,0.31962,0.903895,0.99976,7755.23,7418.11,1.00005
y_pred[2494],0.886952,0.00275694,0.249475,0.000139364,0.185789,0.999906,1.0,7486.91,6429.6,1.00043
y_pred[2495],0.803036,0.00344496,0.316506,0.0104449,0.0447726,0.992955,1.0,8206.94,7666.95,0.999837
y_pred[2496],0.863931,0.00269544,0.231713,0.0206608,0.289055,0.986065,1.0,7454.6,7504.82,1.00002
y_pred[2497],0.862727,0.00298877,0.257175,0.00409717,0.186928,0.997236,1.0,7938.81,7707.71,0.999913
y_pred[2498],0.9215,0.0022182,0.196413,7.56126e-05,0.413446,0.999949,1.0,8000.71,7468.88,1.00025
y_pred[2499],0.520972,0.0015365,0.138576,0.144538,0.290854,0.522645,0.747671,8190.66,8011.13,1.00022
y_pred[2500],0.587069,0.00319339,0.282049,0.345744,0.0957205,0.619381,0.976068,7722.82,7886.66,1.0004
y_pred[2501],0.724829,0.0040469,0.355362,0.0925076,0.0141329,0.937604,1.0,7680.48,7612.85,1.00006
y_pred[2502],0.57568,0.00432691,0.394973,0.461415,0.0011249,0.687721,0.999981,8309.38,7951.15,1.00064
y_pred[2503],0.6847,0.0033864,0.311089,0.293831,0.0782489,0.790687,0.999382,8532.19,7974.67,0.999952
y_pred[2504],0.681052,0.00381028,0.346625,0.24002,0.0240415,0.837662,0.999983,8241.41,7909.35,0.999902
y_pred[2505],0.797884,0.00330926,0.292074,0.0508035,0.115486,0.965734,1.0,7820.13,7883.96,1.0005
y_pred[2506],0.265053,0.00134005,0.120389,0.120914,0.0896375,0.252719,0.486041,8246.11,8101.74,1.00009
y_pred[2507],0.594339,0.00315782,0.282945,0.34401,0.0959064,0.627293,0.978896,7919.44,7727.53,1.00015
y_pred[2508],0.739779,0.00403876,0.348019,0.0697578,0.0211918,0.952949,1.0,7630.01,7140.27,0.999769
y_pred[2509],0.583763,0.00448257,0.393804,0.432934,0.00144036,0.707147,0.999978,7965.71,7594.48,1.00025
y_pred[2510],0.698737,0.00349882,0.306537,0.268781,0.0926108,0.811917,0.999657,7972.49,7926.0,0.999919
y_pred[2511],0.694388,0.00379303,0.345251,0.197339,0.0251675,0.866758,0.999992,8238.72,7522.15,0.999978
y_pred[2512],0.810186,0.00321892,0.284954,0.0398597,0.124579,0.973115,1.0,7840.15,7778.62,1.0005
y_pred[2513],0.275777,0.00131416,0.121987,0.12509,0.097336,0.264017,0.498599,8620.46,7426.87,1.00029
y_pred[2514],0.0644095,0.00156142,0.139213,0.00337035,9.74041e-11,0.00227327,0.388446,8162.67,7559.24,1.00019
y_pred[2515],0.117813,0.00297203,0.25567,0.000249413,3.5851000000000004e-19,0.000168227,0.846462,7351.05,7544.29,1.00022
y_pred[2516],0.0708732,0.00233636,0.208269,3.58558e-08,5.29508e-37,2.41844e-08,0.647091,8337.32,8057.31,0.999779
y_pred[2517],0.0999988,0.00224683,0.203229,0.00399068,8.70284e-12,0.00269168,0.615332,8223.73,7757.62,0.999768
y_pred[2518],0.0995623,0.0025218,0.226237,0.000224143,5.321e-18,0.000151183,0.718148,7942.01,7817.36,1.00005
y_pred[2519],0.169507,0.00299785,0.273643,0.0237072,2.01542e-09,0.0159903,0.850407,8540.61,7882.54,1.00006
y_pred[2520],0.0182474,0.00040826,0.0360167,0.00409787,9.77317e-08,0.0027648,0.0933509,8087.46,7726.8,0.999833
y_pred[2521],0.445368,0.00329996,0.286598,0.367372,0.0310134,0.429365,0.923018,7513.77,7836.28,1.00006
y_pred[2522],0.55738,0.00436149,0.394955,0.524221,0.00098177,0.641236,0.999914,8421.85,7957.73,1.00024
y_pred[2523],0.513695,0.00458313,0.398171,0.633872,0.000248507,0.541072,0.999862,7521.25,7534.62,1.0
y_pred[2524],0.569866,0.00378948,0.332292,0.446525,0.029096,0.612287,0.995208,7882.37,7633.51,0.999863
y_pred[2525],0.583564,0.00415478,0.371996,0.46367,0.00617071,0.675551,0.999718,8125.35,6948.47,1.00015
y_pred[2526],0.758381,0.00352113,0.311602,0.104703,0.0743034,0.929369,0.999999,7685.74,7366.13,1.00021
y_pred[2527],0.489643,0.00154279,0.137936,0.144104,0.26437,0.488128,0.715805,8044.36,7929.65,0.999846
y_pred[2528],0.368312,0.00313802,0.278542,0.328328,0.0123624,0.31629,0.88241,7824.21,7852.22,1.00048
y_pred[2529],0.468138,0.00459313,0.394192,0.598472,0.000131367,0.421937,0.999515,7283.94,7521.53,1.00008
y_pred[2530],0.425081,0.00450377,0.395813,0.458305,2.05431e-05,0.310442,0.999209,7546.13,7207.6,1.00022
y_pred[2531],0.487886,0.0037475,0.337176,0.481786,0.0108063,0.485679,0.984593,8004.43,7596.64,1.00005
y_pred[2532],0.502848,0.00419847,0.375489,0.588128,0.00197002,0.50866,0.998442,7736.52,7087.97,1.0005
y_pred[2533],0.693866,0.00374577,0.336486,0.222697,0.0389817,0.849228,0.999976,8067.72,7818.11,0.999767
y_pred[2534],0.413357,0.00148649,0.134748,0.139545,0.197548,0.408681,0.64318,8252.42,7483.86,1.00062
y_pred[2535],0.0668811,0.00159999,0.142884,0.00336136,7.57523e-11,0.00226721,0.386956,7973.09,7728.77,0.99996
y_pred[2536],0.0997479,0.00263372,0.238876,2.62892e-05,4.62327e-24,1.77318e-05,0.793148,7910.41,7912.2,1.00014
y_pred[2537],0.0831995,0.00248383,0.222126,1.28537e-06,2.2142700000000002e-29,8.66973e-07,0.735454,8088.08,7887.51,1.00013
y_pred[2538],0.104927,0.00234524,0.206535,0.00519139,2.79338e-11,0.00350155,0.633372,7929.9,7377.03,0.999916
y_pred[2539],0.107178,0.00265965,0.232792,0.00074738,1.08534e-16,0.000504101,0.748512,8153.44,7756.03,0.999827
y_pred[2540],0.20987,0.00334588,0.294983,0.0641565,1.29186e-07,0.043274,0.888425,7723.01,7963.19,0.999868
y_pred[2541],0.0769555,0.000830147,0.0724633,0.0561068,0.00404272,0.055275,0.224067,7867.37,7717.35,1.0001
y_pred[2542],0.581124,0.00315496,0.286689,0.35727,0.0844882,0.61351,0.976164,8148.7,8013.54,1.0001
y_pred[2543],0.678514,0.00413549,0.369608,0.178102,0.00749349,0.879865,0.999999,8155.84,7501.22,0.999968
y_pred[2544],0.631901,0.00427912,0.38563,0.274614,0.00391105,0.814748,0.999999,8256.37,8094.01,1.00018
y_pred[2545],0.694919,0.00343396,0.311065,0.26772,0.0823874,0.812923,0.999639,8373.96,7660.84,1.00006
y_pred[2546],0.70713,0.00385043,0.340951,0.173896,0.030792,0.882641,0.999997,7489.76,7589.37,0.999786
y_pred[2547],0.847777,0.00302299,0.26053,0.0148742,0.184516,0.989968,1.0,7443.08,8020.91,0.999796
y_pred[2548],0.625776,0.00155315,0.1321,0.135828,0.39566,0.632014,0.831797,7230.1,7972.92,0.999946
y_pred[2549],0.6675,0.00307585,0.270902,0.303983,0.151309,0.728279,0.991742,7809.56,7536.03,1.00042
y_pred[2550],0.757767,0.00383513,0.339467,0.0503825,0.0221525,0.966017,1.0,8206.09,8143.12,0.999927
y_pred[2551],0.718212,0.00398587,0.360191,0.0897314,0.0108695,0.939477,1.0,8069.46,8141.19,1.00003
y_pred[2552],0.767852,0.00315398,0.283973,0.138256,0.133542,0.906405,0.999984,8120.26,7768.62,0.999872
y_pred[2553],0.778827,0.00351917,0.311693,0.0536975,0.0767032,0.963782,1.0,7819.68,7383.45,1.00024
y_pred[2554],0.888525,0.0025853,0.227362,0.00189699,0.284006,0.998721,1.0,8018.26,7677.49,1.00003
y_pred[2555],0.704926,0.00137653,0.124383,0.129516,0.480277,0.715398,0.887124,8152.82,8006.17,1.00018
y_pred[2556],0.262915,0.00276418,0.255061,0.233725,0.00187373,0.180338,0.787894,8569.87,8064.84,1.00018
y_pred[2557],0.349715,0.00418592,0.38086,0.234527,2.32884e-06,0.15822,0.995342,8187.26,7895.72,1.00026
y_pred[2558],0.311873,0.00426729,0.369277,0.147442,1.70155e-07,0.0994493,0.993065,7494.47,7756.95,1.00066
y_pred[2559],0.364524,0.00355769,0.325675,0.376414,0.0014654,0.280411,0.95063,8237.45,7511.14,1.00065
y_pred[2560],0.378924,0.00419034,0.366586,0.359585,9.92278e-05,0.245278,0.990543,7778.11,7901.56,1.00014
y_pred[2561],0.576925,0.00399251,0.360587,0.479546,0.0110872,0.650925,0.999325,8065.78,7891.43,0.999958
y_pred[2562],0.297332,0.00137695,0.124086,0.128616,0.111511,0.285635,0.519034,8102.13,7704.83,1.00022
y_pred[2563],0.412943,0.00313454,0.28457,0.358613,0.0214771,0.381416,0.903263,8192.62,7537.86,0.999742
y_pred[2564],0.516453,0.0045498,0.397993,0.639806,0.000490967,0.536334,0.999819,7685.7,7189.7,0.999871
y_pred[2565],0.474042,0.00461863,0.399674,0.620133,9.25189e-05,0.436723,0.999631,7706.55,8047.49,1.00013
y_pred[2566],0.528044,0.0037729,0.33347,0.464929,0.0181994,0.549076,0.990601,7922.72,7871.45,0.999712
y_pred[2567],0.554611,0.00414637,0.371314,0.517801,0.00379125,0.619664,0.999352,7950.22,7726.71,0.999836
y_pred[2568],0.723969,0.0036235,0.326028,0.160655,0.0497837,0.891501,0.999991,8013.66,8014.27,1.00001
y_pred[2569],0.453802,0.00149078,0.137131,0.141533,0.229149,0.451483,0.684889,8464.83,7898.62,1.00035
y_pred[2570],0.742423,0.00283185,0.251948,0.226877,0.213455,0.826577,0.998109,7971.02,7617.77,1.00011
y_pred[2571],0.821907,0.00344237,0.302423,0.0086317,0.0642763,0.994178,1.0,8119.12,7868.82,1.00004
y_pred[2572],0.782275,0.003696,0.331737,0.0205703,0.0297338,0.986125,1.0,7962.28,7397.67,1.00107
y_pred[2573],0.825194,0.00286512,0.253492,0.0585382,0.221399,0.96051,0.999999,7907.05,7769.39,1.0001
y_pred[2574],0.831992,0.003204,0.282854,0.0139253,0.1172,0.990607,1.0,7870.3,7688.04,1.00076
y_pred[2575],0.915041,0.00225305,0.201942,0.00018829,0.379087,0.999873,1.0,8054.24,8031.19,1.00038
y_pred[2576],0.774763,0.00131,0.114187,0.113122,0.562187,0.790434,0.935004,7609.44,8139.84,1.00034
y_pred[2577],0.652992,0.00323479,0.276299,0.315773,0.135397,0.713343,0.990886,7324.3,7633.96,1.00033
y_pred[2578],0.74029,0.00398279,0.350169,0.0610416,0.0173795,0.958828,1.0,7832.24,7750.04,1.00028
y_pred[2579],0.707091,0.00417222,0.366152,0.104004,0.00829687,0.92985,1.0,7945.64,7798.66,0.999807
y_pred[2580],0.749577,0.00328684,0.293562,0.169912,0.114877,0.884331,0.99994,7902.03,7174.1,1.00013
y_pred[2581],0.761723,0.00358224,0.321841,0.0752694,0.0459489,0.94923,1.0,8075.12,7896.58,1.00042
y_pred[2582],0.878761,0.00269476,0.238326,0.0028414,0.254174,0.998083,1.0,8275.99,7926.09,1.00017
y_pred[2583],0.693427,0.00141605,0.128466,0.132508,0.464538,0.705362,0.881933,8276.3,7601.24,1.00022
y_pred[2584],0.564235,0.00323426,0.28596,0.363354,0.0845575,0.583862,0.973051,7735.69,7929.19,1.00026
y_pred[2585],0.66558,0.00416469,0.373816,0.212239,0.00700111,0.856832,0.999999,8056.28,7650.82,0.999949
y_pred[2586],0.627982,0.00428514,0.385623,0.300604,0.00255314,0.797146,0.999997,7600.86,7489.77,1.00006
y_pred[2587],0.680952,0.00350437,0.312701,0.302166,0.069012,0.785241,0.999545,8088.1,7519.57,1.00002
y_pred[2588],0.694068,0.00400787,0.347565,0.19598,0.0225536,0.867678,0.99999,7818.34,7668.71,1.00026
y_pred[2589],0.837157,0.00300187,0.268494,0.0203872,0.153571,0.986249,1.0,8292.21,8162.18,1.00021
y_pred[2590],0.608579,0.00153,0.13335,0.137853,0.379771,0.615139,0.81829,7657.61,7230.58,0.999852
y_pred[2591],0.524507,0.0033011,0.286383,0.366,0.0659904,0.528973,0.958293,7552.89,7930.13,1.00009
y_pred[2592],0.635545,0.00428629,0.381785,0.277423,0.00381038,0.812792,0.999996,7831.93,7511.51,0.999765
y_pred[2593],0.592309,0.00435593,0.393261,0.402243,0.00128889,0.728139,0.999984,8004.42,7536.8,0.999791
y_pred[2594],0.654539,0.00366748,0.318525,0.341931,0.0617171,0.746129,0.998765,7575.75,7709.24,1.00021
y_pred[2595],0.656108,0.00411645,0.356891,0.282225,0.0155745,0.808965,0.999974,7771.24,7848.34,0.999884
y_pred[2596],0.818522,0.00326053,0.280398,0.0325631,0.128905,0.978036,1.0,7096.41,7792.31,0.999985
y_pred[2597],0.573192,0.00152319,0.13602,0.14074,0.341751,0.577619,0.791559,8003.7,7676.75,1.00011
y_pred[2598],0.0805013,0.00178958,0.154506,0.00783217,2.81434e-09,0.00528274,0.43918,7541.34,7766.46,1.00052
y_pred[2599],0.11751,0.00285719,0.257647,0.000155984,7.19475e-20,0.00010521,0.844903,8170.41,7791.73,0.99993
y_pred[2600],0.102993,0.00275429,0.244839,2.3896e-05,6.00305e-24,1.61176e-05,0.818514,8113.34,7928.6,1.00031
y_pred[2601],0.124899,0.00249821,0.224801,0.0136616,1.93396e-09,0.00921464,0.695565,8006.25,7667.39,0.999898
y_pred[2602],0.126266,0.00274208,0.249887,0.00237003,6.96663e-14,0.00159856,0.793011,8124.73,7944.88,1.00039
y_pred[2603],0.253153,0.00355472,0.318403,0.119847,2.36504e-06,0.080864,0.934465,8250.03,7723.11,1.00025
y_pred[2604],0.0915571,0.000844368,0.0770826,0.0655418,0.00739895,0.0719083,0.247112,8385.8,7455.6,0.999904
y_pred[2605],0.43856,0.00314621,0.283632,0.355791,0.0303621,0.414178,0.912602,8092.98,7547.59,1.00038
y_pred[2606],0.556001,0.00444666,0.395026,0.527725,0.000849058,0.638888,0.99992,7973.81,7400.31,0.999742
y_pred[2607],0.512698,0.00434415,0.401155,0.64173,0.000243027,0.537867,0.99984,8484.81,7962.62,1.00008
y_pred[2608],0.56922,0.00377987,0.331943,0.447993,0.0270483,0.617193,0.995125,7847.61,7932.14,0.999933
y_pred[2609],0.592386,0.00413449,0.368805,0.451578,0.00703368,0.685464,0.99971,8027.37,7725.36,1.00041
y_pred[2610],0.757386,0.0035365,0.313034,0.103786,0.0729781,0.929982,0.999998,7885.88,8083.83,0.999978
y_pred[2611],0.491738,0.0015295,0.137439,0.143897,0.266418,0.490048,0.717474,8148.53,8105.73,0.999941
y_pred[2612],0.368751,0.00307703,0.278662,0.331218,0.012699,0.319098,0.872289,8158.9,7769.5,0.999714
y_pred[2613],0.477841,0.00454392,0.395542,0.631709,0.000114828,0.454916,0.99952,7963.09,7876.07,1.00057
y_pred[2614],0.432853,0.00444398,0.395657,0.488482,2.81552e-05,0.331608,0.99914,7847.15,7765.16,1.00027
y_pred[2615],0.49087,0.00379551,0.336207,0.479752,0.0111217,0.480628,0.985521,7871.59,7837.22,0.999912
y_pred[2616],0.507091,0.00422097,0.376124,0.583436,0.00205999,0.512095,0.998777,8039.57,7847.02,1.00006
y_pred[2617],0.691284,0.00375251,0.336347,0.234858,0.0383542,0.841028,0.999974,8044.41,7650.45,1.00013
y_pred[2618],0.413167,0.00155523,0.135017,0.142514,0.199527,0.408255,0.644483,7588.31,7601.18,0.999996
y_pred[2619],0.0640672,0.00161326,0.141263,0.00348997,4.1925e-11,0.00235395,0.385922,7361.85,7888.37,1.00064
y_pred[2620],0.0975932,0.00275123,0.235956,2.11898e-05,2.7023900000000003e-24,1.42923e-05,0.776377,7339.16,7664.26,0.999745
y_pred[2621],0.0845654,0.0025173,0.223223,2.19368e-06,1.7516600000000002e-28,1.47962e-06,0.725301,7755.82,7834.75,0.999985
y_pred[2622],0.0995269,0.00224557,0.200145,0.00498966,2.27817e-11,0.00336548,0.608061,8071.18,7597.9,0.999985
y_pred[2623],0.107671,0.00266751,0.233804,0.00060408,4.62691e-16,0.000407446,0.755788,7981.69,7888.15,1.00013
y_pred[2624],0.216878,0.00333064,0.300403,0.0682694,1.49417e-07,0.0460482,0.904173,8220.82,7847.37,1.00005
y_pred[2625],0.0774631,0.000811088,0.0718853,0.0567395,0.00366959,0.0562726,0.220772,7995.52,7689.27,0.999911
y_pred[2626],0.578905,0.00319522,0.285957,0.35794,0.0848621,0.608819,0.976594,8123.86,8009.28,1.00035
y_pred[2627],0.675809,0.00417813,0.371302,0.183269,0.00763327,0.876381,1.0,7783.69,7930.37,0.999886
y_pred[2628],0.6351,0.00430422,0.387154,0.269528,0.00327616,0.818157,0.999998,8067.78,7758.38,0.999716
y_pred[2629],0.691215,0.00350595,0.312133,0.273606,0.083813,0.808604,0.999619,7832.39,7724.78,0.999968
y_pred[2630],0.710016,0.00383929,0.339891,0.172395,0.0300891,0.883651,0.999996,8085.79,7964.49,1.00016
y_pred[2631],0.83991,0.00297606,0.268964,0.0165258,0.153337,0.988854,1.0,8017.62,7932.94,0.999978
y_pred[2632],0.625099,0.00146889,0.133318,0.138513,0.393164,0.631892,0.832872,8225.25,7767.99,1.00012
y_pred[2633],0.670068,0.00302936,0.270085,0.297425,0.155572,0.730048,0.992311,7886.55,7867.54,0.999935
y_pred[2634],0.755863,0.00382952,0.340459,0.0497961,0.0246287,0.966413,1.0,7811.32,7752.67,1.00037
y_pred[2635],0.710627,0.00418497,0.364287,0.0960362,0.011885,0.935224,1.0,7719.18,7651.58,1.00021
y_pred[2636],0.761926,0.00318179,0.284756,0.149754,0.140568,0.898435,0.999967,7763.61,8016.45,0.999864
y_pred[2637],0.779251,0.00355504,0.311017,0.0594545,0.0716048,0.959898,1.0,7798.57,7855.14,1.0005
y_pred[2638],0.886135,0.00266087,0.231522,0.00209047,0.271659,0.99859,1.0,7623.48,7855.29,1.00018
y_pred[2639],0.70822,0.00137596,0.123263,0.126669,0.491891,0.718892,0.893677,7990.35,7972.91,1.00012
y_pred[2640],0.259315,0.00292902,0.254545,0.224451,0.00178839,0.171657,0.785489,7782.46,7271.53,1.00031
y_pred[2641],0.356606,0.00427169,0.379893,0.264702,1.92326e-06,0.178586,0.995272,8065.77,7709.42,0.99995
y_pred[2642],0.310102,0.0042258,0.371152,0.132367,1.17076e-07,0.0892808,0.991533,7910.57,7886.17,1.00035
y_pred[2643],0.368711,0.00361601,0.325186,0.375006,0.0020466,0.284747,0.953267,8061.16,7808.34,0.999892
y_pred[2644],0.374836,0.00415533,0.363286,0.360796,9.79316e-05,0.247005,0.988221,7537.4,7849.93,0.999884
y_pred[2645],0.574052,0.00418103,0.361941,0.487875,0.00913437,0.642527,0.999212,7580.92,7728.45,0.999792
y_pred[2646],0.299109,0.00139611,0.125574,0.128375,0.113404,0.286304,0.524483,8095.4,7153.62,0.999976
y_pred[2647],0.410826,0.0032063,0.284851,0.351115,0.0219753,0.376601,0.906746,8020.75,7973.23,1.00002
y_pred[2648],0.509442,0.00445447,0.397521,0.641864,0.000294645,0.52311,0.999748,7876.17,8016.46,1.00026
y_pred[2649],0.467847,0.00453053,0.399464,0.600905,8.49133e-05,0.417463,0.999529,7928.11,7414.87,0.999996
y_pred[2650],0.536304,0.00384109,0.334698,0.46619,0.0174632,0.560378,0.990754,7418.46,7547.4,1.00011
y_pred[2651],0.549889,0.00435188,0.374455,0.54042,0.00372497,0.604184,0.999433,7727.95,7648.64,1.00025
y_pred[2652],0.730655,0.00370458,0.322058,0.155254,0.0566222,0.895185,0.999992,7534.74,8102.62,0.999829
y_pred[2653],0.45033,0.00149232,0.137332,0.142467,0.229493,0.448403,0.680938,8496.55,7658.19,0.999813
y_pred[2654],0.742428,0.00277693,0.251265,0.227924,0.222936,0.825106,0.998005,8155.4,7850.03,1.00046
y_pred[2655],0.809472,0.00348895,0.312216,0.0113404,0.0466408,0.992351,1.0,7724.05,7717.5,1.00058
y_pred[2656],0.78976,0.00363577,0.325053,0.0199766,0.0329638,0.986526,1.0,7961.87,7899.94,0.999855
y_pred[2657],0.823923,0.00281925,0.255265,0.0582632,0.218074,0.960694,0.999999,8240.03,7950.06,0.999717
y_pred[2658],0.83871,0.00316489,0.274386,0.0129965,0.132384,0.991234,1.0,7543.78,7943.05,0.999914
y_pred[2659],0.918707,0.00220391,0.200097,0.000133434,0.382833,0.99991,1.0,7948.28,7868.29,0.999715
y_pred[2660],0.776183,0.00126934,0.114165,0.115019,0.566432,0.78969,0.936885,8163.07,7846.23,1.00055
y_pred[2661],0.653279,0.00323982,0.277029,0.317013,0.129787,0.709626,0.990173,7627.28,7973.36,0.999957
y_pred[2662],0.742192,0.00391206,0.34451,0.067445,0.0191018,0.954509,1.0,7745.3,7986.07,1.00033
y_pred[2663],0.711081,0.00413716,0.363598,0.102275,0.0123009,0.931017,1.0,7748.82,7698.13,0.999881
y_pred[2664],0.754539,0.00318258,0.290061,0.159454,0.123979,0.891685,0.999956,8330.87,7911.7,1.00042
y_pred[2665],0.768865,0.00351374,0.316856,0.0706066,0.0627152,0.952376,1.0,8273.08,7662.32,1.00037
y_pred[2666],0.876159,0.00290703,0.240388,0.00340776,0.250641,0.997702,1.0,7119.17,7163.17,1.00044
y_pred[2667],0.693396,0.00139806,0.127469,0.133462,0.46653,0.705244,0.881361,8296.46,7764.88,1.00006
y_pred[2668],0.565022,0.00316394,0.286532,0.360434,0.0799968,0.587606,0.972001,8324.18,7970.01,0.999799
y_pred[2669],0.656579,0.00424764,0.378961,0.214471,0.00457628,0.855324,0.999999,8040.69,7906.13,0.999879
y_pred[2670],0.627456,0.00427758,0.387132,0.291682,0.00227308,0.803169,0.999996,8301.44,7855.09,1.00035
y_pred[2671],0.679405,0.00349559,0.310669,0.301391,0.0776071,0.784945,0.999339,7846.26,7703.29,0.999993
y_pred[2672],0.697635,0.00390999,0.344933,0.189114,0.029413,0.872307,0.999989,7828.49,7617.6,0.999664
y_pred[2673],0.836212,0.00296435,0.268114,0.022196,0.160231,0.985029,1.0,8142.63,7738.9,0.999881
y_pred[2674],0.606567,0.00145218,0.134151,0.14031,0.378968,0.611417,0.821436,8552.09,8016.02,0.999807
y_pred[2675],0.534163,0.00328087,0.290839,0.371407,0.0605169,0.551017,0.963378,7891.5,7689.5,1.00017
y_pred[2676],0.633564,0.0044014,0.382583,0.284914,0.00320822,0.807745,0.999996,7254.61,7795.37,1.00016
y_pred[2677],0.587361,0.00449082,0.393734,0.423047,0.00113251,0.714159,0.999988,7732.82,7489.03,1.0
y_pred[2678],0.645676,0.00362051,0.321846,0.357361,0.0567827,0.735014,0.998604,7805.71,7771.81,0.999949
y_pred[2679],0.657536,0.00406193,0.35704,0.278891,0.0172112,0.811114,0.999961,7894.67,7600.36,0.999984
y_pred[2680],0.812919,0.00312248,0.282695,0.0372214,0.135319,0.974894,1.0,8279.77,7782.17,1.0003
y_pred[2681],0.576438,0.00151969,0.134982,0.138601,0.348259,0.579105,0.795531,7882.04,7920.42,1.0001
y_pred[2682],0.0811722,0.00179936,0.159624,0.00884402,2.06564e-09,0.00596521,0.447456,7918.22,7217.99,0.999983
y_pred[2683],0.117642,0.00289181,0.256438,0.000171923,1.8224199999999997e-20,0.000115961,0.84319,8057.66,6887.97,0.99999
y_pred[2684],0.0995884,0.00270627,0.239922,2.07741e-05,5.2455900000000005e-24,1.4012e-05,0.797068,7986.29,7890.3,0.999978
y_pred[2685],0.124548,0.00248713,0.220721,0.0148142,1.68995e-09,0.00999205,0.671929,8077.1,7562.47,1.00013
y_pred[2686],0.131573,0.00289622,0.253764,0.0032979,1.75378e-13,0.00222441,0.813496,7888.53,7536.44,1.00026
y_pred[2687],0.251198,0.00354447,0.317256,0.115111,1.78783e-06,0.0776631,0.93418,8039.33,7536.97,0.999772
y_pred[2688],0.0920609,0.000852879,0.0769828,0.0670981,0.00753281,0.0721207,0.24404,8174.07,7862.68,0.999924
y_pred[2689],0.451005,0.00321083,0.286346,0.360439,0.0301361,0.425708,0.928813,7997.78,7825.15,0.999932
y_pred[2690],0.55519,0.00445477,0.391939,0.534265,0.000789511,0.631799,0.99991,7675.74,7824.31,1.00036
y_pred[2691],0.509228,0.00447323,0.402318,0.646409,0.000315133,0.530401,0.999819,8160.8,7934.76,1.00031
y_pred[2692],0.570426,0.00369525,0.333668,0.449282,0.0256089,0.61865,0.995713,8128.89,7955.81,0.999856
y_pred[2693],0.590478,0.00411158,0.369707,0.445022,0.00685757,0.690479,0.999663,8141.68,7611.65,1.00021
y_pred[2694],0.763363,0.00353161,0.308363,0.09867,0.0827847,0.933437,0.999999,7736.75,7782.76,1.0
y_pred[2695],0.492172,0.00154781,0.138667,0.144588,0.264062,0.492385,0.718101,8036.54,7681.32,1.00063
y_pred[2696],0.366438,0.00310994,0.277936,0.332529,0.0139644,0.3157,0.883498,7878.75,7301.99,1.00014
y_pred[2697],0.466855,0.00441679,0.396855,0.595649,0.00011126,0.415157,0.999488,8182.52,7997.15,0.999913
y_pred[2698],0.424679,0.00449298,0.395618,0.463549,3.16143e-05,0.314359,0.999205,7967.82,7910.78,1.00015
y_pred[2699],0.488575,0.00383409,0.333775,0.470101,0.0107831,0.483002,0.985809,7455.36,7822.21,0.999987
y_pred[2700],0.507792,0.00416077,0.375314,0.586449,0.00177144,0.515999,0.998721,8115.51,7888.57,1.00008
y_pred[2701],0.695516,0.00372467,0.337056,0.217964,0.0357574,0.852373,0.999976,8243.98,7726.2,0.999929
y_pred[2702],0.414671,0.00150657,0.136338,0.141536,0.201122,0.40942,0.646964,8224.34,7929.26,1.00018
y_pred[2703],0.0663367,0.00156947,0.142247,0.00363961,6.79664e-11,0.00245488,0.390267,8134.17,8043.28,1.00045
y_pred[2704],0.0993785,0.00269203,0.236694,2.34206e-05,9.58483e-23,1.5797e-05,0.772943,7698.42,7690.62,1.00004
y_pred[2705],0.0844061,0.00246722,0.221018,1.9e-06,9.99582e-30,1.28153e-06,0.699608,8109.72,8053.59,0.999931
y_pred[2706],0.0970501,0.00222407,0.19626,0.0043481,3.6588e-11,0.00293275,0.586079,7900.06,7115.97,1.00016
y_pred[2707],0.114405,0.00271619,0.241211,0.000775571,5.09102e-16,0.000523115,0.779415,7726.44,7989.75,1.00011
y_pred[2708],0.210371,0.00334385,0.298458,0.0621563,1.33776e-07,0.0419246,0.907292,8239.36,7178.42,1.00014
y_pred[2709],0.0788468,0.000797559,0.0726249,0.0580459,0.00409255,0.0576441,0.227662,8394.8,7574.9,1.00049
y_pred[2710],0.588079,0.003069,0.284242,0.350642,0.0909938,0.622299,0.978899,8514.16,7957.67,1.00003
y_pred[2711],0.679721,0.00416634,0.368749,0.176953,0.0077319,0.880637,0.999999,7827.16,7766.02,1.00008
y_pred[2712],0.646024,0.00425346,0.381223,0.250285,0.00381618,0.831159,0.999999,7970.79,8123.28,0.999964
y_pred[2713],0.69737,0.00357402,0.308978,0.264858,0.0856895,0.814212,0.999607,7704.0,7580.82,1.00029
y_pred[2714],0.708919,0.00396507,0.340676,0.169738,0.0316081,0.885443,0.999996,7720.31,7976.1,1.0001
y_pred[2715],0.846036,0.0030383,0.263718,0.0127555,0.168043,0.991397,1.0,7888.15,7614.71,0.99971
y_pred[2716],0.625884,0.00142569,0.131294,0.138414,0.399243,0.632065,0.832117,8538.39,8122.74,1.00083
y_pred[2717],0.668955,0.00321472,0.269339,0.296584,0.151975,0.729665,0.992441,7140.1,7673.81,1.00013
y_pred[2718],0.755719,0.00381589,0.343055,0.0440325,0.02199,0.970301,1.0,8298.85,8101.47,1.00015
y_pred[2719],0.718763,0.00399439,0.358941,0.0884949,0.0116195,0.940311,1.0,7983.67,7868.38,0.999864
y_pred[2720],0.760658,0.00321761,0.287673,0.14526,0.131364,0.901645,0.999976,7917.5,7971.77,0.999904
y_pred[2721],0.77481,0.00362967,0.313751,0.0608963,0.0686688,0.958926,1.0,7569.74,7730.21,1.00016
y_pred[2722],0.890218,0.00252028,0.226385,0.0022706,0.284686,0.998468,1.0,7791.06,7796.98,0.999763
y_pred[2723],0.70758,0.00138539,0.124552,0.132161,0.488069,0.716558,0.893593,8133.15,7931.87,1.00001
y_pred[2724],0.262167,0.00285423,0.254398,0.228052,0.00232721,0.176255,0.789878,7938.44,7512.33,1.00032
y_pred[2725],0.343594,0.00416057,0.376443,0.228171,2.16981e-06,0.153931,0.994662,8072.32,7810.4,1.00011
y_pred[2726],0.314745,0.00423168,0.372457,0.151423,9.92971e-08,0.102135,0.992048,7733.73,7415.86,0.999782
y_pred[2727],0.36733,0.00365757,0.323654,0.374076,0.00165549,0.284572,0.952865,7842.84,7553.07,1.00024
y_pred[2728],0.380087,0.00443396,0.367018,0.373974,8.88727e-05,0.254904,0.990325,7641.16,7935.04,0.999956
y_pred[2729],0.575607,0.00407862,0.360954,0.476637,0.00913997,0.648913,0.998915,7850.77,7380.95,1.00029
y_pred[2730],0.295432,0.00143971,0.125262,0.129702,0.109586,0.283542,0.520176,7586.29,7979.97,0.999992
y_pred[2731],0.411687,0.00325156,0.286667,0.361887,0.0194745,0.379903,0.908096,7901.36,7917.64,1.00018
y_pred[2732],0.510087,0.00444313,0.397024,0.642467,0.000318041,0.525558,0.999806,8095.0,7769.66,1.00036
y_pred[2733],0.468118,0.0044093,0.399522,0.605763,8.58372e-05,0.421406,0.999542,8142.17,7718.22,0.999981
y_pred[2734],0.526044,0.00375112,0.337125,0.47678,0.0169823,0.545151,0.99053,8041.41,7884.36,1.00009
y_pred[2735],0.537633,0.00416327,0.375248,0.558303,0.00296005,0.581313,0.999411,7962.79,7766.49,1.0007
y_pred[2736],0.721781,0.00371886,0.327216,0.167563,0.0491361,0.886839,0.999992,7837.43,7876.52,1.00008
y_pred[2737],0.453216,0.00148246,0.1368,0.143366,0.227481,0.45026,0.680684,8548.38,8097.3,1.00006
y_pred[2738],0.739407,0.00277975,0.252177,0.229931,0.220645,0.823405,0.998001,8253.4,7420.41,1.00013
y_pred[2739],0.815543,0.00347355,0.305452,0.0118608,0.0638985,0.992,1.0,7640.5,7565.15,1.0002
y_pred[2740],0.785554,0.00365711,0.330118,0.018296,0.0348295,0.987659,1.0,8242.64,7955.03,1.00022
y_pred[2741],0.827409,0.00289305,0.25411,0.0554426,0.21683,0.9626,0.999999,7820.09,6979.36,0.999923
y_pred[2742],0.831963,0.00312221,0.2836,0.0136859,0.108714,0.990769,1.0,8046.8,7971.66,1.00067
y_pred[2743],0.915822,0.00226214,0.203374,0.000151225,0.388338,0.999898,1.0,8106.29,8012.96,1.00013
y_pred[2744],0.775004,0.00130085,0.114784,0.117197,0.562916,0.790582,0.934806,7779.04,7705.54,1.00034
y_pred[2745],0.649082,0.00305143,0.273861,0.321787,0.142219,0.703364,0.989831,8079.53,7658.64,1.00007
y_pred[2746],0.742944,0.00387029,0.346707,0.0639112,0.0218943,0.956892,1.0,8093.02,8051.31,0.999972
y_pred[2747],0.702687,0.00407965,0.362689,0.12191,0.0113834,0.917773,1.0,7737.67,7635.63,1.00031
y_pred[2748],0.752918,0.0032122,0.28881,0.164975,0.133129,0.887901,0.999957,8125.87,7676.48,0.999989
y_pred[2749],0.76595,0.00359898,0.318236,0.0708305,0.0578099,0.952225,1.0,7794.56,7667.75,1.00006
y_pred[2750],0.88158,0.00265745,0.235628,0.00318833,0.254174,0.99785,1.0,7925.96,7759.91,1.00001
y_pred[2751],0.689935,0.00141204,0.126103,0.12962,0.464992,0.698597,0.878479,7996.09,7888.58,0.999745
y_pred[2752],0.563864,0.00326933,0.285451,0.358473,0.0788988,0.587201,0.97268,7900.91,8058.09,1.00065
y_pred[2753],0.662422,0.00416948,0.37539,0.217581,0.00519271,0.853223,0.999999,8208.09,7708.73,1.00091
y_pred[2754],0.622177,0.00437867,0.387517,0.315288,0.00262206,0.787229,0.999996,7925.48,7822.14,0.999812
y_pred[2755],0.676662,0.00365974,0.314859,0.300905,0.0693112,0.784838,0.999409,7460.3,7542.84,1.00015
y_pred[2756],0.69682,0.00384228,0.342555,0.200032,0.0272654,0.864879,0.999991,8023.29,7966.79,0.99987
y_pred[2757],0.835944,0.00297216,0.266303,0.0236623,0.171584,0.98404,1.0,7983.03,7903.58,0.999944
y_pred[2758],0.608863,0.00142099,0.132663,0.138201,0.38116,0.615717,0.818412,8735.15,8363.84,0.999678
y_pred[2759],0.533062,0.00321096,0.288605,0.367177,0.060074,0.545187,0.964175,8108.42,7944.42,0.999931
y_pred[2760],0.628891,0.00444777,0.383224,0.302678,0.00314748,0.795713,0.999994,7899.03,7849.47,0.999707
y_pred[2761],0.602555,0.00435125,0.39222,0.363648,0.00138363,0.754433,0.999992,8281.47,7928.59,0.999769
y_pred[2762],0.648771,0.00366479,0.321958,0.352898,0.0558675,0.74203,0.99876,7715.38,7681.13,1.00027
y_pred[2763],0.666221,0.00388026,0.354468,0.254248,0.0177704,0.828065,0.999981,8417.46,7588.34,1.0002
y_pred[2764],0.812937,0.00315859,0.285022,0.0328848,0.119566,0.977819,1.0,8200.26,7850.15,0.999689
y_pred[2765],0.577096,0.00147189,0.1357,0.140616,0.344291,0.582055,0.793756,8527.72,8142.07,1.00035
y_pred[2766],0.0735287,0.00164138,0.145332,0.00845224,1.8339e-09,0.00570097,0.4098,7671.82,7678.93,0.999869
y_pred[2767],0.117964,0.00283344,0.254882,0.000284758,5.711329999999999e-20,0.000192067,0.841726,7971.39,7977.11,0.999756
y_pred[2768],0.0977765,0.00277787,0.236428,2.12075e-05,1.81763e-24,1.43043e-05,0.779597,7978.49,7793.36,1.00038
y_pred[2769],0.124576,0.00256524,0.222975,0.0127288,1.00347e-09,0.00858548,0.683058,7551.04,7421.47,0.999935
y_pred[2770],0.127726,0.00298922,0.251272,0.00271775,1.1553e-13,0.0018331,0.802338,7878.92,7971.98,1.00048
y_pred[2771],0.245019,0.00358931,0.312206,0.111763,1.42562e-06,0.0753994,0.927774,7779.73,7910.55,0.999949
y_pred[2772],0.0926292,0.000875128,0.078997,0.0660399,0.00708348,0.0710296,0.252818,8291.03,7448.42,1.00001
y_pred[2773],0.44399,0.00322111,0.285898,0.361806,0.0318727,0.426614,0.923039,7868.14,7494.62,0.999869
y_pred[2774],0.562201,0.00442884,0.39278,0.517023,0.00101917,0.64569,0.999938,7996.67,8187.24,1.00008
y_pred[2775],0.519074,0.00446307,0.399044,0.631087,0.000260333,0.548717,0.999864,8253.56,7902.87,1.00015
y_pred[2776],0.572414,0.00370924,0.329378,0.440002,0.0319495,0.619636,0.995221,7802.71,7539.1,1.00062
y_pred[2777],0.582456,0.00418324,0.371841,0.474674,0.00595385,0.667437,0.99971,7847.29,7795.88,1.00026
y_pred[2778],0.758987,0.00347279,0.312633,0.102248,0.0662575,0.931028,0.999999,8286.43,7563.15,0.999985
y_pred[2779],0.491715,0.00152115,0.136047,0.141959,0.26809,0.491457,0.715502,8050.47,7912.69,1.00033
y_pred[2780],0.370846,0.00306258,0.27865,0.331138,0.0135185,0.321493,0.879493,8301.16,7816.35,1.00017
y_pred[2781],0.473231,0.00435719,0.397159,0.614909,0.000117001,0.433767,0.999545,8255.29,7810.14,1.00023
y_pred[2782],0.440255,0.00439036,0.39657,0.522963,3.71172e-05,0.356416,0.999153,7954.44,7451.2,0.999976
y_pred[2783],0.494472,0.00373323,0.336146,0.476804,0.0120375,0.492393,0.985287,8013.35,7723.97,0.999856
y_pred[2784],0.507911,0.00420325,0.376095,0.587029,0.00209004,0.519134,0.998485,8191.53,7771.67,1.00057
y_pred[2785],0.690292,0.00377318,0.339398,0.225333,0.0391746,0.847516,0.99997,8198.74,7997.48,1.00059
y_pred[2786],0.414191,0.00150203,0.136953,0.144904,0.196486,0.408589,0.646178,8303.09,7967.05,0.999949
y_pred[2787],0.0658162,0.00158715,0.141348,0.00337886,6.30836e-11,0.00227901,0.385412,7805.84,8040.99,1.00025
y_pred[2788],0.0911627,0.00252559,0.226691,1.95648e-05,4.62541e-23,1.31963e-05,0.738794,7884.26,7402.23,1.00008
y_pred[2789],0.0845809,0.00249321,0.221242,1.39391e-06,3.7130600000000004e-29,9.40179e-07,0.718277,8340.17,7788.5,1.00008
y_pred[2790],0.10266,0.00225361,0.204689,0.00480508,2.24452e-11,0.00324098,0.624632,8648.39,8056.48,1.00026
y_pred[2791],0.110683,0.0027233,0.23617,0.000747328,5.97795e-16,0.000504066,0.758095,7989.51,7763.6,1.00026
y_pred[2792],0.211,0.00344227,0.298599,0.0574214,1.85601e-07,0.0387308,0.906144,8039.92,7911.11,1.00078
y_pred[2793],0.0767769,0.000815221,0.0721567,0.0566584,0.00370472,0.0554419,0.221528,7971.27,7804.96,0.999949
y_pred[2794],0.589341,0.00329839,0.282472,0.349665,0.0969884,0.623327,0.975948,7437.52,7437.98,0.999735
y_pred[2795],0.670695,0.00406887,0.373564,0.188262,0.00653847,0.873013,0.999999,8566.5,7904.7,1.00071
y_pred[2796],0.644745,0.00432814,0.382851,0.242444,0.00331436,0.836448,0.999998,7539.5,7555.68,0.999912
y_pred[2797],0.695183,0.00352745,0.3119,0.264177,0.078401,0.815846,0.999681,7944.5,7526.83,1.00011
y_pred[2798],0.709192,0.00384968,0.339361,0.173501,0.0356357,0.882913,0.999996,7400.27,7436.6,0.999923
y_pred[2799],0.843986,0.00296305,0.265956,0.0151544,0.154657,0.989779,1.0,8207.09,7781.93,1.00018
y_pred[2800],0.624528,0.00151998,0.134759,0.142649,0.392081,0.631924,0.834159,7915.33,7771.62,1.00028
y_pred[2801],0.67228,0.00304871,0.269734,0.291918,0.151559,0.738295,0.99174,8050.21,8224.37,1.00002
y_pred[2802],0.758539,0.00383272,0.340004,0.0470926,0.0218402,0.968236,1.0,7868.6,8125.99,1.00054
y_pred[2803],0.719388,0.00399625,0.36135,0.0815853,0.0106112,0.944972,1.0,8358.94,8012.65,0.999851
y_pred[2804],0.764573,0.00317821,0.285446,0.137165,0.144541,0.907129,0.999977,8131.55,7981.61,1.00011
y_pred[2805],0.777844,0.00347823,0.311763,0.0606695,0.0684582,0.959079,1.0,8302.98,7906.9,1.00009
y_pred[2806],0.885485,0.00255897,0.231465,0.00219202,0.259808,0.998522,1.0,8310.56,8054.9,1.00042
y_pred[2807],0.708533,0.00140621,0.12522,0.132557,0.483682,0.721517,0.892867,7967.98,8138.58,1.00135
y_pred[2808],0.259643,0.00280757,0.251301,0.229822,0.00193258,0.17727,0.76915,7923.08,7764.56,1.00002
y_pred[2809],0.347284,0.00433699,0.377993,0.234743,1.6902e-06,0.158367,0.994884,7540.65,7772.56,1.00028
y_pred[2810],0.306434,0.00419927,0.367475,0.138237,2.25882e-07,0.0932407,0.992669,7913.22,7676.28,0.999943
y_pred[2811],0.359995,0.00364318,0.322446,0.364741,0.00137467,0.272701,0.947315,7718.87,7813.48,1.00008
y_pred[2812],0.383988,0.00413124,0.365582,0.392228,0.00010944,0.268686,0.98953,7914.16,7692.49,1.00035
y_pred[2813],0.578433,0.00400241,0.360177,0.479582,0.0102603,0.649339,0.999236,8026.31,7833.03,1.00022
y_pred[2814],0.2953,0.00140015,0.125439,0.129009,0.105276,0.284633,0.519771,8059.85,7987.28,0.999926
y_pred[2815],0.407777,0.00319247,0.284082,0.347982,0.0208263,0.372437,0.905288,7916.75,8130.69,0.999941
y_pred[2816],0.516705,0.00440609,0.395815,0.629693,0.000477787,0.545005,0.999822,8132.15,7614.22,1.00013
y_pred[2817],0.47235,0.00465663,0.395929,0.6182,9.36534e-05,0.439129,0.999566,7574.46,7597.06,1.00007
y_pred[2818],0.530133,0.00376979,0.3354,0.473975,0.0190929,0.550412,0.989953,7906.95,7775.12,1.00047
y_pred[2819],0.550993,0.00421571,0.372821,0.532975,0.00327717,0.604572,0.999209,8081.52,7722.36,0.999805
y_pred[2820],0.734095,0.00353204,0.321511,0.149634,0.0551281,0.898942,0.999994,7874.01,7539.97,0.999971
y_pred[2821],0.451828,0.0016118,0.136961,0.144943,0.232238,0.447828,0.679579,7266.86,7660.28,0.999824
y_pred[2822],0.740885,0.00291369,0.253022,0.230156,0.224877,0.82213,0.998129,7601.01,7676.81,1.00025
y_pred[2823],0.815615,0.00342268,0.306484,0.00945306,0.0526181,0.993624,1.0,8237.38,7851.13,0.999912
y_pred[2824],0.788806,0.00362366,0.326468,0.0202064,0.0371979,0.986371,1.0,8344.89,8097.51,1.00011
y_pred[2825],0.81888,0.00289736,0.256946,0.0661551,0.215601,0.955372,1.0,7489.87,7919.66,1.00002
y_pred[2826],0.836902,0.00315172,0.276648,0.0138171,0.131874,0.990681,1.0,8122.98,7067.7,0.99985
y_pred[2827],0.917004,0.00225607,0.20221,0.000126021,0.375783,0.999915,1.0,7904.22,8075.91,1.00033
y_pred[2828],0.774416,0.00129395,0.115384,0.112881,0.556442,0.791273,0.934318,7927.37,7428.22,0.999963
y_pred[2829],0.650967,0.00312072,0.274919,0.311017,0.134262,0.708976,0.988916,7758.69,7903.49,1.00027
y_pred[2830],0.737455,0.00392807,0.349216,0.0723635,0.0201274,0.951191,1.0,7819.58,7817.24,0.999756
y_pred[2831],0.705397,0.00412712,0.365048,0.114475,0.00937319,0.922787,1.0,7941.39,8144.2,0.999877
y_pred[2832],0.754915,0.00327144,0.288733,0.162849,0.125441,0.889384,0.999949,7667.98,7838.35,1.00017
y_pred[2833],0.771625,0.00378977,0.315132,0.0647392,0.06281,0.956334,1.0,7230.42,7523.96,0.999896
y_pred[2834],0.876305,0.00272167,0.240766,0.00380065,0.241415,0.997437,1.0,7927.75,7675.09,1.0004
y_pred[2835],0.691664,0.00141498,0.126493,0.129189,0.465929,0.702899,0.879199,8161.6,7717.97,1.00029
y_pred[2836],0.568366,0.0031817,0.286411,0.359793,0.0859104,0.594881,0.972074,7943.15,7729.62,1.00017
y_pred[2837],0.660018,0.0042521,0.378045,0.208197,0.0060575,0.859561,0.999999,7969.5,7765.74,0.99994
y_pred[2838],0.627926,0.00437589,0.387704,0.287077,0.00292709,0.806293,0.999997,7857.83,7904.75,1.00018
y_pred[2839],0.6764,0.0034874,0.313811,0.301409,0.0677972,0.783774,0.999416,8279.2,8018.94,0.999857
y_pred[2840],0.695047,0.00391218,0.346632,0.193499,0.0252037,0.869379,0.999995,7889.12,7111.52,1.00032
y_pred[2841],0.835137,0.0029619,0.26936,0.0208735,0.15877,0.985921,1.0,8067.37,7806.38,0.999992
y_pred[2842],0.610922,0.00152896,0.135661,0.139597,0.374692,0.617476,0.824345,8060.41,7639.9,1.00008
y_pred[2843],0.52836,0.00326539,0.287836,0.364409,0.0617318,0.542064,0.961588,8015.14,8035.39,1.00012
y_pred[2844],0.627328,0.00434434,0.386552,0.29735,0.00359049,0.799355,0.999996,7882.13,7689.65,0.999898
y_pred[2845],0.59448,0.0043898,0.395451,0.393888,0.00108196,0.733972,0.99999,7941.46,7787.48,1.00012
y_pred[2846],0.651424,0.00370517,0.319264,0.345653,0.0608032,0.744636,0.998788,7934.11,8015.32,1.0001
y_pred[2847],0.663206,0.00395514,0.356096,0.266053,0.0159358,0.819918,0.999976,8092.47,7929.83,1.0002
y_pred[2848],0.816734,0.00307845,0.281263,0.0373193,0.125069,0.974828,1.0,8054.1,7610.27,1.00002
y_pred[2849],0.576898,0.00148098,0.133127,0.139258,0.349416,0.580617,0.790026,8130.76,7878.73,1.0001
y_pred[2850],0.0799638,0.00170133,0.156043,0.00835781,1.3883e-09,0.00563727,0.453433,8148.21,8013.82,1.00015
y_pred[2851],0.113522,0.00283834,0.249686,0.000229051,1.74157e-19,0.000154493,0.82347,7588.18,7639.36,1.00026
y_pred[2852],0.101343,0.00269081,0.239549,2.52259e-05,6.2975400000000006e-24,1.70147e-05,0.78141,7581.61,7523.12,1.0002
y_pred[2853],0.125018,0.00246528,0.222578,0.0133851,1.51922e-09,0.00902814,0.690639,8060.66,7667.75,0.999803
y_pred[2854],0.130858,0.00281035,0.25197,0.00329246,6.80393e-14,0.00222073,0.796955,8100.63,7848.96,0.999887
y_pred[2855],0.247616,0.0034308,0.312887,0.116689,1.94667e-06,0.078734,0.926483,8070.21,7750.76,0.999824
y_pred[2856],0.0932258,0.000905029,0.0788603,0.067143,0.00716217,0.072061,0.250758,7566.98,7468.66,1.00016
y_pred[2857],0.446209,0.00317975,0.287736,0.362135,0.0300794,0.422822,0.926573,7987.24,7249.91,1.00026
y_pred[2858],0.541558,0.00438932,0.396307,0.580024,0.00070568,0.597994,0.99993,8173.43,7534.09,1.00008
y_pred[2859],0.503924,0.00449211,0.39721,0.648488,0.000309889,0.507365,0.999826,7888.74,8058.44,1.00011
y_pred[2860],0.567479,0.00376715,0.333203,0.448455,0.0268267,0.610321,0.995462,7788.43,7972.89,1.00038
y_pred[2861],0.586348,0.00422189,0.370456,0.465209,0.00588347,0.675512,0.999678,8112.78,7726.28,1.00017
y_pred[2862],0.759759,0.00351736,0.310465,0.0990421,0.0768903,0.933186,0.999999,7894.73,7629.44,1.0003
y_pred[2863],0.492089,0.00149549,0.137161,0.144445,0.267178,0.491307,0.717669,8447.11,8012.59,1.00025
y_pred[2864],0.364099,0.00314633,0.279723,0.327264,0.0115113,0.312154,0.880631,7838.96,7472.84,0.999934
y_pred[2865],0.471292,0.00449973,0.397712,0.615844,0.000107903,0.433851,0.999417,7899.31,7877.02,1.00005
y_pred[2866],0.434433,0.00437911,0.395979,0.507711,1.88672e-05,0.344624,0.998718,8175.89,7798.22,1.00028
y_pred[2867],0.487693,0.00374989,0.334383,0.473853,0.0123282,0.47766,0.985524,7788.19,7625.49,1.0002
y_pred[2868],0.500074,0.00432805,0.377279,0.593176,0.00183058,0.493275,0.998317,7570.58,7808.7,0.999966
y_pred[2869],0.694772,0.00381529,0.335926,0.218775,0.0397273,0.851986,0.999969,7836.51,7636.71,0.999881
y_pred[2870],0.411226,0.00148649,0.135695,0.141717,0.194792,0.406392,0.641779,8346.41,7753.86,0.999925
y_pred[2871],0.0657614,0.0016199,0.143497,0.00344758,3.85287e-11,0.00232536,0.403421,7812.41,7705.56,1.00047
y_pred[2872],0.092738,0.00257581,0.22909,1.5623e-05,1.3932500000000001e-24,1.05375e-05,0.744658,7804.64,8230.18,0.999959
y_pred[2873],0.0847285,0.00245828,0.221815,2.13637e-06,1.3593200000000002e-29,1.44096e-06,0.702572,7899.24,8015.98,0.999949
y_pred[2874],0.0955864,0.00214766,0.19396,0.00433669,2.09135e-11,0.00292506,0.591935,8449.15,8012.32,0.999934
y_pred[2875],0.11283,0.00276732,0.238653,0.000672243,1.96773e-16,0.000453422,0.76301,7402.6,7499.6,1.0008
y_pred[2876],0.216037,0.00334743,0.299451,0.068886,2.94477e-07,0.0464647,0.905167,7490.47,7890.45,1.00025
y_pred[2877],0.0780959,0.00082009,0.073558,0.0574546,0.00426007,0.0556438,0.227469,7968.07,7769.08,1.00057
y_pred[2878],0.580185,0.00321955,0.288735,0.363902,0.0821279,0.608768,0.974971,8014.38,7889.24,1.0001
y_pred[2879],0.679883,0.00426388,0.370451,0.171213,0.00943711,0.884513,0.999999,7582.89,7833.35,0.999861
y_pred[2880],0.635597,0.00433803,0.385207,0.267993,0.00274972,0.8192,0.999998,8164.0,7991.57,1.00022
y_pred[2881],0.694407,0.00343508,0.308999,0.276535,0.0842049,0.805959,0.999671,7947.16,7969.26,1.00004
y_pred[2882],0.709189,0.00383058,0.340518,0.166205,0.029118,0.887841,0.999996,8055.15,7842.74,1.00052
y_pred[2883],0.845688,0.00295735,0.264645,0.0152485,0.166635,0.989715,1.0,8040.06,7799.12,0.999952
y_pred[2884],0.625065,0.00144457,0.131259,0.138006,0.394962,0.632068,0.829468,8252.97,8051.84,1.0003
y_pred[2885],0.6686,0.00318138,0.272305,0.305072,0.144107,0.729939,0.992658,7565.44,7907.58,1.00071
y_pred[2886],0.757024,0.00386527,0.342719,0.0438531,0.0226144,0.970422,1.0,7609.13,7754.79,1.00033
y_pred[2887],0.715296,0.00405317,0.360383,0.0980784,0.0121835,0.933847,1.0,7913.57,7807.18,1.00009
y_pred[2888],0.770111,0.00312993,0.282625,0.13445,0.139578,0.908981,0.999977,8231.07,7618.67,1.00023
y_pred[2889],0.78718,0.00343496,0.307019,0.0528132,0.0662388,0.964378,1.0,8252.61,8047.07,0.999883
y_pred[2890],0.885004,0.00260578,0.233903,0.00222538,0.266064,0.998499,1.0,8027.38,8056.34,0.999846
y_pred[2891],0.70957,0.00141763,0.123154,0.125746,0.483684,0.721579,0.891026,7615.14,7379.33,1.00026
y_pred[2892],0.258336,0.0028412,0.252113,0.223409,0.00190559,0.171744,0.771952,7761.24,8042.55,1.00014
y_pred[2893],0.347966,0.00424444,0.378217,0.235637,2.3401e-06,0.158969,0.996308,7964.16,7876.9,1.00005
y_pred[2894],0.317682,0.0043109,0.371924,0.157465,2.29671e-07,0.10621,0.993983,7703.26,7845.08,0.999902
y_pred[2895],0.365209,0.00363482,0.323259,0.372042,0.00215602,0.280288,0.948197,7704.79,6394.34,1.00001
y_pred[2896],0.377145,0.00405023,0.362815,0.380416,8.42101e-05,0.260416,0.98758,8078.33,7927.63,1.0008
y_pred[2897],0.577802,0.00400014,0.361273,0.477099,0.009649,0.650926,0.999286,8146.61,7560.88,1.00005
y_pred[2898],0.296114,0.00138934,0.1246,0.125276,0.109814,0.28369,0.522508,8062.45,7522.96,1.00004
y_pred[2899],0.410772,0.00327812,0.282916,0.353805,0.0200101,0.383586,0.902274,7501.0,7633.74,1.00001
y_pred[2900],0.507087,0.00452107,0.39686,0.642282,0.000392742,0.510913,0.999793,7866.11,7915.96,0.999935
y_pred[2901],0.460933,0.00446877,0.40037,0.57856,6.31792e-05,0.397996,0.999508,8017.44,7929.39,0.999948
y_pred[2902],0.52904,0.00380687,0.334186,0.466958,0.0181342,0.550389,0.990795,7720.08,7532.45,1.00017
y_pred[2903],0.542502,0.00417269,0.372582,0.550798,0.0038253,0.581199,0.99933,7898.57,8125.34,1.0001
y_pred[2904],0.73098,0.00364956,0.322172,0.153861,0.0595278,0.896149,0.999994,7930.78,8049.25,1.00033
y_pred[2905],0.452079,0.00156307,0.137712,0.144452,0.228492,0.450026,0.683377,7772.46,7708.64,1.00067
y_pred[2906],0.741561,0.00283265,0.250849,0.229781,0.219625,0.822947,0.998463,7595.7,7844.98,1.00067
y_pred[2907],0.815472,0.00344048,0.309507,0.0091343,0.0532883,0.993839,1.0,8084.91,8052.81,1.00002
y_pred[2908],0.784945,0.00364907,0.327338,0.0210529,0.03574,0.9858,1.0,8173.4,7916.18,0.99976
y_pred[2909],0.826109,0.00287005,0.25625,0.0579571,0.206923,0.9609,0.999999,7503.43,8029.95,0.999817
y_pred[2910],0.8329,0.00315215,0.280041,0.013829,0.1261,0.990673,1.0,7865.42,7698.02,0.999804
y_pred[2911],0.91597,0.00225248,0.202588,0.000155673,0.378664,0.999895,1.0,7550.0,7632.56,1.00005
y_pred[2912],0.774671,0.00123125,0.113165,0.113599,0.568715,0.789135,0.934292,8512.85,8141.24,0.99996
y_pred[2913],0.651627,0.00309611,0.276915,0.312151,0.12823,0.710282,0.991518,8133.28,6364.15,0.999985
y_pred[2914],0.737532,0.00392334,0.348802,0.0710358,0.0178289,0.952087,1.0,8148.82,7936.33,0.999962
y_pred[2915],0.703596,0.00408924,0.365397,0.114056,0.00963887,0.92307,1.0,7992.85,7767.92,0.999923
y_pred[2916],0.751557,0.00328641,0.293366,0.1596,0.120457,0.891547,0.999961,8070.86,7803.8,1.00009
y_pred[2917],0.762597,0.00357542,0.320505,0.0767038,0.0538603,0.948263,1.0,8051.87,7932.19,1.00011
y_pred[2918],0.878247,0.00267837,0.237369,0.00350931,0.250505,0.997633,1.0,7801.01,7730.2,1.00005
y_pred[2919],0.693492,0.00140419,0.126696,0.129317,0.465879,0.703948,0.881336,8231.04,7627.7,1.00055
y_pred[2920],0.563649,0.00319334,0.284478,0.363096,0.085777,0.581054,0.972926,8058.68,7766.56,0.999877
y_pred[2921],0.662571,0.00414465,0.375358,0.21903,0.00562893,0.85224,0.999999,8332.17,7955.1,0.999957
y_pred[2922],0.628748,0.00430189,0.386335,0.290207,0.00242596,0.804183,0.999995,8186.98,7123.92,1.0002
y_pred[2923],0.681068,0.00352892,0.311964,0.290767,0.0764419,0.792307,0.999362,7923.73,8214.99,1.00014
y_pred[2924],0.695045,0.00376487,0.344221,0.200335,0.0283775,0.864764,0.999995,8498.32,7897.33,1.00029
y_pred[2925],0.836974,0.00297234,0.267815,0.0203035,0.160306,0.986306,1.0,8264.21,8169.42,1.00018
y_pred[2926],0.60649,0.00150026,0.13506,0.142261,0.377659,0.612898,0.819462,8144.84,7671.84,0.99992
y_pred[2927],0.527781,0.00325919,0.287599,0.367619,0.0633557,0.535835,0.962801,7770.19,7433.76,1.00035
y_pred[2928],0.634579,0.00427715,0.380407,0.292671,0.00403563,0.802449,0.999995,7935.63,7931.09,1.00002
y_pred[2929],0.596783,0.00448923,0.39183,0.385376,0.00168278,0.739488,0.999983,7896.47,7990.39,1.00039
y_pred[2930],0.653321,0.00353449,0.317336,0.344206,0.0567686,0.745072,0.998871,8243.64,7472.02,0.999884
y_pred[2931],0.656086,0.00398197,0.357605,0.284726,0.0164807,0.807172,0.99997,8096.93,7937.52,0.999862
y_pred[2932],0.809124,0.00323749,0.288071,0.0373927,0.124776,0.974779,1.0,8044.62,7844.34,0.999904
y_pred[2933],0.5769,0.00147,0.133351,0.140283,0.349256,0.582616,0.789047,8210.57,7636.2,0.999758
y_pred[2934],0.0803385,0.00175125,0.155964,0.00856192,1.72556e-09,0.00577494,0.440511,8256.78,7958.26,1.00007
y_pred[2935],0.116266,0.00287462,0.255539,0.000181303,3.89119e-20,0.000122287,0.829344,7973.74,7847.27,1.00062
y_pred[2936],0.0989811,0.00265659,0.237775,2.49593e-05,1.44404e-23,1.68348e-05,0.781118,8210.39,7532.47,0.999991
y_pred[2937],0.123632,0.00257805,0.221148,0.0146955,2.63479e-09,0.00991196,0.676984,7930.85,7706.81,0.999949
y_pred[2938],0.128397,0.0027912,0.250782,0.00263706,1.15294e-13,0.00177867,0.803567,8025.89,7969.47,1.00051
y_pred[2939],0.248041,0.00358141,0.31361,0.11395,1.93396e-06,0.0768753,0.924491,7654.76,7774.74,1.00004
y_pred[2940],0.0932176,0.00087439,0.077558,0.0669158,0.00774395,0.0735459,0.24631,7904.22,7826.15,1.00038
y_pred[2941],0.448079,0.00331536,0.287727,0.363769,0.0335241,0.425643,0.927323,7791.53,7516.15,1.00018
y_pred[2942],0.543679,0.00454066,0.394047,0.565597,0.000630862,0.608402,0.999938,7525.8,7593.06,1.00017
y_pred[2943],0.511458,0.0045228,0.40038,0.647653,0.000238251,0.528034,0.999874,7691.18,7678.8,1.00018
y_pred[2944],0.571585,0.00383878,0.334531,0.448349,0.0281598,0.619179,0.995135,8013.66,7358.68,1.00014
y_pred[2945],0.589989,0.00424349,0.371163,0.445837,0.00671984,0.689913,0.999722,7643.15,7659.58,1.00007
y_pred[2946],0.758869,0.00352444,0.312299,0.0983764,0.0702078,0.933636,0.999999,7809.47,7915.05,1.00021
y_pred[2947],0.491619,0.00150994,0.136666,0.143874,0.269869,0.49069,0.715239,8197.94,7109.31,0.999992
y_pred[2948],0.365727,0.00302107,0.274231,0.325296,0.0129264,0.320265,0.869554,8308.78,8040.18,1.00003
y_pred[2949],0.470193,0.00453934,0.396461,0.600612,0.000108431,0.422357,0.999438,7521.92,7037.27,1.00014
y_pred[2950],0.428521,0.00437754,0.395986,0.46771,2.16457e-05,0.316722,0.999053,8026.64,7652.19,1.00033
y_pred[2951],0.492875,0.00371767,0.337107,0.479806,0.0130559,0.489331,0.988094,8253.07,7890.71,1.00007
y_pred[2952],0.506267,0.00429187,0.375405,0.585631,0.00179716,0.510315,0.998905,8002.39,7681.99,1.00015
y_pred[2953],0.692322,0.0038643,0.337785,0.224006,0.038101,0.848338,0.999968,8118.17,8058.58,0.999637
y_pred[2954],0.412184,0.00149907,0.134462,0.139364,0.200782,0.407087,0.642463,8043.43,7835.83,1.00066
y_pred[2955],0.0663372,0.00158526,0.144407,0.00307682,1.84804e-11,0.00207529,0.397603,7600.97,7342.65,1.00029
y_pred[2956],0.0990599,0.00268112,0.239905,1.82842e-05,3.3043900000000004e-24,1.23326e-05,0.792706,8101.04,7966.91,0.999615
y_pred[2957],0.080408,0.00246712,0.217353,1.34566e-06,2.15024e-29,9.07632e-07,0.701118,7663.29,7806.91,1.00025
y_pred[2958],0.101582,0.00229468,0.204978,0.00470965,1.43416e-11,0.00317661,0.632455,7863.88,7639.06,1.00036
y_pred[2959],0.11548,0.00272601,0.2439,0.000823001,8.28858e-16,0.000555107,0.785711,7975.22,8286.32,1.00083
y_pred[2960],0.215929,0.0032762,0.300571,0.0655865,2.04721e-07,0.0442386,0.90645,8353.94,7973.27,1.00011
y_pred[2961],0.0762167,0.00079523,0.0718077,0.0556057,0.00367564,0.0543183,0.22149,8170.31,7806.08,1.00036
y_pred[2962],0.576807,0.00322575,0.286259,0.362069,0.0879213,0.607137,0.977301,7885.24,7932.22,0.999923
y_pred[2963],0.673764,0.00424133,0.376387,0.170435,0.00561858,0.885041,0.999999,7958.19,7734.76,0.999875
y_pred[2964],0.634369,0.00438488,0.388557,0.26664,0.00237075,0.820128,0.999998,7821.83,8142.07,0.999867
y_pred[2965],0.701406,0.00346342,0.308338,0.257046,0.0811026,0.8198,0.999654,7779.85,7932.19,1.00057
y_pred[2966],0.711387,0.003848,0.34192,0.160723,0.028009,0.891555,0.999998,7766.15,7290.11,1.00017
y_pred[2967],0.844149,0.00294417,0.265905,0.0151907,0.16647,0.989754,1.0,8221.29,7551.46,1.00013
y_pred[2968],0.62517,0.00148365,0.131764,0.134877,0.396767,0.632606,0.832127,7888.33,7749.21,1.00036
y_pred[2969],0.661798,0.00299852,0.271718,0.308895,0.146088,0.717706,0.991758,8230.76,7849.4,0.999907
y_pred[2970],0.752645,0.00378818,0.342932,0.0492787,0.0204681,0.966762,1.0,7784.97,7719.88,0.999917
y_pred[2971],0.714597,0.00419249,0.362758,0.0900568,0.00988761,0.939257,1.0,7440.84,7550.42,1.00014
y_pred[2972],0.767967,0.00309623,0.28282,0.143779,0.146768,0.902578,0.999978,8249.18,7293.26,1.00011
y_pred[2973],0.780752,0.0035003,0.311093,0.0522238,0.0642107,0.964776,1.0,7660.15,7767.18,0.999847
y_pred[2974],0.885885,0.0026281,0.2336,0.00204006,0.256739,0.998624,1.0,7666.4,7429.02,0.999731
y_pred[2975],0.709966,0.00142955,0.124277,0.127212,0.484932,0.722002,0.894076,7498.52,7893.45,0.999689
y_pred[2976],0.26044,0.00283001,0.252887,0.234124,0.00199088,0.179438,0.779738,8066.94,7881.42,1.00085
y_pred[2977],0.349748,0.00430344,0.378169,0.244474,1.89446e-06,0.164933,0.994805,7665.68,7453.66,0.999827
y_pred[2978],0.303948,0.00420855,0.365307,0.142389,1.35672e-07,0.0960415,0.990891,7412.73,7411.71,0.99973
y_pred[2979],0.361512,0.003603,0.323285,0.362435,0.00156075,0.269809,0.94899,7980.0,7764.88,1.00018
y_pred[2980],0.38346,0.00405843,0.365188,0.385388,0.000128607,0.264163,0.990604,8180.16,7845.08,1.00007
y_pred[2981],0.580722,0.00404299,0.358027,0.475923,0.0106331,0.651541,0.99928,7967.39,8005.98,0.999923
y_pred[2982],0.296501,0.0014105,0.12556,0.130553,0.109465,0.285679,0.519064,7926.53,7750.36,1.00013
y_pred[2983],0.409272,0.0032076,0.283756,0.348654,0.0199913,0.376364,0.905363,7996.36,7915.52,1.0007
y_pred[2984],0.503525,0.00437755,0.395089,0.642747,0.000274611,0.507164,0.999783,8095.01,7531.98,1.00015
y_pred[2985],0.474309,0.00446161,0.399126,0.612916,8.90598e-05,0.430358,0.999652,7862.52,7810.94,1.0001
y_pred[2986],0.527368,0.00370477,0.336392,0.476528,0.0185668,0.540243,0.99012,8308.57,7971.62,1.00013
y_pred[2987],0.543041,0.00422995,0.372977,0.553576,0.00398177,0.583209,0.999428,8021.2,7992.32,0.999901
y_pred[2988],0.731259,0.00357513,0.32132,0.156738,0.0570122,0.894186,0.999996,8027.03,7205.93,1.00004
y_pred[2989],0.451988,0.00152107,0.135986,0.143778,0.232758,0.448048,0.682945,8042.31,7781.39,1.00002
y_pred[2990],0.740246,0.0028302,0.25271,0.228145,0.220345,0.824627,0.998022,7409.0,7214.77,1.00006
y_pred[2991],0.818057,0.00347948,0.303944,0.00886521,0.063721,0.99402,1.0,7666.09,7611.78,1.00012
y_pred[2992],0.785354,0.00372349,0.327694,0.0237913,0.0356316,0.983953,1.0,7710.81,7481.37,0.999883
y_pred[2993],0.82522,0.00290259,0.253043,0.0588103,0.225234,0.960327,0.999999,7665.26,7609.15,1.00105
y_pred[2994],0.832793,0.00312421,0.278324,0.0138942,0.139325,0.990629,1.0,7970.27,7918.86,1.00002
y_pred[2995],0.917487,0.00241777,0.201757,0.000139364,0.37822,0.999906,1.0,7678.98,6535.37,0.999856
y_pred[2996],0.774505,0.001294,0.114809,0.117323,0.564728,0.789297,0.934413,7901.16,7447.13,1.00054
y_pred[2997],0.648867,0.00310397,0.278327,0.313982,0.132339,0.713593,0.98924,8127.24,7970.8,0.999763
y_pred[2998],0.738342,0.00392711,0.34822,0.069227,0.0176533,0.953307,1.0,7931.57,8084.37,0.999955
y_pred[2999],0.706766,0.00411692,0.363651,0.109002,0.0109484,0.926479,1.0,8136.14,7340.43,0.999762
y_pred[3000],0.758485,0.00318392,0.283503,0.160516,0.139778,0.890924,0.999958,8052.21,7909.95,1.00054
y_pred[3001],0.773171,0.00348636,0.312495,0.0682226,0.067276,0.953983,1.0,8017.87,8110.77,1.00013
y_pred[3002],0.878793,0.00266767,0.238547,0.00279544,0.254632,0.998115,1.0,7996.64,7904.76,0.999942
y_pred[3003],0.692557,0.00139338,0.126925,0.131438,0.467361,0.703898,0.883821,8345.9,8230.17,0.99986
y_pred[3004],0.56326,0.00317755,0.284912,0.360694,0.0836231,0.58506,0.971556,7931.18,7744.21,1.00043
y_pred[3005],0.669401,0.00423627,0.373835,0.190688,0.00563244,0.871371,0.999999,7890.2,7457.29,1.00051
y_pred[3006],0.627834,0.00429001,0.385734,0.294414,0.0029711,0.801311,0.999997,8186.26,7772.77,1.00039
y_pred[3007],0.687951,0.00343983,0.311168,0.280933,0.0772885,0.801442,0.999552,8184.27,7820.72,1.00017
y_pred[3008],0.68998,0.00394448,0.3485,0.201241,0.0226099,0.864143,0.999993,8100.85,8497.77,1.00003
y_pred[3009],0.838493,0.00306216,0.266904,0.020958,0.162632,0.985864,1.0,7336.36,7185.86,0.999892
y_pred[3010],0.609024,0.00150904,0.134162,0.141612,0.378142,0.615878,0.821473,7939.76,7624.52,1.00021
y_pred[3011],0.534508,0.00339175,0.288833,0.37034,0.064413,0.541618,0.962687,7885.33,7980.48,1.00033
y_pred[3012],0.629087,0.004283,0.385821,0.291667,0.00341962,0.803168,0.999994,8106.34,7904.58,0.999942
y_pred[3013],0.587582,0.0043823,0.394202,0.420729,0.00116448,0.715375,0.999984,8098.69,8064.37,1.0002
y_pred[3014],0.650249,0.00372516,0.320563,0.344167,0.0560809,0.746426,0.998602,7581.29,7788.69,1.00038
y_pred[3015],0.667311,0.00399867,0.353638,0.257157,0.0189075,0.826059,0.999969,7644.31,7966.87,0.99994
y_pred[3016],0.817173,0.0032012,0.282753,0.0370828,0.123561,0.974988,1.0,7989.14,7828.73,1.00007
y_pred[3017],0.578533,0.00149501,0.135212,0.141745,0.348786,0.583263,0.792247,8210.47,7970.17,1.00009
y_pred[3018],0.0775195,0.00172667,0.153364,0.00804075,2.59189e-09,0.00542342,0.436433,8081.66,7650.54,0.999941
y_pred[3019],0.115616,0.00287349,0.25498,0.000160945,4.87645e-20,0.000108556,0.829102,7935.08,7671.8,0.99984
y_pred[3020],0.0985107,0.00262845,0.235434,2.70859e-05,1.0824e-23,1.82692e-05,0.764372,8174.21,7981.35,1.00018
y_pred[3021],0.125734,0.00252794,0.223104,0.0147367,1.50867e-09,0.00993974,0.697332,7939.65,7444.98,1.00028
y_pred[3022],0.128686,0.00279664,0.25051,0.00258927,1.17405e-13,0.00174644,0.795776,7926.6,7735.11,1.00027
y_pred[3023],0.251091,0.00367044,0.315391,0.122443,2.22463e-06,0.0826147,0.937767,7779.5,7590.2,1.00041
y_pred[3024],0.0922378,0.00087454,0.0786492,0.0668257,0.00707044,0.0714344,0.246448,8078.6,7869.93,1.00045
y_pred[3025],0.451332,0.00323013,0.288719,0.367977,0.0341991,0.429624,0.929908,7912.57,8017.58,0.999986
y_pred[3026],0.551378,0.00445456,0.392916,0.539203,0.000957911,0.629717,0.999933,7737.05,7888.83,1.00027
y_pred[3027],0.511915,0.0045319,0.400822,0.651286,0.000237363,0.524688,0.999824,8140.32,7972.95,1.00017
y_pred[3028],0.572023,0.00371652,0.332938,0.447916,0.027989,0.624024,0.994825,7985.52,7773.94,1.00058
y_pred[3029],0.57971,0.00412558,0.370469,0.47702,0.00620769,0.665579,0.999749,7865.59,7705.83,0.999966
y_pred[3030],0.755169,0.00351422,0.314101,0.108804,0.0692377,0.926597,0.999999,7916.98,7749.89,1.00007
y_pred[3031],0.490831,0.00159812,0.137967,0.142663,0.261549,0.491553,0.719502,7477.0,7280.71,1.00004
y_pred[3032],0.373401,0.00322693,0.282164,0.340318,0.0122464,0.323933,0.882234,7768.04,7578.63,0.999924
y_pred[3033],0.474626,0.00445339,0.3947,0.611252,0.000128882,0.437083,0.999412,7881.91,7286.16,1.00011
y_pred[3034],0.428802,0.0043988,0.395854,0.483169,3.07102e-05,0.328022,0.998937,7790.46,7524.58,0.999916
y_pred[3035],0.487027,0.00375615,0.3358,0.473303,0.0105475,0.474052,0.986194,7838.42,7374.5,1.00014
y_pred[3036],0.501312,0.004155,0.377037,0.588276,0.00154949,0.504891,0.998631,8361.54,7973.47,1.00021
y_pred[3037],0.704549,0.00367759,0.333207,0.200955,0.0424468,0.86403,0.999984,8282.37,7667.04,0.999918
y_pred[3038],0.410375,0.00152618,0.133558,0.139441,0.198805,0.403748,0.635136,7617.19,7731.74,1.00015
y_pred[3039],0.0666516,0.00169425,0.144871,0.00309054,3.6899e-11,0.00208454,0.406484,7831.87,7795.24,0.999856
y_pred[3040],0.0953407,0.00259759,0.234421,1.62554e-05,7.67835e-24,1.09642e-05,0.780009,7776.25,7911.04,0.999972
y_pred[3041],0.0844916,0.00252112,0.223925,1.85747e-06,1.71128e-29,1.25284e-06,0.740207,8122.57,7755.05,1.00005
y_pred[3042],0.105303,0.00232482,0.207518,0.00516238,5.21317e-11,0.00348198,0.63299,8331.2,7726.71,0.99996
y_pred[3043],0.106512,0.00254528,0.230078,0.00068432,6.5643e-16,0.000461568,0.733804,8084.15,7833.33,1.00004
y_pred[3044],0.213132,0.00330212,0.298637,0.0613118,1.48847e-07,0.0413548,0.901764,7954.57,7930.64,1.00031
y_pred[3045],0.0781059,0.000802902,0.0730871,0.0588338,0.00386651,0.0566129,0.225527,8241.26,7894.0,0.999856
y_pred[3046],0.579026,0.00316693,0.284968,0.359513,0.0923097,0.606561,0.97707,8054.26,7957.83,1.00027
y_pred[3047],0.683346,0.00423037,0.366892,0.173387,0.00851095,0.883046,0.999999,7763.12,7850.47,1.00084
y_pred[3048],0.638251,0.00434894,0.385398,0.267234,0.00269065,0.819707,0.999998,7727.96,7814.48,1.00038
y_pred[3049],0.694413,0.00337796,0.30788,0.275113,0.0839614,0.807873,0.999691,8277.14,7573.13,1.00054
y_pred[3050],0.708812,0.0038547,0.342195,0.162778,0.0340545,0.89017,0.999998,7872.53,7606.31,1.00003
y_pred[3051],0.844588,0.00296685,0.262793,0.0163946,0.180681,0.988942,1.0,7317.94,7669.81,1.00056
y_pred[3052],0.627103,0.00146266,0.133659,0.139213,0.39165,0.634789,0.835612,8357.63,7661.94,1.00042
y_pred[3053],0.667696,0.00307075,0.271887,0.298156,0.150363,0.732344,0.992499,7899.02,7898.4,1.00022
y_pred[3054],0.753849,0.00391619,0.342508,0.0530037,0.0211694,0.964249,1.0,7634.18,7436.14,0.999891
y_pred[3055],0.7158,0.00409325,0.36291,0.0844912,0.0109769,0.943011,1.0,7833.3,7487.32,0.999767
y_pred[3056],0.768505,0.00316062,0.282895,0.139662,0.137977,0.905385,0.999979,8073.02,7806.52,0.999968
y_pred[3057],0.773691,0.00353228,0.31549,0.0610928,0.062614,0.958793,1.0,7976.72,7749.35,1.00049
y_pred[3058],0.889372,0.00249184,0.226343,0.0018451,0.297216,0.998755,1.0,8017.44,7522.92,0.999923
y_pred[3059],0.708044,0.00138889,0.124833,0.128468,0.487774,0.717046,0.89509,8109.03,7857.77,0.999987
y_pred[3060],0.261063,0.00280534,0.250663,0.23285,0.00191861,0.180404,0.768876,7955.41,7848.87,1.00002
y_pred[3061],0.348481,0.00426247,0.379056,0.235967,1.68389e-06,0.159188,0.995028,8220.37,7888.72,1.00021
y_pred[3062],0.309923,0.00407912,0.371304,0.138666,8.61375e-08,0.0935296,0.993233,8227.88,7650.8,0.999853
y_pred[3063],0.368967,0.00358787,0.323053,0.382498,0.00170782,0.291357,0.948764,7910.29,7718.21,1.00094
y_pred[3064],0.381819,0.00415499,0.3653,0.388938,9.69778e-05,0.265646,0.988815,6746.04,7373.27,1.00066
y_pred[3065],0.578166,0.00411808,0.360271,0.466774,0.00917311,0.661077,0.999137,7611.46,7592.92,1.00028
y_pred[3066],0.295555,0.0013765,0.124325,0.128613,0.108276,0.286272,0.514139,8178.06,8057.4,1.00001
y_pred[3067],0.410246,0.00333807,0.283454,0.354313,0.022598,0.376495,0.906211,7635.15,7676.32,1.00043
y_pred[3068],0.513692,0.00461486,0.398712,0.636631,0.000420772,0.540203,0.999755,7528.43,7844.05,1.00055
y_pred[3069],0.468706,0.0044681,0.401,0.602059,8.91337e-05,0.416991,0.999565,8081.21,8050.93,0.999982
y_pred[3070],0.535848,0.00378943,0.33436,0.468417,0.020081,0.559952,0.991058,7763.63,7931.66,1.00007
y_pred[3071],0.542925,0.00426289,0.374709,0.549786,0.00367836,0.591552,0.999216,7833.84,7652.92,1.00047
y_pred[3072],0.728094,0.00368832,0.324496,0.154803,0.0564752,0.895512,0.999995,7883.33,8096.51,0.999795
y_pred[3073],0.44946,0.00151468,0.137278,0.14099,0.229056,0.444802,0.684401,8234.48,8208.94,1.00002
y_pred[3074],0.739251,0.00288965,0.252697,0.232246,0.229743,0.820308,0.998119,7431.86,7482.63,1.0
y_pred[3075],0.809649,0.00349844,0.31108,0.0105064,0.0635356,0.992914,1.0,7935.46,7734.43,1.00005
y_pred[3076],0.783698,0.00367272,0.329306,0.0202538,0.0313508,0.986339,1.0,8056.07,7907.67,1.00038
y_pred[3077],0.825254,0.0028536,0.255065,0.055301,0.2147,0.962694,0.999999,7883.28,7774.07,0.999816
y_pred[3078],0.831174,0.00313019,0.280875,0.0143612,0.123406,0.990313,1.0,8095.38,7917.68,1.00035
y_pred[3079],0.915909,0.00226555,0.201669,0.000183101,0.402322,0.999877,1.0,7921.89,7832.02,1.00028
y_pred[3080],0.776352,0.00127957,0.113279,0.11345,0.566751,0.792743,0.935044,7868.47,7526.14,1.00033
y_pred[3081],0.657674,0.00304129,0.273303,0.310172,0.142199,0.715385,0.990527,8152.96,7943.28,1.00027
y_pred[3082],0.740181,0.00399711,0.348973,0.0645628,0.0195803,0.956453,1.0,7660.19,7574.79,0.999693
y_pred[3083],0.708117,0.00409802,0.36274,0.111456,0.0112524,0.924824,1.0,7910.7,7739.3,1.00014
y_pred[3084],0.752783,0.00321745,0.290778,0.159511,0.123613,0.891625,0.999955,8399.38,7849.25,1.00129
y_pred[3085],0.767331,0.00355831,0.317088,0.0704398,0.0611911,0.952489,1.0,7899.35,7972.72,0.999975
y_pred[3086],0.877715,0.00265025,0.23987,0.003195,0.243364,0.997845,1.0,8299.72,8183.81,0.999764
y_pred[3087],0.69364,0.00142747,0.12698,0.131224,0.467644,0.705153,0.884152,7988.34,8054.79,1.00013
y_pred[3088],0.561304,0.00323325,0.285839,0.36077,0.0800843,0.582995,0.968599,8370.81,7635.38,0.999948
y_pred[3089],0.665734,0.00413229,0.374847,0.194136,0.00641377,0.869049,0.999999,7953.26,7204.93,1.00027
y_pred[3090],0.625795,0.00431444,0.385581,0.303487,0.00280813,0.795202,0.999996,7999.4,7594.16,1.00038
y_pred[3091],0.681274,0.00360752,0.313303,0.296619,0.0759418,0.790583,0.99952,7585.49,7542.91,1.00001
y_pred[3092],0.696373,0.00381905,0.34503,0.196548,0.028069,0.867317,0.999996,8158.89,8059.12,0.999669
y_pred[3093],0.832216,0.00300266,0.271642,0.0220804,0.153775,0.985107,1.0,8179.17,8179.7,0.999937
y_pred[3094],0.609206,0.00160005,0.134804,0.138473,0.376616,0.614556,0.821035,7342.24,7274.07,1.00003
y_pred[3095],0.53374,0.00328437,0.286399,0.364621,0.0660462,0.547655,0.959213,7664.23,7604.99,1.00031
y_pred[3096],0.635316,0.0042902,0.380668,0.289319,0.00370586,0.80475,0.999996,7676.03,7546.7,1.00034
y_pred[3097],0.590062,0.00436285,0.393896,0.410399,0.00159413,0.722676,0.999986,8001.97,7850.9,0.999915
y_pred[3098],0.648737,0.00360243,0.321908,0.34632,0.0587784,0.745794,0.99898,7908.03,7471.87,0.999969
y_pred[3099],0.664522,0.0038778,0.354944,0.257296,0.0193836,0.826039,0.999977,8113.65,8087.33,1.00023
y_pred[3100],0.815833,0.00318139,0.280487,0.0362177,0.142403,0.975572,1.0,8135.4,7842.81,1.00001
y_pred[3101],0.576868,0.00158778,0.135219,0.139439,0.343902,0.58046,0.795562,7283.37,7927.23,1.00054
y_pred[3102],0.0807604,0.00175356,0.157177,0.00835032,9.38898e-10,0.00563221,0.458921,8273.74,7775.0,0.999921
y_pred[3103],0.113788,0.00289573,0.251996,0.00022426,1.15587e-19,0.000151262,0.836481,6935.5,7392.71,1.0001
y_pred[3104],0.100405,0.00270066,0.24013,3.12737e-05,1.6738600000000002e-24,2.10938e-05,0.787449,8033.45,7970.82,0.999753
y_pred[3105],0.125817,0.00249734,0.223427,0.0144926,1.34517e-09,0.00977512,0.689259,8309.22,7891.61,0.999972
y_pred[3106],0.13576,0.00290446,0.260219,0.00278326,1.07448e-13,0.00187728,0.819462,8110.07,7708.75,1.0002
y_pred[3107],0.247434,0.00357966,0.314365,0.108783,2.40442e-06,0.0733932,0.922538,7938.75,7346.02,0.999881
y_pred[3108],0.0933103,0.000890319,0.0799146,0.0676137,0.00687339,0.0720773,0.255745,8034.58,8143.52,0.999705
y_pred[3109],0.440589,0.00320345,0.28784,0.362642,0.0298304,0.419568,0.924174,8098.37,7932.08,1.00004
y_pred[3110],0.554176,0.00440244,0.393832,0.532554,0.000708556,0.634278,0.999925,7816.35,7425.44,1.00035
y_pred[3111],0.508076,0.00467195,0.401077,0.652652,0.000228783,0.526889,0.999866,7420.01,7677.99,1.00053
y_pred[3112],0.572262,0.00372252,0.331311,0.448102,0.0313249,0.617792,0.994487,7948.2,7529.65,1.00002
y_pred[3113],0.574653,0.00420426,0.373471,0.482345,0.00613391,0.661331,0.999684,7770.2,8029.03,1.00052
y_pred[3114],0.756706,0.00347341,0.314659,0.103096,0.0696958,0.93045,0.999999,7832.48,7452.39,1.00018
y_pred[3115],0.491501,0.00153063,0.137796,0.143477,0.260985,0.489675,0.717324,8105.99,8057.83,0.999929
y_pred[3116],0.368148,0.00333992,0.280255,0.33063,0.01368,0.314704,0.882611,7298.74,7600.05,1.00033
y_pred[3117],0.46537,0.00447083,0.395057,0.589455,0.000114824,0.41413,0.999477,7599.16,8013.49,1.00018
y_pred[3118],0.422038,0.00450811,0.394875,0.460995,2.38295e-05,0.312771,0.999044,7856.46,7886.15,1.00015
y_pred[3119],0.49623,0.00374006,0.336489,0.481825,0.0117803,0.493969,0.985859,8056.0,7651.43,1.00019
y_pred[3120],0.50079,0.00439817,0.375272,0.584145,0.00201255,0.496131,0.998172,7222.43,7771.13,1.00021
y_pred[3121],0.693064,0.00373379,0.337187,0.222158,0.0332766,0.849542,0.999974,8307.82,8050.9,1.00017
y_pred[3122],0.416155,0.00154031,0.136113,0.143638,0.199848,0.411121,0.646928,7845.69,7676.04,1.00011
y_pred[3123],0.0654804,0.00160482,0.141291,0.00323915,1.85145e-11,0.00218478,0.389967,7770.17,7397.18,0.999743
y_pred[3124],0.096039,0.00260344,0.232931,2.46026e-05,1.8780100000000002e-23,1.65943e-05,0.748485,8162.15,7739.42,1.00013
y_pred[3125],0.0825985,0.00245493,0.218113,1.44243e-06,2.35107e-29,9.72907e-07,0.688219,7991.15,7930.27,0.999759
y_pred[3126],0.104277,0.00237816,0.20684,0.00483789,2.67072e-11,0.00326311,0.628513,8200.07,8012.71,1.00014
y_pred[3127],0.105636,0.0025883,0.229955,0.000579142,4.21784e-16,0.000390626,0.729562,7738.99,7941.03,1.00006
y_pred[3128],0.211606,0.00348056,0.300545,0.0599989,1.66375e-07,0.0404695,0.912674,7248.88,7686.82,1.00025
y_pred[3129],0.0767063,0.000805005,0.0719571,0.0569994,0.00402925,0.0555489,0.217647,7706.85,7461.51,1.00019
y_pred[3130],0.582246,0.00327497,0.285298,0.355139,0.0884939,0.611821,0.976366,7938.73,8140.91,1.00028
y_pred[3131],0.677224,0.00413385,0.372198,0.169741,0.00688732,0.885508,1.0,7871.65,7585.6,1.00016
y_pred[3132],0.641917,0.00428528,0.384458,0.249177,0.00318018,0.831898,0.999998,7879.03,7930.77,1.00002
y_pred[3133],0.691502,0.00354874,0.312134,0.27161,0.0760592,0.809317,0.999578,7803.56,7710.16,0.999825
y_pred[3134],0.705821,0.00383284,0.342134,0.175489,0.0298388,0.881565,0.999996,7992.02,8251.56,1.00016
y_pred[3135],0.846567,0.00299925,0.26356,0.0144768,0.174181,0.990236,1.0,7776.11,7659.38,1.00026
y_pred[3136],0.625482,0.0014298,0.132146,0.13808,0.396645,0.633045,0.829761,8488.71,7428.3,1.00039
y_pred[3137],0.671489,0.00301086,0.271544,0.302089,0.151215,0.736403,0.992302,8168.65,7309.72,1.0002
y_pred[3138],0.749831,0.00393901,0.344688,0.0576101,0.0174999,0.961143,1.0,7675.33,7902.15,0.999879
y_pred[3139],0.717875,0.00414155,0.361692,0.0847298,0.0131011,0.942851,1.0,7646.78,7058.87,1.00033
y_pred[3140],0.771789,0.00320168,0.281461,0.132372,0.147176,0.910338,0.999975,8037.55,7483.42,1.00015
y_pred[3141],0.779949,0.00346468,0.3091,0.0560052,0.0739933,0.962225,1.0,8274.28,8145.71,1.0001
y_pred[3142],0.889699,0.00257297,0.227165,0.0018829,0.29608,0.99873,1.0,7646.26,7717.19,0.999921
y_pred[3143],0.707226,0.00137004,0.123164,0.127243,0.486057,0.717476,0.888952,8102.74,8053.44,1.00042
y_pred[3144],0.258875,0.00293703,0.252412,0.224504,0.00204789,0.172652,0.786055,7755.28,7756.44,1.00034
y_pred[3145],0.350202,0.0041498,0.37822,0.237289,1.40723e-06,0.160073,0.994922,8222.6,7769.19,1.00032
y_pred[3146],0.311221,0.00408882,0.371696,0.13274,2.34354e-07,0.0895331,0.993148,8073.64,7680.91,1.00029
y_pred[3147],0.367255,0.00365203,0.325103,0.370024,0.00189032,0.278189,0.950524,7894.32,7458.19,0.999812
y_pred[3148],0.385763,0.00416233,0.365983,0.394922,0.000126422,0.271232,0.99043,7743.94,8011.15,1.00001
y_pred[3149],0.57409,0.00421329,0.363184,0.486348,0.00864267,0.646667,0.999277,7559.58,8008.97,1.00036
y_pred[3150],0.29701,0.00142343,0.125237,0.130613,0.110898,0.286953,0.521902,7770.98,7523.17,0.999961
y_pred[3151],0.408098,0.00314999,0.283695,0.351957,0.0204842,0.376018,0.90523,8204.73,8230.03,1.00001
y_pred[3152],0.513116,0.00457014,0.395847,0.635675,0.000381424,0.532541,0.999827,7612.09,7968.74,1.00001
y_pred[3153],0.471374,0.00433329,0.397394,0.606177,8.63234e-05,0.423528,0.999602,8415.98,7836.46,1.00013
y_pred[3154],0.525194,0.00389282,0.337351,0.477873,0.0168251,0.544899,0.990386,7540.29,7214.66,1.00005
y_pred[3155],0.54821,0.00424019,0.373761,0.53956,0.00325849,0.603781,0.999232,7817.7,7650.62,1.00022
y_pred[3156],0.727576,0.0035612,0.323766,0.160025,0.0560577,0.891961,0.999994,8381.62,7351.3,1.00044
y_pred[3157],0.451624,0.00152325,0.135512,0.14134,0.231801,0.447943,0.680535,7950.56,7747.94,1.0007
y_pred[3158],0.744977,0.00290697,0.251103,0.226862,0.220224,0.825962,0.99793,7715.36,7706.2,1.00035
y_pred[3159],0.814209,0.00362762,0.307819,0.0102915,0.0679349,0.993059,1.0,7570.68,7795.48,1.00007
y_pred[3160],0.78846,0.00370821,0.327238,0.0191552,0.0333196,0.98708,1.0,7907.67,7988.62,1.0001
y_pred[3161],0.822433,0.00291982,0.255443,0.0610112,0.216403,0.95884,0.999999,7675.52,7708.21,1.00015
y_pred[3162],0.837241,0.00303825,0.278092,0.0129505,0.124303,0.991265,1.0,8577.57,7704.14,0.999831
y_pred[3163],0.917792,0.00224801,0.199144,0.000114901,0.402711,0.999923,1.0,7731.79,7913.55,0.999933
y_pred[3164],0.77633,0.00124114,0.113377,0.115421,0.570738,0.790905,0.933816,8370.84,7327.09,1.00003
y_pred[3165],0.653719,0.00305504,0.274344,0.317547,0.138854,0.708222,0.989882,8181.8,8066.71,0.999967
y_pred[3166],0.737243,0.00388568,0.349613,0.0669475,0.0169408,0.954844,1.0,7931.14,7386.87,1.00015
y_pred[3167],0.701262,0.00412028,0.369153,0.1081,0.00807576,0.927088,1.0,8284.21,7929.76,1.00037
y_pred[3168],0.754497,0.00321803,0.288301,0.164881,0.130346,0.887801,0.999951,8366.38,7963.19,1.00016
y_pred[3169],0.764219,0.00361084,0.32126,0.0704087,0.055886,0.95251,1.0,8123.47,7321.24,1.00064
y_pred[3170],0.878542,0.00264194,0.237368,0.00338774,0.249346,0.997715,1.0,7953.94,7928.39,0.999872
y_pred[3171],0.692754,0.00140918,0.127196,0.13114,0.463808,0.704125,0.883027,8136.69,7844.69,0.999773
y_pred[3172],0.566169,0.00323956,0.287042,0.36346,0.0847122,0.589283,0.974894,7843.99,7708.85,1.00044
y_pred[3173],0.666885,0.00419994,0.37489,0.200582,0.00610223,0.864694,0.999999,7965.54,7581.19,1.00044
y_pred[3174],0.627939,0.0042268,0.386147,0.293177,0.00344507,0.802179,0.999996,8351.02,7679.62,1.00014
y_pred[3175],0.684668,0.00352298,0.312254,0.282934,0.0792294,0.798458,0.999379,8064.53,7977.57,1.00007
y_pred[3176],0.700441,0.00389407,0.342014,0.194932,0.0287656,0.868378,0.999994,7821.43,7218.65,1.00038
y_pred[3177],0.832096,0.00304786,0.271464,0.022597,0.160052,0.984759,1.0,8040.96,7727.73,1.00016
y_pred[3178],0.609056,0.00147469,0.131627,0.137505,0.387982,0.613652,0.817208,7970.64,7303.99,0.999701
y_pred[3179],0.526769,0.00322049,0.28762,0.368946,0.0607612,0.539362,0.958609,7893.12,7437.92,0.999641
y_pred[3180],0.629406,0.00432371,0.383902,0.300362,0.00353188,0.797328,0.999997,8095.96,7698.09,1.00004
y_pred[3181],0.595988,0.00446079,0.393034,0.391788,0.00156933,0.73521,0.999985,7974.5,8213.98,1.00025
y_pred[3182],0.648593,0.00353546,0.322166,0.346583,0.0570793,0.744824,0.998722,8592.84,7835.86,1.00007
y_pred[3183],0.663852,0.00401129,0.354853,0.266683,0.0187158,0.819578,0.999975,7771.87,7888.79,1.00008
y_pred[3184],0.815501,0.00310016,0.282033,0.0367114,0.128797,0.975238,1.0,8299.34,7971.82,0.999713
y_pred[3185],0.575596,0.00153031,0.136256,0.141473,0.340229,0.579208,0.790575,8053.13,7797.14,1.00011
y_pred[3186],0.0789299,0.00173732,0.154757,0.00786941,2.40218e-09,0.00530785,0.442194,7602.86,8015.66,0.999889
y_pred[3187],0.115821,0.00284598,0.255925,0.000185932,4.09651e-20,0.000125409,0.844671,8077.35,7764.82,0.999881
y_pred[3188],0.0970388,0.00264892,0.236764,1.64612e-05,9.35657e-25,1.1103e-05,0.778273,8264.53,7820.65,0.999815
y_pred[3189],0.1258,0.00254761,0.223977,0.0133447,1.10449e-09,0.00900085,0.684418,7897.81,7768.95,1.00014
y_pred[3190],0.135446,0.00281126,0.256347,0.00323678,1.10187e-13,0.00218318,0.818651,8402.23,7887.9,1.00028
y_pred[3191],0.251965,0.00359036,0.317516,0.120013,1.44128e-06,0.080968,0.934917,7930.24,7804.2,0.999917
y_pred[3192],0.0932897,0.000902073,0.0796251,0.0672028,0.00712655,0.0717354,0.254653,7877.7,7795.5,0.999888
y_pred[3193],0.44829,0.00318314,0.286974,0.362505,0.0325414,0.42502,0.925399,8155.02,7548.57,1.00035
y_pred[3194],0.553839,0.00435871,0.393121,0.532763,0.000749755,0.634203,0.999908,8062.66,7712.57,0.999876
y_pred[3195],0.513424,0.00455242,0.400008,0.648938,0.00027873,0.527592,0.999844,7724.19,7610.71,1.00016
y_pred[3196],0.570049,0.00359381,0.334127,0.454169,0.0266816,0.611421,0.995308,8559.77,7390.32,0.999686
y_pred[3197],0.584355,0.00427782,0.370662,0.462953,0.00634754,0.677274,0.99973,7567.81,7424.52,1.00002
y_pred[3198],0.754037,0.00360817,0.315772,0.10351,0.071612,0.930175,0.999999,7841.79,7480.92,1.0002
y_pred[3199],0.492763,0.00156201,0.136691,0.143319,0.269028,0.491167,0.716743,7779.76,7991.53,0.999828
y_pred[3200],0.372154,0.00308538,0.279854,0.328656,0.0140259,0.321203,0.879827,8097.11,7511.71,0.999978
y_pred[3201],0.471837,0.00445643,0.397319,0.606773,0.000138909,0.426578,0.999473,7982.99,7798.79,0.999864
y_pred[3202],0.426455,0.0044417,0.397112,0.452607,2.59921e-05,0.306257,0.998983,7897.09,7204.81,1.00048
y_pred[3203],0.491442,0.00382678,0.337857,0.480151,0.0105321,0.48698,0.986105,7810.49,7654.42,1.00026
y_pred[3204],0.504297,0.00424689,0.375369,0.587416,0.00159207,0.510576,0.99833,7898.96,7595.11,0.999867
y_pred[3205],0.691897,0.00376976,0.338435,0.221621,0.0340674,0.849958,0.99997,8079.58,7530.71,0.999897
y_pred[3206],0.410246,0.00151656,0.134898,0.141036,0.195493,0.404189,0.639557,7883.99,7623.56,1.0004
y_pred[3207],0.0652179,0.00158395,0.141036,0.00331574,3.10031e-11,0.00223644,0.391771,7855.29,7836.34,0.999833
y_pred[3208],0.0971251,0.00261744,0.234396,2.74506e-05,1.17628e-23,1.85151e-05,0.77486,7870.1,7885.56,1.00006
y_pred[3209],0.0861514,0.00251802,0.227214,1.41128e-06,1.13284e-28,9.51895e-07,0.746763,7836.49,7973.89,1.00006
y_pred[3210],0.101935,0.00229197,0.200875,0.00535895,4.89145e-11,0.00361457,0.600069,7824.85,7476.64,1.00092
y_pred[3211],0.109056,0.00267874,0.236433,0.000745273,1.15923e-16,0.000502679,0.761175,7367.69,7889.63,1.00028
y_pred[3212],0.215067,0.00334542,0.300302,0.0651792,2.39862e-07,0.0439642,0.905875,8097.68,8014.98,0.999826
y_pred[3213],0.0765925,0.000792253,0.0718218,0.0571855,0.00397611,0.0563946,0.221294,7779.03,7288.3,1.00012
y_pred[3214],0.576862,0.00315128,0.284867,0.356998,0.09125,0.602262,0.976133,8189.43,7875.75,1.00048
y_pred[3215],0.677934,0.00410655,0.371375,0.174661,0.0065838,0.882188,0.999999,7936.8,7417.29,1.00028
y_pred[3216],0.633908,0.00429453,0.38473,0.272176,0.003405,0.816384,0.999997,8061.57,7950.48,1.0004
y_pred[3217],0.695698,0.00345144,0.309136,0.264664,0.0794939,0.815358,0.99974,8212.61,8045.34,0.999988
y_pred[3218],0.712073,0.00384112,0.337998,0.168398,0.0361616,0.886351,0.999996,7875.36,7499.43,1.0
y_pred[3219],0.847925,0.00285351,0.260363,0.0155428,0.18856,0.989516,1.0,8310.29,8076.89,0.999743
y_pred[3220],0.627508,0.00145302,0.133483,0.140603,0.394352,0.635197,0.834237,8444.2,7915.77,1.00032
y_pred[3221],0.669897,0.00303061,0.269743,0.295183,0.155292,0.73249,0.991467,7893.32,7888.63,1.00021
y_pred[3222],0.758249,0.00383826,0.340396,0.0480133,0.0221657,0.967615,1.0,7533.15,7778.15,1.00024
y_pred[3223],0.720905,0.00422804,0.361609,0.0762598,0.012638,0.948564,1.0,7262.87,7854.35,1.00043
y_pred[3224],0.770346,0.00319869,0.281804,0.133151,0.140273,0.909787,0.999974,7899.4,7871.06,0.999877
y_pred[3225],0.77513,0.00355385,0.314004,0.0569348,0.0621981,0.961598,1.0,7682.78,7377.69,0.999947
y_pred[3226],0.886454,0.00268581,0.232558,0.001917,0.268815,0.998707,1.0,7730.28,7875.47,1.00029
y_pred[3227],0.708965,0.00143794,0.124052,0.125491,0.487907,0.72,0.894106,7617.65,7928.11,1.00004
y_pred[3228],0.260563,0.00281194,0.254201,0.227904,0.00204954,0.174895,0.782969,7999.33,6540.34,0.999953
y_pred[3229],0.348626,0.0041469,0.37891,0.234688,1.54853e-06,0.158322,0.995789,8275.59,7903.5,1.00002
y_pred[3230],0.313043,0.00419371,0.372576,0.144354,1.58742e-07,0.0973671,0.992806,7593.47,7452.6,1.0
y_pred[3231],0.365545,0.00363649,0.324405,0.370728,0.00177089,0.278884,0.947483,8121.48,7946.74,1.00025
y_pred[3232],0.383572,0.00423766,0.366976,0.385637,0.000130478,0.263761,0.991319,7392.52,7671.66,1.00009
y_pred[3233],0.576692,0.00403925,0.361199,0.473967,0.00931189,0.653266,0.999197,8018.37,8099.13,1.00003
y_pred[3234],0.297068,0.00136843,0.125142,0.128116,0.108496,0.286562,0.521115,8344.84,8061.96,1.00007
y_pred[3235],0.407018,0.00324045,0.282161,0.348426,0.0212025,0.372791,0.906512,7791.79,8141.88,1.00048
y_pred[3236],0.5233,0.00438397,0.395558,0.612677,0.000460824,0.564153,0.999826,8296.56,8096.0,1.00073
y_pred[3237],0.459737,0.0045096,0.40018,0.576201,7.50301e-05,0.39602,0.999627,7982.97,7789.14,0.999974
y_pred[3238],0.526711,0.00382194,0.334771,0.476711,0.0195797,0.54083,0.990456,7566.74,7866.8,0.999842
y_pred[3239],0.539179,0.00433091,0.374734,0.556869,0.00304469,0.583818,0.999104,7740.38,7877.09,0.999994
y_pred[3240],0.733594,0.00363697,0.321948,0.146309,0.0592866,0.901222,0.999996,7957.13,7808.37,1.00026
y_pred[3241],0.451322,0.0015115,0.136985,0.143324,0.231496,0.44736,0.683415,8248.18,7939.44,1.00011
y_pred[3242],0.741989,0.00280251,0.251368,0.228061,0.224996,0.824388,0.998114,7917.59,7566.05,1.00052
y_pred[3243],0.817028,0.00335618,0.303768,0.0103626,0.0678768,0.993011,1.0,8245.68,8413.86,1.00011
y_pred[3244],0.789475,0.00357502,0.324146,0.0189054,0.0352123,0.987248,1.0,8062.12,7653.17,1.00012
y_pred[3245],0.817139,0.00307738,0.261994,0.0602632,0.205083,0.959346,0.999999,7445.39,7928.1,1.00025
y_pred[3246],0.837361,0.00302551,0.274696,0.0155925,0.142062,0.989483,1.0,8110.1,7855.08,1.00028
y_pred[3247],0.915656,0.00232199,0.20246,0.000151967,0.387286,0.999897,1.0,7481.54,7524.96,0.99981
y_pred[3248],0.775302,0.00127558,0.113916,0.114623,0.568218,0.789423,0.934447,8011.78,7802.54,0.999812
y_pred[3249],0.646199,0.00302266,0.277236,0.322669,0.132159,0.698929,0.988803,8392.65,8080.71,1.00075
y_pred[3250],0.743216,0.00394067,0.346718,0.0639008,0.0169014,0.9569,1.0,7777.82,7585.95,1.00013
y_pred[3251],0.705274,0.00406439,0.363881,0.114859,0.0130897,0.922529,1.0,7825.57,7533.68,0.999947
y_pred[3252],0.752681,0.0033741,0.289555,0.164752,0.12837,0.888016,0.999964,7619.29,7710.3,1.00014
y_pred[3253],0.761624,0.00355956,0.318345,0.0817417,0.0611144,0.944865,1.0,7848.96,7989.63,1.00017
y_pred[3254],0.882058,0.00275862,0.235523,0.00282584,0.254266,0.998094,1.0,7744.76,7503.1,1.00038
y_pred[3255],0.694939,0.00141412,0.125472,0.130855,0.472126,0.705815,0.880081,7826.56,7507.98,1.00065
y_pred[3256],0.565226,0.00314138,0.284003,0.356817,0.0858856,0.588722,0.970989,8197.79,8012.96,1.00019
y_pred[3257],0.662313,0.0042543,0.374246,0.207561,0.0063199,0.85999,0.999999,7871.52,7926.92,1.00008
y_pred[3258],0.623473,0.00440536,0.389032,0.307353,0.00216993,0.792595,0.999997,8073.99,7807.25,0.999884
y_pred[3259],0.674804,0.00358302,0.31661,0.307132,0.0678665,0.781598,0.999395,7865.93,7737.35,1.00048
y_pred[3260],0.692377,0.00382336,0.346622,0.198989,0.0304096,0.865687,0.999994,8231.24,8099.11,0.99996
y_pred[3261],0.831088,0.00300405,0.274007,0.021242,0.142386,0.985672,1.0,7767.51,8013.32,1.00006
y_pred[3262],0.608728,0.00150201,0.135278,0.141371,0.374664,0.614763,0.819292,8178.85,8212.47,0.999887
y_pred[3263],0.524305,0.00324927,0.28719,0.366424,0.0616664,0.527845,0.960904,7852.54,7513.02,0.999885
y_pred[3264],0.642095,0.00440303,0.381145,0.260411,0.00407949,0.824296,0.999997,7460.98,7664.32,0.99987
y_pred[3265],0.589386,0.00429863,0.391851,0.418161,0.00120762,0.717218,0.999982,8278.71,8143.86,1.00025
y_pred[3266],0.651061,0.00361555,0.32145,0.345965,0.0541654,0.74463,0.998757,7800.49,7802.15,0.999926
y_pred[3267],0.658776,0.00401263,0.356739,0.280348,0.0155352,0.810153,0.999974,7797.11,7437.91,0.999902
y_pred[3268],0.812412,0.00329999,0.282686,0.0379597,0.137962,0.974396,1.0,7653.42,8232.1,0.999996
y_pred[3269],0.577024,0.0015036,0.134877,0.140966,0.347562,0.580289,0.790545,8071.18,7912.75,1.0005
y_pred[3270],0.0770393,0.00172203,0.150663,0.00824451,2.1459e-09,0.00556085,0.421597,7901.42,7783.42,1.00046
y_pred[3271],0.117258,0.00280674,0.256455,0.000151967,4.8843399999999994e-20,0.000102501,0.847052,8676.55,7919.15,1.00017
y_pred[3272],0.101172,0.00273635,0.240962,2.5198e-05,2.5841800000000003e-24,1.69958e-05,0.791949,7666.22,7871.79,1.00046
y_pred[3273],0.11995,0.00245313,0.218282,0.0130706,1.28776e-09,0.008816,0.668165,7854.9,7628.0,1.00014
y_pred[3274],0.131258,0.00286297,0.253548,0.00296902,1.1352e-13,0.00200257,0.811285,8168.19,8164.32,0.999775
y_pred[3275],0.245056,0.00344737,0.310914,0.115292,2.71503e-06,0.077789,0.92953,8160.94,8012.73,1.0007
y_pred[3276],0.0939142,0.000871462,0.0792266,0.0675585,0.0074979,0.0741055,0.251712,8334.47,8057.77,0.999995
y_pred[3277],0.448995,0.00325181,0.28711,0.366995,0.0310955,0.433257,0.926069,7816.43,7372.62,1.00003
y_pred[3278],0.556365,0.0043277,0.391619,0.536916,0.00110927,0.629652,0.999916,8380.65,8037.11,1.00027
y_pred[3279],0.504589,0.0044462,0.399863,0.654452,0.000175188,0.505453,0.999835,8169.79,7677.49,0.999929
y_pred[3280],0.570921,0.00370921,0.335431,0.448564,0.0250288,0.623448,0.995072,8220.73,7892.39,0.999755
y_pred[3281],0.589991,0.00410561,0.367269,0.445229,0.00729528,0.688409,0.999659,7844.24,7650.32,0.99998
y_pred[3282],0.753578,0.00350574,0.315824,0.110144,0.0655163,0.925692,0.999999,8224.49,7956.42,1.00028
y_pred[3283],0.490177,0.00157736,0.138384,0.148225,0.26546,0.490634,0.720111,7695.32,7766.1,1.0001
y_pred[3284],0.363096,0.00310557,0.276978,0.32664,0.0127059,0.314093,0.87604,8077.33,7703.61,1.00038
y_pred[3285],0.468497,0.00444563,0.394727,0.5976,0.00012467,0.422112,0.99959,7894.53,7061.45,1.00002
y_pred[3286],0.43172,0.00434425,0.396223,0.479468,2.94132e-05,0.325712,0.99925,8295.75,7531.07,1.00007
y_pred[3287],0.496343,0.00370822,0.334302,0.47296,0.0110847,0.496923,0.986003,8099.45,8052.89,1.00001
y_pred[3288],0.508875,0.00423678,0.376576,0.587142,0.0022362,0.519177,0.998831,8116.5,7780.41,1.00151
y_pred[3289],0.692996,0.00374929,0.337963,0.218969,0.0370085,0.851886,0.999974,8179.52,7711.28,1.00046
y_pred[3290],0.4115,0.00152856,0.133468,0.138878,0.196269,0.406984,0.639669,7676.85,7613.82,1.00024
y_pred[3291],0.067034,0.00165321,0.144501,0.00334721,3.90238e-11,0.00225766,0.399061,7771.34,7645.92,0.999802
y_pred[3292],0.0942284,0.00256381,0.229021,2.40149e-05,1.56022e-23,1.61978e-05,0.74206,7655.22,7853.67,1.00025
y_pred[3293],0.0844089,0.00246102,0.221195,2.8138e-06,9.85808e-29,1.89789e-06,0.705529,7970.83,7984.12,0.999846
y_pred[3294],0.10613,0.00235641,0.208229,0.00531428,1.77484e-11,0.00358443,0.638681,8087.04,7957.92,0.999686
y_pred[3295],0.104564,0.00254142,0.22776,0.000570391,3.67624e-16,0.000384724,0.719873,7785.61,7587.29,1.00006
y_pred[3296],0.220513,0.00353374,0.303685,0.0669808,1.13629e-07,0.0451784,0.91185,8025.7,8014.72,1.00007
y_pred[3297],0.0773325,0.000832226,0.0733168,0.056382,0.00400356,0.0557749,0.228531,7683.98,7197.6,1.00027
y_pred[3298],0.586603,0.00320665,0.281447,0.350112,0.0995617,0.612963,0.976107,7580.05,7801.51,1.00008
y_pred[3299],0.677649,0.00420288,0.373419,0.166532,0.00728072,0.88767,0.999999,7957.19,7981.03,1.00032
y_pred[3300],0.64553,0.00439179,0.38276,0.245037,0.00389255,0.834688,0.999998,7623.5,7580.97,1.00005
y_pred[3301],0.696112,0.00355929,0.307575,0.268165,0.0831004,0.811154,0.999543,7679.92,7352.8,0.999858
y_pred[3302],0.705312,0.00386679,0.342919,0.170486,0.0312866,0.884957,0.999997,7966.88,7744.77,1.00019
y_pred[3303],0.842869,0.00297934,0.26709,0.0141581,0.169343,0.990451,1.0,8023.67,7867.48,1.00048
y_pred[3304],0.625476,0.00147225,0.131247,0.134837,0.398058,0.630737,0.83243,7970.34,7809.89,1.0001
y_pred[3305],0.670963,0.0030368,0.272717,0.299448,0.148517,0.736002,0.992253,8239.09,7543.74,1.00014
y_pred[3306],0.752689,0.00390596,0.343409,0.0531423,0.0236277,0.964156,1.0,7373.93,7750.6,0.999775
y_pred[3307],0.721974,0.00393376,0.357143,0.0874786,0.012394,0.940997,1.0,8587.41,8091.95,1.00073
y_pred[3308],0.767139,0.00312849,0.281628,0.141474,0.153512,0.904162,0.999973,8075.42,7836.09,0.999999
y_pred[3309],0.778938,0.00349785,0.311068,0.0583655,0.0694404,0.960633,1.0,7965.17,7630.95,0.999889
y_pred[3310],0.88382,0.00263793,0.234233,0.00226615,0.258252,0.998471,1.0,7758.63,7512.54,0.999797
y_pred[3311],0.706531,0.0014084,0.12513,0.126395,0.481541,0.717395,0.892443,7982.53,8123.71,1.00012
y_pred[3312],0.259598,0.00279939,0.253127,0.226654,0.00215743,0.174059,0.778506,8137.73,7946.39,1.00013
y_pred[3313],0.345445,0.00419568,0.377119,0.234279,1.74779e-06,0.158046,0.995056,8175.16,7869.22,0.999971
y_pred[3314],0.310832,0.00420114,0.371737,0.134502,1.4149e-07,0.0907213,0.994328,7373.49,7363.1,1.0002
y_pred[3315],0.369438,0.0035994,0.324602,0.375529,0.00158202,0.286214,0.955073,7869.43,7768.09,0.999823
y_pred[3316],0.377004,0.00403854,0.364259,0.366506,9.64101e-05,0.250479,0.98941,8098.22,8099.32,1.0003
y_pred[3317],0.579904,0.00408067,0.357221,0.47063,0.0110586,0.649772,0.999259,7625.78,7678.5,1.00034
y_pred[3318],0.294331,0.00139183,0.124368,0.128578,0.110883,0.284584,0.516207,7987.56,7334.9,0.999716
y_pred[3319],0.406246,0.00320985,0.28215,0.345192,0.0213849,0.370945,0.899561,7740.32,8035.19,1.00017
y_pred[3320],0.509682,0.00443751,0.397713,0.644975,0.000398879,0.516422,0.999831,8146.75,7928.7,0.99994
y_pred[3321],0.475412,0.00444475,0.398574,0.625513,0.000102027,0.440895,0.999584,7920.84,7517.12,1.00001
y_pred[3322],0.534587,0.00385198,0.33522,0.471165,0.0188419,0.548543,0.992542,7779.54,7765.36,1.00009
y_pred[3323],0.536539,0.00423267,0.37469,0.55575,0.00389327,0.58346,0.999286,7865.03,7799.32,0.999994
y_pred[3324],0.72753,0.00365499,0.324512,0.1537,0.0527964,0.896269,0.999995,7647.55,7807.5,1.00001
y_pred[3325],0.452428,0.00155102,0.137143,0.144088,0.229928,0.450727,0.682733,7850.84,7935.04,0.99969
y_pred[3326],0.74088,0.00288778,0.252132,0.230458,0.221672,0.823255,0.998461,7637.89,8008.28,1.00001
y_pred[3327],0.814985,0.00346771,0.309582,0.00898085,0.0548808,0.993942,1.0,8101.22,7933.63,1.00067
y_pred[3328],0.787376,0.00362431,0.32409,0.0231278,0.0408742,0.984401,1.0,7864.46,7777.08,1.00018
y_pred[3329],0.826847,0.00279798,0.251259,0.0569014,0.218831,0.961616,1.0,7909.98,7961.09,1.00026
y_pred[3330],0.834648,0.00323642,0.27923,0.0122181,0.121428,0.991759,1.0,7251.46,7775.39,0.999879
y_pred[3331],0.917189,0.00221268,0.199795,0.000147519,0.407587,0.999901,1.0,8128.16,8142.73,0.999897
y_pred[3332],0.777204,0.00127621,0.113885,0.115117,0.569745,0.791622,0.936362,7870.91,7885.7,1.00009
y_pred[3333],0.649622,0.00309548,0.278056,0.320534,0.132135,0.703219,0.990164,7850.79,7533.76,1.00024
y_pred[3334],0.746218,0.00400753,0.346279,0.0569081,0.016784,0.961616,1.0,7211.07,7404.03,0.999887
y_pred[3335],0.706587,0.00418545,0.362026,0.113479,0.0118034,0.923459,1.0,7569.97,7523.22,0.99991
y_pred[3336],0.754385,0.00321074,0.288678,0.163413,0.12708,0.889021,0.999963,8023.7,7370.48,0.999604
y_pred[3337],0.76999,0.0036778,0.316298,0.0673011,0.0677018,0.954605,1.0,7658.94,7440.98,1.00027
y_pred[3338],0.882785,0.00260305,0.23089,0.00300671,0.279134,0.997972,1.0,7921.96,7694.28,1.00002
y_pred[3339],0.692242,0.00144369,0.128112,0.132877,0.461684,0.704103,0.880758,7933.85,7955.54,1.0002
y_pred[3340],0.565206,0.00318298,0.285906,0.359164,0.08348,0.590508,0.972172,8075.75,7227.77,0.999945
y_pred[3341],0.667709,0.00428299,0.373902,0.200925,0.00624245,0.86445,0.999998,7859.41,6538.39,1.00009
y_pred[3342],0.631765,0.00430289,0.387108,0.275155,0.0024159,0.814339,0.999996,8286.33,7925.55,0.999924
y_pred[3343],0.683082,0.00345929,0.311192,0.29126,0.076474,0.792449,0.999531,7966.15,7918.38,0.999923
y_pred[3344],0.696977,0.00384635,0.345796,0.188569,0.0239769,0.872712,0.999993,8196.52,7798.47,1.00016
y_pred[3345],0.831306,0.00310971,0.273388,0.0224051,0.145222,0.984888,1.0,7569.29,7790.79,1.00039
y_pred[3346],0.608298,0.00151843,0.134097,0.138996,0.378789,0.614664,0.819955,7869.39,7680.21,0.999959
y_pred[3347],0.526031,0.00322333,0.289288,0.374591,0.0663436,0.541103,0.961143,8058.89,7963.07,1.00016
y_pred[3348],0.635814,0.00435541,0.382583,0.279911,0.00438065,0.811095,0.999996,7975.32,7769.51,1.00005
y_pred[3349],0.597357,0.00444274,0.394557,0.381079,0.00112792,0.742577,0.999986,7972.4,7967.23,1.00008
y_pred[3350],0.650497,0.00359336,0.318946,0.342531,0.0551571,0.744457,0.998871,7956.02,7814.91,1.00024
y_pred[3351],0.666337,0.00395341,0.355111,0.262336,0.0194475,0.822499,0.999978,8002.25,7891.06,0.999811
y_pred[3352],0.813864,0.00315731,0.285185,0.0364475,0.119622,0.975417,1.0,8213.69,7825.96,0.999887
y_pred[3353],0.576036,0.00151071,0.134756,0.140697,0.342762,0.579739,0.788511,7993.27,7885.32,1.00037
y_pred[3354],0.0793429,0.00175947,0.154226,0.00856422,3.05678e-09,0.0057765,0.437531,7531.57,7652.33,0.999947
y_pred[3355],0.114397,0.00282608,0.253065,0.00014455,1.46399e-19,9.74977e-05,0.833879,7753.05,7728.81,1.0001
y_pred[3356],0.102761,0.00272248,0.24394,1.98065e-05,7.93339e-24,1.33593e-05,0.804913,7985.91,7930.24,0.999997
y_pred[3357],0.121465,0.00241455,0.216808,0.0143017,1.06419e-09,0.00964635,0.665526,8129.17,7743.29,1.00052
y_pred[3358],0.131211,0.00273344,0.251873,0.00286861,1.93445e-13,0.00193485,0.810435,8058.61,8141.6,1.00026
y_pred[3359],0.256285,0.00367284,0.320602,0.121549,2.66026e-06,0.0820143,0.942789,7466.89,7672.2,0.999977
y_pred[3360],0.0916382,0.000883727,0.0778161,0.0658667,0.00724392,0.070865,0.245971,7746.75,8053.59,1.00022
y_pred[3361],0.0617268,0.00151117,0.137023,0.00254358,5.91349e-12,0.00171562,0.376317,8220.72,7969.02,0.999773
y_pred[3362],0.0878749,0.00259426,0.22338,6.54975e-06,2.13917e-26,4.41774e-06,0.716304,7423.3,7323.39,1.0001
y_pred[3363],0.0642759,0.00221868,0.196468,1.62545e-08,1.69719e-37,1.09635e-08,0.570573,7806.48,7753.27,1.00016
y_pred[3364],0.095306,0.00222899,0.197873,0.00370388,8.69928e-12,0.00249823,0.59537,8185.75,7912.19,0.999851
y_pred[3365],0.113631,0.0027399,0.241445,0.000881759,1.26904e-15,0.000594738,0.773982,8028.63,7676.78,1.00046
y_pred[3366],0.194645,0.00329214,0.289116,0.0442174,5.92289e-08,0.0298246,0.881496,7513.02,7577.22,1.00023
y_pred[3367],0.0403633,0.000588735,0.053207,0.0263658,0.000179227,0.0195442,0.152904,8039.86,8141.97,1.0003
y_pred[3368],0.404633,0.00319652,0.28609,0.352938,0.0206086,0.367215,0.904634,7959.36,7222.64,1.00009
y_pred[3369],0.50135,0.0045191,0.395398,0.640613,0.000229013,0.503175,0.999714,7827.36,7754.71,0.999962
y_pred[3370],0.428979,0.0045085,0.39601,0.483978,2.08878e-05,0.328255,0.998898,7808.14,7192.02,0.999872
y_pred[3371],0.532724,0.00383806,0.336794,0.474155,0.0196345,0.555263,0.992441,7557.5,7418.65,1.00002
y_pred[3372],0.569131,0.0041446,0.372622,0.506476,0.00535715,0.639788,0.999606,8121.96,7828.68,1.00027
y_pred[3373],0.724287,0.0038119,0.32508,0.164053,0.0562703,0.889226,0.999993,8149.8,7832.99,1.00156
y_pred[3374],0.309513,0.0013685,0.126443,0.129258,0.120527,0.300068,0.533417,8605.7,7850.91,0.999839
y_pred[3375],0.195992,0.00259832,0.227259,0.142802,0.00029848,0.100348,0.694883,7869.07,7849.47,0.999868
y_pred[3376],0.269361,0.00399152,0.352643,0.0732142,2.03814e-08,0.0493823,0.983482,8131.23,8010.84,1.00013
y_pred[3377],0.206255,0.00359355,0.323365,0.0197488,2.47687e-11,0.0133203,0.968933,8007.66,7884.78,1.0001
y_pred[3378],0.301905,0.00356071,0.308154,0.263691,0.000275358,0.184122,0.917781,7509.1,7403.31,1.00053
y_pred[3379],0.327679,0.00394895,0.353471,0.246769,2.12056e-05,0.166818,0.984072,8190.21,8045.68,0.999871
y_pred[3380],0.490423,0.0040688,0.36689,0.557951,0.00203983,0.479638,0.995839,8203.18,7919.41,1.00026
y_pred[3381],0.141516,0.0010687,0.0965191,0.0886574,0.0240685,0.120192,0.327611,8168.36,7929.49,1.00008
y_pred[3382],0.487642,0.00335098,0.288102,0.370086,0.0491633,0.480786,0.944838,7445.16,7809.17,0.999929
y_pred[3383],0.584766,0.00435241,0.392698,0.432113,0.00117078,0.70726,0.999969,8304.82,7688.24,0.999996
y_pred[3384],0.509288,0.00439789,0.399975,0.643589,0.000211299,0.529286,0.99983,8397.68,7125.73,0.999988
y_pred[3385],0.622697,0.00365077,0.326323,0.387582,0.0452539,0.704722,0.997972,7965.03,7474.51,1.00041
y_pred[3386],0.647861,0.00403494,0.359928,0.297436,0.015322,0.798462,0.999959,8074.49,7582.11,1.00033
y_pred[3387],0.781387,0.00331699,0.3018,0.0717638,0.0907525,0.951594,1.0,8258.8,7013.86,1.00014
y_pred[3388],0.384839,0.0014633,0.134218,0.141711,0.173839,0.380138,0.614705,8409.98,8110.01,0.999766
y_pred[3389],0.650295,0.00299505,0.273718,0.318089,0.139007,0.70206,0.990032,8398.05,7974.25,1.00046
y_pred[3390],0.74197,0.00390775,0.347347,0.0667504,0.0206425,0.954978,1.0,8283.36,8064.16,1.00034
y_pred[3391],0.670868,0.00418494,0.375295,0.18511,0.00592608,0.87514,0.999999,7966.93,8227.66,1.00036
y_pred[3392],0.77252,0.00313984,0.279299,0.138507,0.152768,0.906059,0.999974,7994.2,7669.87,1.00011
y_pred[3393],0.787566,0.00348727,0.306679,0.0490385,0.0769314,0.966924,1.0,7954.16,8095.54,0.999958
y_pred[3394],0.882025,0.00262462,0.235337,0.00311791,0.250678,0.997897,1.0,7896.34,8040.42,0.999848
y_pred[3395],0.555549,0.00153776,0.136594,0.141061,0.323745,0.557886,0.778406,7903.0,7891.04,0.999831
y_pred[3396],0.103848,0.00196112,0.174888,0.0250749,1.31613e-07,0.016914,0.511214,7862.52,8317.85,1.00004
y_pred[3397],0.141914,0.0031212,0.273921,0.00133167,1.98803e-16,0.0008982,0.879153,7753.6,7680.81,1.00002
y_pred[3398],0.107733,0.00275152,0.248835,6.71177e-05,4.39734e-22,4.52703e-05,0.823285,8266.49,7847.25,1.00029
y_pred[3399],0.161413,0.00283944,0.246536,0.0428508,2.11345e-07,0.0289046,0.763305,7827.65,7582.0,0.999855
y_pred[3400],0.18242,0.00330828,0.292244,0.0204421,6.02697e-10,0.013788,0.894922,7889.54,8020.87,0.999953
y_pred[3401],0.299542,0.00369015,0.332356,0.214856,2.22973e-05,0.145421,0.959614,8132.41,7762.03,0.999756
y_pred[3402],0.0668299,0.000764754,0.0670127,0.0502173,0.00223022,0.0462127,0.204402,7697.65,7952.33,0.999984
y_pred[3403],0.448906,0.00321611,0.287543,0.364353,0.034069,0.424462,0.929317,8035.61,7806.69,1.00085
y_pred[3404],0.540439,0.00438325,0.394753,0.573519,0.000668993,0.602314,0.999913,8232.37,7752.77,1.0001
y_pred[3405],0.46053,0.00470938,0.397874,0.590664,6.07548e-05,0.408308,0.999531,7540.38,7955.71,0.999908
y_pred[3406],0.578512,0.00373332,0.334291,0.446969,0.030774,0.635112,0.996198,8094.39,7970.82,0.999947
y_pred[3407],0.612732,0.00413433,0.36534,0.396902,0.00878572,0.726989,0.999888,7770.95,7917.84,1.00021
y_pred[3408],0.751068,0.00360046,0.317085,0.111901,0.0640831,0.924502,0.999998,8069.72,7345.67,0.999734
y_pred[3409],0.34413,0.00144743,0.129767,0.136054,0.14519,0.337823,0.569542,8067.7,7495.38,1.0001
y_pred[3410],0.600051,0.00319382,0.282411,0.345212,0.0998592,0.636873,0.980544,7893.13,8223.35,1.00004
y_pred[3411],0.692886,0.00425396,0.366704,0.147016,0.00703201,0.900836,1.0,7766.54,8003.36,1.00026
y_pred[3412],0.623479,0.0042998,0.387827,0.296716,0.00229927,0.799773,0.999995,8251.71,8142.78,1.0005
y_pred[3413],0.723786,0.00353425,0.300006,0.214182,0.0992722,0.852893,0.999859,7326.48,8009.46,0.999895
y_pred[3414],0.746953,0.00362967,0.327903,0.0968368,0.043837,0.934681,1.0,8098.45,7796.2,1.00026
y_pred[3415],0.849362,0.00293524,0.260841,0.0121165,0.188596,0.991828,1.0,7899.32,7592.13,1.00033
y_pred[3416],0.497226,0.00158402,0.137741,0.145811,0.275145,0.495911,0.723268,7639.93,8074.74,1.00037
y_pred[3417],0.787628,0.0026988,0.236478,0.164265,0.272033,0.882935,0.999471,8125.81,7250.93,1.00001
y_pred[3418],0.84543,0.00325824,0.285697,0.00345891,0.0888728,0.997667,1.0,8031.03,7649.93,1.00007
y_pred[3419],0.800316,0.00360687,0.318968,0.013445,0.0454321,0.990932,1.0,7653.8,7380.23,0.999905
y_pred[3420],0.867916,0.00261821,0.227228,0.0193754,0.291581,0.986931,1.0,8024.61,7848.28,0.9999
y_pred[3421],0.875022,0.00315043,0.250038,0.00156192,0.201105,0.998946,1.0,7344.84,7343.21,0.999888
y_pred[3422],0.935042,0.00203255,0.176418,1.63086e-05,0.513827,0.999989,1.0,7860.4,7876.34,0.999746
y_pred[3423],0.707778,0.0013892,0.124609,0.126882,0.482732,0.718098,0.891376,8024.81,7833.18,1.00008
y_pred[3424],0.545926,0.00321411,0.287925,0.367626,0.0696307,0.566941,0.964843,8045.32,7932.74,1.00008
y_pred[3425],0.637717,0.00426707,0.382145,0.276075,0.00373494,0.813713,0.999996,7708.06,7450.5,0.999888
y_pred[3426],0.569708,0.00442717,0.397074,0.467814,0.000846313,0.683106,0.999976,8137.01,8187.89,1.00038
y_pred[3427],0.67756,0.00350252,0.31432,0.305215,0.0711268,0.782711,0.999509,8254.46,8012.22,0.999942
y_pred[3428],0.700026,0.0038015,0.3466,0.174475,0.0249833,0.88227,0.999996,8353.41,7889.13,0.999863
y_pred[3429],0.815493,0.00326153,0.283529,0.0320271,0.130758,0.978398,1.0,7614.57,7483.97,0.999829
y_pred[3430],0.44136,0.00151469,0.135716,0.140084,0.221362,0.438092,0.67353,8035.89,7853.64,1.00002
y_pred[3431],0.537326,0.00316052,0.288346,0.370849,0.0655557,0.552958,0.965372,8193.63,7341.86,0.999961
y_pred[3432],0.62956,0.00460815,0.384371,0.279023,0.00375809,0.811724,0.999994,7459.13,7831.65,1.00039
y_pred[3433],0.552083,0.00432965,0.395673,0.54904,0.000617837,0.624414,0.999948,8209.89,7954.16,1.00047
y_pred[3434],0.664274,0.00358382,0.31656,0.324139,0.0633196,0.765382,0.999208,7458.69,7330.01,1.00012
y_pred[3435],0.70197,0.00397073,0.34325,0.175079,0.0293729,0.881823,0.999993,7686.45,7891.23,0.999989
y_pred[3436],0.817757,0.00312951,0.28024,0.0360687,0.133733,0.975672,1.0,8123.33,7621.24,1.00046
y_pred[3437],0.432373,0.00152108,0.134957,0.139883,0.218017,0.428385,0.658763,7905.55,7554.98,1.00007
y_pred[3438],0.0473942,0.00139964,0.121181,0.000383372,2.98279e-15,0.000258581,0.312088,7962.34,7695.36,1.00048
y_pred[3439],0.0677408,0.00227431,0.202457,5.75452e-08,3.99087e-35,3.88137e-08,0.59899,8162.64,7227.45,0.999935
y_pred[3440],0.0494302,0.00192095,0.172674,1.06356e-10,1.44305e-47,7.17362e-11,0.422964,8007.52,7393.88,0.999749
y_pred[3441],0.0787657,0.00206601,0.182583,0.000759442,6.32432e-15,0.000512237,0.534869,7935.23,7846.39,1.00075
y_pred[3442],0.0884305,0.00242773,0.213773,8.50628e-05,1.1584899999999999e-20,5.73741e-05,0.665003,8253.36,7847.58,1.00015
y_pred[3443],0.157256,0.0029945,0.265203,0.0162489,3.20305e-10,0.0109597,0.826904,7938.05,7489.16,1.00004
y_pred[3444],0.0300844,0.000514762,0.0459234,0.0162768,2.28561e-05,0.0112967,0.124166,8327.64,7751.93,1.00002
y_pred[3445],0.0611808,0.00154226,0.137951,0.00211755,4.26609e-12,0.00142827,0.366601,8373.35,7912.62,0.999882
y_pred[3446],0.0894912,0.00254216,0.226094,4.7927e-06,1.51347e-26,3.23263e-06,0.732965,7934.55,7886.89,1.00018
y_pred[3447],0.0700343,0.00230767,0.205884,3.54835e-08,1.84612e-36,2.39333e-08,0.627138,7043.31,7592.4,1.00044
y_pred[3448],0.10007,0.00223394,0.201701,0.00425174,1.15553e-11,0.00286776,0.601495,8089.34,7977.18,0.999877
y_pred[3449],0.110891,0.00259626,0.237396,0.000817586,3.25188e-16,0.000551454,0.763863,8189.2,7792.44,0.999843
y_pred[3450],0.201339,0.00328154,0.292703,0.0466008,4.57209e-08,0.031432,0.890083,8049.08,7625.5,0.999688
y_pred[3451],0.0404108,0.000616895,0.0532502,0.0266153,0.000183004,0.0195491,0.150323,7540.8,7177.5,1.00025
y_pred[3452],0.402102,0.00312934,0.282178,0.350456,0.0207444,0.368445,0.892976,8013.58,7807.15,0.99981
y_pred[3453],0.500846,0.00451296,0.396973,0.645202,0.000249526,0.510673,0.999743,7660.5,7807.79,0.999803
y_pred[3454],0.41942,0.00444067,0.39595,0.434752,1.81948e-05,0.294204,0.998874,7993.14,8102.4,0.99993
y_pred[3455],0.539724,0.00375117,0.333929,0.463235,0.0208422,0.566708,0.991552,7753.87,7453.68,1.00008
y_pred[3456],0.573054,0.00416096,0.372342,0.49858,0.0056501,0.645458,0.999724,7977.65,7509.03,1.00074
y_pred[3457],0.721238,0.0036206,0.32493,0.176446,0.0532734,0.880817,0.99999,7935.66,7942.39,1.00022
y_pred[3458],0.307744,0.00139841,0.12714,0.12802,0.118724,0.295836,0.535093,8241.02,7634.77,1.00005
y_pred[3459],0.198677,0.00260708,0.23232,0.141063,0.000298979,0.0985914,0.716785,8207.36,7851.81,1.00016
y_pred[3460],0.274694,0.00405602,0.355685,0.0808656,1.9757e-08,0.0545431,0.986464,7408.12,7607.77,1.00009
y_pred[3461],0.208932,0.00361605,0.324421,0.0198615,2.42076e-11,0.0133964,0.964347,7818.99,7639.88,1.00007
y_pred[3462],0.298751,0.00350452,0.307771,0.252405,0.000282862,0.176061,0.911785,7553.55,7782.02,0.999857
y_pred[3463],0.334464,0.0040397,0.355473,0.259338,1.57831e-05,0.175245,0.983555,7781.28,7957.44,0.999763
y_pred[3464],0.486018,0.00405366,0.364413,0.550729,0.00243553,0.471689,0.99562,8118.18,8140.12,0.999995
y_pred[3465],0.141028,0.00106031,0.0945031,0.0898189,0.0234706,0.121615,0.324575,8003.8,7639.15,1.00027
y_pred[3466],0.482367,0.00329053,0.286074,0.360874,0.0447787,0.479919,0.940476,7481.6,7859.02,1.00035
y_pred[3467],0.580427,0.00441485,0.390951,0.447337,0.00155969,0.696769,0.999975,7678.29,7516.81,1.00049
y_pred[3468],0.504867,0.00443119,0.39972,0.651225,0.000177847,0.512312,0.999821,8279.9,6982.75,1.00105
y_pred[3469],0.61871,0.00366264,0.32668,0.399094,0.0425839,0.691361,0.998132,7947.48,7805.32,1.00018
y_pred[3470],0.649889,0.00400897,0.358649,0.303018,0.0140813,0.794474,0.999953,8040.97,7939.07,1.00024
y_pred[3471],0.7846,0.00331342,0.297555,0.0735525,0.0994576,0.950387,1.0,7969.53,7778.89,0.999854
y_pred[3472],0.386571,0.00147886,0.135366,0.140364,0.174612,0.379482,0.622311,8412.71,7926.1,1.00021
y_pred[3473],0.652436,0.0032071,0.273605,0.311865,0.144243,0.710321,0.990159,7913.48,8214.0,1.0
y_pred[3474],0.741734,0.00395564,0.346828,0.0676066,0.0182513,0.9544,1.0,6953.95,7436.1,1.00041
y_pred[3475],0.670468,0.00427954,0.376664,0.177041,0.00613798,0.880583,1.0,7717.16,7889.53,1.00013
y_pred[3476],0.75881,0.00320375,0.288452,0.153834,0.13161,0.895664,0.999964,7923.89,7929.39,1.00014
y_pred[3477],0.78508,0.00352548,0.30942,0.0475233,0.0684299,0.967946,1.0,7756.23,7710.91,0.999778
y_pred[3478],0.881401,0.00267765,0.234689,0.00292665,0.257712,0.998026,1.0,7948.13,7366.7,0.99994
y_pred[3479],0.555513,0.00152902,0.136733,0.143746,0.326863,0.558874,0.777254,7994.79,7587.89,1.00038
y_pred[3480],0.102336,0.00194932,0.175333,0.0218724,1.44087e-07,0.0147535,0.511599,8181.6,8100.56,1.00093
y_pred[3481],0.137291,0.0030729,0.274143,0.000936687,4.20366e-16,0.000631787,0.896683,8099.75,7659.57,1.00007
y_pred[3482],0.102189,0.00270454,0.239078,4.59335e-05,7.33595e-22,3.09817e-05,0.780157,8064.97,7640.82,0.999782
y_pred[3483],0.155658,0.00268952,0.240942,0.0390819,1.72541e-07,0.026362,0.735365,8047.38,8014.22,0.999944
y_pred[3484],0.18183,0.00321242,0.290135,0.022627,6.63369e-10,0.0152617,0.892565,8247.84,7682.85,1.00025
y_pred[3485],0.3001,0.00365158,0.332657,0.217631,2.45302e-05,0.147298,0.956699,8310.62,7889.68,1.00014
y_pred[3486],0.068115,0.000754341,0.0674553,0.0511192,0.00233388,0.0475283,0.206884,8027.72,8140.08,1.00007
y_pred[3487],0.442496,0.00318389,0.286886,0.36038,0.0304366,0.41689,0.926953,8261.76,7867.42,0.999758
y_pred[3488],0.53599,0.00446487,0.394865,0.586706,0.00068966,0.590464,0.999874,7929.04,7480.04,1.00013
y_pred[3489],0.472886,0.00448043,0.40133,0.623151,8.04648e-05,0.43564,0.999482,7574.1,7707.95,1.00015
y_pred[3490],0.577556,0.00383898,0.333754,0.442005,0.0310366,0.633396,0.995482,7405.46,7522.51,1.00013
y_pred[3491],0.610124,0.00403089,0.36494,0.408039,0.00904689,0.718589,0.999879,8276.28,7930.24,1.00007
y_pred[3492],0.754117,0.00349522,0.311614,0.116951,0.0728609,0.921099,0.999998,8090.4,7953.27,0.999804
y_pred[3493],0.346703,0.00141682,0.129867,0.13402,0.147957,0.339425,0.571892,8492.12,7543.67,0.999854
y_pred[3494],0.601417,0.00316159,0.281838,0.348627,0.105575,0.63816,0.981775,7988.61,7540.11,1.00012
y_pred[3495],0.686063,0.00427105,0.368826,0.151107,0.00871481,0.898079,1.0,7785.02,8037.13,1.00028
y_pred[3496],0.625011,0.0043794,0.387089,0.303943,0.00255864,0.794913,0.999995,7811.13,7767.55,1.00018
y_pred[3497],0.725906,0.00332559,0.297814,0.218474,0.101586,0.849464,0.999881,7942.4,7974.53,1.00015
y_pred[3498],0.749558,0.00359134,0.323971,0.0978531,0.0554161,0.933996,1.0,8226.85,8135.06,1.00035
y_pred[3499],0.854223,0.00294789,0.255445,0.0111002,0.203109,0.992513,1.0,8083.69,7601.22,0.999895
y_pred[3500],0.499144,0.00152068,0.137496,0.144313,0.270807,0.500547,0.726824,8206.75,7991.48,1.0002
y_pred[3501],0.785229,0.00267564,0.23742,0.167564,0.27014,0.879479,0.999425,7820.4,7888.07,1.00031
y_pred[3502],0.842883,0.00325632,0.287748,0.00280582,0.0916835,0.998107,1.0,8003.48,7601.07,0.999879
y_pred[3503],0.796994,0.00363826,0.320939,0.0125391,0.0399175,0.991542,1.0,7842.2,7819.9,1.00043
y_pred[3504],0.864512,0.00251889,0.228275,0.0208898,0.297689,0.98591,1.0,8076.31,8057.1,1.00025
y_pred[3505],0.880863,0.00273265,0.240633,0.00176133,0.229763,0.998812,1.0,8053.11,7770.74,0.99993
y_pred[3506],0.932122,0.00210334,0.18438,1.4826e-05,0.48784,0.99999,1.0,7777.25,7540.93,0.999965
y_pred[3507],0.708458,0.00138002,0.125045,0.129033,0.482512,0.719182,0.891876,8201.52,8068.75,1.0008
y_pred[3508],0.539246,0.00331418,0.287888,0.364506,0.0632649,0.558596,0.964523,7747.92,8021.43,1.00039
y_pred[3509],0.642068,0.00413869,0.376178,0.280933,0.00464968,0.810412,0.999995,8145.45,7645.13,0.999941
y_pred[3510],0.558862,0.0045108,0.396749,0.520913,0.000734102,0.64523,0.99996,7803.28,7929.69,1.00049
y_pred[3511],0.669947,0.00351198,0.316767,0.312482,0.0642039,0.775681,0.9993,8218.0,7743.03,0.999941
y_pred[3512],0.705906,0.00377134,0.343601,0.168869,0.02983,0.886034,0.999995,8408.39,7771.04,0.999781
y_pred[3513],0.820869,0.00313037,0.279495,0.0293636,0.131633,0.980195,1.0,7996.27,8034.23,0.99967
y_pred[3514],0.439105,0.001513,0.137957,0.145613,0.215724,0.435909,0.67026,8325.53,7999.4,1.00105
y_pred[3515],0.533406,0.00321461,0.285265,0.362995,0.0668888,0.551323,0.959459,7853.74,7998.99,1.00041
y_pred[3516],0.621712,0.00424323,0.38639,0.320912,0.00324982,0.783409,0.999995,8257.47,7816.72,0.999992
y_pred[3517],0.542459,0.00452429,0.399669,0.561726,0.000483049,0.614995,0.999941,7612.23,8015.54,0.999757
y_pred[3518],0.662908,0.00357915,0.318694,0.325928,0.060119,0.764328,0.999053,7797.84,7141.91,1.00014
y_pred[3519],0.689655,0.00391147,0.348705,0.205655,0.0230494,0.861075,0.999991,8073.42,7706.53,0.999743
y_pred[3520],0.816795,0.003194,0.281723,0.0323741,0.129271,0.978164,1.0,7761.35,7740.15,1.00031
y_pred[3521],0.426357,0.00155247,0.136126,0.142235,0.205964,0.423487,0.652745,7796.39,7344.13,1.00011
y_pred[3522],0.0475629,0.00138752,0.12486,0.000297427,1.1562e-15,0.000200612,0.320779,8092.82,8011.07,1.00046
y_pred[3523],0.0683145,0.00226096,0.199879,1.06951e-07,5.63623e-35,7.21374e-08,0.598625,7868.42,7707.84,1.00032
y_pred[3524],0.049233,0.00194321,0.172519,6.3784e-11,2.90548e-47,4.30217e-11,0.402388,8041.32,7809.29,1.00041
y_pred[3525],0.0740503,0.00201703,0.174991,0.000746946,5.299e-15,0.000503809,0.502694,8092.11,7545.54,0.999885
y_pred[3526],0.087712,0.00246715,0.2108,0.000115494,1.36349e-20,7.78993e-05,0.651765,7985.34,7626.74,0.999828
y_pred[3527],0.156596,0.00295965,0.266178,0.0162817,3.70129e-10,0.0109819,0.839103,8181.64,7843.86,1.00022
y_pred[3528],0.0309223,0.000516852,0.0472396,0.0165458,3.27774e-05,0.0115505,0.125968,8279.47,8129.66,0.999951
y_pred[3529],0.0617623,0.00156698,0.141016,0.00184757,4.92656e-12,0.00124617,0.385604,7750.99,7700.38,1.00033
y_pred[3530],0.0866761,0.0025524,0.225195,3.73514e-06,6.12341e-26,2.51932e-06,0.724946,8294.74,7663.23,1.00023
y_pred[3531],0.066503,0.00217274,0.199658,2.49579e-08,3.81055e-37,1.68339e-08,0.607022,7774.35,7926.72,0.999969
y_pred[3532],0.100496,0.00227551,0.202868,0.00406858,7.95569e-12,0.00274422,0.626007,8263.67,7848.54,1.00018
y_pred[3533],0.118227,0.00272643,0.244107,0.000983984,9.17783e-16,0.000663688,0.787039,8346.74,7968.71,1.00032
y_pred[3534],0.195773,0.0032933,0.289396,0.0470269,6.11389e-08,0.0317195,0.88974,7961.99,7356.99,1.00023
y_pred[3535],0.0400919,0.000592318,0.0526781,0.0269256,0.000169197,0.0198084,0.148949,7979.72,7972.43,0.99979
y_pred[3536],0.403837,0.0031338,0.282936,0.348773,0.0179354,0.366877,0.899774,8111.2,7376.26,1.00032
y_pred[3537],0.494445,0.00441336,0.39805,0.652026,0.000198448,0.491608,0.99972,8292.85,7689.16,0.999995
y_pred[3538],0.415931,0.00449518,0.395776,0.427455,1.40015e-05,0.289002,0.998888,7661.64,7415.36,0.999885
y_pred[3539],0.53246,0.00366161,0.333171,0.465097,0.0179178,0.552704,0.991985,8184.17,7780.6,1.00023
y_pred[3540],0.573885,0.0043527,0.370486,0.49238,0.00533231,0.648986,0.999626,7476.18,7548.47,1.00001
y_pred[3541],0.716534,0.00364367,0.329387,0.17409,0.0445356,0.882459,0.999994,8108.3,8101.51,0.99986
y_pred[3542],0.310311,0.00142899,0.128807,0.134175,0.116919,0.301601,0.537899,8095.2,7750.38,1.00002
y_pred[3543],0.201854,0.00272453,0.23339,0.14823,0.000322522,0.104409,0.715224,7627.98,7930.2,1.00036
y_pred[3544],0.271358,0.00403926,0.353215,0.0818812,1.93986e-08,0.0552282,0.985068,7765.07,7691.92,0.999986
y_pred[3545],0.208049,0.00361147,0.322957,0.0180555,1.91605e-11,0.0121783,0.95901,8075.65,7876.06,1.00021
y_pred[3546],0.30058,0.00345704,0.307813,0.262921,0.000308789,0.184214,0.919737,7787.1,7473.54,1.00024
y_pred[3547],0.329082,0.00398896,0.352775,0.250246,1.56919e-05,0.169247,0.977845,7781.9,8042.24,0.99988
y_pred[3548],0.48614,0.00401893,0.362641,0.545753,0.00254301,0.477716,0.995908,8198.98,7969.08,1.00004
y_pred[3549],0.141963,0.00107077,0.0959548,0.0905963,0.0235238,0.122398,0.328702,8167.11,7715.23,0.999905
y_pred[3550],0.487452,0.00325257,0.28656,0.365516,0.0447791,0.483947,0.945398,7928.3,8056.89,1.00014
y_pred[3551],0.57723,0.00437297,0.392144,0.463307,0.00151648,0.68564,0.999968,8023.95,7889.42,1.00038
y_pred[3552],0.504914,0.00443434,0.399503,0.651368,0.000186418,0.502768,0.999847,8215.89,8099.72,0.999969
y_pred[3553],0.623631,0.00370247,0.326391,0.383815,0.0452515,0.706703,0.997784,7756.13,8105.74,0.999927
y_pred[3554],0.651472,0.00404414,0.359071,0.300699,0.0151596,0.796072,0.99997,7883.75,7255.75,0.999734
y_pred[3555],0.773365,0.00344041,0.305869,0.0794436,0.0857369,0.946413,1.0,8085.1,7848.58,0.999966
y_pred[3556],0.383319,0.00146332,0.131099,0.136854,0.179434,0.378814,0.609738,8080.24,7650.25,1.00002
y_pred[3557],0.657494,0.0030131,0.271981,0.313441,0.149901,0.714084,0.98994,8165.35,7712.18,1.0002
y_pred[3558],0.735187,0.0040169,0.352076,0.0686095,0.0164875,0.953723,1.0,7706.99,7988.55,1.00001
y_pred[3559],0.670531,0.00425041,0.375117,0.187932,0.00445293,0.873236,0.999999,7755.12,7687.21,1.00007
y_pred[3560],0.761832,0.00316943,0.286363,0.151917,0.132595,0.896919,0.999966,8189.32,7725.88,0.999992
y_pred[3561],0.790732,0.00346739,0.307674,0.0435662,0.0757923,0.970615,1.0,8027.43,7993.96,1.00025
y_pred[3562],0.880883,0.00264463,0.236703,0.00326024,0.250573,0.997801,1.0,8134.35,7033.77,1.00019
y_pred[3563],0.558433,0.00149054,0.137294,0.142998,0.326794,0.562245,0.780314,8487.2,8232.77,0.999915
y_pred[3564],0.10206,0.00204172,0.177775,0.0221647,8.66346e-08,0.0149506,0.526778,8065.37,7863.89,1.00023
y_pred[3565],0.14183,0.00315671,0.276014,0.0011919,2.4227e-16,0.000803924,0.89192,8119.43,7847.94,1.00003
y_pred[3566],0.108627,0.00290055,0.250189,6.21855e-05,2.03397e-22,4.19435e-05,0.827571,7993.28,7278.84,1.0001
y_pred[3567],0.162655,0.00285272,0.248232,0.045124,2.55828e-07,0.0304384,0.769441,7588.75,7246.98,1.00018
y_pred[3568],0.178777,0.00321728,0.286329,0.022116,7.50398e-10,0.0149171,0.883144,7893.74,7877.12,0.999761
y_pred[3569],0.293916,0.00365557,0.331649,0.201019,2.10323e-05,0.135918,0.954856,8307.62,8001.18,1.00007
y_pred[3570],0.0672373,0.000753944,0.0663849,0.0511133,0.00223852,0.0465046,0.203446,7876.94,7690.84,1.00017
y_pred[3571],0.445281,0.00306819,0.283066,0.355934,0.0322495,0.424912,0.921496,8520.86,7919.79,1.00011
y_pred[3572],0.538801,0.00439707,0.396602,0.579963,0.000569184,0.596145,0.999897,8184.35,8129.22,1.00005
y_pred[3573],0.464597,0.00449501,0.39886,0.594686,7.65592e-05,0.4122,0.999513,7650.49,7241.28,0.999851
y_pred[3574],0.579741,0.00372563,0.331085,0.444148,0.0322396,0.625613,0.996047,8018.99,8057.0,1.00033
y_pred[3575],0.603237,0.00415696,0.367305,0.419711,0.00909745,0.710761,0.999871,7778.84,7888.59,1.00098
y_pred[3576],0.750366,0.00354315,0.316395,0.116839,0.0663316,0.921163,0.999998,8059.81,7896.5,1.00018
y_pred[3577],0.345758,0.00144518,0.131454,0.136532,0.143148,0.337121,0.573269,8304.39,7825.24,0.999797
y_pred[3578],0.591143,0.00326702,0.286076,0.358524,0.0985004,0.621905,0.983009,7809.59,7472.73,1.00021
y_pred[3579],0.684713,0.00402436,0.370074,0.156175,0.00893118,0.894657,1.0,8544.28,7985.04,1.00018
y_pred[3580],0.622654,0.00446208,0.388126,0.309464,0.00221839,0.791181,0.999997,7451.44,7567.13,1.00055
y_pred[3581],0.72653,0.00333594,0.298063,0.213612,0.104924,0.853486,0.999876,8107.23,7681.91,0.999868
y_pred[3582],0.747684,0.00365289,0.32638,0.100419,0.0485591,0.932264,1.0,7871.18,7449.94,1.0003
y_pred[3583],0.856217,0.00289888,0.252999,0.010992,0.220032,0.992586,1.0,7408.35,7915.35,1.00051
y_pred[3584],0.500433,0.00149661,0.136674,0.142456,0.274671,0.500014,0.72685,8278.59,7849.35,1.00033
y_pred[3585],0.782326,0.00263852,0.234115,0.178149,0.285859,0.871269,0.999359,7758.49,7534.64,0.999947
y_pred[3586],0.846975,0.00325672,0.285846,0.00290515,0.0793174,0.99804,1.0,7774.44,7273.49,0.999802
y_pred[3587],0.797911,0.0036615,0.319826,0.0150439,0.0399611,0.989853,1.0,7779.82,7960.64,1.00012
y_pred[3588],0.864414,0.00254595,0.228936,0.0204695,0.291761,0.986193,1.0,8068.29,7922.05,0.999959
y_pred[3589],0.881316,0.00269688,0.243572,0.00175614,0.219822,0.998815,1.0,8197.96,8103.2,0.999773
y_pred[3590],0.936089,0.00197361,0.178218,1.03782e-05,0.503337,0.999993,1.0,8100.61,7792.11,0.999941
y_pred[3591],0.709286,0.00143913,0.124498,0.131536,0.488592,0.719496,0.892538,7596.76,7973.4,1.00125
y_pred[3592],0.543207,0.00320635,0.284176,0.357094,0.0731201,0.560967,0.962777,7702.62,7387.46,1.00049
y_pred[3593],0.639159,0.0041858,0.379404,0.278816,0.00405793,0.811843,0.999995,8200.69,7549.43,1.00039
y_pred[3594],0.558771,0.00444252,0.394739,0.514049,0.000668467,0.649639,0.999942,7960.67,7857.81,0.999882
y_pred[3595],0.670864,0.00352162,0.316059,0.315279,0.0703271,0.77448,0.999231,8174.14,8007.74,1.00112
y_pred[3596],0.694217,0.00398064,0.347277,0.196081,0.0277315,0.867664,0.999995,7414.83,7478.33,0.99997
y_pred[3597],0.824686,0.00315123,0.273449,0.0288188,0.166032,0.980562,1.0,7733.77,7518.3,1.00026
y_pred[3598],0.440466,0.00150089,0.136504,0.142189,0.220964,0.438226,0.673326,8269.84,7807.91,1.00039
y_pred[3599],0.531426,0.00318114,0.28698,0.365902,0.0642576,0.545564,0.961079,8095.24,8114.2,0.999869
y_pred[3600],0.633802,0.0043341,0.381873,0.280146,0.00372288,0.810947,0.999995,7758.61,8055.83,1.00015
y_pred[3601],0.554754,0.0045287,0.397044,0.531039,0.000588169,0.637736,0.999966,7739.04,7544.63,1.00023
y_pred[3602],0.662917,0.00354734,0.316419,0.329028,0.065102,0.761769,0.99915,7985.56,7604.76,0.999947
y_pred[3603],0.691403,0.00407735,0.351819,0.1921,0.0219025,0.870319,0.999993,7364.23,6927.45,1.00016
y_pred[3604],0.814526,0.00316864,0.281012,0.0350264,0.135598,0.976375,1.0,8008.79,8054.93,0.999962
y_pred[3605],0.430914,0.00149829,0.136489,0.143665,0.213835,0.425033,0.664986,8296.38,7352.95,1.00022
y_pred[3606],0.0456547,0.00138271,0.12061,0.00028635,1.44976e-15,0.000193141,0.299809,8079.18,7790.31,0.999975
y_pred[3607],0.0673531,0.00223044,0.199196,1.12736e-07,2.8544000000000003e-35,7.60391e-08,0.591112,8323.49,7631.57,1.00027
y_pred[3608],0.047296,0.00193188,0.166796,3.19978e-11,2.18509e-50,2.15822e-11,0.397305,7795.17,7455.2,1.00033
y_pred[3609],0.0768511,0.00195744,0.177851,0.00078418,7.77615e-15,0.000528922,0.505394,8190.18,7989.76,1.0002
y_pred[3610],0.0849104,0.00230829,0.208012,9.01124e-05,2.17523e-20,6.078e-05,0.636996,8067.77,7833.63,1.00048
y_pred[3611],0.157521,0.00298395,0.267605,0.0137122,1.24963e-10,0.00924875,0.837156,8156.85,8101.43,0.999741
y_pred[3612],0.0311358,0.000532983,0.0473375,0.0160845,2.69021e-05,0.011102,0.130522,8140.37,7559.78,0.999824
y_pred[3613],0.0613815,0.00156402,0.137374,0.00213637,3.30323e-12,0.00144096,0.372085,7876.96,7326.43,1.00036
y_pred[3614],0.0864053,0.00253564,0.221943,5.11361e-06,9.09126e-27,3.44908e-06,0.719134,7862.03,7915.46,1.00012
y_pred[3615],0.0639776,0.00217511,0.194663,3.55206e-08,1.41865e-36,2.39584e-08,0.565783,8341.56,7670.47,0.999818
y_pred[3616],0.0998431,0.00221954,0.200275,0.00427657,7.857e-12,0.00288451,0.609093,8116.83,8055.13,1.00116
y_pred[3617],0.106805,0.00259221,0.230884,0.000808732,7.57e-16,0.000545482,0.731617,7830.15,7335.51,0.999985
y_pred[3618],0.194272,0.00328694,0.289628,0.0444246,4.26941e-08,0.0299642,0.888459,7607.76,7246.45,0.999976
y_pred[3619],0.0407436,0.000607247,0.0532304,0.0274573,0.000177637,0.020278,0.152114,7454.64,7667.82,0.999879
y_pred[3620],0.403781,0.00306051,0.281799,0.345901,0.0214383,0.3694,0.899167,8504.23,8099.73,0.999976
y_pred[3621],0.492894,0.00441835,0.395977,0.644942,0.000329554,0.481882,0.999689,8201.18,7861.89,1.00002
y_pred[3622],0.422226,0.00442369,0.393978,0.464241,1.78885e-05,0.314555,0.99878,8001.72,7780.68,0.99995
y_pred[3623],0.535017,0.00376625,0.335181,0.472366,0.0186138,0.554581,0.992247,7849.97,7466.54,1.00036
y_pred[3624],0.571806,0.00412547,0.373352,0.490007,0.00585786,0.655014,0.999658,8143.84,6721.17,0.99993
y_pred[3625],0.722481,0.00381617,0.326357,0.170236,0.0479185,0.884983,0.999992,7848.97,7932.63,1.00013
y_pred[3626],0.309639,0.00135197,0.125246,0.128975,0.124594,0.299509,0.533374,8530.35,7889.07,1.00017
y_pred[3627],0.20011,0.00260409,0.229982,0.148094,0.000358041,0.104198,0.702066,7643.93,7642.47,1.00001
y_pred[3628],0.278615,0.00406666,0.358658,0.0828816,1.90177e-08,0.0559029,0.984888,7576.8,7807.47,1.0003
y_pred[3629],0.210349,0.00361407,0.325772,0.0181758,5.37033e-11,0.0122594,0.963304,8043.34,8002.28,1.00009
y_pred[3630],0.29342,0.00337817,0.304121,0.247073,0.000297688,0.173139,0.910977,8024.39,7628.69,1.00018
y_pred[3631],0.325339,0.00399413,0.353114,0.232805,1.57773e-05,0.157303,0.978251,7751.29,7596.54,1.00011
y_pred[3632],0.493049,0.00407365,0.366176,0.558673,0.0021092,0.484075,0.996188,7971.08,7857.3,1.00015
y_pred[3633],0.142039,0.00106333,0.0953117,0.088499,0.0234094,0.124342,0.328433,8116.9,8228.63,1.00081
y_pred[3634],0.486315,0.00313173,0.286788,0.367422,0.0447889,0.482401,0.943542,8427.53,7323.77,1.00017
y_pred[3635],0.589051,0.00435951,0.388248,0.425324,0.00164177,0.711846,0.999969,7975.26,7976.49,1.00014
y_pred[3636],0.501011,0.0045677,0.402066,0.658486,0.000228425,0.50317,0.999868,7665.19,7736.5,1.00067
y_pred[3637],0.624088,0.00366212,0.324629,0.382098,0.0425016,0.705121,0.997859,7984.01,7856.03,1.00003
y_pred[3638],0.64666,0.00417325,0.359688,0.312431,0.0144355,0.787768,0.999956,7125.69,7381.56,1.00008
y_pred[3639],0.779379,0.00336182,0.301658,0.0730003,0.0866861,0.950761,1.0,8157.78,7688.04,1.00042
y_pred[3640],0.383389,0.00148802,0.133579,0.138668,0.178722,0.375389,0.612572,8121.3,7180.74,1.00005
y_pred[3641],0.652502,0.00311304,0.274772,0.311978,0.134406,0.709652,0.990021,7812.35,8096.37,1.00062
y_pred[3642],0.731413,0.00390352,0.352851,0.075901,0.016469,0.948805,1.0,8350.64,7740.64,1.00032
y_pred[3643],0.674901,0.00421002,0.372569,0.182874,0.00791708,0.876647,1.0,7894.31,7601.88,1.00027
y_pred[3644],0.764748,0.0031452,0.284233,0.144624,0.131942,0.901992,0.999972,8137.66,7622.69,1.00007
y_pred[3645],0.785354,0.00346174,0.309576,0.0488065,0.0702428,0.967081,1.0,7923.77,7970.56,0.999754
y_pred[3646],0.88084,0.00263361,0.234322,0.003195,0.260926,0.997845,1.0,7975.15,8058.57,1.00025
y_pred[3647],0.55569,0.00148743,0.135184,0.141989,0.324494,0.56041,0.770954,8277.11,7830.33,1.00057
y_pred[3648],0.100568,0.0019158,0.172684,0.0234605,1.78988e-07,0.0158252,0.510124,8024.07,8056.0,0.999959
y_pred[3649],0.138394,0.00321638,0.27313,0.0011203,2.62857e-16,0.000755634,0.889323,7777.36,7420.96,0.999959
y_pred[3650],0.115148,0.00287931,0.258335,7.17038e-05,2.7909499999999998e-22,4.83635e-05,0.860462,8397.31,8101.39,0.999869
y_pred[3651],0.16484,0.00282852,0.250724,0.0442823,2.21378e-07,0.0298693,0.767218,7667.78,7825.21,1.00004
y_pred[3652],0.177613,0.00329247,0.28552,0.0215177,7.08984e-10,0.0145135,0.881049,7944.55,7656.71,1.00004
y_pred[3653],0.301737,0.00363598,0.333739,0.218587,1.93409e-05,0.147837,0.958786,8473.0,7818.62,0.999848
y_pred[3654],0.0677889,0.000761752,0.0678341,0.0498037,0.002459,0.0463647,0.2071,7989.56,7856.67,1.00029
y_pred[3655],0.438994,0.00318513,0.284465,0.359179,0.0334794,0.416988,0.922328,8077.12,8126.9,0.999842
y_pred[3656],0.541168,0.00442352,0.39628,0.566773,0.000708051,0.609361,0.999904,8011.93,7615.19,1.00043
y_pred[3657],0.466773,0.0044114,0.399407,0.604458,6.56487e-05,0.420995,0.999559,8314.1,7496.99,0.999874
y_pred[3658],0.57975,0.00366576,0.3332,0.447644,0.0304176,0.631813,0.995433,8188.29,8101.28,0.999785
y_pred[3659],0.610833,0.00416593,0.367994,0.390027,0.00921204,0.732735,0.999887,7808.5,7641.14,0.999861
y_pred[3660],0.758331,0.00344835,0.309475,0.109671,0.073929,0.926014,0.999999,7831.34,8106.72,1.00028
y_pred[3661],0.343956,0.00139377,0.128698,0.134442,0.149084,0.333843,0.570384,8547.0,8188.68,1.00029
y_pred[3662],0.603308,0.00327775,0.28247,0.342986,0.104474,0.642035,0.980924,7645.23,7885.96,0.999894
y_pred[3663],0.687219,0.00419529,0.365911,0.167533,0.00832999,0.886996,1.0,7859.84,7767.46,1.00028
y_pred[3664],0.620898,0.00447319,0.389591,0.310244,0.00159497,0.79066,0.999996,7771.42,8144.44,1.00008
y_pred[3665],0.723163,0.00335603,0.299916,0.216319,0.10231,0.851394,0.999846,8118.0,7672.15,0.999711
y_pred[3666],0.756055,0.00368472,0.323413,0.0873896,0.052579,0.941053,1.0,7864.5,7964.78,1.00007
y_pred[3667],0.852017,0.00294567,0.259357,0.0106199,0.193564,0.992837,1.0,7769.54,7988.96,1.00015
y_pred[3668],0.50041,0.00145491,0.135809,0.139515,0.277214,0.49888,0.727397,8707.17,8230.1,1.00015
y_pred[3669],0.781966,0.00270447,0.238537,0.176469,0.268528,0.874225,0.999468,7656.74,7977.02,0.999975
y_pred[3670],0.847741,0.00315517,0.284545,0.00272279,0.0869302,0.998163,1.0,8081.0,8303.02,0.999781
y_pred[3671],0.793688,0.00365042,0.324569,0.0153368,0.0361229,0.989656,1.0,8039.95,8184.77,1.00016
y_pred[3672],0.862244,0.00261463,0.231042,0.0214021,0.293672,0.985564,1.0,7750.2,7794.18,1.00014
y_pred[3673],0.87811,0.00270558,0.245144,0.00201411,0.214324,0.998641,1.0,8206.56,7995.13,1.00019
y_pred[3674],0.930519,0.00209625,0.188189,1.33434e-05,0.449162,0.999991,1.0,7818.7,8094.17,1.00029
y_pred[3675],0.708415,0.00137009,0.124799,0.127392,0.485515,0.719934,0.893349,8292.84,7743.39,1.00049
y_pred[3676],0.548951,0.00320415,0.287762,0.36703,0.0705665,0.565053,0.969453,8085.74,7997.11,1.00091
y_pred[3677],0.6443,0.00427217,0.379654,0.260481,0.00426438,0.824252,0.999997,8043.95,7806.31,1.00045
y_pred[3678],0.561297,0.00436468,0.397216,0.504946,0.000660694,0.656926,0.999962,8330.11,7265.08,1.001
y_pred[3679],0.670349,0.00347931,0.316126,0.313806,0.0678069,0.774684,0.999245,8201.88,7845.36,1.0
y_pred[3680],0.70395,0.00383599,0.341225,0.180043,0.0289504,0.878475,0.999994,7975.17,8096.17,1.00014
y_pred[3681],0.821667,0.00317226,0.279853,0.0301969,0.133611,0.979633,1.0,7708.56,7652.59,1.00014
y_pred[3682],0.441049,0.00155772,0.136529,0.141966,0.220206,0.438048,0.66815,7796.91,7714.77,1.00002
y_pred[3683],0.5306,0.00325043,0.289824,0.3686,0.0654388,0.54347,0.961163,8040.93,7973.3,1.00026
y_pred[3684],0.624431,0.00426642,0.383789,0.314227,0.00393379,0.787897,0.999995,7944.87,7788.05,1.00029
y_pred[3685],0.545998,0.00445185,0.399491,0.565312,0.00055098,0.613026,0.999958,8114.19,7927.27,0.999754
y_pred[3686],0.670555,0.00353674,0.314776,0.312919,0.0662472,0.773479,0.999209,7835.37,7969.46,1.00009
y_pred[3687],0.691046,0.00390834,0.3485,0.202726,0.025942,0.86312,0.999992,7986.62,7710.46,0.999729
y_pred[3688],0.81157,0.00311825,0.286082,0.0333652,0.120189,0.977495,1.0,8241.36,7382.11,1.00015
y_pred[3689],0.430722,0.00154469,0.137783,0.145591,0.210863,0.427509,0.664241,7992.84,7755.53,0.999838
y_pred[3690],0.0445609,0.00136942,0.119778,0.000254152,1.15699e-15,0.000171423,0.294916,8122.17,7552.69,1.00012
y_pred[3691],0.0670083,0.00221281,0.199218,6.63925e-08,1.16433e-35,4.47811e-08,0.603345,7894.66,7847.07,0.999976
y_pred[3692],0.0500113,0.00199855,0.174161,4.31568e-11,1.6447899999999999e-49,2.91088e-11,0.407468,7367.28,7792.68,1.00007
y_pred[3693],0.0781958,0.00207837,0.180099,0.000754322,5.87185e-15,0.000508783,0.519143,7242.35,7602.42,0.999845
y_pred[3694],0.0874981,0.00233547,0.212252,8.83736e-05,7.89886e-20,5.96072e-05,0.650555,8225.09,8050.05,1.00038
y_pred[3695],0.156847,0.00297771,0.266856,0.0133978,2.0394e-10,0.00903667,0.833354,8270.19,7847.43,0.999939
y_pred[3696],0.0302161,0.000518226,0.0459813,0.016124,2.76059e-05,0.0111851,0.125768,7604.95,7732.41,0.99992
y_pred[3697],0.0604502,0.00151541,0.136236,0.00183378,2.14382e-12,0.00123687,0.370713,7998.33,7887.66,0.999925
y_pred[3698],0.0845533,0.00241686,0.218103,5.08222e-06,1.9447e-26,3.42791e-06,0.687733,8365.88,7501.38,1.00029
y_pred[3699],0.0628868,0.00221027,0.192681,3.60137e-08,4.28286e-36,2.42909e-08,0.568299,7369.87,7231.54,1.00073
y_pred[3700],0.101176,0.00231341,0.205089,0.00374617,5.6913e-12,0.00252676,0.620878,7993.2,7768.91,0.999905
y_pred[3701],0.112814,0.00263029,0.237242,0.000860849,1.54744e-15,0.000580635,0.760001,8238.0,7813.79,1.00016
y_pred[3702],0.198837,0.00322902,0.288694,0.0493941,6.25974e-08,0.0333161,0.874379,8239.74,7570.53,0.999956
y_pred[3703],0.0405153,0.000595284,0.0537223,0.0269815,0.000143044,0.0199708,0.15035,8219.45,7903.25,1.00039
y_pred[3704],0.407676,0.00328399,0.282843,0.350231,0.0187794,0.377333,0.900175,7562.19,8000.25,1.00014
y_pred[3705],0.501374,0.00447937,0.397001,0.644956,0.000181329,0.50483,0.999692,7781.79,7971.5,1.00001
y_pred[3706],0.429357,0.00449688,0.396402,0.482351,2.72985e-05,0.327156,0.999003,8031.64,8143.98,1.0005
y_pred[3707],0.541214,0.00370349,0.332151,0.458988,0.0220305,0.563538,0.991354,8036.02,7655.17,1.00014
y_pred[3708],0.568885,0.0041733,0.372993,0.51254,0.0049069,0.637252,0.999707,7749.27,7880.03,1.0003
y_pred[3709],0.717317,0.00367121,0.327978,0.181777,0.0470917,0.877237,0.999993,8085.44,7820.46,1.00006
y_pred[3710],0.307653,0.00140464,0.126126,0.128124,0.121895,0.295976,0.536494,8075.61,8056.0,1.00067
y_pred[3711],0.191884,0.00255058,0.227397,0.137017,0.000221378,0.0955432,0.696164,8002.68,7757.75,1.00029
y_pred[3712],0.267856,0.00385428,0.350348,0.0770368,1.26845e-08,0.0519606,0.979711,8236.1,7872.05,1.00055
y_pred[3713],0.217478,0.00369373,0.328971,0.0228263,2.89135e-11,0.0153962,0.971629,7345.89,7696.68,0.999878
y_pred[3714],0.296813,0.00338419,0.306179,0.255467,0.000379752,0.179579,0.910546,8237.48,7968.43,1.00023
y_pred[3715],0.330101,0.00399218,0.35439,0.246636,1.94372e-05,0.166682,0.98298,7906.94,7805.27,1.00069
y_pred[3716],0.483216,0.00402451,0.362714,0.544651,0.0026386,0.464283,0.995411,8016.17,7386.84,0.999906
y_pred[3717],0.142101,0.00106247,0.0953619,0.0894025,0.0227684,0.122494,0.327246,8040.79,7930.9,1.00005
y_pred[3718],0.484546,0.00329913,0.289189,0.375093,0.0422014,0.484002,0.944341,7890.32,7436.58,0.999998
y_pred[3719],0.57902,0.00439107,0.392628,0.450071,0.00115303,0.69457,0.999966,7879.82,7687.4,0.999829
y_pred[3720],0.503793,0.00474313,0.400408,0.651695,0.000208729,0.511267,0.999833,7409.06,7604.15,1.00025
y_pred[3721],0.6127,0.00360085,0.326122,0.404053,0.0455056,0.683383,0.997536,8264.18,7570.55,1.00038
y_pred[3722],0.64614,0.00406058,0.361001,0.30359,0.0144106,0.79427,0.999961,8137.9,7727.1,0.99993
y_pred[3723],0.786721,0.00332477,0.299238,0.0626213,0.0980864,0.957761,1.0,8360.01,7929.68,0.999937
y_pred[3724],0.384973,0.00148267,0.134628,0.139737,0.173095,0.377437,0.619971,8231.4,7816.73,1.00004
y_pred[3725],0.650437,0.00315442,0.274537,0.318634,0.139132,0.703516,0.989278,7658.08,7556.39,1.00026
y_pred[3726],0.729577,0.00405732,0.353137,0.0841835,0.0165676,0.943219,1.0,8020.04,7476.13,0.999995
y_pred[3727],0.666238,0.00423115,0.377312,0.192785,0.00537004,0.869962,0.999999,8109.54,8365.75,1.00031
y_pred[3728],0.760714,0.00329133,0.289059,0.148778,0.124051,0.899087,0.999973,7665.04,7636.53,1.00018
y_pred[3729],0.787496,0.00349482,0.309101,0.0496397,0.0714899,0.966519,1.0,8249.93,8132.17,1.00041
y_pred[3730],0.876487,0.00269793,0.240809,0.003387,0.246814,0.997715,1.0,7976.83,7648.12,0.999805
y_pred[3731],0.557216,0.0015366,0.135959,0.141879,0.329212,0.559475,0.777049,7851.97,8021.09,1.00089
y_pred[3732],0.0992765,0.00195179,0.174539,0.0208334,1.13499e-07,0.0140526,0.509118,7513.43,7567.83,0.999959
y_pred[3733],0.139867,0.00304805,0.273951,0.00115086,1.50467e-16,0.000776247,0.87328,8239.4,7856.3,0.999669
y_pred[3734],0.107035,0.00276813,0.246606,4.83866e-05,2.8469e-22,3.26363e-05,0.8192,7867.18,8021.5,0.999826
y_pred[3735],0.16363,0.00283903,0.250586,0.0411222,1.66643e-07,0.0277376,0.781705,8095.66,7754.53,1.00025
y_pred[3736],0.183331,0.00323162,0.291427,0.0233286,8.87819e-10,0.015735,0.893303,7929.92,7712.16,1.00036
y_pred[3737],0.299254,0.00369716,0.335569,0.200197,2.65302e-05,0.135405,0.960318,7774.95,7776.37,1.00037
y_pred[3738],0.0686182,0.00074898,0.068078,0.0516754,0.00261648,0.0479351,0.204017,8285.36,8054.58,1.00042
y_pred[3739],0.442655,0.003127,0.286774,0.362869,0.0284614,0.420353,0.924182,8443.35,7110.34,1.00031
y_pred[3740],0.532971,0.00441877,0.394156,0.59851,0.000685194,0.576697,0.999881,7933.77,7618.92,1.00011
y_pred[3741],0.465006,0.00440827,0.399162,0.586671,9.13848e-05,0.404666,0.999496,8167.58,7434.21,0.999962
y_pred[3742],0.570832,0.00382816,0.336326,0.456791,0.0291623,0.619436,0.995521,7780.76,7606.57,1.00019
y_pred[3743],0.610394,0.00406716,0.364693,0.411918,0.0105568,0.716634,0.999858,7962.67,7331.58,0.999866
y_pred[3744],0.758058,0.00349382,0.313172,0.104109,0.0726958,0.929756,0.999998,7927.0,7627.05,0.999883
y_pred[3745],0.344773,0.00148293,0.129638,0.136004,0.146494,0.33675,0.572734,7686.62,8120.04,1.00006
y_pred[3746],0.603404,0.00316787,0.283559,0.346639,0.103039,0.648365,0.980111,8038.33,7845.17,1.00022
y_pred[3747],0.687661,0.00412523,0.367333,0.153018,0.00984586,0.896788,1.0,8011.42,8044.76,0.999855
y_pred[3748],0.619613,0.00433032,0.38796,0.31462,0.00239115,0.787686,0.999995,8146.99,7736.33,0.999886
y_pred[3749],0.727805,0.00332044,0.298147,0.211944,0.10768,0.853676,0.999851,8084.6,8006.88,0.999967
y_pred[3750],0.745944,0.00364714,0.326227,0.106737,0.0486483,0.928003,1.0,8058.23,7761.85,1.00022
y_pred[3751],0.849812,0.00283758,0.259157,0.0120046,0.190424,0.991903,1.0,8191.88,8081.31,1.0001
y_pred[3752],0.502107,0.00151408,0.137705,0.143433,0.276195,0.502142,0.731256,8282.25,7930.29,1.00056
y_pred[3753],0.788857,0.00264863,0.235647,0.162127,0.277563,0.883914,0.999344,7870.03,7952.99,1.00018
y_pred[3754],0.847811,0.00313753,0.283658,0.00266423,0.0952479,0.998203,1.0,8172.68,7954.39,1.00017
y_pred[3755],0.787724,0.00381243,0.329641,0.0167193,0.0295078,0.988723,1.0,7446.62,7888.61,1.00071
y_pred[3756],0.868167,0.00246754,0.225939,0.0207319,0.304577,0.986017,1.0,8381.47,8063.46,1.00006
y_pred[3757],0.883206,0.00274211,0.23949,0.00170573,0.239246,0.998849,1.0,7727.14,7263.29,1.00017
y_pred[3758],0.937986,0.00192728,0.1707,1.33434e-05,0.534915,0.999991,1.0,8130.36,7611.95,0.999841
y_pred[3759],0.707833,0.00140686,0.124639,0.127793,0.482825,0.718114,0.894013,7825.65,7930.76,0.99973
y_pred[3760],0.554002,0.00319747,0.284934,0.359274,0.0753925,0.574075,0.96316,7939.65,7704.97,1.00028
y_pred[3761],0.64001,0.0042496,0.380521,0.268276,0.00418189,0.819,0.999998,8080.69,8031.16,0.999808
y_pred[3762],0.5646,0.00455073,0.396635,0.491962,0.000804993,0.666107,0.999954,7748.14,7739.23,0.999721
y_pred[3763],0.673329,0.00361698,0.315754,0.303493,0.0693954,0.783771,0.999374,7520.65,7089.33,1.00033
y_pred[3764],0.699014,0.00382812,0.344394,0.185223,0.0286315,0.875005,0.999996,8181.13,7928.5,1.00001
y_pred[3765],0.819806,0.00310534,0.27874,0.0323348,0.146362,0.97819,1.0,7957.9,8186.84,0.999988
y_pred[3766],0.441173,0.00152652,0.136363,0.14296,0.219693,0.438219,0.668493,8032.0,7868.25,1.00052
y_pred[3767],0.537792,0.00319267,0.287633,0.363717,0.0628029,0.554876,0.96369,8195.29,7950.74,1.00025
y_pred[3768],0.630723,0.0042437,0.381642,0.300812,0.00380324,0.796976,0.999996,8153.43,7889.97,1.00009
y_pred[3769],0.549152,0.00457438,0.398504,0.53301,0.000461235,0.636301,0.999959,7860.23,7583.38,0.999788
y_pred[3770],0.663044,0.00354976,0.316757,0.328491,0.0677715,0.762472,0.999302,8114.81,7542.29,0.99985
y_pred[3771],0.683985,0.00397621,0.350716,0.207522,0.0230858,0.859911,0.999991,7579.9,7396.98,1.00008
y_pred[3772],0.810847,0.00326641,0.28474,0.0378085,0.130535,0.974499,1.0,7616.13,8067.38,0.999834
y_pred[3773],0.430802,0.00151294,0.137555,0.143644,0.212689,0.426907,0.663314,8302.91,8053.96,1.0003
y_pred[3774],0.0455202,0.00144983,0.118975,0.000301135,1.82393e-15,0.000203113,0.298161,7905.89,7107.91,0.999935
y_pred[3775],0.0621448,0.00209387,0.191491,4.33303e-08,1.3626600000000002e-34,2.92259e-08,0.558348,8032.02,8038.33,1.00021
y_pred[3776],0.0492692,0.00191143,0.172344,8.26272e-11,1.03827e-47,5.57313e-11,0.419001,7594.64,7822.3,1.00006
y_pred[3777],0.0760092,0.00204125,0.179115,0.000743551,8.00406e-15,0.000501518,0.517475,8069.25,7807.51,0.99972
y_pred[3778],0.0869522,0.0023717,0.211794,8.82688e-05,2.3063699999999997e-20,5.95365e-05,0.66576,7557.97,7539.31,1.00101
y_pred[3779],0.158272,0.00301033,0.265336,0.0163096,3.13659e-10,0.0110007,0.830666,7928.39,7862.56,1.00011
y_pred[3780],0.0298192,0.000494294,0.0441847,0.0161547,2.74464e-05,0.0112046,0.125531,8015.67,7857.2,1.00015
y_pred[3781],0.0626358,0.00160154,0.139301,0.0020468,3.72561e-12,0.00138055,0.385372,7701.38,7689.71,1.00051
y_pred[3782],0.0851483,0.00242789,0.220835,3.83566e-06,9.7261e-27,2.58712e-06,0.716178,8334.69,7973.34,0.999929
y_pred[3783],0.064949,0.00222755,0.195814,2.50829e-08,9.200819999999999e-39,1.69182e-08,0.577983,7791.25,7932.07,0.999886
y_pred[3784],0.100139,0.00231367,0.205206,0.00445694,9.75294e-12,0.00300616,0.630686,7845.7,7973.53,1.0004
y_pred[3785],0.113405,0.00276433,0.239856,0.000769545,7.69147e-16,0.000519051,0.766916,8020.27,7398.57,0.999639
y_pred[3786],0.20152,0.00328614,0.290671,0.0517091,4.27434e-08,0.0348775,0.887704,7967.47,7259.5,1.00004
y_pred[3787],0.040702,0.00060636,0.0535032,0.0263529,0.000187343,0.0193623,0.15275,7898.65,7932.57,0.999992
y_pred[3788],0.407848,0.00318542,0.285337,0.350817,0.0206707,0.371873,0.906673,7924.06,7871.16,1.00074
y_pred[3789],0.496496,0.00429322,0.396679,0.643738,0.000240706,0.492854,0.999725,8393.38,7509.71,0.999857
y_pred[3790],0.421591,0.00442879,0.396195,0.446543,1.6703e-05,0.302021,0.998974,7985.84,8057.28,1.00053
y_pred[3791],0.536436,0.00378912,0.334189,0.46831,0.0184839,0.55698,0.992124,7902.46,7699.74,0.999846
y_pred[3792],0.573262,0.0040957,0.372596,0.488151,0.00480985,0.65557,0.999643,8156.18,7804.47,1.00036
y_pred[3793],0.725837,0.00367466,0.324947,0.160511,0.0499547,0.891619,0.99999,7542.97,7800.31,1.00045
y_pred[3794],0.307823,0.00140121,0.126741,0.13162,0.120784,0.295647,0.535654,8159.0,7653.09,0.999773
y_pred[3795],0.198311,0.00269616,0.229513,0.144009,0.000250371,0.100863,0.699337,7255.44,7468.32,1.0008
y_pred[3796],0.271834,0.00386644,0.352062,0.0852008,2.19604e-08,0.0574672,0.984304,8362.76,7915.39,0.999821
y_pred[3797],0.216865,0.0036566,0.329774,0.0235017,3.07213e-11,0.0158517,0.968019,7983.74,7761.36,1.00057
y_pred[3798],0.296384,0.00339609,0.308059,0.252362,0.000315012,0.176152,0.916406,8478.72,7646.07,0.999792
y_pred[3799],0.32936,0.00403003,0.35066,0.25675,2.24512e-05,0.173671,0.977436,7842.26,7970.21,0.999911
y_pred[3800],0.486237,0.00414252,0.366972,0.560741,0.00259662,0.471955,0.995371,7846.62,7936.65,0.999807
y_pred[3801],0.142481,0.00107016,0.0951098,0.0895965,0.0243555,0.123453,0.328434,7952.24,7926.85,0.999767
y_pred[3802],0.483023,0.00327307,0.288848,0.371902,0.0446444,0.475746,0.947626,7741.06,7745.99,0.999878
y_pred[3803],0.590518,0.00429981,0.389907,0.413935,0.0013348,0.719402,0.999966,8177.82,7774.76,0.999798
y_pred[3804],0.497524,0.00446371,0.402578,0.660063,0.000169218,0.501487,0.999853,8200.27,8101.63,0.99998
y_pred[3805],0.620262,0.00362383,0.326476,0.389482,0.0459064,0.702205,0.997921,8193.62,7887.37,1.00045
y_pred[3806],0.647688,0.0040537,0.357515,0.307072,0.0173857,0.79166,0.999944,7743.83,7806.05,1.00041
y_pred[3807],0.781721,0.00342711,0.302565,0.0686718,0.0916896,0.95368,1.0,7941.02,8056.47,1.00046
y_pred[3808],0.386544,0.00146521,0.132416,0.137509,0.178457,0.381359,0.618373,8172.3,7957.82,1.00036
y_pred[3809],0.648048,0.00301323,0.275472,0.314113,0.132433,0.704241,0.989956,8398.58,7993.73,1.00049
y_pred[3810],0.730325,0.00409206,0.352112,0.0765266,0.0160045,0.948384,1.0,6852.48,7589.62,0.999914
y_pred[3811],0.665139,0.00425746,0.378117,0.192947,0.00523563,0.869855,1.0,7861.28,7843.6,1.00047
y_pred[3812],0.768864,0.00318011,0.27984,0.145144,0.149889,0.901563,0.999974,7708.34,7829.01,1.00034
y_pred[3813],0.790897,0.00356208,0.302098,0.0485351,0.08821,0.967264,1.0,7392.06,7747.92,1.00046
y_pred[3814],0.880193,0.0026381,0.236444,0.00278803,0.262003,0.99812,1.0,8157.26,7665.91,1.00027
y_pred[3815],0.55615,0.00151707,0.137931,0.144936,0.326714,0.557921,0.778038,8280.64,7523.25,1.00011
y_pred[3816],0.0997383,0.00190973,0.172218,0.0226701,1.56503e-07,0.0152919,0.505656,8169.01,7968.37,1.00005
y_pred[3817],0.14428,0.00314306,0.28011,0.00102143,1.89803e-16,0.000688942,0.903165,7946.84,7125.68,0.999884
y_pred[3818],0.112785,0.00287947,0.254519,5.52921e-05,3.29777e-22,3.7294e-05,0.837304,8179.14,8195.58,0.999934
y_pred[3819],0.164727,0.00275165,0.247732,0.0470529,1.63353e-07,0.0317379,0.765258,8264.74,8096.78,1.00029
y_pred[3820],0.179829,0.00342189,0.290338,0.0203514,5.87786e-10,0.0137269,0.895276,7933.99,7659.34,0.99985
y_pred[3821],0.308034,0.00385614,0.338878,0.219552,2.71171e-05,0.148541,0.963746,8083.76,7740.28,1.00004
y_pred[3822],0.0678294,0.000739265,0.0671304,0.0509424,0.00232488,0.0469159,0.204064,8174.72,7913.23,1.00036
y_pred[3823],0.441399,0.00320265,0.287725,0.360793,0.029953,0.418243,0.931339,8119.16,7505.49,0.999986
y_pred[3824],0.537397,0.00452105,0.39623,0.593459,0.000685148,0.587851,0.999918,7807.05,7690.18,1.00004
y_pred[3825],0.468457,0.00450145,0.397608,0.602208,8.14002e-05,0.41938,0.99957,7687.3,7929.87,0.999923
y_pred[3826],0.5785,0.00380787,0.333571,0.449053,0.0328692,0.62756,0.996213,7837.92,7686.58,0.999976
y_pred[3827],0.607028,0.00413653,0.367962,0.409238,0.00933138,0.718599,0.999856,8039.23,7101.09,1.00017
y_pred[3828],0.749686,0.00343791,0.314242,0.119718,0.0738958,0.91923,0.999998,8144.36,7972.53,1.00005
y_pred[3829],0.347617,0.0014755,0.13118,0.13864,0.147322,0.340422,0.573012,8066.86,7787.63,1.0003
y_pred[3830],0.601488,0.00304728,0.283155,0.353596,0.108842,0.63783,0.98253,8661.96,8077.66,0.999966
y_pred[3831],0.692575,0.00412818,0.366641,0.150047,0.00836758,0.898791,1.0,7886.43,7621.96,0.999934
y_pred[3832],0.616933,0.00426816,0.387795,0.327908,0.00272674,0.778738,0.999997,8275.67,8056.33,0.999727
y_pred[3833],0.727828,0.00332253,0.297118,0.212224,0.109682,0.853878,0.999858,7983.44,7488.83,0.999973
y_pred[3834],0.749009,0.0036413,0.324767,0.102987,0.0482804,0.930532,1.0,8095.46,7950.85,1.00034
y_pred[3835],0.854754,0.00282946,0.255066,0.0110646,0.197561,0.992537,1.0,8191.04,7954.2,1.00007
y_pred[3836],0.49939,0.00150868,0.136317,0.142082,0.272677,0.499553,0.723807,8165.6,7516.37,1.00009
y_pred[3837],0.782615,0.00268703,0.240666,0.169324,0.259912,0.879586,0.999568,8083.57,7610.57,1.00021
y_pred[3838],0.842926,0.0031508,0.288281,0.00246631,0.085014,0.998336,1.0,8320.88,8285.29,1.00065
y_pred[3839],0.792494,0.00367758,0.32574,0.0156096,0.0354156,0.989472,1.0,8080.7,7824.61,0.999707
y_pred[3840],0.860726,0.00255773,0.23109,0.0249277,0.290297,0.983186,1.0,8038.98,7830.46,0.999925
y_pred[3841],0.877568,0.00272203,0.244896,0.00188364,0.221376,0.99873,1.0,8109.19,7794.08,0.999714
y_pred[3842],0.934363,0.00206315,0.180418,1.33434e-05,0.489379,0.999991,1.0,7755.51,7648.63,0.999833
y_pred[3843],0.707094,0.00140604,0.126058,0.128819,0.47969,0.719466,0.891379,8115.51,7923.83,1.00067
y_pred[3844],0.536752,0.0032596,0.286811,0.364409,0.0665714,0.547847,0.961702,7829.3,7718.19,1.00003
y_pred[3845],0.63705,0.00426188,0.381006,0.285551,0.00405925,0.807298,0.999997,8096.57,7682.12,0.999962
y_pred[3846],0.55968,0.00447597,0.397595,0.513722,0.000620989,0.65039,0.999971,7995.38,7700.86,1.00013
y_pred[3847],0.67016,0.0035344,0.316783,0.311724,0.0668738,0.776815,0.99917,8151.2,8126.8,1.00029
y_pred[3848],0.700228,0.00388679,0.34401,0.186793,0.0267093,0.873928,0.999995,7982.17,7347.33,1.00051
y_pred[3849],0.816958,0.00314832,0.282575,0.0321465,0.130809,0.978317,1.0,7888.76,7875.25,1.00068
y_pred[3850],0.441513,0.00149902,0.136668,0.142989,0.221764,0.439683,0.672503,8337.38,8011.5,0.999924
y_pred[3851],0.533441,0.00330149,0.288743,0.373891,0.0660091,0.54864,0.962614,7578.45,7996.7,1.00026
y_pred[3852],0.637899,0.00433856,0.383482,0.270204,0.00263204,0.817646,0.999994,7982.67,8135.87,1.00009
y_pred[3853],0.550284,0.00443109,0.397828,0.547694,0.00062231,0.625849,0.999956,8047.51,7913.74,0.999822
y_pred[3854],0.664071,0.00372338,0.318912,0.320022,0.0591515,0.76973,0.999216,7503.99,7738.9,0.99985
y_pred[3855],0.692734,0.00390455,0.345786,0.198886,0.0256766,0.865721,0.999993,7787.42,8015.03,1.00004
y_pred[3856],0.815391,0.00320887,0.282774,0.0361665,0.137056,0.975606,1.0,7989.71,7723.71,0.9997
y_pred[3857],0.432722,0.00151724,0.137184,0.143341,0.215548,0.427125,0.668823,8182.3,7677.9,1.0003
y_pred[3858],0.0477936,0.00139501,0.123184,0.00040773,1.20849e-15,0.00027501,0.31688,7831.82,7886.87,1.00038
y_pred[3859],0.0660567,0.00219642,0.196597,6.95621e-08,1.2164900000000002e-34,4.6919e-08,0.590288,8342.18,8143.78,1.00005
y_pred[3860],0.0528971,0.00200614,0.180321,6.49591e-11,1.37707e-47,4.38143e-11,0.467635,7909.79,7740.02,1.00017
y_pred[3861],0.0784151,0.00206147,0.181671,0.000666358,3.40537e-15,0.000449452,0.527198,8032.09,7725.46,0.999902
y_pred[3862],0.086185,0.00239054,0.212763,9.28351e-05,2.67483e-20,6.26164e-05,0.667061,8026.3,7729.78,1.00107
y_pred[3863],0.156974,0.00296971,0.264272,0.0150165,5.76764e-10,0.0101285,0.827698,7788.92,7713.01,1.00003
y_pred[3864],0.0307134,0.000527526,0.0468219,0.0161347,2.53769e-05,0.01117,0.125306,8109.92,7962.52,1.00002
y_pred[3865],0.0598263,0.00152515,0.136133,0.00194278,3.03132e-12,0.00131039,0.373119,7748.76,7846.84,1.00027
y_pred[3866],0.0858663,0.00245689,0.222157,5.5594e-06,2.31202e-27,3.74977e-06,0.720444,8022.32,8057.85,1.00017
y_pred[3867],0.0654258,0.0022021,0.197763,2.91805e-08,2.05395e-37,1.9682e-08,0.591121,8099.68,7442.74,1.00089
y_pred[3868],0.100291,0.0022825,0.201949,0.00491917,1.27106e-11,0.00331794,0.616272,7307.97,7293.84,1.00068
y_pred[3869],0.116876,0.00265139,0.241928,0.000895674,1.63208e-15,0.000604123,0.772682,8031.21,7634.46,0.999869
y_pred[3870],0.196354,0.00324167,0.291978,0.0403986,5.24874e-08,0.0272486,0.889266,8039.74,7638.78,1.00028
y_pred[3871],0.0408389,0.000630984,0.0540449,0.0261402,0.000144802,0.019037,0.154863,7878.48,7153.46,1.00068
y_pred[3872],0.400618,0.00311293,0.281821,0.344617,0.019901,0.360679,0.899008,8268.75,8013.93,0.99985
y_pred[3873],0.496283,0.00444341,0.397183,0.644279,0.000255711,0.483758,0.999613,7679.5,7873.1,0.999804
y_pred[3874],0.421475,0.00436301,0.393397,0.455673,1.91947e-05,0.308602,0.998845,8302.23,8226.67,0.999759
y_pred[3875],0.542866,0.00370867,0.332821,0.45926,0.0221339,0.573108,0.99181,8085.09,7875.71,1.00027
y_pred[3876],0.578887,0.00419911,0.371203,0.483268,0.00645271,0.658472,0.999734,7948.9,7807.46,1.00029
y_pred[3877],0.722493,0.0036808,0.326791,0.164583,0.0530336,0.888813,0.999988,8044.79,7535.76,1.00047
y_pred[3878],0.30902,0.00140459,0.127418,0.131401,0.118979,0.297892,0.536529,8370.83,8013.26,1.00023
y_pred[3879],0.201097,0.00263825,0.233496,0.146418,0.000369256,0.102691,0.719821,7851.89,7770.04,1.00006
y_pred[3880],0.263878,0.00402848,0.349124,0.0753766,1.7329e-08,0.0508409,0.980111,7695.88,6714.2,1.00029
y_pred[3881],0.209723,0.00360604,0.323399,0.0184042,2.98273e-11,0.0124134,0.956898,8198.96,7863.07,1.0002
y_pred[3882],0.305198,0.0034787,0.309083,0.274971,0.000314078,0.192895,0.914751,7981.9,7671.61,1.00029
y_pred[3883],0.332288,0.00398499,0.351482,0.266995,2.1519e-05,0.180669,0.981035,7821.16,7710.04,1.00064
y_pred[3884],0.484664,0.00406832,0.36342,0.547018,0.00310819,0.471915,0.995826,8040.18,7932.07,0.999795
y_pred[3885],0.144862,0.00107993,0.0960103,0.089627,0.0249817,0.12538,0.332976,7912.07,7434.28,1.00003
y_pred[3886],0.4835,0.00322899,0.286418,0.363317,0.0481735,0.477122,0.941767,7859.09,7799.1,0.999923
y_pred[3887],0.580626,0.00440331,0.391638,0.452804,0.00154948,0.692524,0.999968,7918.93,7538.63,1.00016
y_pred[3888],0.496076,0.00446336,0.398899,0.647594,0.000241237,0.48739,0.9998,7971.12,7754.79,1.00022
y_pred[3889],0.619476,0.00365016,0.325405,0.389652,0.0435587,0.696516,0.997851,8036.44,8150.41,1.00038
y_pred[3890],0.646695,0.00408469,0.358824,0.309879,0.0176367,0.789678,0.999946,7753.17,7767.23,1.00047
y_pred[3891],0.787083,0.00342788,0.29891,0.0628963,0.0950196,0.957576,1.0,7637.86,8014.1,0.999867
y_pred[3892],0.388391,0.00150409,0.135184,0.14058,0.175863,0.381927,0.620884,8063.95,8003.54,1.00005
y_pred[3893],0.655286,0.00306062,0.276449,0.317402,0.137073,0.716337,0.990596,8118.86,7482.46,0.999915
y_pred[3894],0.733779,0.00394698,0.350253,0.0781812,0.0179192,0.947267,1.0,7859.84,7728.07,0.999872
y_pred[3895],0.667555,0.00421163,0.379288,0.177882,0.00504516,0.880015,0.999999,8315.42,7768.65,0.999987
y_pred[3896],0.774536,0.00312264,0.279077,0.128938,0.161,0.912631,0.999981,8112.15,7930.47,1.00036
y_pred[3897],0.789755,0.00345745,0.304049,0.0502468,0.0845468,0.966109,1.0,7671.19,8072.2,0.999677
y_pred[3898],0.875984,0.00285076,0.240106,0.0041965,0.24076,0.99717,1.0,8016.89,7554.84,1.00028
y_pred[3899],0.553593,0.00151714,0.136363,0.143928,0.323361,0.55775,0.77288,8091.15,7929.45,0.999991
y_pred[3900],0.101344,0.00195422,0.176691,0.0209445,1.1657e-07,0.0141276,0.516038,8106.94,8012.36,1.0
y_pred[3901],0.139125,0.00311703,0.275976,0.0011185,5.39053e-16,0.000754415,0.890556,8196.27,7688.59,1.00004
y_pred[3902],0.105175,0.00280743,0.244233,4.83814e-05,4.43832e-22,3.26328e-05,0.815241,7311.16,7850.6,1.00016
y_pred[3903],0.160114,0.00273052,0.245635,0.0417456,1.75676e-07,0.0281585,0.758444,8026.24,7751.18,1.00024
y_pred[3904],0.181502,0.00319056,0.28826,0.0258025,8.21989e-10,0.0174036,0.89439,8271.9,7752.66,1.00071
y_pred[3905],0.298834,0.00375032,0.334549,0.208752,1.83589e-05,0.141223,0.958658,7836.18,8129.31,0.999981
y_pred[3906],0.0691663,0.000773205,0.0696774,0.0514743,0.00219999,0.0468907,0.211581,8035.45,7610.78,0.999944
y_pred[3907],0.448213,0.00326487,0.28747,0.369701,0.0319918,0.432462,0.924215,7963.07,7507.26,1.00005
y_pred[3908],0.544665,0.00437452,0.395927,0.568822,0.000774992,0.608045,0.999919,7855.94,7607.49,0.999903
y_pred[3909],0.472775,0.00438651,0.399387,0.612156,8.53182e-05,0.427806,0.999578,8152.46,7673.46,0.999798
y_pred[3910],0.572381,0.00367452,0.33525,0.452888,0.0292083,0.622098,0.99647,8262.57,7979.4,1.00007
y_pred[3911],0.60803,0.00425535,0.366625,0.397901,0.00660305,0.726587,0.999849,7830.87,8056.22,1.00022
y_pred[3912],0.74871,0.00358903,0.319575,0.110503,0.0640624,0.925447,0.999998,7761.73,7922.82,1.00038
y_pred[3913],0.344994,0.00143836,0.130084,0.134552,0.146456,0.336191,0.571403,8369.88,8169.87,1.0
y_pred[3914],0.599956,0.00329921,0.282411,0.345965,0.108234,0.636157,0.983184,7421.17,7728.18,0.999988
y_pred[3915],0.690889,0.004124,0.366647,0.146588,0.00848191,0.901126,1.0,8072.4,7891.5,1.00022
y_pred[3916],0.618676,0.00438994,0.390614,0.30019,0.0021572,0.797454,0.999996,7947.46,8102.41,1.00013
y_pred[3917],0.722722,0.00349027,0.300277,0.223292,0.107034,0.847036,0.999887,7271.28,7887.43,1.00052
y_pred[3918],0.739276,0.0037784,0.330642,0.107325,0.0406842,0.927607,1.0,7410.74,7276.28,1.0007
y_pred[3919],0.851879,0.00289381,0.258655,0.0113367,0.180929,0.992353,1.0,7806.01,7888.2,0.999748
y_pred[3920],0.500911,0.00152754,0.136779,0.143568,0.27935,0.500162,0.728614,8164.44,7629.08,1.00003
y_pred[3921],0.783971,0.00265465,0.238178,0.167125,0.269577,0.880203,0.999442,8089.57,8044.45,0.999981
y_pred[3922],0.840467,0.00324928,0.292972,0.00280656,0.0773159,0.998107,1.0,8321.46,7674.59,0.999786
y_pred[3923],0.797407,0.00365209,0.321862,0.0135673,0.0363758,0.990849,1.0,8048.77,7651.16,0.999935
y_pred[3924],0.863467,0.00255571,0.229124,0.0224673,0.299818,0.984846,1.0,8195.73,7873.11,1.00049
y_pred[3925],0.877181,0.00272227,0.24481,0.00208157,0.23994,0.998596,1.0,8196.47,8072.07,0.999659
y_pred[3926],0.934784,0.00194642,0.175408,1.4826e-05,0.518097,0.99999,1.0,8230.7,7931.48,1.00042
y_pred[3927],0.70908,0.00137113,0.124461,0.127956,0.486026,0.71935,0.894235,8247.27,7438.61,1.00044
y_pred[3928],0.544533,0.00322958,0.287571,0.368605,0.0717065,0.56075,0.965603,7928.31,7769.51,1.00108
y_pred[3929],0.637593,0.00451149,0.382606,0.278205,0.00388984,0.812267,0.999997,7327.25,7676.44,1.00053
y_pred[3930],0.562867,0.00435912,0.395234,0.505418,0.000713119,0.656014,0.999963,7975.74,7854.91,0.999754
y_pred[3931],0.675373,0.00353934,0.314123,0.302437,0.0668006,0.784231,0.999336,7635.02,7871.61,0.999952
y_pred[3932],0.707942,0.00384313,0.341883,0.164582,0.0318406,0.888938,0.999994,7634.29,7774.66,1.0004
y_pred[3933],0.812682,0.00319101,0.284432,0.0343074,0.120588,0.97686,1.0,7954.79,7643.26,1.00032
y_pred[3934],0.441718,0.00157254,0.13701,0.143451,0.224686,0.438769,0.675191,7656.58,7478.85,1.0005
y_pred[3935],0.532482,0.0032268,0.28907,0.373786,0.0662753,0.542895,0.962748,8163.92,7797.45,1.00011
y_pred[3936],0.627878,0.00427825,0.383904,0.306642,0.00268725,0.792978,0.999991,8042.57,7844.03,0.99996
y_pred[3937],0.548932,0.00461595,0.396633,0.552845,0.000824565,0.621579,0.999962,7460.56,7430.93,1.00039
y_pred[3938],0.662568,0.00355136,0.317093,0.32407,0.0663312,0.76569,0.999031,7845.13,8014.29,1.00018
y_pred[3939],0.692802,0.00388437,0.345833,0.202737,0.0252387,0.863116,0.999994,7592.42,7346.51,1.00007
y_pred[3940],0.816718,0.00324238,0.278704,0.0351161,0.140958,0.976314,1.0,7344.05,7267.01,1.00009
y_pred[3941],0.430127,0.00155373,0.136049,0.142141,0.208783,0.426596,0.66149,7773.28,7841.51,0.999868
y_pred[3942],0.0451903,0.00130214,0.116604,0.000349835,1.38163e-15,0.00023596,0.29838,8242.7,7871.17,1.00006
y_pred[3943],0.0657041,0.00232749,0.198876,2.94328e-08,2.8653200000000003e-34,1.98521e-08,0.602888,7625.7,7319.26,1.00019
y_pred[3944],0.0456938,0.00186916,0.166613,5.83963e-11,1.78978e-48,3.93877e-11,0.369393,7234.45,6974.51,0.999997
y_pred[3945],0.0745334,0.00192284,0.174974,0.000711181,1.52568e-14,0.000479685,0.51292,8040.16,7973.54,0.999814
y_pred[3946],0.0866816,0.00241023,0.211375,7.04527e-05,1.4864e-20,4.75197e-05,0.651599,7777.37,7664.4,1.0002
y_pred[3947],0.156851,0.00302053,0.266137,0.0166236,2.43548e-10,0.0112125,0.832675,8052.55,7612.25,1.00013
y_pred[3948],0.0307495,0.00051064,0.0452859,0.0170652,2.60505e-05,0.0118583,0.124987,7609.05,7726.83,0.999921
y_pred[3949],0.0588245,0.0015359,0.137306,0.0017744,5.70647e-12,0.00119681,0.369596,7843.86,8179.86,0.999798
y_pred[3950],0.0904292,0.00256272,0.227703,7.36304e-06,2.6139099999999998e-27,4.9663e-06,0.758037,8344.46,7557.26,1.00053
y_pred[3951],0.0657696,0.00222782,0.195983,3.15528e-08,4.56347e-37,2.12821e-08,0.58367,7693.76,7752.06,1.00007
y_pred[3952],0.100208,0.00234722,0.201662,0.00449085,1.94957e-11,0.00302904,0.620748,7594.4,7814.27,0.999818
y_pred[3953],0.110745,0.00271332,0.234874,0.00116759,1.17653e-15,0.000787526,0.740805,7656.96,7293.64,1.00018
y_pred[3954],0.201116,0.00327325,0.29258,0.0507937,3.0458e-08,0.0342601,0.889448,8070.61,7872.57,1.00043
y_pred[3955],0.0415413,0.000619148,0.0551466,0.0275478,0.000191286,0.0203192,0.151496,8015.59,8009.58,1.00024
y_pred[3956],0.403714,0.00314851,0.282046,0.345797,0.0215316,0.372896,0.903263,7943.17,7295.49,1.00009
y_pred[3957],0.50369,0.00461024,0.39813,0.645796,0.000259782,0.509005,0.999691,7543.55,7539.05,0.999817
y_pred[3958],0.424671,0.00444313,0.392972,0.472788,2.95463e-05,0.320839,0.998739,8001.21,7497.72,1.0003
y_pred[3959],0.542517,0.00371486,0.333829,0.462932,0.020185,0.570724,0.991824,8013.88,8071.74,1.0006
y_pred[3960],0.572229,0.0042049,0.371048,0.494086,0.00559483,0.647419,0.999629,7779.24,7734.7,1.00015
y_pred[3961],0.723948,0.00373881,0.326698,0.167835,0.0524887,0.886616,0.999993,7961.71,7514.98,0.999838
y_pred[3962],0.309321,0.00138599,0.126598,0.129777,0.120411,0.29777,0.535329,8293.13,7772.0,1.00039
y_pred[3963],0.20017,0.00256667,0.231627,0.146051,0.000269431,0.101983,0.705285,8202.12,7984.29,0.999964
y_pred[3964],0.264133,0.00401476,0.348981,0.0774024,1.50519e-08,0.0522072,0.985117,7915.48,7713.95,1.00031
y_pred[3965],0.209453,0.0037433,0.324533,0.0163678,2.21089e-11,0.0110399,0.965431,7974.71,7640.56,0.999957
y_pred[3966],0.301225,0.00342094,0.308661,0.26693,0.000278191,0.188217,0.92098,8182.11,7445.62,1.00003
y_pred[3967],0.333996,0.00414032,0.355874,0.260041,1.74751e-05,0.175717,0.983006,7519.09,7235.57,1.0005
y_pred[3968],0.483338,0.00403091,0.363047,0.543982,0.00286406,0.46466,0.995928,8222.22,7847.48,1.00024
y_pred[3969],0.141607,0.00107366,0.0947468,0.0900798,0.0234927,0.122327,0.326957,7893.31,7636.17,0.999899
y_pred[3970],0.481382,0.00325752,0.288558,0.374275,0.0430703,0.476707,0.939415,7879.1,7707.8,0.999976
y_pred[3971],0.580471,0.00434612,0.392826,0.448764,0.00135823,0.69593,0.999963,8039.86,7782.03,1.00044
y_pred[3972],0.506038,0.00445598,0.399126,0.652721,0.000169808,0.514961,0.999818,8090.8,7499.15,1.00032
y_pred[3973],0.617404,0.00378259,0.328208,0.397976,0.0473898,0.692473,0.9973,7443.18,7708.02,1.00008
y_pred[3974],0.645535,0.00404494,0.36227,0.304347,0.0152415,0.793907,0.999964,8081.6,8062.76,1.00008
y_pred[3975],0.782332,0.00341023,0.301601,0.0658875,0.0958303,0.955558,1.0,8062.32,7051.35,1.00086
y_pred[3976],0.386892,0.001458,0.134373,0.140885,0.175719,0.380853,0.62135,8492.55,7774.57,1.00015
y_pred[3977],0.654906,0.00304136,0.275834,0.312304,0.137285,0.717969,0.991983,8283.29,7919.24,0.999986
y_pred[3978],0.729973,0.00398857,0.354936,0.0722812,0.0148988,0.951247,1.0,7850.95,7915.68,1.00016
y_pred[3979],0.672443,0.00428036,0.376729,0.174983,0.00475768,0.881973,1.0,7719.53,7528.94,1.00027
y_pred[3980],0.764999,0.00319214,0.285512,0.141966,0.141497,0.903815,0.999974,7993.25,7868.82,0.999774
y_pred[3981],0.791603,0.00345156,0.305436,0.0438931,0.0744512,0.970395,1.0,7971.98,7971.77,1.00014
y_pred[3982],0.877802,0.00267458,0.241365,0.00324912,0.238359,0.997808,1.0,8171.7,7886.26,0.999948
y_pred[3983],0.55565,0.0015325,0.135969,0.142883,0.325926,0.560972,0.773586,7884.99,7967.59,1.00045
y_pred[3984],0.0993845,0.00194071,0.171699,0.0221876,9.17443e-08,0.0149662,0.509358,7814.0,7888.92,0.999865
y_pred[3985],0.141747,0.00310858,0.278551,0.00106944,1.89856e-16,0.000721326,0.898597,7925.27,8085.09,1.00041
y_pred[3986],0.105134,0.00283992,0.246141,5.90899e-05,2.05983e-22,3.98556e-05,0.828222,7709.84,7855.37,1.00034
y_pred[3987],0.161883,0.00279772,0.246315,0.0461571,1.52635e-07,0.0311342,0.761745,7515.98,7956.99,0.999881
y_pred[3988],0.175548,0.00319474,0.28453,0.0207598,4.43878e-10,0.0140023,0.87988,7991.61,7714.71,1.00005
y_pred[3989],0.29882,0.00385819,0.330261,0.217783,1.54859e-05,0.14731,0.954987,7666.79,8015.36,1.00008
y_pred[3990],0.0679337,0.000759364,0.0685021,0.0507418,0.00231584,0.0466335,0.208262,7704.51,7928.27,0.999776
y_pred[3991],0.438345,0.00313249,0.286365,0.361062,0.0323336,0.412204,0.92362,8364.94,8175.69,1.00026
y_pred[3992],0.540074,0.00441633,0.393161,0.587146,0.000881496,0.588024,0.999883,7909.53,7882.52,1.00006
y_pred[3993],0.461466,0.00447067,0.396953,0.580312,7.95268e-05,0.403811,0.999515,8002.95,7889.86,1.00002
y_pred[3994],0.575813,0.00376715,0.332874,0.439929,0.026625,0.628486,0.995571,7863.19,7533.37,1.00042
y_pred[3995],0.607805,0.00410497,0.36992,0.408043,0.00785097,0.719741,0.999873,8122.97,7605.39,1.00026
y_pred[3996],0.751538,0.00357341,0.317606,0.109537,0.0716146,0.926104,0.999999,7946.67,7562.42,0.999783
y_pred[3997],0.343345,0.00145883,0.129657,0.133759,0.146477,0.335894,0.56951,7886.06,7971.55,1.0003
y_pred[3998],0.600938,0.00314174,0.282103,0.348771,0.102044,0.637094,0.979054,8082.06,7872.24,1.00017
y_pred[3999],0.690451,0.00407196,0.36661,0.148606,0.00919142,0.899764,1.0,8183.81,7479.32,0.999954
y_pred[4000],0.618977,0.00438764,0.390288,0.308507,0.00195975,0.791818,0.999995,7862.68,8031.5,1.00075
y_pred[4001],0.724188,0.00357311,0.298406,0.22224,0.111516,0.847353,0.999912,7569.08,7777.06,1.00043
y_pred[4002],0.749007,0.00371568,0.325396,0.0981622,0.0491419,0.933786,0.999999,7938.37,8038.87,0.999865
y_pred[4003],0.855058,0.00296787,0.257541,0.0101469,0.187696,0.993156,1.0,6822.7,7171.24,0.999774
y_pred[4004],0.498863,0.00156221,0.137986,0.144282,0.269442,0.497708,0.727982,7811.01,7866.6,1.00045
y_pred[4005],0.785152,0.00264954,0.238367,0.168123,0.263523,0.87967,0.999542,8198.87,7810.41,0.999992
y_pred[4006],0.843287,0.00324498,0.289958,0.00312829,0.0839465,0.99789,1.0,7563.92,7270.72,0.999895
y_pred[4007],0.793091,0.00359121,0.322027,0.0167386,0.0433395,0.98871,1.0,7743.01,7771.46,1.00003
y_pred[4008],0.865255,0.00260827,0.231491,0.0185792,0.289997,0.987469,1.0,7898.15,8011.78,0.999795
y_pred[4009],0.878926,0.00284618,0.246855,0.00152337,0.211388,0.998973,1.0,7709.91,7480.88,0.999982
y_pred[4010],0.932101,0.002028,0.184434,1.4826e-05,0.479775,0.99999,1.0,8149.18,7930.2,1.0001
y_pred[4011],0.709264,0.00139458,0.124962,0.12819,0.484031,0.721768,0.889176,8045.97,8083.6,0.999782
y_pred[4012],0.546,0.00321076,0.284839,0.360583,0.0718739,0.562535,0.963078,7843.34,7573.5,1.00016
y_pred[4013],0.633339,0.00428937,0.380913,0.296731,0.0043958,0.799748,0.999996,7897.41,7792.0,0.999798
y_pred[4014],0.565979,0.0044419,0.398586,0.487767,0.000840497,0.669372,0.999972,7893.88,7446.92,0.999935
y_pred[4015],0.672801,0.00362818,0.314193,0.312009,0.0696391,0.776886,0.999292,7599.46,7855.61,1.00043
y_pred[4016],0.70525,0.00394399,0.342121,0.176505,0.0278582,0.880872,0.999996,8148.86,7949.28,1.00028
y_pred[4017],0.8194,0.00323678,0.280102,0.032787,0.136038,0.977885,1.0,7728.0,7766.13,1.00101
y_pred[4018],0.441201,0.00151037,0.136948,0.144602,0.223075,0.437982,0.675846,8193.21,7587.98,1.0001
y_pred[4019],0.534363,0.00328575,0.287873,0.361826,0.0634952,0.546633,0.963354,7762.75,7752.85,0.99987
y_pred[4020],0.621394,0.00438288,0.388605,0.305826,0.00251011,0.793605,0.999995,7686.89,7950.9,0.999887
y_pred[4021],0.556619,0.00442489,0.39732,0.518647,0.000817615,0.645981,0.999954,8143.98,7876.1,1.00071
y_pred[4022],0.662631,0.00356476,0.314976,0.332122,0.0635626,0.756669,0.999165,7603.63,7662.69,1.0004
y_pred[4023],0.694746,0.00382406,0.344294,0.199629,0.0259215,0.86521,0.99999,7646.58,8106.27,0.999885
y_pred[4024],0.810123,0.00327324,0.287084,0.034936,0.124389,0.976436,1.0,7885.7,7079.67,0.999856
y_pred[4025],0.431008,0.00152508,0.135397,0.139655,0.210854,0.427901,0.659619,7886.15,7150.44,0.999976
y_pred[4026],0.0457836,0.00130757,0.117567,0.000354373,2.32516e-15,0.000239021,0.29638,8319.8,7968.19,0.999884
y_pred[4027],0.0678022,0.00226224,0.200978,1.23133e-07,8.728449999999999e-35,8.30518e-08,0.607074,7459.18,8053.57,1.00017
y_pred[4028],0.0515856,0.00197299,0.179326,5.70201e-11,4.23359e-48,3.84596e-11,0.452435,8159.74,7866.17,1.00049
y_pred[4029],0.0761306,0.00195214,0.175132,0.000717008,1.76826e-15,0.000483616,0.505824,7713.01,7347.82,1.00009
y_pred[4030],0.0885394,0.00237364,0.212821,0.000103036,9.05873e-21,6.94969e-05,0.658094,8110.44,7327.79,1.00012
y_pred[4031],0.158385,0.00302356,0.26854,0.01476,7.71623e-10,0.00995549,0.836636,7571.73,7671.41,0.999739
y_pred[4032],0.0304282,0.00052192,0.0462585,0.0159394,3.53018e-05,0.011082,0.126016,7859.98,7330.23,1.00041
y_pred[4033],0.0605795,0.0015667,0.138588,0.0020955,9.99665e-12,0.0014134,0.381946,8175.2,7812.53,0.999926
y_pred[4034],0.0893241,0.00253237,0.22639,7.17453e-06,8.281109999999999e-27,4.83915e-06,0.731116,7957.17,8098.74,1.00023
y_pred[4035],0.0697714,0.00226959,0.204348,2.53258e-08,9.352359999999999e-37,1.7082e-08,0.627356,7823.14,7666.19,1.0001
y_pred[4036],0.10058,0.00229156,0.20161,0.0043372,7.99382e-12,0.0029254,0.611083,7932.46,7729.56,1.00071
y_pred[4037],0.113174,0.00271047,0.23995,0.00077996,3.79145e-16,0.000526076,0.772062,7807.69,7831.41,0.999953
y_pred[4038],0.19694,0.00320278,0.288084,0.0483989,6.32484e-08,0.0326449,0.87505,8116.81,7433.09,0.999856
y_pred[4039],0.0416211,0.000621463,0.0552645,0.0275644,0.000200006,0.0203897,0.154846,7870.76,7746.12,0.999764
y_pred[4040],0.40365,0.00335777,0.285892,0.357177,0.0188932,0.367745,0.907729,7322.07,7494.62,0.999961
y_pred[4041],0.503776,0.00441962,0.397121,0.644975,0.000308865,0.51825,0.999757,8063.84,7730.29,1.00006
y_pred[4042],0.419426,0.00462026,0.395254,0.448699,2.52685e-05,0.30371,0.999208,7406.15,7422.71,1.00043
y_pred[4043],0.543351,0.00371701,0.335789,0.462509,0.0203358,0.57984,0.993504,8244.24,7959.88,0.999855
y_pred[4044],0.573681,0.00419264,0.371007,0.489984,0.0056238,0.65342,0.999673,7977.22,8098.07,1.00009
y_pred[4045],0.726896,0.00368381,0.324796,0.155234,0.0546818,0.895204,0.999994,7902.17,8095.93,1.0005
y_pred[4046],0.311172,0.00136991,0.124915,0.129759,0.123727,0.300718,0.531235,8390.35,7890.49,1.0002
y_pred[4047],0.196924,0.00259616,0.226308,0.146122,0.000361951,0.103411,0.690522,7497.97,8010.75,1.00023
y_pred[4048],0.272462,0.00402065,0.354569,0.0850759,1.92485e-08,0.057383,0.985498,7750.79,7673.07,1.00042
y_pred[4049],0.218261,0.0038184,0.330255,0.0240021,4.26383e-11,0.0161892,0.968591,7833.85,7809.75,1.00044
y_pred[4050],0.302757,0.00349443,0.308761,0.261379,0.000296069,0.182531,0.918147,7782.57,7928.48,0.99972
y_pred[4051],0.323169,0.00400844,0.352614,0.227116,2.3804e-05,0.15354,0.978574,7903.61,7525.47,1.00042
y_pred[4052],0.492289,0.00409208,0.364113,0.549717,0.00298095,0.482799,0.995634,7840.96,7597.54,0.999909
y_pred[4053],0.141705,0.0010751,0.0947909,0.0897632,0.023717,0.123272,0.323742,7919.02,7723.7,1.00023
y_pred[4054],0.483214,0.00327804,0.289632,0.371273,0.043495,0.47476,0.94608,7886.65,7808.57,1.00015
y_pred[4055],0.588442,0.00427516,0.389969,0.424497,0.00157174,0.712211,0.999975,8304.73,7633.45,0.999822
y_pred[4056],0.509796,0.00470713,0.400154,0.648294,0.000319138,0.523135,0.999812,7565.1,7836.02,0.999925
y_pred[4057],0.621504,0.00356872,0.324536,0.392808,0.0458766,0.696044,0.998195,8220.06,7442.85,1.00024
y_pred[4058],0.65323,0.00411204,0.359113,0.290368,0.0142095,0.803278,0.999957,7818.39,7658.79,0.999926
y_pred[4059],0.780387,0.00338154,0.302839,0.0700188,0.0887908,0.952771,1.0,7909.6,7928.82,1.00013
y_pred[4060],0.385243,0.00152306,0.13304,0.142266,0.176448,0.379857,0.609807,7671.63,7014.77,1.00002
y_pred[4061],0.660622,0.00296283,0.267959,0.303891,0.148797,0.713608,0.991047,8235.01,7924.85,0.999923
y_pred[4062],0.734841,0.00397324,0.351437,0.0747312,0.0153951,0.949595,1.0,8152.07,7847.42,1.00003
y_pred[4063],0.663148,0.00446378,0.380346,0.194103,0.00452764,0.869074,0.999999,7269.73,7623.99,1.00016
y_pred[4064],0.763867,0.0032057,0.287324,0.136934,0.13469,0.907353,0.999973,8168.35,7524.28,1.00033
y_pred[4065],0.780397,0.00353052,0.311041,0.055447,0.0657563,0.962601,1.0,7790.67,7253.52,0.999921
y_pred[4066],0.875477,0.00268846,0.238633,0.00439739,0.254311,0.997034,1.0,8149.74,8013.05,1.00018
y_pred[4067],0.557118,0.00150266,0.134896,0.141799,0.330124,0.558399,0.774326,8067.03,7340.88,1.00024
y_pred[4068],0.100391,0.0018967,0.173625,0.0237839,1.34546e-07,0.016044,0.510634,8484.08,8055.68,1.00031
y_pred[4069],0.139839,0.0030606,0.275879,0.00099773,5.89562e-16,0.00067296,0.894811,8100.63,8062.46,1.00047
y_pred[4070],0.110196,0.00284587,0.252579,5.35101e-05,7.6978e-22,3.6092e-05,0.843649,7093.89,7761.25,0.999932
y_pred[4071],0.158767,0.00269373,0.24606,0.0391983,1.66391e-07,0.0264399,0.75945,8194.13,8099.53,1.00003
y_pred[4072],0.181765,0.00323577,0.291005,0.0220705,1.12452e-09,0.0148863,0.897049,8063.19,7805.62,1.00015
y_pred[4073],0.304117,0.00379754,0.33713,0.211818,2.09028e-05,0.143182,0.96181,7652.57,7582.75,0.999807
y_pred[4074],0.0678097,0.000766189,0.0675514,0.0514172,0.00249516,0.0470803,0.207905,7913.71,7836.98,1.00016
y_pred[4075],0.447033,0.00322539,0.285265,0.36134,0.033031,0.428079,0.92284,7801.92,7809.95,1.00029
y_pred[4076],0.531482,0.00460013,0.396189,0.604812,0.000568781,0.575122,0.99992,7560.65,7625.37,1.00025
y_pred[4077],0.463672,0.00441155,0.398613,0.599956,6.56611e-05,0.417739,0.999575,7977.74,7874.26,1.00057
y_pred[4078],0.578963,0.00374075,0.332133,0.44157,0.0296486,0.62876,0.995778,8079.76,7848.22,1.00004
y_pred[4079],0.611142,0.00408682,0.367216,0.39714,0.00904206,0.727265,0.999837,7903.02,7798.22,1.00011
y_pred[4080],0.753267,0.00351101,0.311352,0.117539,0.0748118,0.920696,0.999998,7869.42,7858.43,1.00003
y_pred[4081],0.347863,0.00144411,0.131626,0.138009,0.150176,0.338738,0.580008,8299.03,7552.56,1.00007
y_pred[4082],0.602829,0.00316412,0.282967,0.345871,0.100434,0.639603,0.981698,8083.1,7482.46,1.00015
y_pred[4083],0.685815,0.004154,0.3694,0.150975,0.00931092,0.898167,1.0,7962.45,7678.45,1.00009
y_pred[4084],0.628228,0.00432462,0.386217,0.29359,0.00279988,0.801901,0.999997,7898.9,7995.84,0.999913
y_pred[4085],0.730128,0.00343517,0.296904,0.207963,0.111224,0.857347,0.999891,7483.7,7725.65,0.999969
y_pred[4086],0.747961,0.00365334,0.326311,0.0938412,0.0470656,0.936703,1.0,8018.46,7643.45,0.999812
y_pred[4087],0.855833,0.00281675,0.254953,0.0111284,0.197648,0.992494,1.0,7855.95,7815.13,1.0004
y_pred[4088],0.50231,0.00151579,0.137742,0.144496,0.275395,0.503716,0.731587,8256.88,7573.31,1.00035
y_pred[4089],0.785074,0.002656,0.236698,0.17036,0.269789,0.877819,0.999486,8005.62,7924.29,1.00054
y_pred[4090],0.846245,0.00310655,0.284295,0.00257972,0.0981652,0.99826,1.0,8154.95,7918.2,1.00004
y_pred[4091],0.79894,0.00363985,0.32055,0.0153279,0.0369653,0.989661,1.0,7860.09,7969.41,0.99985
y_pred[4092],0.86409,0.00258434,0.229353,0.0222079,0.289808,0.985021,1.0,7885.7,7621.29,1.0005
y_pred[4093],0.876884,0.00276015,0.246026,0.00195184,0.216215,0.998684,1.0,8003.93,7828.53,1.00036
y_pred[4094],0.93336,0.00202674,0.180634,1.33434e-05,0.481514,0.999991,1.0,8115.71,7674.96,0.999847
y_pred[4095],0.709016,0.00138746,0.123357,0.12603,0.487164,0.719651,0.890986,7912.58,8061.69,0.999914
y_pred[4096],0.544048,0.00322185,0.286797,0.366113,0.0694384,0.55655,0.965034,7998.94,7870.02,0.999694
y_pred[4097],0.640403,0.00423257,0.380018,0.273249,0.00334904,0.815614,0.999997,8299.33,7978.42,0.999871
y_pred[4098],0.565018,0.00456372,0.394374,0.500005,0.000908472,0.659256,0.999951,7821.31,7967.34,1.00005
y_pred[4099],0.667982,0.00361201,0.31618,0.311852,0.0698617,0.775645,0.999145,7597.57,7560.56,0.999863
y_pred[4100],0.698857,0.00393205,0.347454,0.180269,0.0225385,0.87833,0.999995,7855.12,7928.93,1.00089
y_pred[4101],0.824562,0.00305956,0.275794,0.028228,0.142036,0.980961,1.0,8028.29,7986.58,0.999753
y_pred[4102],0.440483,0.00146614,0.134968,0.141027,0.223596,0.437905,0.669045,8481.95,8056.17,1.00032
y_pred[4103],0.53471,0.0032445,0.28467,0.360058,0.0673363,0.546164,0.960288,7746.9,7728.21,1.00039
y_pred[4104],0.62272,0.00434778,0.384261,0.324449,0.00296741,0.780965,0.999994,7827.24,7233.64,0.999989
y_pred[4105],0.559631,0.00440885,0.395452,0.514072,0.000727397,0.649328,0.999955,7905.69,7848.67,1.00015
y_pred[4106],0.6704,0.00349726,0.313736,0.315742,0.0662281,0.771103,0.999262,8007.42,7511.0,0.999814
y_pred[4107],0.695906,0.00384973,0.345665,0.192015,0.0283629,0.870391,0.999993,8107.51,7650.91,1.00016
y_pred[4108],0.816514,0.00314147,0.281354,0.035386,0.132358,0.976133,1.0,8155.47,7819.54,0.999965
y_pred[4109],0.430406,0.00153428,0.134687,0.140969,0.21428,0.428323,0.65591,7724.26,7779.71,1.00012
y_pred[4110],0.050235,0.00145767,0.126689,0.000378901,1.40364e-15,0.000255565,0.323647,8242.01,7704.38,1.00073
y_pred[4111],0.0662517,0.0022154,0.197092,1.26147e-07,3.7359000000000003e-34,8.5085e-08,0.567427,7591.55,7603.69,1.00077
y_pred[4112],0.0497993,0.00198879,0.174894,6.42379e-11,2.74691e-47,4.33279e-11,0.433469,7601.64,7768.31,1.00057
y_pred[4113],0.0733151,0.0019782,0.174139,0.000753948,5.06573e-15,0.000508531,0.508836,8179.85,7984.47,0.999757
y_pred[4114],0.0824054,0.00227269,0.205705,7.12313e-05,1.19053e-20,4.80449e-05,0.635651,8296.41,8030.57,0.999826
y_pred[4115],0.15934,0.00300667,0.26787,0.0146672,1.04808e-09,0.00989289,0.841684,7868.27,8141.88,1.00052
y_pred[4116],0.0300588,0.000519825,0.0459529,0.0162168,2.39775e-05,0.0112728,0.123266,7849.9,7956.16,1.00008
y_pred[4117],0.0608501,0.00153784,0.136855,0.00208193,3.83302e-12,0.00140424,0.373014,8050.95,7931.6,1.00016
y_pred[4118],0.0865806,0.00249692,0.222749,6.16625e-06,1.28173e-26,4.15908e-06,0.726923,7629.02,7859.94,1.00025
y_pred[4119],0.066672,0.00223943,0.198366,2.67944e-08,2.02309e-38,1.80726e-08,0.566712,8323.54,7888.86,0.999932
y_pred[4120],0.100423,0.00231374,0.201941,0.00414748,1.21578e-11,0.00279744,0.614008,7732.54,8013.8,1.00033
y_pred[4121],0.114248,0.00268144,0.239153,0.000788207,4.11777e-16,0.000531639,0.763786,7757.43,7105.26,1.00002
y_pred[4122],0.1976,0.00329883,0.290761,0.0444661,4.69659e-08,0.0299921,0.884552,7753.74,7706.25,1.0005
y_pred[4123],0.0408932,0.000605818,0.0540028,0.0272799,0.00016489,0.0201089,0.152977,7729.51,7807.52,1.00045
y_pred[4124],0.407392,0.0031719,0.284,0.351777,0.0203696,0.372635,0.900477,8160.74,7672.13,1.00014
y_pred[4125],0.495854,0.00460345,0.397075,0.644746,0.000242678,0.484664,0.999732,7687.77,7901.69,1.00118
y_pred[4126],0.427549,0.0044294,0.395565,0.473596,1.97837e-05,0.320856,0.998816,7961.61,7745.38,1.00037
y_pred[4127],0.539467,0.00374975,0.337182,0.473611,0.0176256,0.565112,0.992888,8086.39,7751.55,0.999853
y_pred[4128],0.5701,0.00415254,0.372558,0.501572,0.00514827,0.643395,0.999686,8087.19,8097.46,0.999761
y_pred[4129],0.727503,0.00364054,0.323212,0.156006,0.0551958,0.894675,0.999992,7992.69,7790.03,1.00011
y_pred[4130],0.308425,0.00137422,0.125036,0.130842,0.119808,0.297114,0.530473,8256.29,8104.6,1.00029
y_pred[4131],0.200801,0.00269819,0.230799,0.14992,0.000294244,0.105717,0.706187,7717.76,7767.37,0.999839
y_pred[4132],0.264711,0.00393878,0.350326,0.0713409,1.20054e-08,0.0481188,0.981291,7995.68,7811.47,1.00015
y_pred[4133],0.211615,0.00361949,0.325227,0.0207372,4.03012e-11,0.0139871,0.961314,7624.89,7724.86,1.00004
y_pred[4134],0.296816,0.00342624,0.305521,0.261885,0.000348833,0.184571,0.913874,7371.78,7635.89,1.00058
y_pred[4135],0.328902,0.00396039,0.353058,0.247128,2.05711e-05,0.167049,0.983372,7970.06,7992.88,1.00004
y_pred[4136],0.488626,0.00406277,0.365296,0.552473,0.00252609,0.474746,0.996943,8182.53,7855.31,1.00039
y_pred[4137],0.139771,0.00103039,0.0929739,0.0878403,0.0232152,0.122076,0.323031,8032.6,7353.74,0.999801
y_pred[4138],0.483667,0.00318133,0.287187,0.367885,0.0472499,0.47799,0.943074,8216.68,8099.74,1.00019
y_pred[4139],0.578712,0.00429257,0.389077,0.472875,0.00132251,0.678799,0.999976,8335.89,7552.02,0.999866
y_pred[4140],0.496589,0.00430324,0.397728,0.647585,0.000251458,0.495773,0.999777,8632.24,8205.57,1.0003
y_pred[4141],0.619455,0.00368019,0.325119,0.386667,0.0430651,0.698241,0.997711,7747.42,7679.19,0.999941
y_pred[4142],0.652168,0.00401056,0.358006,0.297764,0.0148062,0.798108,0.999967,8081.09,7541.33,0.999954
y_pred[4143],0.784138,0.00334157,0.300684,0.0661647,0.0939624,0.955372,1.0,8200.58,8020.92,1.0008
y_pred[4144],0.385187,0.0014824,0.13419,0.140315,0.175179,0.378777,0.619731,8299.5,8013.46,0.999791
y_pred[4145],0.649566,0.00311286,0.276613,0.31809,0.134982,0.704978,0.990453,7960.31,8013.67,0.99973
y_pred[4146],0.726013,0.00410907,0.35491,0.0811479,0.0145283,0.945267,1.0,7498.51,7788.72,1.00013
y_pred[4147],0.678889,0.00410957,0.374487,0.162669,0.0058753,0.89028,1.0,8259.59,7970.62,1.00007
y_pred[4148],0.763822,0.00314609,0.283939,0.144258,0.146377,0.902167,0.999961,8233.87,8214.87,0.999941
y_pred[4149],0.790177,0.00348922,0.307559,0.0443327,0.0732781,0.970098,1.0,7742.36,7527.5,1.00019
y_pred[4150],0.882339,0.00262513,0.233832,0.00344334,0.2641,0.997677,1.0,7830.76,7909.62,1.00021
y_pred[4151],0.55607,0.00150976,0.135324,0.14084,0.326984,0.560453,0.774391,8090.48,8098.65,1.00009
y_pred[4152],0.101968,0.0019158,0.173402,0.0233114,1.24019e-07,0.015725,0.503383,7709.07,7626.47,1.00031
y_pred[4153],0.139282,0.00306641,0.275695,0.00121058,2.19088e-16,0.000816526,0.892426,7728.66,7954.79,1.00011
y_pred[4154],0.110121,0.00287723,0.250097,5.93422e-05,2.76207e-22,4.00258e-05,0.830311,7662.94,7412.91,0.999965
y_pred[4155],0.162022,0.00287963,0.247016,0.0412722,2.43855e-07,0.027839,0.7617,7898.7,7337.41,0.999993
y_pred[4156],0.180519,0.00318277,0.287992,0.0214992,3.46196e-10,0.014501,0.880177,8284.64,8067.45,0.999982
y_pred[4157],0.301458,0.00380199,0.336605,0.205695,1.96143e-05,0.139093,0.960299,8014.42,7504.07,1.00062
y_pred[4158],0.0677346,0.000753953,0.0675927,0.050849,0.00249254,0.0467858,0.203467,7975.18,7639.59,0.999917
y_pred[4159],0.444466,0.00314499,0.283773,0.356783,0.0329971,0.418378,0.925809,8241.6,7708.01,1.00028
y_pred[4160],0.54211,0.00434255,0.394738,0.579344,0.000785202,0.598053,0.999915,8111.03,7714.05,0.999928
y_pred[4161],0.459652,0.00462065,0.398017,0.580694,5.73521e-05,0.400378,0.9995,7626.27,8053.73,1.00001
y_pred[4162],0.571879,0.00372217,0.333945,0.453703,0.0301809,0.6175,0.995358,8085.46,7881.81,1.00007
y_pred[4163],0.603017,0.004097,0.368979,0.417474,0.00821829,0.712911,0.99986,8071.75,7836.88,1.00014
y_pred[4164],0.743568,0.00367679,0.320367,0.125388,0.0625261,0.915396,0.999998,7492.63,7201.5,1.00042
y_pred[4165],0.34474,0.00148601,0.131311,0.138684,0.145201,0.335659,0.577716,7822.77,7947.85,1.00013
y_pred[4166],0.602964,0.00311312,0.284869,0.353125,0.102109,0.642976,0.98242,8386.53,8034.93,1.00021
y_pred[4167],0.696314,0.00398812,0.364095,0.141936,0.00852384,0.904262,1.0,8143.74,7780.51,0.999733
y_pred[4168],0.617008,0.00429854,0.387925,0.333244,0.0024386,0.775019,0.999993,8230.37,7999.29,0.999627
y_pred[4169],0.724271,0.00335403,0.302334,0.20801,0.10147,0.857371,0.999836,8014.3,7781.5,1.00005
y_pred[4170],0.749384,0.00367342,0.326177,0.0974476,0.0450443,0.93427,1.0,7942.3,7329.57,0.999886
y_pred[4171],0.855544,0.0029601,0.256178,0.0109512,0.196713,0.992614,1.0,7866.65,7537.63,0.999861
y_pred[4172],0.503094,0.00148101,0.138615,0.143035,0.275063,0.502414,0.735467,8767.85,7680.21,1.00001
y_pred[4173],0.785797,0.00272924,0.237961,0.163958,0.270693,0.883034,0.999443,8081.64,7712.91,0.999997
y_pred[4174],0.841178,0.00326431,0.291377,0.00284956,0.0823611,0.998078,1.0,8161.33,7618.58,0.999702
y_pred[4175],0.796288,0.00360845,0.321212,0.0175184,0.0364212,0.988184,1.0,7945.05,7445.52,0.999802
y_pred[4176],0.862653,0.00271039,0.231564,0.021686,0.284176,0.985373,1.0,7136.45,7726.68,1.00009
y_pred[4177],0.872578,0.00283512,0.250908,0.00189402,0.192669,0.998722,1.0,7691.14,7550.78,0.999803
y_pred[4178],0.936103,0.00200935,0.179507,1.63086e-05,0.485643,0.999989,1.0,7748.09,7537.89,1.00032
y_pred[4179],0.707025,0.00136721,0.124334,0.129763,0.488129,0.717318,0.891667,8288.49,7934.34,1.00012
y_pred[4180],0.540515,0.00320823,0.289797,0.367243,0.0656698,0.554137,0.96704,8195.75,7809.55,1.00109
y_pred[4181],0.634788,0.00432536,0.382728,0.290763,0.00331908,0.803767,0.999996,7875.02,7558.39,1.00002
y_pred[4182],0.568881,0.00444988,0.395921,0.475157,0.000767816,0.677555,0.999972,8070.91,7494.58,1.00006
y_pred[4183],0.673373,0.00355388,0.315186,0.305905,0.069599,0.780667,0.999343,7951.77,8013.88,1.00079
y_pred[4184],0.699124,0.00381703,0.345062,0.1841,0.0269363,0.875782,0.999997,8218.66,7931.82,1.00044
y_pred[4185],0.815267,0.00320155,0.284103,0.0330657,0.127947,0.977697,1.0,8154.16,7631.64,0.999847
y_pred[4186],0.438988,0.00152789,0.134999,0.142171,0.222536,0.436063,0.666974,7846.32,8014.78,1.00016
y_pred[4187],0.534032,0.0032214,0.289756,0.373408,0.0601413,0.549646,0.960777,7834.01,7364.83,1.00042
y_pred[4188],0.630453,0.00429511,0.384971,0.290788,0.00363856,0.803775,0.999994,7847.89,8096.14,0.999882
y_pred[4189],0.548581,0.00449122,0.397098,0.558737,0.000541016,0.616347,0.999957,7854.78,7894.39,0.999944
y_pred[4190],0.657954,0.00360624,0.320769,0.32866,0.0579832,0.761456,0.999159,7999.71,7719.38,0.999964
y_pred[4191],0.687039,0.00421045,0.347258,0.217383,0.0257339,0.853178,0.999992,7319.71,7490.02,0.999895
y_pred[4192],0.817572,0.00325933,0.282373,0.0306683,0.134871,0.979314,1.0,8097.74,8006.42,1.00017
y_pred[4193],0.431258,0.00147682,0.135007,0.141478,0.213981,0.429018,0.660615,8380.13,8191.04,0.999857
y_pred[4194],0.0452653,0.00135948,0.118709,0.000350625,1.38566e-15,0.000236494,0.302602,7897.79,7562.4,1.00007
y_pred[4195],0.0703859,0.00226969,0.202658,1.02078e-07,3.59072e-34,6.88508e-08,0.610411,8170.31,7766.96,1.00022
y_pred[4196],0.0507023,0.0020178,0.176286,7.79755e-11,4.61491e-48,5.25938e-11,0.428782,7996.6,7536.16,0.999783
y_pred[4197],0.0746887,0.00201527,0.175501,0.000699352,8.84182e-15,0.000471706,0.502258,7754.42,7764.59,1.00071
y_pred[4198],0.0891758,0.00240143,0.215352,7.42212e-05,2.0310599999999997e-20,5.00615e-05,0.668296,8119.83,8013.61,1.0002
y_pred[4199],0.154836,0.00294543,0.26234,0.0159954,3.25002e-10,0.0107887,0.812097,7933.19,7994.6,0.999991
y_pred[4200],0.030843,0.000549519,0.0462177,0.0164835,2.42597e-05,0.0114079,0.125218,7047.72,7383.6,1.00001
y_pred[4201],0.116189,0.0020239,0.181596,0.0379426,1.43395e-06,0.0256042,0.53812,8000.16,8006.53,1.00014
y_pred[4202],0.0817219,0.00247345,0.219161,2.65133e-06,6.81571e-28,1.78829e-06,0.707329,8051.37,7974.07,0.999721
y_pred[4203],0.120404,0.0030543,0.26176,0.000198552,2.1818199999999997e-20,0.000133922,0.866624,7375.76,7684.17,0.999722
y_pred[4204],0.0896641,0.00212117,0.188984,0.00236215,9.78467e-13,0.00159325,0.561546,8187.86,7740.25,0.999702
y_pred[4205],0.102489,0.00257934,0.227036,0.000434263,2.91966e-17,0.000292906,0.72601,8003.34,7707.1,0.999731
y_pred[4206],0.163484,0.00313591,0.268206,0.0206772,1.35038e-09,0.0139466,0.837253,7758.88,7757.26,1.00011
y_pred[4207],0.0504891,0.00067041,0.0596973,0.0361248,0.000646309,0.0287786,0.172212,7931.6,8016.54,1.00017
y_pred[4208],0.659505,0.0030758,0.272762,0.312772,0.144059,0.718074,0.990692,7832.46,7634.98,1.00015
y_pred[4209],0.558185,0.00439837,0.393374,0.52147,0.00120052,0.643471,0.999949,7784.21,6930.73,1.00045
y_pred[4210],0.661836,0.00426049,0.379821,0.198272,0.00328643,0.86626,0.999999,8069.97,7789.98,1.00007
y_pred[4211],0.582862,0.00376448,0.331254,0.439738,0.0345905,0.632327,0.996021,7805.78,7554.4,1.0004
y_pred[4212],0.623397,0.00410551,0.366756,0.36341,0.0113932,0.752271,0.999901,7910.32,7823.27,0.999947
y_pred[4213],0.737752,0.00356073,0.32193,0.137589,0.0528781,0.90714,0.999996,8121.81,7988.52,1.0001
y_pred[4214],0.438524,0.00152455,0.136406,0.142117,0.220638,0.434227,0.67075,8000.78,7675.62,1.00031
y_pred[4215],0.877475,0.00210493,0.190431,0.04218,0.427354,0.971528,0.999998,8081.13,7835.87,0.999775
y_pred[4216],0.823898,0.00334376,0.301171,0.0070683,0.0668739,0.995232,1.0,7994.02,7928.49,1.00005
y_pred[4217],0.875078,0.00297896,0.267118,0.000237957,0.123558,0.999839,1.0,7719.17,7669.94,1.00098
y_pred[4218],0.846003,0.00271853,0.242371,0.03438,0.247928,0.976811,1.0,7776.61,7481.84,1.00014
y_pred[4219],0.861081,0.00297008,0.257967,0.00450488,0.18158,0.996962,1.0,7842.54,7521.12,0.9999
y_pred[4220],0.916802,0.00228839,0.202255,0.000177912,0.379276,0.99988,1.0,8130.55,8229.03,0.999896
y_pred[4221],0.746401,0.00136725,0.119737,0.122718,0.525175,0.761304,0.915993,7596.29,7742.57,0.999855
y_pred[4222],0.759256,0.00276873,0.247397,0.205094,0.245225,0.848407,0.998957,8019.01,7795.66,1.00014
y_pred[4223],0.673166,0.00416438,0.374254,0.179484,0.00689976,0.878934,0.999999,8103.38,7896.02,1.00018
y_pred[4224],0.759612,0.00379087,0.339744,0.045607,0.0201423,0.969239,1.0,7896.8,7141.01,1.0004
y_pred[4225],0.698806,0.00355274,0.308202,0.258416,0.0858139,0.81953,0.999629,7060.0,7687.56,1.00016
y_pred[4226],0.72808,0.0038949,0.33248,0.135659,0.0427242,0.908483,0.999999,7417.07,7224.13,0.999767
y_pred[4227],0.821328,0.00305858,0.278466,0.0326787,0.138358,0.977958,1.0,8035.21,8148.05,0.999761
y_pred[4228],0.555608,0.00150509,0.136362,0.143328,0.325589,0.558261,0.775608,8250.62,7666.0,1.00007
y_pred[4229],0.846549,0.00225914,0.207126,0.0813643,0.376364,0.944651,0.999967,8272.8,8099.95,0.999877
y_pred[4230],0.783834,0.00372098,0.326663,0.023878,0.0371154,0.983895,1.0,8030.98,7973.42,0.999798
y_pred[4231],0.846954,0.00325629,0.287781,0.00182656,0.0810348,0.998768,1.0,7695.79,7888.28,0.999716
y_pred[4232],0.797302,0.00304724,0.270946,0.0883593,0.171661,0.940373,0.999997,7855.79,7353.26,1.00032
y_pred[4233],0.821126,0.00321232,0.28737,0.0191441,0.110966,0.987087,1.0,7612.38,7741.87,1.00018
y_pred[4234],0.894576,0.00253301,0.224277,0.00143367,0.299427,0.999033,1.0,7841.04,7597.24,0.999992
y_pred[4235],0.68858,0.00139905,0.127754,0.13047,0.458608,0.700871,0.879427,8365.52,7578.99,1.00032
y_pred[4236],0.0815178,0.00174339,0.157575,0.00958015,2.49711e-09,0.00646173,0.449862,7978.76,7938.93,1.00006
y_pred[4237],0.0549795,0.00200117,0.18081,1.59734e-09,3.85665e-41,1.07739e-09,0.487609,8334.74,7999.35,1.0002
y_pred[4238],0.0801709,0.00245604,0.214894,1.02835e-06,3.15599e-30,6.93614e-07,0.66554,8358.24,7754.55,1.00007
y_pred[4239],0.0600703,0.0017441,0.15872,0.00011687,2.2553100000000004e-18,7.88278e-05,0.425397,7991.41,8183.61,0.999963
y_pred[4240],0.0660256,0.00205668,0.184769,6.4384e-06,5.32217e-25,4.34264e-06,0.520582,8448.11,8037.62,1.00069
y_pred[4241],0.119413,0.00263051,0.237147,0.00266263,2.48044e-13,0.00179592,0.748262,8078.03,7851.84,0.999837
y_pred[4242],0.0340027,0.000544475,0.0489442,0.0200355,4.95356e-05,0.0140959,0.134751,8136.22,7580.13,1.00016
y_pred[4243],0.386573,0.00306671,0.280977,0.344076,0.015768,0.346069,0.889762,8357.16,8150.13,0.999978
y_pred[4244],0.300874,0.00398369,0.364956,0.130775,8.3378e-08,0.0882072,0.988178,8162.36,7759.71,0.999794
y_pred[4245],0.380252,0.0043831,0.386822,0.327816,3.64555e-06,0.221272,0.997645,7879.87,7770.17,0.999992
y_pred[4246],0.318492,0.00349596,0.311502,0.297575,0.000491999,0.211313,0.921908,7921.79,8014.9,1.00016
y_pred[4247],0.342647,0.00401735,0.358656,0.276852,1.96003e-05,0.187325,0.986833,8026.15,8097.06,1.00011
y_pred[4248],0.482142,0.00396347,0.363485,0.546061,0.00217146,0.461662,0.995689,8311.84,7825.22,1.00009
y_pred[4249],0.198664,0.00124937,0.1093,0.109768,0.051854,0.18214,0.400919,7618.19,7128.18,1.00118
y_pred[4250],0.78009,0.00266497,0.238094,0.17983,0.271248,0.869818,0.999454,8072.68,7880.13,1.00017
y_pred[4251],0.710604,0.00390102,0.355199,0.120477,0.0136265,0.918739,1.0,8128.67,8088.36,0.999894
y_pred[4252],0.778624,0.0036957,0.331095,0.0267935,0.0320407,0.981928,1.0,8016.7,7834.57,1.0
y_pred[4253],0.726396,0.00334261,0.302876,0.20269,0.099095,0.861228,0.999877,8268.3,7804.49,1.00051
y_pred[4254],0.751902,0.0036806,0.3247,0.0940191,0.0464427,0.936583,1.0,7849.59,7329.03,1.0
y_pred[4255],0.8387,0.00304174,0.267389,0.0189476,0.164216,0.98722,1.0,7916.34,7795.23,0.999844
y_pred[4256],0.586487,0.0015566,0.135348,0.142206,0.354168,0.592032,0.80012,7620.09,7580.96,0.999824
y_pred[4257],0.898908,0.00194594,0.176036,0.0211878,0.476273,0.985708,1.0,8007.06,7767.63,1.00005
y_pred[4258],0.85232,0.00317719,0.280172,0.00165977,0.109073,0.998881,1.0,7826.24,7789.82,0.999929
y_pred[4259],0.899979,0.00264309,0.239765,3.7065e-05,0.199921,0.999975,1.0,8193.49,7882.47,1.00008
y_pred[4260],0.867687,0.00255514,0.226943,0.0190462,0.306325,0.987154,1.0,7715.89,7881.63,0.999805
y_pred[4261],0.8795,0.00279237,0.245873,0.00124168,0.212742,0.999162,1.0,7817.61,7831.35,0.999866
y_pred[4262],0.930904,0.00212799,0.18643,3.26172e-05,0.465121,0.999978,1.0,8283.53,7765.27,0.999902
y_pred[4263],0.778591,0.00129094,0.113674,0.113873,0.56655,0.793754,0.936217,7692.14,7553.1,0.999687
y_pred[4264],0.768162,0.0027337,0.243531,0.191507,0.246039,0.858052,0.999127,7993.3,8082.15,1.00016
y_pred[4265],0.688919,0.00416235,0.368684,0.143984,0.0083517,0.902882,1.0,8093.14,8009.64,0.999989
y_pred[4266],0.76597,0.00373604,0.336892,0.0370509,0.0265043,0.975009,1.0,7919.77,7852.81,1.00009
y_pred[4267],0.707617,0.00343165,0.306999,0.243757,0.0845644,0.830891,0.999762,7715.76,7689.0,0.999997
y_pred[4268],0.740472,0.00369353,0.32817,0.113072,0.0445594,0.92373,1.0,7944.7,7914.3,0.99979
y_pred[4269],0.831545,0.00308783,0.269928,0.0272413,0.153497,0.981626,1.0,8009.78,7730.04,0.99999
y_pred[4270],0.564431,0.00153346,0.137804,0.144171,0.33333,0.569273,0.784073,8060.66,7711.2,0.999691
y_pred[4271],0.731297,0.00287332,0.256257,0.233681,0.199264,0.815107,0.997746,8052.19,8012.61,0.999963
y_pred[4272],0.641823,0.0043316,0.381072,0.267177,0.00399611,0.819735,0.999997,8009.41,7633.01,0.999865
y_pred[4273],0.732049,0.00403167,0.354507,0.0728268,0.0147743,0.950879,1.0,7977.95,7764.38,0.999841
y_pred[4274],0.664419,0.0036211,0.319539,0.325417,0.0639582,0.767569,0.999334,8011.33,7871.75,0.99994
y_pred[4275],0.695811,0.00386269,0.345367,0.192318,0.0279763,0.870194,0.999995,7794.55,7755.49,1.00017
y_pred[4276],0.798394,0.00329513,0.293855,0.0464032,0.102,0.968701,1.0,8007.02,7857.45,0.999808
y_pred[4277],0.519982,0.00154889,0.137298,0.143445,0.292382,0.52018,0.743888,7816.17,7809.57,0.99995
y_pred[4278],0.0808149,0.00179241,0.15756,0.0092921,5.42959e-09,0.00626745,0.436943,8171.45,7753.45,1.00054
y_pred[4279],0.0563681,0.00207636,0.181878,1.79799e-09,1.25627e-40,1.21273e-09,0.493721,7872.14,7687.06,1.00057
y_pred[4280],0.0830498,0.00256023,0.222411,1.0956e-06,2.02287e-29,7.38973e-07,0.725076,7533.89,7754.67,1.00001
y_pred[4281],0.0608215,0.00178022,0.159993,0.000138501,1.0729500000000001e-18,9.34179e-05,0.423701,8030.21,7592.95,1.00046
y_pred[4282],0.0707208,0.00220161,0.194272,6.49347e-06,3.07192e-25,4.37979e-06,0.564855,7677.58,8141.9,1.00006
y_pred[4283],0.114334,0.00258386,0.231333,0.00279139,8.79182e-14,0.00188277,0.715416,7941.74,7849.9,1.00056
y_pred[4284],0.0343503,0.000547163,0.04939,0.0203757,6.82483e-05,0.0144223,0.136086,8128.59,7991.22,1.00052
y_pred[4285],0.117406,0.00211004,0.184436,0.0372742,1.02433e-06,0.0251512,0.543027,8058.18,7912.18,1.00029
y_pred[4286],0.0798207,0.00248097,0.215557,2.15987e-06,1.10764e-27,1.45681e-06,0.691071,8043.6,8056.52,0.999879
y_pred[4287],0.119375,0.00291003,0.25807,0.000114505,2.3695199999999997e-21,7.72326e-05,0.840364,8363.44,7890.88,1.00008
y_pred[4288],0.0904423,0.00211623,0.192003,0.00259087,6.75198e-13,0.00174752,0.581273,8068.2,7886.26,0.999862
y_pred[4289],0.104681,0.00265195,0.233071,0.000452694,4.73267e-17,0.000305338,0.747762,7423.05,7637.1,0.999962
y_pred[4290],0.170215,0.00305066,0.274919,0.0192834,7.60563e-10,0.0130065,0.851713,8226.09,8020.33,1.00024
y_pred[4291],0.0494313,0.000646188,0.0584672,0.0352958,0.00059391,0.0284689,0.168007,8065.73,7729.63,0.999855
y_pred[4292],0.659167,0.00302394,0.27464,0.305436,0.140596,0.722693,0.991287,8145.08,7708.03,1.00047
y_pred[4293],0.552269,0.00437127,0.395117,0.552376,0.000763852,0.620527,0.999953,8155.36,7380.38,1.00005
y_pred[4294],0.659087,0.00426578,0.379924,0.215289,0.00351921,0.854772,0.999999,8058.82,8129.73,1.00021
y_pred[4295],0.588719,0.00373586,0.333629,0.433842,0.0315211,0.649806,0.996579,8054.22,7454.81,1.00022
y_pred[4296],0.620176,0.00416825,0.365188,0.378122,0.00910607,0.741242,0.999879,7868.22,7930.74,1.00045
y_pred[4297],0.745534,0.00354416,0.318449,0.120418,0.0652833,0.918748,0.999997,8002.53,8000.02,1.00021
y_pred[4298],0.437013,0.00156414,0.135303,0.140086,0.216916,0.43509,0.664823,7557.03,8056.18,1.00001
y_pred[4299],0.879914,0.00209012,0.186081,0.0415402,0.445119,0.971963,0.999998,7802.71,7250.54,0.999979
y_pred[4300],0.834931,0.00329481,0.293835,0.00418464,0.0763375,0.997178,1.0,7912.72,7810.46,0.999969
y_pred[4301],0.882305,0.00285426,0.25837,0.000207564,0.150003,0.99986,1.0,8025.86,7877.47,0.999991
y_pred[4302],0.845763,0.00279029,0.245628,0.0337247,0.232993,0.977252,1.0,8051.71,7849.73,1.00046
y_pred[4303],0.8658,0.00291677,0.254518,0.00366944,0.187195,0.997525,1.0,7368.91,7527.98,0.999704
y_pred[4304],0.915482,0.00225896,0.201418,0.000212753,0.40777,0.999856,1.0,7931.01,7837.03,0.999838
y_pred[4305],0.745875,0.00136618,0.118514,0.121012,0.529313,0.759054,0.916325,7485.51,7196.51,1.00059
y_pred[4306],0.759883,0.00282003,0.246783,0.204957,0.241018,0.848105,0.998795,7705.79,7484.8,0.99995
y_pred[4307],0.67394,0.00432026,0.371713,0.18337,0.00718001,0.87631,0.999999,7578.06,7967.01,0.99978
y_pred[4308],0.755561,0.00384486,0.342434,0.0470992,0.0238338,0.968232,1.0,7562.98,7339.88,0.999821
y_pred[4309],0.701873,0.00346326,0.305788,0.257998,0.0947127,0.819438,0.999677,8305.02,7940.4,1.00001
y_pred[4310],0.728397,0.00390054,0.33305,0.133592,0.0443228,0.909873,0.999999,7976.93,7809.89,0.999827
y_pred[4311],0.824797,0.00305008,0.276008,0.0280337,0.138698,0.981092,1.0,8163.34,8041.57,1.00018
y_pred[4312],0.558896,0.0015441,0.135142,0.140704,0.328172,0.561927,0.776386,7788.33,7588.81,0.999935
y_pred[4313],0.849928,0.00233059,0.205646,0.0757134,0.379326,0.948615,0.999979,7572.51,7391.27,0.999995
y_pred[4314],0.7908,0.00358943,0.32064,0.024646,0.0359081,0.983376,1.0,8068.35,7670.91,0.99986
y_pred[4315],0.84569,0.00320247,0.288257,0.00177319,0.0843243,0.998804,1.0,7958.94,7633.27,1.00023
y_pred[4316],0.811199,0.00298129,0.26188,0.0749217,0.201549,0.94944,0.999997,7819.0,7485.28,1.0003
y_pred[4317],0.824128,0.00322128,0.286363,0.0192012,0.112842,0.987049,1.0,7963.3,8015.43,1.00025
y_pred[4318],0.892192,0.00252744,0.227276,0.00137141,0.29095,0.999075,1.0,7726.76,7699.96,1.00025
y_pred[4319],0.692225,0.00145886,0.12633,0.130782,0.465811,0.702966,0.881044,7474.19,7883.09,1.00033
y_pred[4320],0.0819133,0.00174652,0.158647,0.009878,2.6208e-09,0.00666263,0.447052,7938.18,7346.54,1.0002
y_pred[4321],0.0537962,0.00200369,0.178712,2.5444e-09,3.1411e-42,1.71618e-09,0.473272,7990.9,7968.33,1.00017
y_pred[4322],0.0794228,0.00243612,0.217239,9.33829e-07,1.8116800000000001e-29,6.29859e-07,0.706995,7839.8,7810.08,1.00001
y_pred[4323],0.0607553,0.0018114,0.160059,0.000124669,8.91092e-19,8.4088e-05,0.436025,7871.83,7284.17,0.999763
y_pred[4324],0.0739182,0.00223862,0.197399,6.61971e-06,1.09211e-25,4.46494e-06,0.595224,7729.29,7450.27,1.00044
y_pred[4325],0.114306,0.00262409,0.231657,0.00226675,8.2725e-14,0.0015289,0.737173,7409.95,7106.46,1.00045
y_pred[4326],0.0337886,0.000553333,0.0495279,0.0197836,5.67541e-05,0.013995,0.136188,8093.52,7872.06,1.00001
y_pred[4327],0.381283,0.00313594,0.281025,0.338847,0.0149871,0.33606,0.891152,8118.88,8014.77,1.00002
y_pred[4328],0.292237,0.00400412,0.361335,0.114999,8.88571e-08,0.0775664,0.989498,8154.0,7666.32,1.00004
y_pred[4329],0.381876,0.00438685,0.386608,0.331275,4.11913e-06,0.223633,0.99759,7844.3,7857.16,1.00051
y_pred[4330],0.318537,0.00348884,0.311353,0.301523,0.000488148,0.213305,0.914775,7956.27,7757.35,1.00053
y_pred[4331],0.348512,0.00402434,0.359451,0.300649,3.80117e-05,0.203843,0.983971,7856.13,7932.42,0.999836
y_pred[4332],0.478089,0.0040974,0.363552,0.547349,0.00243961,0.458612,0.995317,7791.31,7970.23,1.00045
y_pred[4333],0.198834,0.00119328,0.108757,0.109123,0.0506073,0.182178,0.403046,8282.19,8140.17,1.00068
y_pred[4334],0.782721,0.002609,0.233802,0.180923,0.290158,0.870092,0.999472,8216.92,8014.48,0.999766
y_pred[4335],0.701578,0.00407401,0.363328,0.127753,0.0101531,0.91383,1.0,8092.74,7798.64,1.00005
y_pred[4336],0.778595,0.00377127,0.331797,0.0238587,0.0316776,0.983908,1.0,8088.3,7972.4,1.00038
y_pred[4337],0.726915,0.00339543,0.299823,0.207567,0.105797,0.857997,0.999883,7874.36,7320.89,1.00022
y_pred[4338],0.755336,0.00365638,0.322458,0.0937693,0.053244,0.936751,1.0,7627.07,7976.39,0.999943
y_pred[4339],0.842173,0.00299099,0.266047,0.0147578,0.176528,0.990046,1.0,7869.7,7932.22,1.00033
y_pred[4340],0.585964,0.00147519,0.136048,0.140957,0.352481,0.589452,0.802987,8511.1,7957.27,1.00026
y_pred[4341],0.900284,0.00188822,0.17015,0.0233465,0.492864,0.984251,1.0,8052.05,7887.77,0.999812
y_pred[4342],0.858683,0.0031381,0.275857,0.00161455,0.0987538,0.998911,1.0,7817.24,7793.23,0.9999
y_pred[4343],0.899012,0.00271562,0.241566,2.9652e-05,0.208708,0.99998,1.0,8015.83,8057.87,1.00002
y_pred[4344],0.873414,0.00253742,0.222886,0.0160232,0.311387,0.989192,1.0,7357.24,7445.45,1.00014
y_pred[4345],0.883923,0.00268723,0.242071,0.00112159,0.225388,0.999243,1.0,7995.24,8041.77,1.00008
y_pred[4346],0.929391,0.0020525,0.187703,3.55824e-05,0.45884,0.999976,1.0,8307.08,7941.69,1.00027
y_pred[4347],0.78119,0.00129595,0.111276,0.112919,0.575812,0.794956,0.937592,7266.79,7815.19,1.00023
y_pred[4348],0.764032,0.00269609,0.242801,0.199142,0.260824,0.853091,0.998958,8356.85,8015.16,0.999795
y_pred[4349],0.672678,0.00427556,0.373984,0.180301,0.00546526,0.878383,0.999999,7519.7,7876.23,1.0003
y_pred[4350],0.755592,0.00383139,0.344238,0.0418182,0.0189844,0.971794,1.0,8007.49,7568.46,1.00064
y_pred[4351],0.700557,0.00345372,0.309748,0.253216,0.0859445,0.823579,0.999667,8038.52,7894.42,0.999874
y_pred[4352],0.730904,0.00378652,0.332415,0.125961,0.0445531,0.915034,0.999999,7430.26,7686.67,1.00007
y_pred[4353],0.824933,0.00320681,0.276861,0.0265949,0.145021,0.982062,1.0,7025.92,7163.4,1.00031
y_pred[4354],0.566599,0.00153146,0.138987,0.145981,0.33108,0.571146,0.788471,8269.61,7848.57,0.999821
y_pred[4355],0.735124,0.00277144,0.252467,0.232221,0.218861,0.814272,0.997487,8494.43,7813.95,1.00007
y_pred[4356],0.641907,0.00418264,0.382217,0.255009,0.00428301,0.827947,0.999997,7840.88,7266.22,1.00041
y_pred[4357],0.730437,0.00392431,0.354746,0.0733843,0.0161964,0.950503,1.0,7982.35,7849.07,1.00005
y_pred[4358],0.664912,0.00353667,0.315963,0.326019,0.0672755,0.764803,0.999307,8085.99,8057.94,1.00002
y_pred[4359],0.699156,0.00382266,0.343905,0.18811,0.0301075,0.873013,0.999993,8101.88,7403.49,1.00007
y_pred[4360],0.800144,0.00327214,0.292159,0.0504848,0.10078,0.965948,1.0,8122.56,6765.04,0.999754
y_pred[4361],0.518338,0.00156863,0.138414,0.146895,0.291022,0.518096,0.744364,7807.51,7807.94,1.00007
y_pred[4362],0.0842231,0.00181818,0.160443,0.0105905,3.24948e-09,0.00714318,0.45384,7918.18,7433.75,0.999739
y_pred[4363],0.055233,0.0020651,0.181662,2.98779e-09,3.44722e-41,2.01523e-09,0.467195,7886.49,7749.98,1.00031
y_pred[4364],0.0805085,0.0024131,0.214214,1.10038e-06,2.7529400000000002e-30,7.42195e-07,0.677786,7844.86,7781.76,0.999789
y_pred[4365],0.0632006,0.00183921,0.163155,0.000152191,4.416070000000001e-18,0.000102651,0.448482,7630.9,7464.63,1.00035
y_pred[4366],0.0721368,0.00220827,0.196063,1.00408e-05,8.16327e-25,6.77245e-06,0.58015,8272.06,7579.52,0.999776
y_pred[4367],0.122011,0.00276802,0.240615,0.0029717,1.60398e-13,0.00200439,0.766946,7671.24,7800.68,0.999992
y_pred[4368],0.0341677,0.000539016,0.048697,0.0202363,5.81553e-05,0.0143273,0.133074,8081.58,8142.59,0.999942
y_pred[4369],0.114807,0.00203935,0.181702,0.0357949,1.12194e-06,0.0241555,0.535428,8011.77,7795.48,0.999968
y_pred[4370],0.0796321,0.0024601,0.212751,2.2122e-06,3.992e-28,1.49211e-06,0.669487,8009.9,7528.24,0.999968
y_pred[4371],0.116494,0.00285872,0.256326,0.000146541,6.8701e-20,9.88403e-05,0.847622,8283.82,7631.91,1.00025
y_pred[4372],0.0875497,0.00213152,0.189776,0.00196975,6.12009e-13,0.00132857,0.557955,8203.77,7459.68,1.00002
y_pred[4373],0.101471,0.00259228,0.226722,0.000407604,1.36233e-17,0.000274925,0.725401,8305.83,7817.52,0.999845
y_pred[4374],0.168335,0.0030541,0.271958,0.0198224,9.71001e-10,0.01337,0.843327,7767.07,7855.36,1.00012
y_pred[4375],0.0499668,0.000636457,0.0585878,0.0359396,0.000631217,0.0290127,0.171716,7892.15,8056.49,1.00033
y_pred[4376],0.663572,0.00302461,0.271296,0.300679,0.15061,0.723706,0.990458,8111.56,8013.24,1.00002
y_pred[4377],0.561386,0.00430858,0.392598,0.517143,0.000896733,0.646492,0.999946,8176.14,8013.57,1.00012
y_pred[4378],0.657844,0.00426823,0.379026,0.212846,0.0042112,0.856424,0.999999,7820.27,7659.77,1.00008
y_pred[4379],0.59137,0.00362858,0.328637,0.418563,0.0349801,0.653915,0.995626,8245.91,8144.25,0.999865
y_pred[4380],0.622789,0.00407745,0.366486,0.363769,0.0114092,0.75205,0.999896,8185.59,7821.07,0.999819
y_pred[4381],0.738092,0.00364372,0.320051,0.139221,0.065306,0.906038,0.999997,7748.13,7541.24,1.00028
y_pred[4382],0.440178,0.00150043,0.136435,0.142882,0.22329,0.435728,0.667951,8346.12,7707.54,0.999918
y_pred[4383],0.878625,0.00212742,0.188003,0.0412963,0.439404,0.972132,0.999999,8040.96,8305.39,1.00051
y_pred[4384],0.830179,0.00326283,0.296071,0.00467464,0.0826169,0.996847,1.0,8225.14,8071.95,1.00104
y_pred[4385],0.881894,0.00292832,0.25836,0.000210529,0.142505,0.999858,1.0,7655.03,7450.35,1.00011
y_pred[4386],0.843086,0.00270117,0.244022,0.0382274,0.257008,0.974215,1.0,8057.83,8015.59,0.999796
y_pred[4387],0.869082,0.00274534,0.250312,0.00394075,0.208985,0.997342,1.0,8346.06,8041.52,1.00034
y_pred[4388],0.917311,0.00224823,0.19933,0.000172723,0.394529,0.999883,1.0,8002.27,7887.04,0.999879
y_pred[4389],0.74581,0.00140955,0.118548,0.117383,0.529534,0.759821,0.914388,7508.91,7772.5,1.00019
y_pred[4390],0.76273,0.00277744,0.244991,0.19782,0.24232,0.852977,0.99893,7596.83,7523.76,1.00065
y_pred[4391],0.669415,0.00426742,0.374783,0.189976,0.00745851,0.871854,0.999999,7900.63,7864.49,1.00041
y_pred[4392],0.757146,0.00395635,0.343338,0.0404742,0.0239423,0.9727,1.0,7073.52,7627.2,1.00012
y_pred[4393],0.70351,0.00354337,0.307548,0.252556,0.0863278,0.824294,0.999714,7792.27,7516.31,0.999859
y_pred[4394],0.732825,0.00371259,0.333692,0.120753,0.041659,0.918542,0.999999,8233.4,7642.35,0.999847
y_pred[4395],0.827356,0.00304214,0.274295,0.0298462,0.142187,0.979869,1.0,8406.89,8056.95,0.999944
y_pred[4396],0.558114,0.00149598,0.136084,0.140439,0.329864,0.56081,0.778181,8276.66,7599.67,1.00024
y_pred[4397],0.848379,0.00226273,0.205391,0.0781167,0.377783,0.946831,0.999965,8376.65,8022.15,1.00005
y_pred[4398],0.78293,0.0036948,0.325026,0.0288484,0.0343056,0.980542,1.0,7843.43,7973.14,0.999915
y_pred[4399],0.850006,0.00343845,0.283744,0.00186882,0.091033,0.99874,1.0,6496.21,7066.71,1.00012
y_pred[4400],0.807658,0.00295577,0.26415,0.0774592,0.185928,0.947723,0.999998,7843.33,7986.55,0.999994
y_pred[4401],0.820039,0.00329475,0.292041,0.0193383,0.0911436,0.986957,1.0,7521.04,7671.62,1.00031
y_pred[4402],0.893369,0.00250365,0.225483,0.00148631,0.29674,0.998997,1.0,8348.29,7638.63,0.999975
y_pred[4403],0.691756,0.00141634,0.126866,0.13361,0.466741,0.70364,0.878195,8044.14,8100.64,0.999983
y_pred[4404],0.0819259,0.00175388,0.158771,0.00880954,1.46332e-09,0.00594196,0.447451,8393.57,7958.79,1.00008
y_pred[4405],0.05534,0.00199803,0.182824,2.76826e-09,1.24777e-41,1.86716e-09,0.489057,8836.28,8152.28,0.999806
y_pred[4406],0.0839497,0.00243559,0.223754,5.81212e-07,4.6105600000000004e-30,3.92022e-07,0.73516,8223.6,8366.75,1.00044
y_pred[4407],0.0639758,0.001856,0.164746,0.000122414,1.06656e-18,8.25673e-05,0.465197,7977.83,7929.34,0.999861
y_pred[4408],0.0706725,0.00217888,0.194206,8.12717e-06,1.63577e-25,5.4817e-06,0.574714,8052.33,7791.46,0.999895
y_pred[4409],0.115803,0.00261589,0.231875,0.00254829,8.29667e-14,0.0017188,0.729863,8004.6,7946.66,1.00018
y_pred[4410],0.0332441,0.000519542,0.0468896,0.019626,4.78036e-05,0.0137459,0.130675,8374.46,7755.87,0.999953
y_pred[4411],0.384698,0.00311768,0.281494,0.340644,0.0161362,0.339225,0.892246,8218.2,7287.83,1.00012
y_pred[4412],0.289547,0.00402157,0.360206,0.109875,7.83403e-08,0.0741101,0.987157,8030.35,7489.05,1.00008
y_pred[4413],0.384668,0.00435305,0.389818,0.323671,8.72714e-06,0.218479,0.998117,8111.9,7845.18,0.999793
y_pred[4414],0.314489,0.00369507,0.311967,0.28292,0.000553033,0.199882,0.927989,6938.96,7128.97,0.999906
y_pred[4415],0.348208,0.0040523,0.358118,0.292572,4.33689e-05,0.198209,0.982015,7955.86,7742.03,1.0003
y_pred[4416],0.479099,0.00409079,0.365527,0.553333,0.00260706,0.45699,0.995919,8052.82,7690.8,1.00083
y_pred[4417],0.199122,0.00123825,0.108748,0.107961,0.0511814,0.181831,0.405435,7709.02,7842.04,0.999786
y_pred[4418],0.781688,0.00263553,0.235994,0.174316,0.275457,0.874278,0.999325,8171.13,8049.01,1.00001
y_pred[4419],0.709446,0.0040398,0.359742,0.119045,0.0100456,0.919704,1.0,8033.93,7416.18,0.99995
y_pred[4420],0.779959,0.00369387,0.331106,0.0243799,0.0272273,0.983556,1.0,7914.39,7642.61,0.99992
y_pred[4421],0.731577,0.00337183,0.296784,0.203678,0.112277,0.860325,0.999879,7965.6,8083.79,0.999868
y_pred[4422],0.750635,0.00361025,0.325134,0.094008,0.0505693,0.936591,1.0,8204.44,8057.39,0.999716
y_pred[4423],0.83863,0.00297539,0.26785,0.016703,0.160873,0.988734,1.0,8453.51,8098.23,1.00004
y_pred[4424],0.587388,0.00147955,0.133209,0.138026,0.358228,0.591225,0.798052,8145.76,8144.35,1.00031
y_pred[4425],0.893738,0.00198209,0.17741,0.0241019,0.466914,0.983742,1.0,8191.87,7807.03,1.00025
y_pred[4426],0.852324,0.0031507,0.279966,0.00176504,0.108773,0.998809,1.0,8157.12,7747.74,0.999974
y_pred[4427],0.893936,0.00279702,0.247547,2.52042e-05,0.178054,0.999983,1.0,7836.78,7806.73,1.00026
y_pred[4428],0.867445,0.00253756,0.227115,0.0192545,0.303888,0.987013,1.0,7957.53,7615.89,1.00011
y_pred[4429],0.885885,0.00263802,0.237494,0.00130765,0.245604,0.999118,1.0,7935.01,7884.41,1.00041
y_pred[4430],0.930877,0.00207136,0.184402,3.26172e-05,0.471247,0.999978,1.0,7906.49,7433.48,0.999841
y_pred[4431],0.780154,0.00128777,0.113024,0.114078,0.571663,0.796087,0.936036,7711.88,8015.36,0.999908
y_pred[4432],0.762942,0.00284772,0.248013,0.194888,0.238722,0.857673,0.998992,7922.38,7970.77,0.999971
y_pred[4433],0.684501,0.00414828,0.368537,0.169529,0.00821275,0.88565,1.0,7914.25,7729.96,1.00054
y_pred[4434],0.763713,0.00391337,0.341106,0.0329908,0.0208418,0.977748,1.0,7833.19,7915.0,1.00005
y_pred[4435],0.706364,0.00352385,0.309161,0.23977,0.0862361,0.834366,0.999754,7809.58,8061.15,1.00035
y_pred[4436],0.73126,0.00382779,0.335709,0.117651,0.0398595,0.920635,0.999999,7852.48,7739.26,0.999907
y_pred[4437],0.827453,0.00316391,0.273892,0.0277246,0.156087,0.9813,1.0,7974.1,8003.25,0.999949
y_pred[4438],0.568498,0.00150555,0.134573,0.138024,0.339427,0.57215,0.785426,8002.98,7629.14,0.999916
y_pred[4439],0.729683,0.00297278,0.255671,0.244149,0.214082,0.809349,0.997416,7372.55,8052.02,1.00006
y_pred[4440],0.646626,0.00428644,0.379722,0.245725,0.00399088,0.834197,0.999996,7929.61,8059.89,1.00001
y_pred[4441],0.728561,0.00394104,0.354092,0.0774703,0.0145757,0.947747,1.0,8244.72,7600.7,0.999879
y_pred[4442],0.663329,0.00347437,0.317276,0.326851,0.0640232,0.763294,0.999091,8243.54,7263.84,0.999913
y_pred[4443],0.700019,0.00387535,0.345057,0.180719,0.0259281,0.878038,0.999996,8076.78,8141.34,1.00012
y_pred[4444],0.803075,0.00330388,0.292015,0.0440999,0.103038,0.970255,1.0,8139.15,7848.18,1.00023
y_pred[4445],0.520467,0.00154562,0.136751,0.141395,0.287925,0.522496,0.743483,7913.29,7830.98,1.00006
y_pred[4446],0.0801365,0.00174425,0.156077,0.0101908,5.41453e-09,0.0068736,0.450408,8027.62,8052.64,1.0001
y_pred[4447],0.0577141,0.002069,0.184613,3.35113e-09,2.77682e-41,2.2603e-09,0.525391,7635.04,7971.22,1.00037
y_pred[4448],0.0818122,0.00248829,0.220455,9.18434e-07,4.44371e-30,6.19476e-07,0.710018,7812.75,7849.51,0.999797
y_pred[4449],0.0626149,0.00182923,0.162141,0.000128014,4.1194900000000006e-18,8.63443e-05,0.440984,8181.89,7497.66,0.999955
y_pred[4450],0.0716121,0.00226122,0.195534,5.65539e-06,1.98485e-24,3.81451e-06,0.569532,7387.77,7472.01,1.00018
y_pred[4451],0.113828,0.00256159,0.231272,0.0026161,1.97874e-13,0.00176454,0.727987,8206.82,7910.56,1.00072
y_pred[4452],0.0346591,0.000543998,0.0494473,0.0211993,5.95683e-05,0.0149545,0.136758,8522.82,8054.34,1.00039
y_pred[4453],0.116962,0.00213659,0.186854,0.0359271,1.08716e-06,0.0242445,0.558437,7660.28,7662.98,1.00006
y_pred[4454],0.0807048,0.00244668,0.215195,2.24562e-06,2.1385300000000003e-28,1.51465e-06,0.684937,7260.94,7973.78,1.00011
y_pred[4455],0.117689,0.00293564,0.258635,0.00012599,3.08566e-20,8.49789e-05,0.858447,7536.07,7545.92,0.999961
y_pred[4456],0.0906045,0.00218371,0.191277,0.00263304,1.06786e-12,0.00177596,0.567195,7901.2,7330.74,1.00003
y_pred[4457],0.101891,0.00258462,0.2273,0.000393757,2.5672e-17,0.000265585,0.729086,7728.12,8029.64,1.00038
y_pred[4458],0.162637,0.00309517,0.269484,0.0193256,1.18604e-09,0.013035,0.837387,8096.4,7547.86,1.00059
y_pred[4459],0.0502296,0.000667329,0.0599378,0.0354402,0.000618551,0.028217,0.173632,7897.16,7887.7,0.999918
y_pred[4460],0.660844,0.0030122,0.271198,0.307082,0.14554,0.718268,0.990352,8255.26,7920.71,1.00011
y_pred[4461],0.561006,0.0045124,0.394252,0.509759,0.00107783,0.652358,0.999936,7559.65,7929.75,1.00013
y_pred[4462],0.65034,0.00434499,0.3809,0.229549,0.00461688,0.845154,0.999999,7845.61,7503.48,1.00147
y_pred[4463],0.582371,0.00375762,0.330793,0.441354,0.0339945,0.631223,0.996577,7610.01,7802.01,1.00011
y_pred[4464],0.615831,0.00410554,0.365661,0.385376,0.00901607,0.736254,0.999913,7818.38,7826.01,1.00021
y_pred[4465],0.747928,0.00355331,0.31705,0.120527,0.0641104,0.918655,0.999997,7983.2,7835.02,0.999834
y_pred[4466],0.434013,0.0014989,0.134719,0.139942,0.215848,0.431522,0.661341,8076.82,7280.35,1.00011
y_pred[4467],0.879472,0.00211027,0.188743,0.038048,0.444899,0.974321,0.999998,7672.32,7912.39,0.999903
y_pred[4468],0.82913,0.00336513,0.300158,0.00496152,0.0661984,0.996654,1.0,8232.54,7872.4,1.00034
y_pred[4469],0.881949,0.00285782,0.256522,0.000196445,0.150039,0.999867,1.0,8139.89,7932.31,1.00016
y_pred[4470],0.842022,0.00270565,0.244682,0.038985,0.246162,0.973705,1.0,8347.41,7915.35,1.00027
y_pred[4471],0.857462,0.00301333,0.263315,0.0041876,0.16419,0.997175,1.0,7299.28,7512.22,1.00011
y_pred[4472],0.91432,0.00237693,0.205339,0.000195703,0.363688,0.999868,1.0,8197.44,7524.68,0.999877
y_pred[4473],0.747093,0.00134844,0.119005,0.12023,0.527741,0.760893,0.919175,7866.99,8015.88,1.00025
y_pred[4474],0.762233,0.0027604,0.245593,0.200292,0.243328,0.85137,0.998984,7840.9,7717.03,1.00022
y_pred[4475],0.674207,0.0041435,0.37246,0.177443,0.00687362,0.880312,0.999999,8246.34,8143.47,0.999884
y_pred[4476],0.759986,0.00373799,0.340346,0.0443305,0.0223221,0.9701,1.0,8149.46,8186.48,1.00035
y_pred[4477],0.700687,0.00348816,0.307368,0.260465,0.088188,0.817901,0.9997,7693.68,7810.06,1.00017
y_pred[4478],0.72848,0.00375929,0.33341,0.136763,0.0403694,0.907734,0.999999,7955.13,7603.84,0.999951
y_pred[4479],0.823328,0.00313435,0.278228,0.0271724,0.139464,0.981672,1.0,7810.01,7413.66,0.999825
y_pred[4480],0.555699,0.00149162,0.134632,0.138252,0.328631,0.558486,0.773632,8131.46,7754.41,1.00028
y_pred[4481],0.847284,0.00227634,0.207075,0.0809092,0.373634,0.945036,0.999971,8190.84,7829.69,1.00016
y_pred[4482],0.785172,0.00362281,0.325465,0.0252991,0.0399605,0.982936,1.0,7890.5,7738.38,0.999923
y_pred[4483],0.84779,0.00326008,0.286885,0.00208898,0.0891098,0.998591,1.0,8072.4,7885.57,1.0004
y_pred[4484],0.807596,0.00294716,0.261998,0.0842139,0.204656,0.943156,0.999997,7889.89,7850.03,0.999978
y_pred[4485],0.826106,0.00323502,0.284967,0.0180054,0.112424,0.987855,1.0,7747.61,7890.85,1.00011
y_pred[4486],0.893482,0.00253081,0.224348,0.00151299,0.290035,0.99898,1.0,8065.36,7888.26,0.999916
y_pred[4487],0.689453,0.00141416,0.126081,0.128592,0.464257,0.699767,0.877275,7975.01,7852.97,1.00019
y_pred[4488],0.0812333,0.00177354,0.157448,0.00921092,3.67847e-09,0.00621269,0.448571,7864.21,7689.44,0.999968
y_pred[4489],0.0594932,0.00205488,0.187929,2.5911e-09,4.80619e-41,1.74767e-09,0.55007,8264.26,8140.43,0.999919
y_pred[4490],0.0833203,0.00246148,0.221453,9.8197e-07,1.98259e-29,6.62329e-07,0.709276,8041.36,7719.93,1.00034
y_pred[4491],0.0626153,0.00191248,0.161061,0.000129753,1.56946e-18,8.75174e-05,0.449413,7850.88,7427.27,0.999719
y_pred[4492],0.0682507,0.0020835,0.189499,7.53428e-06,1.77248e-25,5.0818e-06,0.548239,8373.52,7832.27,1.00004
y_pred[4493],0.116672,0.0026108,0.235892,0.00230964,1.83492e-13,0.00155783,0.748428,8437.9,8230.87,1.00026
y_pred[4494],0.0334275,0.000549123,0.048733,0.019516,4.92085e-05,0.0137047,0.135209,7854.99,8007.28,0.999862
y_pred[4495],0.382884,0.00319156,0.281981,0.341605,0.0168085,0.338216,0.889505,7841.21,7770.07,1.00027
y_pred[4496],0.290951,0.00409573,0.359516,0.116516,1.01813e-07,0.0785896,0.98819,7927.06,7755.85,1.00034
y_pred[4497],0.378849,0.00432328,0.38782,0.315746,2.80959e-06,0.213097,0.997908,8188.47,7741.16,1.00014
y_pred[4498],0.317604,0.00346901,0.314369,0.291764,0.000529714,0.206604,0.932744,8160.51,7592.72,1.00029
y_pred[4499],0.348947,0.004001,0.357547,0.305925,3.09827e-05,0.20738,0.984392,7880.35,7684.48,0.999717
y_pred[4500],0.479625,0.0042766,0.364813,0.551779,0.00252205,0.459334,0.99529,7243.86,7887.63,0.999774
y_pred[4501],0.198407,0.00123462,0.109019,0.107832,0.0514455,0.18148,0.404964,7784.99,7750.43,0.999965
y_pred[4502],0.78039,0.00272723,0.239379,0.175412,0.260027,0.873286,0.999496,7894.41,7500.35,1.00094
y_pred[4503],0.702748,0.00395763,0.362975,0.124678,0.0118072,0.915905,1.0,8307.06,7972.15,1.00051
y_pred[4504],0.782092,0.00359939,0.329413,0.0228157,0.026814,0.984611,1.0,8132.46,7598.1,1.00026
y_pred[4505],0.727569,0.00331177,0.299479,0.208041,0.108574,0.857538,0.999877,8122.05,7976.32,1.00053
y_pred[4506],0.75323,0.0036081,0.325086,0.0931532,0.0453011,0.937166,1.0,8213.04,7776.63,1.00081
y_pred[4507],0.842227,0.00303092,0.264967,0.0195036,0.175525,0.986845,1.0,7827.94,7359.55,1.00004
y_pred[4508],0.586812,0.00151208,0.135543,0.143553,0.354786,0.591497,0.800817,8077.04,8135.69,1.00065
y_pred[4509],0.898978,0.0019014,0.171586,0.02399,0.499085,0.983818,1.0,8224.79,7752.66,1.00032
y_pred[4510],0.853527,0.00313745,0.281278,0.00169313,0.100636,0.998858,1.0,8096.68,7422.36,0.99976
y_pred[4511],0.897367,0.00270707,0.242315,4.00302e-05,0.189566,0.999973,1.0,7709.22,7741.22,0.999749
y_pred[4512],0.867953,0.00253418,0.227001,0.0187645,0.307799,0.987343,1.0,8072.03,7703.36,0.99975
y_pred[4513],0.880413,0.00269296,0.244121,0.00130469,0.214834,0.99912,1.0,8155.5,8052.39,1.00034
y_pred[4514],0.926894,0.00208153,0.188196,2.66868e-05,0.440639,0.999982,1.0,8171.74,7957.88,0.999682
y_pred[4515],0.777996,0.00126304,0.113349,0.113778,0.567388,0.794301,0.936665,8035.75,8057.36,1.00002
y_pred[4516],0.764457,0.00275794,0.244204,0.195851,0.246013,0.854649,0.99889,7891.94,7477.33,1.00056
y_pred[4517],0.687799,0.00413965,0.36798,0.150108,0.00850243,0.898751,1.0,7943.55,7609.82,1.00011
y_pred[4518],0.762007,0.00390572,0.343131,0.0349604,0.0220426,0.976419,1.0,7507.05,7937.06,0.999804
y_pred[4519],0.713538,0.00338374,0.30397,0.232802,0.100904,0.839577,0.999798,7744.42,7768.25,1.00026
y_pred[4520],0.734758,0.00367004,0.331191,0.117698,0.0403903,0.920608,0.999999,8065.4,8013.32,1.00027
y_pred[4521],0.830552,0.0030375,0.270092,0.0264859,0.159782,0.982136,1.0,7966.54,7588.95,1.00023
y_pred[4522],0.564511,0.0015493,0.135026,0.139774,0.335443,0.567647,0.779779,7606.14,7669.52,1.00011
y_pred[4523],0.728751,0.00302698,0.25817,0.240198,0.202023,0.812864,0.997481,7277.08,7260.44,1.00019
y_pred[4524],0.64482,0.00426586,0.379805,0.251341,0.00441044,0.830427,0.999996,7779.31,7504.18,0.999671
y_pred[4525],0.732454,0.00392644,0.3539,0.0756163,0.0132832,0.948998,1.0,8116.45,7878.27,1.00013
y_pred[4526],0.673646,0.00362077,0.316168,0.304722,0.0680425,0.783018,0.999286,7882.57,7336.89,0.999875
y_pred[4527],0.694222,0.00391363,0.3485,0.193708,0.0245394,0.869242,0.999993,7833.77,7853.69,0.999947
y_pred[4528],0.79395,0.00331574,0.294312,0.0575189,0.102102,0.961204,1.0,7845.12,7678.02,1.00042
y_pred[4529],0.520014,0.00151798,0.136631,0.143164,0.290033,0.521135,0.743486,8116.22,8048.48,0.999774
y_pred[4530],0.0817915,0.00178698,0.157441,0.00998452,6.61271e-09,0.00673449,0.447998,8089.61,7713.31,1.00018
y_pred[4531],0.0604523,0.0021459,0.18809,2.43923e-09,2.88869e-41,1.64524e-09,0.529054,7988.1,7603.47,1.00072
y_pred[4532],0.0796648,0.00246822,0.217207,1.39632e-06,7.09896e-29,9.41807e-07,0.692903,7754.54,7715.35,0.999916
y_pred[4533],0.0649725,0.00188532,0.165784,0.000182049,5.561440000000001e-18,0.00012279,0.466465,7783.59,7710.5,0.99978
y_pred[4534],0.0696628,0.00216814,0.190384,7.82948e-06,6.13885e-26,5.28091e-06,0.547929,7328.41,8082.06,1.00008
y_pred[4535],0.11602,0.00268903,0.232563,0.00331877,1.6935e-13,0.00223848,0.741033,7696.9,7623.29,1.0006
y_pred[4536],0.033415,0.000541481,0.0478335,0.02026,6.13831e-05,0.0144214,0.13123,7042.65,7677.51,1.00034
y_pred[4537],0.113344,0.00220132,0.183251,0.0319016,8.6049e-07,0.021524,0.542261,7861.88,7061.03,1.00033
y_pred[4538],0.0808683,0.00239517,0.215679,1.92216e-06,6.121260000000001e-29,1.29648e-06,0.678333,7979.83,7764.68,1.00039
y_pred[4539],0.114502,0.00287668,0.255427,0.000141149,1.5215799999999998e-20,9.52038e-05,0.856686,7993.76,7971.68,0.999753
y_pred[4540],0.092273,0.00222642,0.194974,0.00250258,4.17881e-13,0.00168797,0.591717,7705.31,7970.02,1.00015
y_pred[4541],0.100475,0.00246672,0.226448,0.000410661,2.13529e-17,0.000276987,0.710485,8026.43,7900.98,1.0
y_pred[4542],0.166196,0.00305189,0.270375,0.0213143,9.04965e-10,0.0143763,0.843469,7715.25,7569.02,1.00019
y_pred[4543],0.0508901,0.000680687,0.0599678,0.0368561,0.000630655,0.0296743,0.173388,7836.16,7876.78,1.00012
y_pred[4544],0.657839,0.00314908,0.273575,0.315987,0.14739,0.714401,0.991993,7619.5,8057.37,0.999896
y_pred[4545],0.567881,0.00446769,0.392723,0.490638,0.00108078,0.664914,0.999945,7761.87,8019.84,1.0002
y_pred[4546],0.652317,0.00426874,0.37872,0.235849,0.00423052,0.840907,0.999999,7975.76,7850.82,0.999998
y_pred[4547],0.588995,0.00384583,0.331607,0.438412,0.0339529,0.643269,0.996245,7484.17,7761.69,0.999986
y_pred[4548],0.626829,0.00403171,0.363038,0.356524,0.0113279,0.756387,0.999908,8076.46,7956.66,1.00017
y_pred[4549],0.742672,0.00357491,0.319831,0.125506,0.0573325,0.915318,0.999996,7901.88,7332.06,1.00014
y_pred[4550],0.435429,0.00147896,0.136947,0.146606,0.218894,0.431114,0.662962,8584.92,7603.42,1.00023
y_pred[4551],0.88216,0.00208154,0.184324,0.0393475,0.443625,0.973448,0.999999,8166.7,7945.38,1.00027
y_pred[4552],0.831696,0.00333623,0.295647,0.00523135,0.0785386,0.996471,1.0,7797.84,7799.62,1.00013
y_pred[4553],0.880498,0.00297396,0.260282,0.00018829,0.131749,0.999873,1.0,7512.17,7638.68,1.00046
y_pred[4554],0.848482,0.00268589,0.237503,0.0364312,0.264646,0.975428,1.0,7834.14,7838.34,1.00009
y_pred[4555],0.866459,0.00287835,0.254376,0.00352043,0.187021,0.997626,1.0,7928.76,8011.1,1.0003
y_pred[4556],0.913541,0.0022859,0.205072,0.000200151,0.371263,0.999865,1.0,7977.23,7783.29,1.00027
y_pred[4557],0.745492,0.00138286,0.120058,0.123022,0.526262,0.760539,0.91657,7484.49,7568.62,1.00023
y_pred[4558],0.765184,0.00270413,0.24436,0.192907,0.246245,0.855422,0.998794,8239.78,7848.51,1.00032
y_pred[4559],0.672904,0.00409458,0.371171,0.193255,0.00705491,0.869638,0.999999,8244.11,7817.48,1.00015
y_pred[4560],0.749295,0.00388951,0.347708,0.0493884,0.0191314,0.966688,1.0,8051.49,7764.84,1.00022
y_pred[4561],0.703978,0.00342113,0.304922,0.259643,0.0859047,0.817541,0.999594,7970.76,7767.76,1.00062
y_pred[4562],0.72444,0.00372412,0.335245,0.139529,0.0387091,0.905873,0.999998,8067.22,7790.82,0.999866
y_pred[4563],0.824405,0.0031425,0.278656,0.0290775,0.13708,0.980387,1.0,7157.11,7556.9,0.999804
y_pred[4564],0.555462,0.00148185,0.134703,0.141692,0.330144,0.559138,0.772764,8275.98,7769.68,1.00004
y_pred[4565],0.847675,0.0023778,0.20558,0.0823695,0.373618,0.94402,0.999969,7333.46,7598.11,1.00045
y_pred[4566],0.783224,0.00371853,0.328521,0.0243732,0.0335721,0.983561,1.0,7527.73,7973.86,1.00002
y_pred[4567],0.846231,0.00335347,0.289019,0.00180951,0.0789277,0.99878,1.0,7923.91,8122.2,1.00014
y_pred[4568],0.804224,0.00304183,0.265079,0.082371,0.199463,0.944411,0.999997,7841.4,7581.35,1.00002
y_pred[4569],0.828904,0.00316233,0.282535,0.0159713,0.118623,0.989228,1.0,8025.49,8011.75,1.00028
y_pred[4570],0.891727,0.0025854,0.224315,0.00166644,0.297712,0.998876,1.0,7900.32,7367.45,1.00024
y_pred[4571],0.689939,0.00144314,0.127451,0.133321,0.464112,0.700978,0.880712,7858.13,7946.77,1.0001
y_pred[4572],0.0812698,0.00173035,0.154985,0.010364,3.73112e-09,0.00699041,0.449569,8178.55,7827.24,1.00016
y_pred[4573],0.0551233,0.00203124,0.181702,1.84799e-09,1.27155e-43,1.24645e-09,0.480991,8233.33,8053.74,0.999971
y_pred[4574],0.0806672,0.00241702,0.216706,1.62097e-06,3.42203e-29,1.09333e-06,0.691594,8095.21,7835.86,1.00021
y_pred[4575],0.0640041,0.00195577,0.16802,9.92583e-05,4.86147e-19,6.69488e-05,0.462458,7668.33,7492.5,1.00017
y_pred[4576],0.0708027,0.00218045,0.193286,1.06184e-05,8.69395e-25,7.16201e-06,0.556717,7284.08,7427.8,1.00052
y_pred[4577],0.111429,0.00261375,0.228613,0.00194927,1.05046e-13,0.00131477,0.718636,7824.45,7584.04,1.0
y_pred[4578],0.033427,0.000561275,0.0486736,0.0197751,5.55245e-05,0.0140512,0.135814,7097.61,8145.23,0.999952
y_pred[4579],0.384301,0.00313414,0.281689,0.342496,0.0160195,0.340518,0.893422,8085.26,7342.47,1.00007
y_pred[4580],0.29116,0.00413368,0.358477,0.12108,9.89666e-08,0.0816681,0.985788,7709.61,7791.44,0.999964
y_pred[4581],0.384551,0.00450139,0.388619,0.3383,5.35558e-06,0.228386,0.997306,7714.85,7761.93,0.999717
y_pred[4582],0.31842,0.00347019,0.313485,0.296375,0.000594727,0.210706,0.926264,7776.06,7534.48,1.00008
y_pred[4583],0.354331,0.00393404,0.360615,0.310251,3.62314e-05,0.210239,0.985036,8260.8,7772.09,1.00016
y_pred[4584],0.4832,0.00409737,0.363565,0.546612,0.00237272,0.467019,0.9956,7805.36,7911.0,1.00011
y_pred[4585],0.199969,0.00122435,0.110511,0.110894,0.0499566,0.183864,0.405613,8016.22,7992.89,0.999951
y_pred[4586],0.778727,0.00267398,0.23671,0.183567,0.269107,0.866256,0.999365,7963.27,7633.69,1.00046
y_pred[4587],0.70013,0.00409805,0.363601,0.124266,0.0127678,0.916183,1.0,7853.78,7921.67,0.999811
y_pred[4588],0.777385,0.00373119,0.33344,0.0253643,0.0273371,0.982892,1.0,7985.61,7906.65,0.99979
y_pred[4589],0.720213,0.00344211,0.301383,0.223482,0.109975,0.846761,0.999875,7618.2,7621.93,1.00045
y_pred[4590],0.754795,0.00363969,0.32521,0.0805422,0.054062,0.945674,1.0,8110.96,7887.09,1.00018
y_pred[4591],0.844942,0.00297615,0.262463,0.0165873,0.180291,0.988812,1.0,7837.16,7677.46,1.00045
y_pred[4592],0.590653,0.00151643,0.134579,0.139428,0.359134,0.594278,0.804696,7891.64,7550.62,1.0004
y_pred[4593],0.899571,0.00189478,0.171653,0.0242257,0.496425,0.983658,1.0,8242.61,7930.16,1.00031
y_pred[4594],0.850038,0.00317885,0.283687,0.00184732,0.0974723,0.998754,1.0,7927.31,7878.93,1.0001
y_pred[4595],0.898353,0.00267761,0.239345,3.48411e-05,0.208642,0.999977,1.0,7974.17,7814.04,1.00004
y_pred[4596],0.870658,0.00256303,0.224523,0.0168646,0.309116,0.988625,1.0,7815.41,7770.09,1.00001
y_pred[4597],0.880354,0.00266492,0.242032,0.00128986,0.227013,0.99913,1.0,7967.7,7827.89,0.999869
y_pred[4598],0.932474,0.00205232,0.181658,2.81694e-05,0.489567,0.999981,1.0,7877.79,7807.1,0.999806
y_pred[4599],0.780546,0.00125288,0.111981,0.114156,0.576558,0.79387,0.93749,7985.47,8014.23,1.00018
y_pred[4600],0.763505,0.00274145,0.245832,0.195696,0.243365,0.855224,0.99905,8058.0,8230.4,0.999787
y_pred[4601],0.685616,0.00415625,0.36857,0.165734,0.00721703,0.888205,0.999999,7929.32,8095.81,1.00017
y_pred[4602],0.763942,0.00382111,0.3385,0.0373259,0.02376,0.974824,1.0,7864.64,7729.71,1.00024
y_pred[4603],0.705967,0.00338883,0.306362,0.251112,0.0861871,0.825675,0.999749,8366.54,7455.39,1.00055
y_pred[4604],0.737144,0.00369285,0.331146,0.110949,0.0457123,0.925162,0.999999,8089.45,7816.65,1.00015
y_pred[4605],0.832461,0.00301387,0.273075,0.0220863,0.148068,0.985103,1.0,8094.21,8186.59,1.00005
y_pred[4606],0.566339,0.00149729,0.136853,0.146988,0.334762,0.571144,0.783848,8375.95,7857.6,0.999928
y_pred[4607],0.732496,0.00288658,0.254919,0.233779,0.215943,0.816802,0.997186,7913.38,7929.7,1.00007
y_pred[4608],0.645569,0.00432484,0.380004,0.251886,0.00513505,0.830051,0.999997,8157.85,8371.3,1.00011
y_pred[4609],0.726744,0.00398886,0.358043,0.0695703,0.0134353,0.953075,1.0,7979.57,7863.19,0.999888
y_pred[4610],0.671341,0.00355737,0.317137,0.308519,0.0659011,0.777934,0.999273,7781.51,7451.73,1.00009
y_pred[4611],0.703526,0.00375917,0.345601,0.170091,0.025342,0.885207,0.999994,8214.13,7405.61,0.999947
y_pred[4612],0.800011,0.00324282,0.293919,0.0491771,0.106077,0.966831,1.0,8123.5,7455.22,0.99985
y_pred[4613],0.520037,0.00147189,0.137232,0.145456,0.294859,0.521778,0.744859,8695.65,7735.68,0.999888
y_pred[4614],0.0824836,0.00182705,0.157738,0.0102689,4.49844e-09,0.00692633,0.446994,8064.44,7375.86,1.00019
y_pred[4615],0.0555379,0.00206986,0.181761,2.17136e-09,1.47228e-42,1.46456e-09,0.490079,7998.92,7791.41,0.999958
y_pred[4616],0.0817198,0.00245828,0.218647,2.36155e-06,4.5038800000000004e-29,1.59284e-06,0.705895,8081.91,7658.42,1.00042
y_pred[4617],0.0628824,0.00184401,0.165425,0.000137957,1.9565300000000003e-18,9.30505e-05,0.450727,8064.09,7939.92,0.999955
y_pred[4618],0.0682825,0.0021898,0.190948,8.67118e-06,3.3779000000000003e-25,5.84863e-06,0.55662,7743.69,7615.27,1.0001
y_pred[4619],0.116689,0.00264797,0.233115,0.0024737,2.69177e-13,0.00166848,0.733409,7998.3,7451.86,0.999969
y_pred[4620],0.0345171,0.000563871,0.0495563,0.020577,5.06516e-05,0.0145496,0.140259,8092.4,7498.39,0.999897
y_pred[4621],0.117614,0.00215742,0.185022,0.0385092,1.25195e-06,0.0259861,0.561296,7954.01,7828.01,1.00021
y_pred[4622],0.0784369,0.00260251,0.213267,2.01313e-06,6.961370000000001e-28,1.35784e-06,0.680656,6826.5,7551.3,1.00011
y_pred[4623],0.114158,0.0027819,0.253115,0.000153331,3.5040099999999995e-20,0.000103421,0.835208,8371.31,7943.13,0.99995
y_pred[4624],0.0881543,0.00210933,0.189984,0.00213712,4.32853e-13,0.00144146,0.562265,8076.92,7932.87,1.00039
y_pred[4625],0.100832,0.0025416,0.225956,0.000360235,2.51909e-17,0.000242975,0.720581,7893.34,7636.81,0.999993
y_pred[4626],0.160838,0.00294331,0.265149,0.0201662,9.75507e-10,0.0136019,0.823798,8101.7,7486.76,1.0004
y_pred[4627],0.0505284,0.000656447,0.0589548,0.0358663,0.000666692,0.0287752,0.174259,7910.9,8052.99,1.00001
y_pred[4628],0.654664,0.00312026,0.273471,0.315963,0.145012,0.708886,0.990708,7611.95,7701.79,1.00022
y_pred[4629],0.561908,0.00440092,0.395531,0.506151,0.000901518,0.655016,0.999957,8283.83,7902.26,0.999991
y_pred[4630],0.65244,0.00422349,0.380395,0.221759,0.00489419,0.850418,0.999999,8114.21,7459.47,0.999878
y_pred[4631],0.583662,0.00368986,0.332208,0.437097,0.0295038,0.637121,0.995795,8190.73,7957.05,0.999746
y_pred[4632],0.627172,0.00406281,0.363653,0.359768,0.0112044,0.754301,0.999889,7865.16,7846.36,1.00034
y_pred[4633],0.739657,0.00359149,0.320548,0.128306,0.0623235,0.91343,0.999997,8224.37,7225.55,0.999957
y_pred[4634],0.4359,0.0015113,0.136902,0.14329,0.221331,0.430466,0.670572,8220.53,8058.03,1.00013
y_pred[4635],0.878493,0.00220152,0.187374,0.0413327,0.449418,0.972104,0.999998,7096.08,7093.56,1.00012
y_pred[4636],0.825053,0.00337672,0.302578,0.00565908,0.0598653,0.996183,1.0,7660.39,7379.19,1.00027
y_pred[4637],0.881707,0.00288784,0.258733,0.000171982,0.144859,0.999884,1.0,7889.12,7928.53,0.999796
y_pred[4638],0.845572,0.00285485,0.246116,0.03479,0.233706,0.976533,1.0,7770.82,7950.67,0.999929
y_pred[4639],0.856863,0.00304199,0.264239,0.00541149,0.160105,0.99635,1.0,7453.97,7493.31,0.999798
y_pred[4640],0.916058,0.00230379,0.202539,0.000209788,0.376997,0.999858,1.0,8035.24,7385.22,0.999922
y_pred[4641],0.745254,0.00132974,0.120841,0.121492,0.524904,0.75958,0.915061,8214.22,7675.2,1.00062
y_pred[4642],0.759349,0.0028417,0.247804,0.204996,0.240129,0.849574,0.998876,7615.77,7924.09,0.999774
y_pred[4643],0.670804,0.00419301,0.374737,0.183114,0.00542013,0.876486,1.0,8185.24,7717.54,1.00031
y_pred[4644],0.74876,0.00389987,0.348048,0.0487182,0.0156248,0.96714,1.0,8000.09,8076.79,1.00015
y_pred[4645],0.699682,0.00346843,0.309177,0.260077,0.0820152,0.818018,0.999717,7919.4,7807.86,0.99977
y_pred[4646],0.73094,0.0037373,0.333397,0.120738,0.0444105,0.918555,0.999999,8117.95,7314.34,1.00014
y_pred[4647],0.824412,0.00303584,0.276873,0.0283251,0.14374,0.980895,1.0,8300.74,7963.91,1.00013
y_pred[4648],0.55475,0.00152907,0.136154,0.143382,0.322522,0.558018,0.774309,7931.58,7675.34,1.00008
y_pred[4649],0.844514,0.00231643,0.208999,0.0819633,0.365469,0.944389,0.999977,8161.04,7765.93,1.00014
y_pred[4650],0.785384,0.00363713,0.323477,0.0247742,0.0416448,0.98329,1.0,7858.78,7812.55,1.00016
y_pred[4651],0.841442,0.00329327,0.295893,0.00182582,0.0658722,0.998768,1.0,8085.91,7630.48,0.999833
y_pred[4652],0.805896,0.00296332,0.265376,0.0809485,0.184072,0.945368,0.999997,7894.55,7884.87,0.999705
y_pred[4653],0.822562,0.00323205,0.287621,0.0191077,0.109915,0.987112,1.0,7808.9,7445.34,1.00037
y_pred[4654],0.887269,0.00257126,0.230469,0.0017895,0.268707,0.998793,1.0,7759.25,7381.54,1.00002
y_pred[4655],0.691085,0.00141892,0.126318,0.131252,0.467299,0.701472,0.880684,7962.35,7849.21,0.999828
y_pred[4656],0.0835678,0.0018,0.158084,0.0104758,2.87936e-09,0.00706587,0.449638,7912.39,7511.45,1.00008
y_pred[4657],0.0563729,0.00201947,0.183042,3.10992e-09,1.5844e-41,2.09762e-09,0.483048,8140.18,8185.17,1.00016
y_pred[4658],0.0781539,0.00238353,0.214287,1.19275e-06,2.6504300000000002e-30,8.04501e-07,0.688132,8048.64,7848.55,1.00015
y_pred[4659],0.0627385,0.00181096,0.162232,0.000131392,1.0422800000000002e-18,8.86229e-05,0.42771,7772.08,7795.9,1.00008
y_pred[4660],0.0710604,0.0021476,0.1923,5.86391e-06,1.57706e-25,3.95515e-06,0.571888,7743.14,8052.85,1.00001
y_pred[4661],0.110537,0.00256199,0.227787,0.00208511,6.29741e-14,0.00140639,0.70682,8033.44,8231.58,1.0002
y_pred[4662],0.0343602,0.000561802,0.0499505,0.0204995,6.70549e-05,0.0145678,0.13845,8144.03,7793.03,1.00021
y_pred[4663],0.381516,0.00317767,0.28111,0.34026,0.0153646,0.337641,0.887053,7874.44,7650.75,1.00008
y_pred[4664],0.300671,0.00403316,0.363966,0.131991,8.80705e-08,0.0890275,0.987897,7986.18,7696.61,1.00033
y_pred[4665],0.378728,0.00443757,0.386947,0.316113,3.76099e-06,0.213355,0.996992,7328.9,7588.72,1.00015
y_pred[4666],0.318234,0.00352702,0.311909,0.295517,0.000514211,0.20995,0.922171,7768.34,7969.59,1.00014
y_pred[4667],0.352372,0.00416388,0.36135,0.299402,2.84752e-05,0.202726,0.985204,7898.59,7966.59,1.00006
y_pred[4668],0.481412,0.00411689,0.365292,0.554777,0.00215642,0.464094,0.995311,7802.59,7343.18,1.00058
y_pred[4669],0.198085,0.00119241,0.109239,0.108002,0.0488809,0.181414,0.402377,8449.38,7810.59,0.999998
y_pred[4670],0.778825,0.00266302,0.240049,0.17804,0.265572,0.871346,0.999463,8256.03,8021.84,1.0003
y_pred[4671],0.697392,0.00400935,0.363804,0.135344,0.00928737,0.908711,1.0,8360.27,7930.57,1.00015
y_pred[4672],0.776623,0.00374124,0.333388,0.0234191,0.0262497,0.984204,1.0,7986.83,7847.92,1.00016
y_pred[4673],0.727083,0.00329951,0.300495,0.209157,0.0953873,0.856741,0.999889,8299.49,7961.45,0.999854
y_pred[4674],0.754295,0.00363487,0.322467,0.0911903,0.051514,0.93849,1.0,7916.91,8096.49,1.00011
y_pred[4675],0.838381,0.00298734,0.267639,0.0186126,0.172411,0.987446,1.0,8108.05,8085.25,0.999803
y_pred[4676],0.588066,0.00150036,0.134769,0.140258,0.358531,0.594032,0.805064,8123.88,7916.56,0.999828
y_pred[4677],0.898553,0.00198744,0.173342,0.0214525,0.496732,0.985529,1.0,7800.42,7830.56,1.0004
y_pred[4678],0.857199,0.00301,0.27615,0.00149891,0.105453,0.998989,1.0,8213.97,7366.03,1.00048
y_pred[4679],0.89168,0.00281545,0.248027,4.15128e-05,0.180655,0.999972,1.0,7545.54,7807.65,1.00076
y_pred[4680],0.867785,0.00254691,0.225161,0.0192916,0.315968,0.986988,1.0,8060.15,7833.23,1.00022
y_pred[4681],0.884266,0.00270581,0.240455,0.00140995,0.231469,0.999049,1.0,8126.2,7853.26,1.00051
y_pred[4682],0.932044,0.00214762,0.18244,2.37216e-05,0.484836,0.999984,1.0,7460.07,7655.31,0.999879
y_pred[4683],0.776953,0.00126604,0.114156,0.115459,0.567449,0.791184,0.935976,8262.58,7753.22,0.999835
y_pred[4684],0.768561,0.00276503,0.2432,0.190175,0.259662,0.859594,0.99886,7675.68,7888.44,0.999959
y_pred[4685],0.681637,0.00415686,0.37001,0.165583,0.00770453,0.888313,1.0,7799.64,7645.96,1.00014
y_pred[4686],0.761568,0.00381115,0.340873,0.0374349,0.0227352,0.974751,1.0,8134.97,7806.78,0.999901
y_pred[4687],0.713667,0.00342299,0.301158,0.237616,0.101978,0.835776,0.999771,7559.57,8131.27,1.0006
y_pred[4688],0.736861,0.00370001,0.33303,0.115715,0.0352779,0.921944,0.999999,8050.45,7818.92,1.00079
y_pred[4689],0.83131,0.00311209,0.272016,0.0238573,0.163139,0.983909,1.0,7516.01,7906.64,1.00053
y_pred[4690],0.567712,0.00153616,0.136536,0.14235,0.333702,0.57191,0.785704,7976.75,7947.59,0.999927
y_pred[4691],0.733238,0.00283827,0.254022,0.236514,0.207559,0.811426,0.997457,7986.48,7510.14,0.999804
y_pred[4692],0.634623,0.00449666,0.382721,0.288411,0.00317464,0.805392,0.999996,7938.84,7751.61,1.00019
y_pred[4693],0.725061,0.00393617,0.358454,0.0842954,0.0111113,0.943144,1.0,8401.84,8042.48,1.0002
y_pred[4694],0.66965,0.00361172,0.319681,0.310975,0.0576086,0.776355,0.999382,7822.19,7487.59,0.999802
y_pred[4695],0.698116,0.00397695,0.347034,0.183369,0.0258954,0.876243,0.999995,7552.85,7755.7,0.999891
y_pred[4696],0.803158,0.00324721,0.291545,0.0450006,0.105864,0.969647,1.0,7714.33,7562.07,1.0001
y_pred[4697],0.521827,0.00157343,0.137299,0.143361,0.292984,0.523079,0.748865,7614.76,7729.08,0.99988
y_pred[4698],0.0818686,0.00180734,0.158158,0.00991155,4.65045e-09,0.00668526,0.45294,7782.29,7517.03,0.999911
y_pred[4699],0.055132,0.00204874,0.181709,3.27469e-09,1.44511e-41,2.20875e-09,0.483709,8041.23,7886.44,1.00044
y_pred[4700],0.078662,0.00240052,0.215371,1.41735e-06,1.9598700000000001e-28,9.55989e-07,0.683993,8230.18,8187.64,1.00032
y_pred[4701],0.0616736,0.00180185,0.160619,0.00015325,2.05824e-18,0.000103365,0.429574,7910.32,7713.03,0.999957
y_pred[4702],0.0679494,0.0020725,0.187739,9.30741e-06,2.17397e-24,6.27777e-06,0.54572,8093.17,8100.29,1.00014
y_pred[4703],0.115782,0.00264829,0.234143,0.00240011,1.1956e-13,0.00161885,0.737342,7788.52,7883.64,1.00036
y_pred[4704],0.0342166,0.000551088,0.0490492,0.0201751,5.64254e-05,0.0142149,0.134867,7994.01,7684.94,1.00007
y_pred[4705],0.119213,0.00207195,0.186687,0.0372545,1.37686e-06,0.0251406,0.556705,8316.82,7968.28,0.999912
y_pred[4706],0.0826067,0.00246365,0.219637,2.4271e-06,1.8202100000000002e-28,1.63705e-06,0.708397,7703.34,7853.66,1.0002
y_pred[4707],0.119349,0.00289524,0.260334,0.000181911,5.0317799999999994e-20,0.000122698,0.867402,7928.73,7582.71,1.00062
y_pred[4708],0.089846,0.00216257,0.191265,0.0021846,4.41033e-13,0.0014735,0.567603,7894.15,7540.13,1.00023
y_pred[4709],0.103702,0.00261993,0.22937,0.000365929,2.71554e-17,0.000246816,0.722516,7391.47,8097.86,1.00022
y_pred[4710],0.167209,0.00306364,0.271395,0.0223015,1.07464e-09,0.0150422,0.845781,7418.69,7344.94,1.00011
y_pred[4711],0.0500402,0.000671163,0.0588908,0.0363899,0.000528231,0.0289727,0.171545,7680.61,7931.26,0.999862
y_pred[4712],0.662939,0.0030932,0.273355,0.303394,0.144068,0.725159,0.991574,7912.93,7308.42,1.00006
y_pred[4713],0.561126,0.00442231,0.395489,0.512109,0.000744867,0.650665,0.999949,8146.34,7892.89,1.00015
y_pred[4714],0.661114,0.00422539,0.378227,0.197685,0.00468922,0.866658,0.999999,7992.07,7634.15,1.00004
y_pred[4715],0.59523,0.00359812,0.327085,0.417883,0.0316235,0.653406,0.99634,8337.14,7431.07,1.00014
y_pred[4716],0.613306,0.00416516,0.369141,0.387268,0.00939275,0.735425,0.999885,8135.85,8076.53,0.999779
y_pred[4717],0.73905,0.00357758,0.320615,0.133977,0.0630274,0.909584,0.999996,8296.38,7971.87,1.00016
y_pred[4718],0.436555,0.001541,0.136241,0.142439,0.217861,0.43297,0.666938,7921.44,7594.74,1.00025
y_pred[4719],0.881337,0.00206666,0.185609,0.0413727,0.448841,0.972071,0.999998,8331.13,7642.07,1.00016
y_pred[4720],0.830856,0.00339432,0.296346,0.00564352,0.0678258,0.996193,1.0,7704.41,7882.48,0.999907
y_pred[4721],0.877448,0.00292394,0.261503,0.000198668,0.154362,0.999866,1.0,8221.23,7971.07,1.00029
y_pred[4722],0.849945,0.00266691,0.239361,0.0339152,0.257955,0.977124,1.0,7925.22,7462.05,1.00006
y_pred[4723],0.86646,0.00291709,0.256906,0.00367388,0.178338,0.997522,1.0,7845.67,7777.45,1.00013
y_pred[4724],0.918553,0.00229582,0.198022,0.000169758,0.405493,0.999885,1.0,7961.77,7246.93,0.999799
y_pred[4725],0.744749,0.00136183,0.119793,0.123861,0.526289,0.757015,0.91761,7827.87,7429.1,1.00014
y_pred[4726],0.758067,0.00280915,0.245454,0.210303,0.239878,0.842371,0.998807,7743.17,7760.29,0.999978
y_pred[4727],0.668598,0.00421103,0.374766,0.180785,0.00731226,0.878058,0.999999,8163.98,8060.31,1.00003
y_pred[4728],0.754253,0.00382408,0.343644,0.043326,0.0226888,0.970777,1.0,7817.49,7718.74,0.999992
y_pred[4729],0.702127,0.00339162,0.307568,0.256969,0.0877182,0.820764,0.999739,8112.04,7752.26,0.999898
y_pred[4730],0.726368,0.00386707,0.336803,0.12579,0.0357878,0.915145,0.999999,8163.47,7969.44,0.999896
y_pred[4731],0.819032,0.00318314,0.281898,0.0277439,0.134668,0.981287,1.0,7629.23,7848.41,1.00056
y_pred[4732],0.558952,0.00149846,0.135208,0.139966,0.331746,0.561544,0.778898,8134.59,7873.4,1.00031
y_pred[4733],0.845784,0.00228038,0.208163,0.0830078,0.369663,0.943429,0.999966,8023.06,7558.91,1.0001
y_pred[4734],0.78495,0.00368668,0.325551,0.0243917,0.0362975,0.983548,1.0,8009.66,7974.85,1.00013
y_pred[4735],0.843111,0.00329655,0.290962,0.00216089,0.0774953,0.998542,1.0,7893.53,7996.52,1.00042
y_pred[4736],0.80433,0.00297272,0.264824,0.0856787,0.198994,0.942163,0.999997,8021.47,7796.71,1.00021
y_pred[4737],0.825302,0.00320498,0.285701,0.0165547,0.113035,0.988834,1.0,8039.92,8000.42,1.00021
y_pred[4738],0.891162,0.00255904,0.228844,0.00147148,0.274355,0.999008,1.0,8301.18,7894.11,0.999916
y_pred[4739],0.689335,0.00137248,0.125587,0.129585,0.467063,0.698142,0.877485,8388.87,7920.11,1.00007
y_pred[4740],0.0806721,0.00176091,0.154459,0.00930468,2.73522e-09,0.00627592,0.438464,8206.21,7619.58,0.999825
y_pred[4741],0.0523353,0.00196064,0.174735,9.54285e-10,6.52765e-43,6.43656e-10,0.436676,8081.84,8012.48,0.999909
y_pred[4742],0.0795577,0.00244622,0.216995,1.11071e-06,5.39935e-29,7.49166e-07,0.693553,7621.04,7499.14,1.0003
y_pred[4743],0.0633273,0.00191899,0.166382,0.000136461,1.26301e-18,9.20414e-05,0.462086,7638.67,7711.83,1.00022
y_pred[4744],0.067261,0.00207525,0.186366,8.7448e-06,7.05205e-25,5.89828e-06,0.520829,8001.0,7612.71,1.00005
y_pred[4745],0.116148,0.00259628,0.233568,0.00283678,1.10323e-13,0.00191338,0.749532,7737.48,7749.35,1.0009
y_pred[4746],0.0340612,0.000547771,0.0493997,0.0195846,6.22077e-05,0.0137644,0.137916,8377.15,7910.03,0.999941
y_pred[4747],0.38072,0.0031142,0.280857,0.333784,0.0148123,0.335348,0.889663,8231.22,8179.47,0.999948
y_pred[4748],0.291724,0.00404323,0.36027,0.11181,1.06784e-07,0.075415,0.98855,7934.62,7090.91,0.999962
y_pred[4749],0.38808,0.00438951,0.389496,0.34331,3.68934e-06,0.231696,0.998084,7892.17,7973.54,1.00021
y_pred[4750],0.314064,0.00349683,0.311004,0.289954,0.000488131,0.207573,0.923638,7715.95,7662.12,0.999809
y_pred[4751],0.351153,0.00419126,0.358451,0.302559,4.36853e-05,0.205111,0.984389,7172.0,7449.22,0.999929
y_pred[4752],0.47785,0.00405894,0.363859,0.549016,0.00243954,0.463494,0.995489,8136.06,8014.73,0.999907
y_pred[4753],0.198299,0.00122892,0.110433,0.109845,0.0506238,0.181574,0.405424,8095.02,7789.84,1.00109
y_pred[4754],0.778876,0.00269101,0.24013,0.175237,0.26059,0.873897,0.999373,7948.04,7786.83,1.0002
y_pred[4755],0.698473,0.00407765,0.365495,0.124551,0.0103276,0.91599,1.0,7939.93,7683.62,0.999931
y_pred[4756],0.780426,0.00369176,0.330355,0.0219447,0.0339459,0.985199,1.0,7952.47,7242.21,1.00033
y_pred[4757],0.730576,0.00332082,0.298151,0.201385,0.110687,0.862091,0.999869,7959.02,7930.94,0.99997
y_pred[4758],0.751671,0.00370992,0.3243,0.0926202,0.0574281,0.937526,1.0,7654.21,7760.07,0.999955
y_pred[4759],0.838653,0.00296778,0.268698,0.0194391,0.161383,0.986889,1.0,8085.08,7845.03,0.999873
y_pred[4760],0.58645,0.00152808,0.135174,0.141465,0.355565,0.593405,0.80012,7844.23,7574.72,1.00007
y_pred[4761],0.901958,0.00194172,0.171602,0.0205325,0.49573,0.98615,1.0,7946.56,7627.82,0.999995
y_pred[4762],0.854071,0.00318819,0.280991,0.00168868,0.0977434,0.998861,1.0,7665.95,7731.86,0.999781
y_pred[4763],0.897686,0.00271703,0.24364,3.03933e-05,0.195954,0.99998,1.0,7573.73,7435.35,1.00004
y_pred[4764],0.869237,0.00254018,0.22661,0.0173679,0.29734,0.988285,1.0,8029.6,7842.86,0.99988
y_pred[4765],0.883785,0.00267672,0.240029,0.00135806,0.241599,0.999084,1.0,8000.74,8225.1,1.00017
y_pred[4766],0.927243,0.00211978,0.188308,3.7065e-05,0.437699,0.999975,1.0,7977.78,7921.13,1.00009
y_pred[4767],0.778106,0.00124755,0.112231,0.114322,0.57185,0.791389,0.936204,8089.16,7968.69,1.00045
y_pred[4768],0.765614,0.00275782,0.244565,0.197006,0.245354,0.85492,0.998893,7923.29,7768.57,1.00007
y_pred[4769],0.690479,0.00404062,0.367635,0.14817,0.0081705,0.900057,1.0,7912.54,7605.4,0.9999
y_pred[4770],0.763509,0.0038547,0.341366,0.0332065,0.0206515,0.977602,1.0,7944.85,7838.43,1.00099
y_pred[4771],0.708369,0.00346845,0.305747,0.248238,0.0925014,0.828415,0.999821,7965.63,7855.7,1.0003
y_pred[4772],0.729558,0.00372412,0.33495,0.127931,0.0351187,0.9137,0.999999,7949.03,7839.17,1.00049
y_pred[4773],0.831644,0.00301261,0.272989,0.022431,0.152671,0.98487,1.0,7877.3,8001.36,0.999818
y_pred[4774],0.567844,0.00154933,0.136749,0.144919,0.336311,0.572475,0.786875,7791.74,7664.96,1.00038
y_pred[4775],0.732905,0.00291083,0.254084,0.237283,0.210419,0.815465,0.997695,7617.63,7930.0,1.00022
y_pred[4776],0.639878,0.004373,0.382474,0.253284,0.00400582,0.829124,0.999997,7693.84,7530.37,1.00007
y_pred[4777],0.736129,0.00391072,0.350592,0.0712367,0.0174507,0.951952,1.0,7983.77,7935.29,1.00013
y_pred[4778],0.66534,0.00368397,0.318369,0.326254,0.0621938,0.765946,0.999255,7567.8,7586.57,1.00032
y_pred[4779],0.699482,0.00388422,0.343281,0.18629,0.0321357,0.874253,0.999995,7758.63,7724.69,1.00072
y_pred[4780],0.803871,0.00324114,0.290153,0.0463312,0.113196,0.96875,1.0,8145.38,8028.38,1.00066
y_pred[4781],0.523114,0.00148986,0.136461,0.143511,0.297666,0.524822,0.748266,8402.82,8143.51,0.999842
y_pred[4782],0.0831961,0.00174621,0.158556,0.00974756,3.28134e-09,0.00657465,0.463684,8320.2,7901.82,1.00034
y_pred[4783],0.0545141,0.00203695,0.181137,2.56249e-09,2.06217e-40,1.72838e-09,0.484901,7857.91,7862.42,0.99986
y_pred[4784],0.0839395,0.00249782,0.221365,1.79215e-06,1.8499800000000002e-29,1.20879e-06,0.710719,8292.94,7848.1,1.00001
y_pred[4785],0.0607237,0.0017706,0.156906,0.000139841,3.31405e-18,9.43218e-05,0.420057,8090.13,7929.68,1.00008
y_pred[4786],0.0708177,0.0022155,0.19378,6.43697e-06,6.39433e-25,4.34167e-06,0.57475,8342.8,7547.96,1.00013
y_pred[4787],0.120832,0.00276932,0.236729,0.00327285,1.67452e-13,0.00220751,0.740059,7272.48,6881.41,1.00054
y_pred[4788],0.0346315,0.000579726,0.0494889,0.0207783,6.54276e-05,0.0147024,0.135481,7866.17,7799.98,0.999904
y_pred[4789],0.113818,0.00204134,0.18354,0.0355037,8.17447e-07,0.0239589,0.549192,8061.03,7729.39,1.00052
y_pred[4790],0.0802802,0.00244571,0.215826,1.64971e-06,2.40513e-28,1.11272e-06,0.70427,8439.41,7920.39,1.00007
y_pred[4791],0.117394,0.00292087,0.256326,0.000136339,9.45868e-21,9.19596e-05,0.836963,8163.57,7791.47,1.00043
y_pred[4792],0.0843531,0.00207826,0.184661,0.00200408,5.65296e-13,0.00135174,0.542176,7846.69,7712.88,1.0
y_pred[4793],0.101407,0.00258138,0.227194,0.00040865,1.21213e-17,0.00027563,0.71776,7771.76,7831.57,0.999798
y_pred[4794],0.161067,0.00305087,0.267719,0.0187968,1.1508e-09,0.0126783,0.831194,8068.96,7273.28,0.999711
y_pred[4795],0.0507963,0.000660218,0.0592894,0.0376343,0.000626036,0.0299166,0.175764,8336.88,8228.25,1.00021
y_pred[4796],0.656682,0.0032249,0.273862,0.315286,0.14029,0.710963,0.991944,7144.6,7448.47,0.999935
y_pred[4797],0.563642,0.00444517,0.393756,0.510804,0.0011405,0.651253,0.999968,7846.6,7756.6,0.999973
y_pred[4798],0.663504,0.00433492,0.378433,0.19656,0.0048549,0.867414,0.999999,7780.72,7651.15,1.0003
y_pred[4799],0.596015,0.00374949,0.331708,0.421177,0.0325217,0.660811,0.997037,7611.73,7723.02,0.999964
y_pred[4800],0.623968,0.00434591,0.36517,0.360767,0.0103889,0.754096,0.999921,7257.29,7545.31,1.00043
y_pred[4801],0.744425,0.00353777,0.317894,0.129745,0.0594015,0.912443,0.999996,7976.43,7847.01,1.00009
y_pred[4802],0.436683,0.0015479,0.136649,0.142863,0.218712,0.433644,0.668595,7970.22,7709.24,1.00014
y_pred[4803],0.881433,0.00212132,0.183916,0.0396203,0.453876,0.973259,0.999999,7454.09,7613.18,0.999901
y_pred[4804],0.82779,0.00330963,0.299652,0.00610979,0.0693757,0.995879,1.0,8445.17,8127.78,1.00018
y_pred[4805],0.883093,,0.257794,0.000157156,0.155117,0.999894,1.0,8060.79,7814.35,0.999869
y_pred[4806],0.846808,0.00266727,0.240466,0.0340427,0.259641,0.977038,1.0,7989.5,7140.99,0.999752
y_pred[4807],0.859317,0.00298547,0.262301,0.0044048,0.164408,0.997029,1.0,7878.04,7290.61,1.00026
y_pred[4808],0.914505,0.00223746,0.204371,0.000158638,0.382666,0.999893,1.0,8394.75,8078.86,1.0001
y_pred[4809],0.747519,0.00129726,0.117515,0.119279,0.535949,0.759477,0.917627,8223.12,7728.94,0.999838
y_pred[4810],0.757028,0.0027722,0.245113,0.210266,0.252447,0.844393,0.998845,7832.66,7815.37,0.999954
y_pred[4811],0.675776,0.00410147,0.37212,0.178724,0.00847753,0.879447,0.999999,8040.59,8061.12,1.00013
y_pred[4812],0.758565,0.00382767,0.341867,0.0378908,0.0230126,0.974443,1.0,7950.94,7780.88,1.00007
y_pred[4813],0.700525,0.00363039,0.308419,0.254975,0.0868528,0.822279,0.999669,7186.45,7421.62,1.00026
y_pred[4814],0.728495,0.00367538,0.332896,0.134361,0.0382058,0.909355,0.999999,8324.54,7464.9,1.00021
y_pred[4815],0.825824,0.00318555,0.274252,0.030715,0.150385,0.979283,1.0,7822.06,7747.4,1.00008
y_pred[4816],0.55346,0.0014807,0.136188,0.143226,0.32211,0.55725,0.773112,8458.55,7913.93,1.00018
y_pred[4817],0.847414,0.00232634,0.206988,0.079878,0.381893,0.945675,0.999974,7897.56,8054.47,0.999976
y_pred[4818],0.790704,0.00356433,0.320273,0.0236341,0.0427664,0.984059,1.0,8105.91,7260.57,1.0006
y_pred[4819],0.844852,0.00326592,0.29049,0.00174873,0.0767634,0.998821,1.0,7973.31,7700.86,1.00027
y_pred[4820],0.802791,0.00305668,0.267544,0.0837891,0.177421,0.943447,0.999997,7578.05,8006.13,0.999809
y_pred[4821],0.834381,0.00312063,0.277151,0.0149216,0.135803,0.989936,1.0,7918.0,8087.61,1.00013
y_pred[4822],0.892498,0.00254613,0.223818,0.00157823,0.313195,0.998935,1.0,8150.84,6877.92,0.999874
y_pred[4823],0.687535,0.00141624,0.124715,0.130097,0.465409,0.694966,0.875905,7708.2,7742.42,1.0008
y_pred[4824],0.0835635,0.0017802,0.160143,0.00977625,3.96371e-09,0.00659401,0.460252,8127.96,8097.81,0.999756
y_pred[4825],0.0538614,0.0019773,0.178399,2.05196e-09,1.4745300000000001e-41,1.38403e-09,0.475286,8063.38,7792.63,1.00038
y_pred[4826],0.0813372,0.0024682,0.218175,1.56362e-06,3.06877e-29,1.05465e-06,0.705826,7879.29,7744.52,0.999999
y_pred[4827],0.0619546,0.00179368,0.161005,0.000113258,5.70357e-19,7.63915e-05,0.438422,7786.22,7652.3,0.999954
y_pred[4828],0.0716126,0.00218218,0.192592,7.80526e-06,1.1347899999999999e-25,5.26458e-06,0.569133,8190.53,7585.6,1.00025
y_pred[4829],0.118312,0.00263896,0.236403,0.00227156,7.58037e-14,0.00153214,0.752548,7845.41,8004.02,1.00006
y_pred[4830],0.0337307,0.000574082,0.0493592,0.0193984,4.86641e-05,0.0136444,0.135278,7561.17,7621.96,0.999734
y_pred[4831],0.382675,0.00311905,0.277524,0.333597,0.0154342,0.341087,0.878892,8063.28,8165.53,1.00003
y_pred[4832],0.294452,0.0040965,0.360432,0.123772,7.97147e-08,0.0834839,0.987933,7783.06,8057.34,0.99994
y_pred[4833],0.378976,0.00440949,0.386363,0.321907,5.22225e-06,0.21733,0.997463,7727.27,7276.82,1.00031
y_pred[4834],0.319468,0.00349088,0.311906,0.30358,0.000406477,0.215853,0.927449,8031.02,7797.14,0.999835
y_pred[4835],0.34267,0.00387547,0.354445,0.289249,3.17991e-05,0.195979,0.983515,8403.19,8075.5,1.00002
y_pred[4836],0.477818,0.00404074,0.364056,0.546024,0.00234726,0.45169,0.994858,8197.14,7930.16,1.00039
y_pred[4837],0.198681,0.0011838,0.107644,0.108597,0.0503317,0.183439,0.400015,8327.07,7899.64,0.99997
y_pred[4838],0.78125,0.00262958,0.238908,0.171473,0.269167,0.876312,0.999332,8093.19,7971.94,1.00001
y_pred[4839],0.702727,0.00414069,0.363195,0.127311,0.0103506,0.914128,1.0,7316.41,8010.42,1.00062
y_pred[4840],0.782086,0.00363188,0.33109,0.0235555,0.03146,0.984112,1.0,8136.84,7989.29,0.999989
y_pred[4841],0.723101,0.00340793,0.303009,0.213507,0.0864766,0.853143,0.99987,8001.47,7814.42,0.999983
y_pred[4842],0.754116,0.00361523,0.323266,0.091684,0.0454707,0.938158,1.0,7998.59,7866.55,1.00001
y_pred[4843],0.840971,0.00302057,0.265814,0.0166414,0.169098,0.988776,1.0,7893.84,8122.26,0.999974
y_pred[4844],0.588579,0.00151522,0.1347,0.138464,0.356391,0.593016,0.802306,7950.42,7901.7,0.999835
y_pred[4845],0.898895,0.00187204,0.172368,0.0228661,0.496121,0.984576,1.0,8297.22,8148.35,0.999776
y_pred[4846],0.853898,0.00318058,0.28083,0.00123871,0.106468,0.999165,1.0,7865.2,7628.82,0.999966
y_pred[4847],0.903248,0.00263462,0.235349,2.52042e-05,0.223971,0.999983,1.0,8115.36,8116.24,1.0003
y_pred[4848],0.873179,0.00247908,0.222064,0.0158972,0.31774,0.989278,1.0,8302.27,7600.58,1.00013
y_pred[4849],0.884263,0.00268807,0.241421,0.00122982,0.231003,0.99917,1.0,7952.12,7871.78,1.00026
y_pred[4850],0.931425,0.00203245,0.182011,3.26172e-05,0.467658,0.999978,1.0,8159.98,8041.07,0.99965
y_pred[4851],0.779186,0.00126361,0.113388,0.111059,0.571645,0.794737,0.936601,8017.71,7500.67,0.999745
y_pred[4852],0.759588,0.00277414,0.245834,0.207378,0.240159,0.845362,0.99878,7995.0,7726.63,1.00042
y_pred[4853],0.684897,0.0040172,0.369067,0.16311,0.00992361,0.889979,1.0,8382.47,7858.63,0.999849
y_pred[4854],0.760201,0.00383265,0.343111,0.0372222,0.0200868,0.974894,1.0,8106.38,8055.67,1.00005
y_pred[4855],0.706786,0.00333546,0.307166,0.247991,0.0879877,0.827392,0.999757,8639.64,8140.76,1.00031
y_pred[4856],0.736306,0.00373347,0.331165,0.112455,0.0426342,0.924144,0.999999,7738.2,7935.08,0.999965
y_pred[4857],0.82585,0.00313812,0.27745,0.0253154,0.134864,0.982925,1.0,7791.01,7786.93,1.00013
y_pred[4858],0.564325,0.00148911,0.134436,0.142478,0.337947,0.567748,0.77859,8184.7,7483.51,0.999694
y_pred[4859],0.730874,0.00291121,0.255718,0.240271,0.205033,0.812971,0.997671,7887.77,7849.74,1.00068
y_pred[4860],0.637898,0.00439679,0.38274,0.264593,0.00411303,0.821471,0.999996,7445.28,7963.59,1.00013
y_pred[4861],0.728899,0.00398744,0.353393,0.0757579,0.0160897,0.948902,1.0,7903.16,7976.81,1.00025
y_pred[4862],0.661234,0.00368559,0.31923,0.327599,0.0648806,0.763477,0.999329,7356.61,7400.8,1.0003
y_pred[4863],0.694759,0.00386324,0.347714,0.191705,0.0257763,0.870638,0.999996,7911.94,7973.85,1.00004
y_pred[4864],0.802201,0.00321907,0.291108,0.0460347,0.116182,0.96895,1.0,8268.17,7871.6,1.00034
y_pred[4865],0.520267,0.00152277,0.137288,0.143342,0.293585,0.521133,0.741966,8137.49,7182.98,1.00047
y_pred[4866],0.0806956,0.00175579,0.156259,0.00909122,2.7233e-09,0.00613195,0.449897,7917.87,8014.08,1.00016
y_pred[4867],0.051626,0.00202779,0.173828,2.16355e-09,6.78232e-41,1.45929e-09,0.44625,7461.39,7330.53,0.999797
y_pred[4868],0.0800116,0.00241472,0.214858,1.39495e-06,1.09049e-29,9.40878e-07,0.69174,7725.17,8057.27,1.00008
y_pred[4869],0.0621731,0.0018084,0.164086,0.000149365,1.6694600000000001e-18,0.000100745,0.443781,8267.54,7661.36,0.999935
y_pred[4870],0.0653794,0.00205839,0.183401,7.09834e-06,9.84733e-25,4.78776e-06,0.517283,7748.24,7714.22,0.999903
y_pred[4871],0.116959,0.00265225,0.235055,0.00243525,2.83004e-13,0.00164255,0.74767,7799.91,7751.32,1.00019
y_pred[4872],0.0342767,0.000558253,0.0497681,0.0197045,5.90617e-05,0.0138783,0.139109,8259.36,7795.02,0.999987
y_pred[4873],0.118599,0.0021592,0.188205,0.036389,1.09705e-06,0.0245524,0.567634,7715.82,7821.55,1.00009
y_pred[4874],0.0791483,0.00236989,0.212503,1.48527e-06,9.32273e-29,1.0018e-06,0.676346,7845.53,7978.38,1.00001
y_pred[4875],0.11717,0.00287296,0.257261,0.000127229,2.6418199999999997e-20,8.58147e-05,0.841203,7834.99,7174.67,1.00001
y_pred[4876],0.0895139,0.00218332,0.19125,0.00229948,9.89015e-13,0.00155098,0.57052,7654.94,7356.53,1.00005
y_pred[4877],0.102004,0.00251605,0.225672,0.000453424,1.17228e-17,0.00030583,0.704806,8150.27,8143.07,0.999944
y_pred[4878],0.162329,0.00308253,0.268701,0.0185767,9.31659e-10,0.0125298,0.838791,7578.9,7680.97,0.999976
y_pred[4879],0.049686,0.000651573,0.058888,0.0351435,0.00066825,0.0279179,0.174163,8090.1,7853.23,1.00047
y_pred[4880],0.66085,0.00309503,0.274407,0.308107,0.138241,0.721173,0.992105,7972.44,7714.73,1.00018
y_pred[4881],0.561996,0.00440535,0.393355,0.510597,0.000970648,0.651131,0.999953,7959.35,7974.0,1.00013
y_pred[4882],0.653085,0.00436699,0.380135,0.229752,0.00470693,0.845017,0.999999,7743.66,7808.64,1.00006
y_pred[4883],0.593733,0.00370879,0.330135,0.424981,0.0378834,0.656482,0.996286,8110.99,7758.3,1.00021
y_pred[4884],0.622898,0.00421608,0.362868,0.366091,0.0102208,0.75005,0.999908,8087.21,7933.26,1.0002
y_pred[4885],0.741809,0.00367207,0.318636,0.132109,0.0636451,0.910855,0.999998,7794.9,7835.89,0.999985
y_pred[4886],0.434874,0.00150952,0.135337,0.139919,0.219752,0.431409,0.663541,8052.61,7769.97,1.0002
y_pred[4887],0.881385,0.00207278,0.186422,0.0392207,0.435099,0.973523,0.999998,8098.62,7272.76,0.999847
y_pred[4888],0.827774,0.00333492,0.29938,0.00595931,0.0645307,0.99598,1.0,7805.42,7796.65,0.999891
y_pred[4889],0.875139,0.0029315,0.265362,0.000194962,0.12352,0.999869,1.0,8087.67,7843.69,1.0006
y_pred[4890],0.846556,0.0026774,0.24292,0.0346839,0.252557,0.976605,1.0,7719.04,6820.99,0.999958
y_pred[4891],0.864892,0.00283453,0.258753,0.0043455,0.181171,0.997069,1.0,8494.9,8104.18,1.00021
y_pred[4892],0.916349,0.00227553,0.200117,0.000226096,0.39608,0.999848,1.0,8018.36,7847.85,1.00063
y_pred[4893],0.744912,0.001347,0.120756,0.12461,0.523861,0.758001,0.917696,8049.89,8057.92,0.999923
y_pred[4894],0.758618,0.00268808,0.244751,0.207475,0.243759,0.843539,0.998784,8290.48,8058.26,1.00003
y_pred[4895],0.672667,0.00413836,0.371732,0.193047,0.00770884,0.86978,0.999999,8140.82,7880.59,1.0005
y_pred[4896],0.750494,0.00383862,0.345064,0.0484217,0.0197468,0.96734,1.0,8124.78,7861.14,0.999653
y_pred[4897],0.701273,0.00340479,0.306873,0.254614,0.0924205,0.823406,0.999697,8081.8,7811.7,1.0006
y_pred[4898],0.725584,0.0037494,0.337375,0.130335,0.0373799,0.912076,0.999999,8065.65,7584.15,1.00041
y_pred[4899],0.819026,0.00310259,0.279763,0.0296172,0.142575,0.980023,1.0,8126.99,8087.3,1.00014
y_pred[4900],0.557378,0.00154398,0.137836,0.143735,0.326859,0.558177,0.779256,7999.33,7888.95,0.999773
y_pred[4901],0.847918,0.00227007,0.204856,0.0827839,0.385476,0.943739,0.999974,8438.77,7880.89,0.999924
y_pred[4902],0.785032,0.0036634,0.327587,0.0229469,0.0355454,0.984522,1.0,8081.31,8124.89,0.999848
y_pred[4903],0.849595,0.00322419,0.285555,0.00183694,0.0836741,0.998761,1.0,8122.56,7750.45,1.00075
y_pred[4904],0.801868,0.00295296,0.265169,0.0870968,0.196994,0.941215,0.999997,8005.75,7595.92,0.999815
y_pred[4905],0.823663,0.00337385,0.286201,0.019408,0.114252,0.986909,1.0,7474.91,7192.75,0.999974
y_pred[4906],0.895507,0.00245806,0.222413,0.00149817,0.29845,0.998989,1.0,8386.04,7904.8,1.0001
y_pred[4907],0.689944,0.00138457,0.125037,0.129346,0.471035,0.699175,0.878165,8184.37,8101.79,0.999832
y_pred[4908],0.080276,0.00177503,0.15635,0.00835993,2.60576e-09,0.0056387,0.435113,7709.87,7827.42,1.00031
y_pred[4909],0.0541367,0.0020113,0.179953,1.80275e-09,1.22695e-41,1.21594e-09,0.459255,7846.9,7375.23,0.999829
y_pred[4910],0.0809784,0.00250933,0.218012,8.01366e-07,6.12644e-30,5.40514e-07,0.687417,7729.88,7574.16,1.00078
y_pred[4911],0.0585605,0.00175273,0.15529,9.76472e-05,1.7277700000000002e-18,6.58621e-05,0.420528,7243.84,7931.87,1.00014
y_pred[4912],0.0703644,0.00215118,0.194285,5.11745e-06,3.2861700000000003e-26,3.45167e-06,0.573861,7729.54,7890.45,1.00005
y_pred[4913],0.114362,0.0026606,0.232667,0.0022179,1.37219e-13,0.00149595,0.74207,8075.63,7609.92,0.999913
y_pred[4914],0.0342328,0.000547499,0.0493056,0.020212,5.90999e-05,0.0142731,0.137642,8196.98,8140.97,1.00102
y_pred[4915],0.383461,0.00309058,0.279954,0.336675,0.0159289,0.344171,0.889012,8283.95,8441.42,0.999804
y_pred[4916],0.295152,0.00401764,0.364071,0.115376,7.22559e-08,0.0778207,0.988989,7908.96,7932.41,0.999929
y_pred[4917],0.378894,0.00425461,0.388788,0.308971,4.27138e-06,0.208503,0.997697,7990.72,7565.36,1.00001
y_pred[4918],0.31618,0.0034749,0.314397,0.28083,0.000587158,0.199321,0.93253,8106.92,7885.94,0.999893
y_pred[4919],0.345992,0.00397523,0.357198,0.288204,3.10042e-05,0.195219,0.983802,8113.26,7851.03,1.00037
y_pred[4920],0.470771,0.00401678,0.365036,0.541637,0.00216737,0.437289,0.995264,8196.22,7775.19,0.99998
y_pred[4921],0.197255,0.00119746,0.106984,0.108019,0.0508341,0.181831,0.395143,8040.79,7501.29,1.00033
y_pred[4922],0.778467,0.0027185,0.241205,0.177366,0.256559,0.871522,0.999286,7913.87,7887.78,1.0
y_pred[4923],0.701531,0.00404665,0.362584,0.125378,0.0129207,0.915433,1.0,8185.32,7973.01,0.999895
y_pred[4924],0.777896,0.0037345,0.331568,0.0231812,0.0282324,0.984364,1.0,7856.31,7734.19,1.00007
y_pred[4925],0.728555,0.00342778,0.301265,0.200086,0.10387,0.863153,0.999886,7751.47,7798.23,0.999971
y_pred[4926],0.755447,0.00361944,0.320866,0.0871524,0.0613289,0.941215,1.0,8061.22,7683.36,1.00021
y_pred[4927],0.842569,0.00307596,0.265518,0.0169343,0.177783,0.988578,1.0,7772.1,7516.94,1.00094
y_pred[4928],0.586834,0.00151252,0.137079,0.144824,0.350419,0.592524,0.799935,8191.21,7962.95,0.999906
y_pred[4929],0.903314,0.0019107,0.168097,0.0217297,0.506046,0.985342,1.0,7887.17,7689.06,1.00054
y_pred[4930],0.854228,0.0030981,0.277483,0.00193035,0.110653,0.998698,1.0,8320.42,7890.22,0.999725
y_pred[4931],0.895,0.00285055,0.245692,3.85476e-05,0.183432,0.999974,1.0,8089.17,7631.49,1.00046
y_pred[4932],0.870322,0.00253036,0.224431,0.019087,0.304455,0.987126,1.0,8054.31,8115.4,1.00031
y_pred[4933],0.88388,0.00270142,0.240032,0.00148779,0.226296,0.998997,1.0,7857.12,7376.16,1.00041
y_pred[4934],0.929474,0.00210339,0.186577,3.26172e-05,0.462929,0.999978,1.0,7742.77,7611.54,1.00012
y_pred[4935],0.777126,0.00126049,0.113339,0.114234,0.564856,0.790433,0.937258,8085.95,7847.2,1.00006
y_pred[4936],0.761988,0.00274303,0.246576,0.201676,0.248315,0.850996,0.999059,8180.41,7928.11,0.999893
y_pred[4937],0.683908,0.00414621,0.371525,0.159202,0.00711497,0.892616,1.0,8172.82,8018.24,1.00027
y_pred[4938],0.760603,0.00380495,0.341653,0.0379887,0.0253917,0.974377,1.0,7982.72,8057.44,0.999877
y_pred[4939],0.706242,0.00345122,0.307911,0.243858,0.0826911,0.831744,0.999737,7847.19,7852.33,0.999806
y_pred[4940],0.728888,0.00366684,0.335134,0.131189,0.0413356,0.911501,0.999999,8428.17,8058.51,1.00035
y_pred[4941],0.826272,0.0030317,0.275331,0.0260723,0.150035,0.982414,1.0,8328.87,8054.67,0.999872
y_pred[4942],0.565088,0.00152352,0.13793,0.147649,0.33545,0.567128,0.784867,8180.54,7999.3,0.999922
y_pred[4943],0.737904,0.00274881,0.247962,0.230714,0.233348,0.818797,0.997749,8003.07,7769.36,1.00032
y_pred[4944],0.637503,0.00416305,0.380887,0.281463,0.00438679,0.810071,0.999997,8310.49,7711.62,1.00044
y_pred[4945],0.731381,0.00386548,0.352595,0.0780189,0.0135362,0.947377,1.0,8307.5,7857.01,0.999951
y_pred[4946],0.671526,0.00359359,0.316629,0.313182,0.0677466,0.775829,0.999361,8074.74,7512.66,0.999777
y_pred[4947],0.70238,0.00376744,0.344859,0.175503,0.0296432,0.881563,0.999995,8508.3,7700.1,1.00043
y_pred[4948],0.799305,0.00337194,0.290139,0.0524514,0.119745,0.964622,1.0,7580.04,7803.02,0.999822
y_pred[4949],0.520488,0.00156311,0.138653,0.142143,0.288048,0.522023,0.745396,7875.68,7846.48,1.00056
y_pred[4950],0.0793218,0.00171039,0.153126,0.00933373,3.61389e-09,0.00629552,0.441014,8170.13,7696.95,0.999782
y_pred[4951],0.0586441,0.00206823,0.187489,1.8263e-09,1.6632100000000002e-40,1.23182e-09,0.521996,8288.03,7813.74,0.999938
y_pred[4952],0.0796441,0.00238051,0.215145,1.55323e-06,5.768100000000001e-29,1.04764e-06,0.67896,8063.13,7932.86,1.00033
y_pred[4953],0.0640763,0.00185325,0.164602,0.000142253,2.684e-18,9.59484e-05,0.449439,7829.63,7909.26,1.00031
y_pred[4954],0.0716452,0.00215316,0.192491,1.11973e-05,4.1506e-25,7.55248e-06,0.577802,8011.17,7366.81,0.999926
y_pred[4955],0.114815,0.00258922,0.232149,0.00268424,1.46886e-13,0.0018105,0.736551,8161.41,7931.88,1.0002
y_pred[4956],0.0339893,0.000572639,0.0497561,0.0200265,6.43287e-05,0.0142015,0.136965,7700.8,7910.25,1.00004
y_pred[4957],0.114019,0.00203164,0.18183,0.0357075,1.12125e-06,0.0240961,0.536964,8549.36,7479.32,1.00011
y_pred[4958],0.0796572,0.00243248,0.212996,1.53967e-06,2.35764e-28,1.03849e-06,0.658681,7618.22,7850.04,0.999922
y_pred[4959],0.11135,0.00291891,0.249681,0.000122211,1.1327e-20,8.24299e-05,0.821265,7979.84,7803.88,1.00023
y_pred[4960],0.0897246,0.002247,0.191448,0.00226139,7.79441e-13,0.00152528,0.570638,7947.42,7202.36,1.00014
y_pred[4961],0.105165,0.00254249,0.230652,0.000513006,1.08445e-16,0.000346018,0.738974,8019.8,7815.99,1.00019
y_pred[4962],0.170249,0.00319085,0.275728,0.0224354,1.34866e-09,0.0151325,0.858962,7580.96,7973.33,1.00017
y_pred[4963],0.0496884,0.000655364,0.0583201,0.0354737,0.000604336,0.0280246,0.172327,8038.21,7888.38,0.999715
y_pred[4964],0.660919,0.00302961,0.272411,0.309183,0.14558,0.716301,0.990975,8047.8,7889.53,1.00009
y_pred[4965],0.565747,0.00448131,0.39512,0.500237,0.00100063,0.659623,0.999961,7805.1,7485.07,0.999936
y_pred[4966],0.655305,0.00425512,0.382564,0.207969,0.00380944,0.859717,0.999999,8191.9,8081.19,1.00032
y_pred[4967],0.587513,0.00367643,0.331616,0.427759,0.032786,0.648787,0.996368,8066.16,7757.62,1.00029
y_pred[4968],0.628366,0.00416287,0.364125,0.353378,0.0093833,0.759251,0.999924,7767.85,7972.66,1.00029
y_pred[4969],0.745442,0.00370555,0.318562,0.122065,0.0605405,0.917642,0.999998,7797.82,7725.86,1.00024
y_pred[4970],0.436985,0.00152603,0.137321,0.142883,0.216834,0.432258,0.673805,8055.16,7805.84,1.00002
y_pred[4971],0.883262,0.00199874,0.182018,0.0390139,0.465864,0.973671,0.999999,8042.16,7559.42,0.999728
y_pred[4972],0.827441,0.00330153,0.298685,0.00603344,0.0723898,0.995931,1.0,8224.11,7580.73,1.00031
y_pred[4973],0.881616,0.00287807,0.259587,0.000158638,0.140651,0.999893,1.0,8427.0,8279.03,1.00097
y_pred[4974],0.85208,0.00265968,0.236221,0.0328322,0.275728,0.977855,1.0,7812.28,8011.75,1.00022
y_pred[4975],0.868651,0.00284218,0.25388,0.00356788,0.189757,0.997594,1.0,7754.92,7714.89,0.999834
y_pred[4976],0.91599,,0.203247,0.000177912,0.36651,0.99988,1.0,8381.57,7859.16,1.00057
y_pred[4977],0.748492,0.00131621,0.118772,0.120235,0.529163,0.762441,0.918642,8094.13,7132.49,0.999985
y_pred[4978],0.759466,0.00266462,0.243369,0.203316,0.249523,0.847907,0.998802,8261.44,7823.58,1.00026
y_pred[4979],0.671462,0.00418373,0.373255,0.191698,0.00697249,0.870692,0.999999,8088.27,7842.16,1.0002
y_pred[4980],0.755635,0.00382242,0.343974,0.0452141,0.0216016,0.969504,1.0,7962.45,7912.85,0.999716
y_pred[4981],0.69689,0.0035237,0.31086,0.268892,0.0841843,0.812032,0.999729,7635.43,7779.55,0.999964
y_pred[4982],0.724865,0.00370826,0.333878,0.141919,0.0406777,0.904261,0.999999,7982.53,7889.13,0.99992
y_pred[4983],0.820163,0.00309275,0.279979,0.029824,0.133615,0.979884,1.0,8051.32,7737.0,1.0007
y_pred[4984],0.557392,0.00149631,0.135111,0.143058,0.328167,0.562004,0.771544,8170.46,7978.26,1.00069
y_pred[4985],0.845163,0.00240208,0.208625,0.0843896,0.364545,0.942611,0.999964,7793.41,7605.88,1.00007
y_pred[4986],0.780499,0.00369425,0.330957,0.0243777,0.0319612,0.983557,1.0,7986.43,8056.83,1.00017
y_pred[4987],0.849961,0.00337802,0.283435,0.00218684,0.0940461,0.998525,1.0,7823.54,7747.24,1.00009
y_pred[4988],0.807779,0.00303933,0.264907,0.0791471,0.194253,0.946587,0.999998,7652.87,7397.91,0.999946
y_pred[4989],0.827138,0.00319055,0.284259,0.0177601,0.116161,0.988021,1.0,7845.54,7500.52,1.00015
y_pred[4990],0.892901,0.0024997,0.224524,0.00158638,0.294998,0.99893,1.0,8164.05,7825.95,1.00012
y_pred[4991],0.689016,0.0014093,0.127317,0.130547,0.462483,0.699727,0.879404,8127.9,7491.72,1.00046
y_pred[4992],0.0786746,0.00175528,0.156236,0.00761254,2.58106e-09,0.0051346,0.437166,7957.5,7626.78,0.999863
y_pred[4993],0.0517041,0.00197962,0.174846,1.9241e-09,8.35047e-42,1.29779e-09,0.446491,7793.34,7875.46,0.999929
y_pred[4994],0.0742428,0.00229548,0.20646,1.30547e-06,4.51992e-30,8.80525e-07,0.626345,8208.67,7976.24,0.999688
y_pred[4995],0.0611589,0.00181951,0.160104,0.00012343,1.1110800000000001e-18,8.32522e-05,0.430951,8026.41,7579.24,1.00007
y_pred[4996],0.070997,0.00215583,0.196224,4.93436e-06,1.25621e-25,3.32818e-06,0.588673,8324.52,7756.9,1.00004
y_pred[4997],0.123428,0.0027995,0.243679,0.00271893,1.06473e-13,0.00183389,0.775796,7743.71,7898.14,1.00033
y_pred[4998],0.0337306,0.000556039,0.0480998,0.0197943,5.51632e-05,0.0139637,0.137096,7471.62,7478.22,0.999764
y_pred[4999],0.383215,0.00312033,0.281164,0.333397,0.0171555,0.338855,0.892209,8043.76,8099.98,1.0003
y_pred[5000],0.300422,0.00408188,0.365775,0.127832,1.28484e-07,0.0862226,0.991345,7763.91,7016.63,0.999857
y_pred[5001],0.381564,0.00456301,0.388756,0.325285,4.92043e-06,0.219533,0.998181,7370.66,7838.5,1.00043
y_pred[5002],0.318696,0.00353527,0.313212,0.294711,0.000452143,0.208213,0.923656,7605.05,8054.29,0.999949
y_pred[5003],0.337815,0.0039868,0.356005,0.270439,2.67187e-05,0.183095,0.984503,8135.15,8144.13,0.999826
y_pred[5004],0.483792,0.00399128,0.365627,0.557015,0.002553,0.472494,0.995206,8338.67,6983.91,0.999988
y_pred[5005],0.199471,0.00123879,0.108449,0.107429,0.0508431,0.183711,0.403236,7535.78,7716.19,1.00032
y_pred[5006],0.779427,0.00272547,0.240968,0.173406,0.252307,0.875046,0.999374,7982.89,8187.59,1.00008
y_pred[5007],0.692097,0.00422349,0.365548,0.150496,0.00919803,0.89849,1.0,7850.28,7490.49,1.00046
y_pred[5008],0.77708,0.00368599,0.331558,0.0276994,0.025585,0.981317,1.0,8165.2,8187.2,1.00014
y_pred[5009],0.725364,0.00337166,0.298857,0.21438,0.105733,0.853039,0.999863,8148.69,7936.53,1.00013
y_pred[5010],0.754984,0.00359004,0.322519,0.090615,0.0550229,0.938879,1.0,7878.23,7692.22,1.0002
y_pred[5011],0.83891,0.0029552,0.267078,0.0185903,0.162601,0.987461,1.0,8209.69,7521.14,0.999787
y_pred[5012],0.589768,0.00148398,0.135499,0.143385,0.359024,0.595087,0.804236,8308.22,6959.97,0.999849
y_pred[5013],0.897582,0.00191114,0.173557,0.0242657,0.489512,0.983632,1.0,7380.47,8078.39,1.0005
y_pred[5014],0.84917,0.00320429,0.283335,0.00173612,0.0997848,0.998829,1.0,7706.39,7582.58,1.00054
y_pred[5015],0.899674,0.00272346,0.242402,3.11346e-05,0.196321,0.999979,1.0,7999.53,7849.3,0.999899
y_pred[5016],0.871674,0.00250762,0.224521,0.0166933,0.306139,0.988741,1.0,8039.08,7846.96,0.999798
y_pred[5017],0.88431,0.00266747,0.237876,0.00151373,0.243203,0.998979,1.0,8309.92,7929.47,1.00034
y_pred[5018],0.927534,0.00214735,0.188433,3.26172e-05,0.454427,0.999978,1.0,8101.64,7577.3,1.00043
y_pred[5019],0.780606,0.00125009,0.113266,0.115222,0.574829,0.796102,0.938306,8300.72,7767.45,1.00012
y_pred[5020],0.766121,0.00274188,0.244418,0.197306,0.253106,0.855183,0.999006,7713.33,7847.74,1.0001
y_pred[5021],0.678389,0.00407177,0.371441,0.176547,0.00625561,0.880915,0.999999,8132.48,7807.13,1.00065
y_pred[5022],0.7706,0.00377878,0.3353,0.0350116,0.0250308,0.976385,1.0,7871.28,7697.62,0.999856
y_pred[5023],0.706097,0.00348885,0.306078,0.245815,0.0878732,0.829686,0.999765,7642.32,7935.14,1.00029
y_pred[5024],0.737008,0.00373511,0.331875,0.115447,0.0395193,0.92212,0.999999,7979.09,7303.13,0.999968
y_pred[5025],0.830392,0.00300929,0.272708,0.0222034,0.156984,0.985024,1.0,8064.54,7738.38,0.999839
y_pred[5026],0.565527,0.00155396,0.137142,0.14349,0.331084,0.568821,0.786078,7778.96,7791.09,1.00036
y_pred[5027],0.731923,0.00286138,0.256997,0.235195,0.203712,0.815576,0.997574,7954.51,8000.65,1.0002
y_pred[5028],0.639565,0.00457648,0.382621,0.259449,0.00432942,0.824965,0.999997,6987.96,7927.57,1.00052
y_pred[5029],0.7404,0.00389931,0.349879,0.065181,0.0148504,0.956036,1.0,7896.61,7867.18,0.999666
y_pred[5030],0.674493,0.00351994,0.315589,0.302519,0.0708701,0.783581,0.999276,8087.36,7769.55,1.00007
y_pred[5031],0.700307,0.00403945,0.344346,0.181741,0.0311478,0.877341,0.999995,7231.31,7075.69,0.999712
y_pred[5032],0.800384,0.003228,0.290485,0.0486886,0.118682,0.96716,1.0,7991.1,7715.23,0.999939
y_pred[5033],0.522063,0.00149296,0.135442,0.141321,0.29809,0.521532,0.743256,8221.92,7891.16,1.00006
y_pred[5034],0.0821196,0.00183677,0.157126,0.00959235,3.39457e-09,0.00646996,0.452428,7868.67,7725.38,0.99973
y_pred[5035],0.0551085,0.00207072,0.181706,2.4483e-09,1.40764e-41,1.65136e-09,0.482916,8041.77,7769.72,0.999978
y_pred[5036],0.0801564,0.00245984,0.216657,1.02023e-06,1.8594300000000002e-29,6.88135e-07,0.68304,7827.51,7991.32,1.00038
y_pred[5037],0.0617514,0.00179243,0.162623,0.000108846,3.9199500000000005e-18,7.34155e-05,0.443794,7985.72,7369.77,0.99998
y_pred[5038],0.069978,0.0021774,0.191981,6.6459e-06,1.26763e-25,4.4826e-06,0.574265,7723.03,7739.51,1.00049
y_pred[5039],0.114544,0.00253095,0.229671,0.00257463,1.67669e-13,0.00173657,0.723976,8414.86,7888.3,0.999895
y_pred[5040],0.0341014,0.000567466,0.048839,0.0205666,6.22595e-05,0.0146018,0.134284,7597.88,7598.76,1.0006
y_pred[5041],0.204112,0.00258063,0.23021,0.154353,0.000286217,0.109222,0.696379,7834.45,8054.58,1.00027
y_pred[5042],0.128133,0.00294169,0.264062,0.000507559,1.7814800000000002e-18,0.000342344,0.854253,8070.78,7879.68,1.00087
y_pred[5043],0.114903,0.00287507,0.254981,0.000107587,1.34383e-20,7.25665e-05,0.846409,8126.84,7973.36,1.00041
y_pred[5044],0.172216,0.00291236,0.252706,0.0578679,7.44516e-07,0.0390409,0.776643,7172.36,7850.14,1.00064
y_pred[5045],0.164012,0.00309369,0.275992,0.0135657,6.26862e-11,0.00914992,0.863851,7905.51,7308.99,0.99986
y_pred[5046],0.253834,0.00357216,0.317607,0.121782,3.27852e-06,0.0821718,0.933414,8054.4,7767.38,0.999888
y_pred[5047],0.0400572,0.000596439,0.0530602,0.0261815,0.000149346,0.0192949,0.149524,7838.19,7363.74,0.999859
y_pred[5048],0.682322,0.00297398,0.269733,0.286103,0.156424,0.750851,0.993405,7833.53,7444.16,1.00106
y_pred[5049],0.542199,0.004313,0.395491,0.573007,0.000603952,0.604576,0.999922,8463.55,8099.44,0.999839
y_pred[5050],0.515827,0.00442307,0.39964,0.642724,0.000282978,0.533337,0.999884,8143.58,7490.43,1.00035
y_pred[5051],0.634573,0.00361035,0.323794,0.372522,0.0492432,0.719311,0.998735,8059.25,8094.18,0.999776
y_pred[5052],0.617937,0.00407352,0.367032,0.385107,0.00850614,0.736381,0.999904,8027.04,8009.86,0.9998
y_pred[5053],0.738713,0.00368887,0.320117,0.137982,0.0592031,0.906861,0.999997,7897.48,7733.01,0.999894
y_pred[5054],0.259094,0.00137077,0.121785,0.125214,0.0850551,0.245561,0.480598,8064.22,7338.92,1.00016
y_pred[5055],0.836408,0.00247732,0.2108,0.0979576,0.356444,0.932902,0.999943,7575.29,7730.81,1.00074
y_pred[5056],0.730356,0.00404644,0.351913,0.075878,0.0182206,0.948821,1.0,7622.9,7718.11,1.00012
y_pred[5057],0.718264,0.00399662,0.359777,0.0882177,0.0100229,0.940498,1.0,7929.8,8165.81,0.999935
y_pred[5058],0.803131,0.0030462,0.26712,0.0831672,0.182185,0.943874,0.999998,7633.05,7850.42,1.00039
y_pred[5059],0.792976,0.00347282,0.30482,0.0383808,0.0736752,0.974112,1.0,8263.2,8278.05,0.999781
y_pred[5060],0.866291,0.00276932,0.247786,0.00508384,0.220825,0.996571,1.0,7998.86,7582.16,0.99984
y_pred[5061],0.449255,0.00148957,0.134984,0.141004,0.231617,0.447688,0.674729,8206.81,7814.02,1.00022
y_pred[5062],0.775213,0.00272514,0.241912,0.183278,0.252684,0.866618,0.999243,7767.3,7924.37,0.999921
y_pred[5063],0.659585,0.00415946,0.376586,0.214766,0.00628016,0.85512,0.999999,8367.07,7562.22,1.00019
y_pred[5064],0.636947,0.00422301,0.38495,0.270273,0.00258649,0.817657,0.999997,8353.45,8122.62,0.999816
y_pred[5065],0.735721,0.00339443,0.29325,0.199349,0.11678,0.86396,0.999905,7579.06,7329.65,0.999798
y_pred[5066],0.719698,0.00379192,0.33893,0.141923,0.0355091,0.904246,0.999998,8149.72,7810.6,1.00014
y_pred[5067],0.817519,0.00331874,0.281788,0.033489,0.127763,0.977412,1.0,7326.37,7767.75,1.00042
y_pred[5068],0.359747,0.00150014,0.132055,0.1377,0.157596,0.351467,0.591718,7775.2,8020.51,1.00017
y_pred[5069],0.852218,0.00226261,0.202776,0.0737883,0.383054,0.949909,0.999976,8190.19,7479.65,0.99984
y_pred[5070],0.762955,0.00372497,0.337833,0.0409665,0.0272088,0.972368,1.0,8367.06,7734.13,1.00045
y_pred[5071],0.738572,0.00398845,0.352291,0.0595798,0.0155479,0.959814,1.0,7816.04,7797.75,1.00009
y_pred[5072],0.826113,0.00292662,0.256661,0.0551275,0.207575,0.962811,0.999999,8010.68,7927.9,1.00016
y_pred[5073],0.809728,0.00324538,0.293914,0.0253643,0.101702,0.982892,1.0,8177.75,7832.42,1.00035
y_pred[5074],0.886146,0.00264673,0.230375,0.00202968,0.271213,0.998631,1.0,7422.23,7244.18,1.00026
y_pred[5075],0.482619,0.00152787,0.137106,0.143608,0.260488,0.479495,0.712243,8052.03,7973.01,1.00004
y_pred[5076],0.881003,0.00204081,0.184091,0.0415484,0.450834,0.971954,0.999998,8200.33,7905.42,0.999964
y_pred[5077],0.799525,0.00358275,0.319139,0.0157786,0.0421789,0.989358,1.0,7848.68,7770.57,1.00089
y_pred[5078],0.781499,0.00368793,0.332069,0.0216326,0.0311566,0.985409,1.0,8084.65,8021.14,1.00006
y_pred[5079],0.853455,0.00268194,0.237876,0.02699,0.26751,0.981796,1.0,7809.1,7507.85,1.00009
y_pred[5080],0.846523,0.00300976,0.268434,0.00903793,0.15129,0.993904,1.0,7905.35,7887.66,1.00028
y_pred[5081],0.902027,0.00245712,0.217307,0.000478139,0.326051,0.999677,1.0,8016.64,7926.45,0.999875
y_pred[5082],0.540163,0.00153069,0.136241,0.143502,0.309502,0.544196,0.759564,8038.75,7886.16,0.999876
y_pred[5083],0.820841,0.00246715,0.2196,0.117953,0.337314,0.918633,0.999888,7855.14,7692.31,0.999986
y_pred[5084],0.725415,0.00408188,0.354224,0.0878255,0.0176061,0.940762,1.0,7582.26,7706.5,1.00036
y_pred[5085],0.704215,0.00420915,0.365522,0.115799,0.00870983,0.921895,1.0,7794.39,8008.71,1.00049
y_pred[5086],0.794481,0.00303475,0.269876,0.100328,0.178357,0.932235,0.999994,7987.87,7880.69,1.00016
y_pred[5087],0.783888,0.00346628,0.309996,0.0495492,0.0724985,0.966579,1.0,8049.7,7580.11,1.00001
y_pred[5088],0.860199,0.0028162,0.253083,0.00822546,0.204539,0.994452,1.0,8231.64,7954.64,1.0001
y_pred[5089],0.43281,0.00147934,0.135147,0.140295,0.213157,0.427569,0.663089,8374.93,7810.49,1.00022
y_pred[5090],0.794896,0.00261497,0.230308,0.160589,0.290449,0.886429,0.999605,8109.43,7691.67,1.00034
y_pred[5091],0.681862,0.00423124,0.369973,0.172548,0.00669061,0.88361,0.999999,7716.36,7942.78,0.999809
y_pred[5092],0.662087,0.00420087,0.379896,0.200734,0.00482798,0.864598,0.999999,8208.6,7630.9,1.00057
y_pred[5093],0.761882,0.00323057,0.285124,0.150122,0.142155,0.898241,0.999975,7943.81,7705.89,1.00002
y_pred[5094],0.742069,0.00370347,0.330126,0.105337,0.0425911,0.928945,0.999999,8163.2,7889.51,1.00019
y_pred[5095],0.833213,0.00315161,0.272465,0.0204006,0.154718,0.98624,1.0,7748.98,7760.18,1.00016
y_pred[5096],0.386798,0.00148922,0.133252,0.137508,0.179961,0.378719,0.619111,8057.09,7687.97,0.999899
y_pred[5097],0.870454,0.00211879,0.191783,0.0500437,0.424758,0.966212,0.999997,8080.74,7982.09,0.999855
y_pred[5098],0.795202,0.00362651,0.31877,0.0218313,0.0378049,0.985275,1.0,8002.78,7665.77,1.0005
y_pred[5099],0.776223,0.00371911,0.333716,0.0236089,0.0280957,0.984076,1.0,8069.68,8168.64,1.00016
y_pred[5100],0.846095,0.00274793,0.241395,0.0341576,0.26436,0.97696,1.0,7619.48,7865.31,1.00018
y_pred[5101],0.835705,0.003095,0.277464,0.01519,0.130339,0.989754,1.0,7985.43,8060.38,0.999985
y_pred[5102],0.899859,0.00243003,0.217642,0.000886595,0.319797,0.999402,1.0,7831.16,7717.31,1.00027
y_pred[5103],0.525779,0.00151227,0.137492,0.145529,0.296349,0.528625,0.749691,8265.23,8057.29,1.00037
y_pred[5104],0.730427,0.00280616,0.2578,0.23726,0.202487,0.814399,0.997581,8465.54,8096.1,0.999891
y_pred[5105],0.598735,0.00434148,0.390151,0.382962,0.00202754,0.741026,0.99998,8116.75,7629.81,1.00015
y_pred[5106],0.582537,0.00439431,0.394438,0.434097,0.00103091,0.706098,0.999977,8117.36,8014.46,1.00029
y_pred[5107],0.691307,0.00349036,0.310909,0.276548,0.0768155,0.805082,0.999594,8090.95,7930.13,0.999701
y_pred[5108],0.672907,0.00426255,0.352,0.249331,0.0180305,0.831352,0.999979,7175.74,7704.68,0.999877
y_pred[5109],0.778944,0.00336945,0.30137,0.0758721,0.0895256,0.948823,1.0,7999.9,7930.56,1.00033
y_pred[5110],0.305022,0.00139119,0.12531,0.128639,0.115999,0.295439,0.52665,8109.67,7709.28,1.00041
y_pred[5111],0.777225,0.0026885,0.238416,0.181845,0.273091,0.8675,0.999429,7929.34,7584.87,1.00005
y_pred[5112],0.658052,0.00416334,0.37513,0.230145,0.00513773,0.844747,0.999999,8058.28,7783.5,0.999811
y_pred[5113],0.632947,0.00432155,0.38504,0.280179,0.00407241,0.810981,0.999998,7876.56,7509.97,0.999885
y_pred[5114],0.738824,0.00341865,0.296612,0.185771,0.104784,0.873244,0.999911,7801.5,7853.13,1.00008
y_pred[5115],0.722246,0.00386676,0.339074,0.132764,0.0334548,0.91043,0.999997,8060.57,7999.85,1.00042
y_pred[5116],0.821886,0.00309361,0.281572,0.027305,0.127638,0.981583,1.0,8325.2,7627.57,0.999861
y_pred[5117],0.360876,0.00148874,0.13168,0.137172,0.156853,0.352249,0.593824,7988.41,7103.93,1.00009
y_pred[5118],0.106243,0.00201363,0.177364,0.0292928,3.72588e-07,0.0197623,0.52245,8104.29,7764.49,0.999797
y_pred[5119],0.0682174,0.00230239,0.2005,7.3722e-08,3.70326e-36,4.97248e-08,0.602596,7943.61,7463.84,1.0
y_pred[5120],0.0595614,0.00211612,0.187838,4.75368e-09,2.38756e-41,3.20632e-09,0.520574,8233.47,7777.22,0.999862
y_pred[5121],0.0883304,0.00214919,0.190061,0.00216288,3.41702e-13,0.00145884,0.557752,7984.63,7636.35,1.00001
y_pred[5122],0.0833967,0.00240965,0.207638,4.44727e-05,5.48291e-22,2.99964e-05,0.631356,7985.77,7745.86,1.00015
y_pred[5123],0.143356,0.00284997,0.256982,0.00945401,4.95991e-11,0.00637664,0.805495,8159.4,7563.88,0.999795
y_pred[5124],0.018752,0.000399831,0.0360621,0.00471826,3.50008e-07,0.00318537,0.0917817,8100.12,8140.51,1.0001
y_pred[5125],0.202882,0.00265873,0.230575,0.15267,0.000393987,0.108366,0.707368,7664.53,6862.85,1.00073
y_pred[5126],0.125242,0.00290078,0.262108,0.000430855,4.251980000000001e-18,0.000290607,0.855885,7938.24,8179.36,1.00026
y_pred[5127],0.119626,0.00287712,0.259131,0.00016903,4.84437e-21,0.000114009,0.846082,8026.84,8082.07,1.00017
y_pred[5128],0.176419,0.00294623,0.25666,0.0586103,3.10191e-07,0.039536,0.79512,7930.16,8140.55,1.00071
y_pred[5129],0.155939,0.00299117,0.27052,0.0108128,5.60308e-11,0.0072931,0.861149,8218.32,7959.93,1.00033
y_pred[5130],0.251471,0.00359672,0.315892,0.119863,2.08609e-06,0.0808748,0.935045,7350.39,7659.12,1.00095
y_pred[5131],0.0393924,0.000586492,0.0525584,0.0260733,0.000168156,0.0192146,0.146861,8249.72,7970.54,0.99978
y_pred[5132],0.679611,0.00298291,0.267106,0.292677,0.169713,0.743901,0.993598,7928.47,7434.29,1.00016
y_pred[5133],0.549971,0.00441692,0.39297,0.552724,0.000956493,0.61826,0.999915,7708.97,7690.52,0.999826
y_pred[5134],0.526872,0.00445582,0.398188,0.612177,0.00026811,0.570257,0.999899,8256.88,7790.78,1.00035
y_pred[5135],0.630711,0.00354734,0.321552,0.375275,0.050427,0.711942,0.998264,8095.94,7819.39,0.999791
y_pred[5136],0.6202,0.00403154,0.365763,0.371786,0.00962256,0.74541,0.999912,8307.29,7834.31,1.00046
y_pred[5137],0.741279,0.00358194,0.321148,0.128252,0.055735,0.913455,0.999996,8357.54,8123.29,0.999977
y_pred[5138],0.259471,0.00132847,0.121109,0.123254,0.0846615,0.245582,0.479407,8199.43,7693.62,0.999897
y_pred[5139],0.837739,0.00240679,0.211471,0.0969828,0.359017,0.933635,0.999943,7747.49,7691.81,1.00003
y_pred[5140],0.736589,0.00385764,0.349277,0.0723798,0.0171186,0.95118,1.0,8156.49,8140.69,1.0003
y_pred[5141],0.713821,0.00399161,0.362777,0.0908611,0.0103532,0.938715,1.0,8342.15,7296.43,0.999775
y_pred[5142],0.802034,0.00305072,0.268834,0.0828277,0.189684,0.944094,0.999996,7656.32,8082.24,1.00005
y_pred[5143],0.777821,0.0035078,0.313874,0.0528376,0.0670001,0.964361,1.0,8017.58,7514.25,1.00005
y_pred[5144],0.86706,0.00278111,0.248039,0.00664279,0.218797,0.99552,1.0,7854.75,7813.51,1.00007
y_pred[5145],0.451427,0.00155504,0.136329,0.142081,0.232705,0.44779,0.682466,7712.16,7687.64,1.00024
y_pred[5146],0.771828,0.00272861,0.243393,0.185678,0.248279,0.864154,0.999321,7682.52,7054.36,1.0003
y_pred[5147],0.65354,0.00428003,0.376717,0.234116,0.00664728,0.842059,0.999998,7883.27,7972.51,1.00047
y_pred[5148],0.644175,0.00430024,0.384166,0.235987,0.00309187,0.840806,0.999999,8032.96,8038.97,0.999928
y_pred[5149],0.732817,0.00331147,0.297929,0.196057,0.110855,0.866186,0.999912,8158.39,8055.41,1.00026
y_pred[5150],0.718181,0.00413632,0.339572,0.139929,0.0349843,0.905598,0.999998,7146.98,7785.01,1.00052
y_pred[5151],0.817456,0.00318317,0.280895,0.032397,0.137719,0.978149,1.0,8033.95,7643.08,1.00043
y_pred[5152],0.357111,0.00149371,0.131929,0.137309,0.153948,0.348567,0.589665,7814.56,8052.2,1.00016
y_pred[5153],0.851621,0.00231054,0.207733,0.0731619,0.366684,0.950404,0.999983,8039.99,7931.57,0.999796
y_pred[5154],0.759752,0.00381003,0.339131,0.0429717,0.0268961,0.971016,1.0,8172.24,8184.41,1.00056
y_pred[5155],0.750684,0.00390146,0.345234,0.0506501,0.0189245,0.965837,1.0,7932.51,7635.42,1.00004
y_pred[5156],0.819888,0.00288748,0.260115,0.0604152,0.199136,0.95924,0.999999,8201.67,7847.93,1.00007
y_pred[5157],0.812909,0.003262,0.292318,0.0253569,0.100031,0.982897,1.0,7966.56,7914.92,1.00007
y_pred[5158],0.882582,0.00266167,0.235617,0.00250634,0.257125,0.998309,1.0,7838.36,7714.69,0.999921
y_pred[5159],0.482167,0.00151262,0.136995,0.143414,0.259588,0.481066,0.710785,8224.9,7876.36,1.00092
y_pred[5160],0.879155,0.00206455,0.185573,0.0449828,0.453552,0.969626,0.999998,8012.71,7774.25,1.00012
y_pred[5161],0.804749,0.00354687,0.31568,0.013906,0.0436237,0.99062,1.0,8022.87,7574.35,0.999817
y_pred[5162],0.795298,0.00357032,0.320968,0.0161084,0.0351753,0.989135,1.0,8332.46,7835.72,1.00033
y_pred[5163],0.855511,0.00259895,0.234829,0.0265334,0.281932,0.982104,1.0,8057.3,7713.18,0.999904
y_pred[5164],0.842646,0.00308891,0.274015,0.00914616,0.140895,0.993831,1.0,8062.88,7712.11,0.999764
y_pred[5165],0.903993,0.00242723,0.215599,0.000703494,0.32369,0.999526,1.0,7850.41,7927.48,0.999749
y_pred[5166],0.54126,0.00152477,0.136838,0.143755,0.313461,0.54314,0.761888,8060.21,7752.95,0.999965
y_pred[5167],0.824108,0.00246766,0.22085,0.109391,0.328763,0.924855,0.999898,8088.62,8318.7,0.999914
y_pred[5168],0.730716,0.00398643,0.349356,0.0832302,0.0209335,0.943862,1.0,7858.83,7971.0,1.00037
y_pred[5169],0.704656,0.00404579,0.365673,0.10642,0.00923133,0.928221,1.0,8110.09,7796.72,0.999927
y_pred[5170],0.793634,0.00304354,0.272285,0.0989576,0.163957,0.933164,0.999993,8167.74,7973.29,1.00014
y_pred[5171],0.781429,0.00350757,0.310769,0.0594011,0.0634684,0.959935,1.0,8164.65,7734.12,1.00073
y_pred[5172],0.863332,0.00271583,0.249878,0.00783258,0.209379,0.994717,1.0,8344.24,7908.1,0.999832
y_pred[5173],0.434364,0.00148382,0.134507,0.141729,0.216959,0.432107,0.664751,8247.23,7483.91,1.00015
y_pred[5174],0.79837,0.00257185,0.230677,0.152772,0.290493,0.891946,0.999605,8027.58,7858.96,1.00022
y_pred[5175],0.685021,0.00414564,0.368442,0.159136,0.00832663,0.892661,1.0,7982.14,7880.6,1.00008
y_pred[5176],0.670812,0.0041597,0.374966,0.181427,0.00568874,0.877625,0.999999,8069.88,7731.08,1.00011
y_pred[5177],0.76021,0.00320848,0.285367,0.15668,0.142087,0.89359,0.999968,7929.12,8137.92,0.999865
y_pred[5178],0.747157,0.00366291,0.327275,0.101068,0.0488811,0.931828,1.0,8294.88,7833.11,0.999923
y_pred[5179],0.837203,0.00296771,0.270215,0.0202405,0.153894,0.986348,1.0,8163.88,7970.08,1.00011
y_pred[5180],0.388702,0.00154311,0.136019,0.139684,0.176053,0.381665,0.625152,7836.03,7931.15,1.00035
y_pred[5181],0.872807,0.00212202,0.190333,0.0528206,0.426168,0.964307,0.999996,8301.01,7896.63,1.00029
y_pred[5182],0.79267,0.00351944,0.320601,0.0211122,0.0446398,0.98576,1.0,7882.38,7801.07,1.00001
y_pred[5183],0.779073,0.00369786,0.32994,0.0275986,0.0307736,0.981385,1.0,7891.93,7810.13,0.999825
y_pred[5184],0.84417,0.0027171,0.24555,0.0349071,0.239555,0.976455,1.0,8195.1,7572.95,1.00021
y_pred[5185],0.836544,0.00318434,0.279299,0.0121751,0.121256,0.991788,1.0,7684.32,7599.61,1.00002
y_pred[5186],0.902753,0.00251709,0.215834,0.000690892,0.325613,0.999534,1.0,7435.76,7903.73,1.00045
y_pred[5187],0.524817,0.00149711,0.137263,0.145524,0.296614,0.525142,0.749155,8449.79,7759.04,0.999953
y_pred[5188],0.729512,0.0027908,0.255779,0.242229,0.215621,0.809834,0.99755,8212.88,7852.16,1.00022
y_pred[5189],0.593239,0.00425844,0.390833,0.400484,0.00174151,0.729274,0.999983,8438.17,7797.08,1.00013
y_pred[5190],0.579063,0.00438206,0.3945,0.446062,0.00102376,0.697976,0.999976,8001.93,7850.51,0.999851
y_pred[5191],0.683815,0.0036105,0.3111,0.292737,0.0773089,0.791941,0.999478,7794.69,7841.18,1.00013
y_pred[5192],0.668102,0.00402441,0.356046,0.251772,0.0176503,0.829777,0.99998,7769.24,7717.91,1.00016
y_pred[5193],0.781177,0.00334687,0.300553,0.0715488,0.0942784,0.951739,1.0,8056.53,7711.54,1.0001
y_pred[5194],0.305493,0.00141158,0.12693,0.130645,0.116747,0.294656,0.529177,8130.49,7643.9,0.999798
y_pred[5195],0.772765,0.00273471,0.240626,0.188163,0.267956,0.8632,0.999251,7924.24,7956.95,1.00021
y_pred[5196],0.656469,0.00413145,0.376388,0.228306,0.00484411,0.845988,0.999999,8405.89,7795.24,0.999998
y_pred[5197],0.639884,0.00425416,0.386603,0.252321,0.00288495,0.829765,0.999997,8384.97,8233.89,1.00032
y_pred[5198],0.741512,0.00322366,0.292883,0.186977,0.119658,0.872548,0.999927,8203.24,7765.64,1.00051
y_pred[5199],0.717022,0.00392767,0.338292,0.148061,0.0359092,0.900112,0.999998,7452.57,7537.85,1.00005
y_pred[5200],0.81871,0.00317376,0.283572,0.0301153,0.124812,0.979688,1.0,7963.94,7856.3,1.00023
y_pred[5201],0.361002,0.00143603,0.132245,0.139194,0.154287,0.355629,0.5891,8661.51,8092.67,1.00029
y_pred[5202],0.108324,0.00203739,0.182023,0.0270582,3.19067e-07,0.0182536,0.528896,8124.93,7867.21,1.00021
y_pred[5203],0.0619419,0.0022511,0.190587,2.72637e-08,6.03377e-36,1.83891e-08,0.549481,7748.65,7261.47,1.00017
y_pred[5204],0.0589214,0.00214357,0.187983,2.97214e-09,4.11294e-41,2.00468e-09,0.520817,8227.93,7918.83,1.00015
y_pred[5205],0.0908696,0.00218543,0.193539,0.00226058,9.64883e-13,0.00152474,0.577129,7891.55,7806.09,1.00011
y_pred[5206],0.0834945,0.00231968,0.206741,5.71958e-05,1.42225e-21,3.8578e-05,0.630822,8038.31,7661.05,1.00015
y_pred[5207],0.139103,0.00296133,0.253941,0.00833922,1.6158e-11,0.00562473,0.809729,7298.49,7625.25,1.00006
y_pred[5208],0.019417,0.00042758,0.0379878,0.00496864,2.55818e-07,0.00335422,0.0927847,8056.18,7646.26,1.00004
y_pred[5209],0.206498,0.00268355,0.232183,0.158062,0.000335008,0.111879,0.710934,7245.32,8109.94,1.00031
y_pred[5210],0.1254,0.00297625,0.261694,0.000514878,4.15682e-18,0.000347281,0.855862,7977.93,7690.11,1.00045
y_pred[5211],0.116072,0.00284438,0.25615,0.000117534,4.3531e-20,7.92753e-05,0.847025,8145.79,7722.11,1.00029
y_pred[5212],0.176548,0.00291591,0.257939,0.0594026,5.7374e-07,0.0400761,0.795049,7714.55,7520.29,1.00038
y_pred[5213],0.159024,0.00307451,0.274328,0.0106129,1.11115e-10,0.00715833,0.858152,8021.87,7651.48,1.00024
y_pred[5214],0.260688,0.00355222,0.321213,0.133841,2.32949e-06,0.0903101,0.939101,8159.76,7624.0,0.999786
y_pred[5215],0.0388583,0.000579456,0.052378,0.0256908,0.000154259,0.018913,0.143222,8178.97,7739.17,1.0004
y_pred[5216],0.681884,0.00302627,0.267669,0.289048,0.166261,0.75018,0.99262,7920.98,7834.23,1.00014
y_pred[5217],0.545101,0.00447176,0.398207,0.566747,0.000515668,0.611839,0.999923,7861.58,7559.4,1.00005
y_pred[5218],0.524121,0.00474076,0.397695,0.620956,0.000334157,0.560522,0.999899,7481.82,8097.21,0.999881
y_pred[5219],0.631139,0.00380315,0.327175,0.377055,0.0452809,0.717533,0.998431,7530.87,7568.27,1.00001
y_pred[5220],0.616586,0.00416372,0.364661,0.38598,0.00890952,0.735935,0.999882,7344.52,7727.51,1.00031
y_pred[5221],0.737661,0.00356691,0.319567,0.14005,0.0663245,0.905487,0.999996,8008.91,8088.3,1.00006
y_pred[5222],0.258954,0.00133414,0.118375,0.120999,0.0849861,0.24917,0.470557,7914.56,8000.72,1.00046
y_pred[5223],0.835029,0.00238286,0.212779,0.100709,0.355548,0.931045,0.999928,7927.76,8029.89,1.00007
y_pred[5224],0.737733,0.00389011,0.347027,0.0737341,0.0203748,0.950267,1.0,8079.43,7755.56,0.999851
y_pred[5225],0.71736,0.00405947,0.361624,0.0848625,0.010217,0.942761,1.0,8152.29,7609.15,1.00058
y_pred[5226],0.802425,0.00301809,0.267328,0.0875416,0.18031,0.940912,0.999997,8065.96,7975.19,1.00064
y_pred[5227],0.7961,0.00336031,0.302231,0.0404765,0.0835322,0.972699,1.0,7898.42,7550.22,1.0004
y_pred[5228],0.870317,0.00269866,0.244659,0.00505567,0.235227,0.99659,1.0,8327.61,7807.86,0.999839
y_pred[5229],0.448164,0.00149768,0.136365,0.14138,0.226509,0.445883,0.679422,8322.47,7822.35,0.99983
y_pred[5230],0.776246,0.00270452,0.241949,0.179004,0.253791,0.869576,0.999332,8021.55,7961.31,1.00044
y_pred[5231],0.653888,0.00426466,0.380277,0.219884,0.00431205,0.851673,0.999998,7856.93,8010.57,0.999906
y_pred[5232],0.63376,0.00440676,0.38513,0.284955,0.00244887,0.807746,0.999998,7751.79,7882.51,0.99988
y_pred[5233],0.734753,0.00326644,0.295943,0.202061,0.10406,0.861236,0.99988,8300.42,7975.87,1.00001
y_pred[5234],0.718623,0.00372754,0.335855,0.149837,0.0360448,0.898913,0.999998,8159.29,8227.51,1.00032
y_pred[5235],0.819905,0.00314544,0.279074,0.0335594,0.142301,0.977364,1.0,7778.4,7786.75,0.99991
y_pred[5236],0.35667,0.00145611,0.130225,0.134392,0.155146,0.349779,0.58359,8007.78,7911.32,0.999923
y_pred[5237],0.84561,0.0023994,0.212322,0.0744651,0.351668,0.949493,0.999978,7673.16,7847.05,1.00004
y_pred[5238],0.762186,0.00376067,0.338112,0.0416181,0.0268423,0.971929,1.0,7997.38,7738.21,1.00009
y_pred[5239],0.745125,0.003865,0.34716,0.0540126,0.0174608,0.963569,1.0,7833.01,7919.32,0.999992
y_pred[5240],0.823596,0.00291293,0.258384,0.0545834,0.199014,0.963179,0.999999,7811.97,7818.92,1.0003
y_pred[5241],0.818161,0.00322888,0.288943,0.0240063,0.111395,0.983808,1.0,8114.67,8006.83,1.0004
y_pred[5242],0.883452,0.00273431,0.232834,0.0028036,0.262447,0.998109,1.0,7314.34,7712.49,1.0004
y_pred[5243],0.48101,0.0015755,0.136181,0.144263,0.258113,0.48011,0.705329,7513.04,7871.74,1.00024
y_pred[5244],0.876228,0.00217644,0.189706,0.0440073,0.433274,0.970298,0.999998,7765.22,7687.65,0.999781
y_pred[5245],0.799476,0.00356684,0.3162,0.0153709,0.050123,0.989632,1.0,7931.55,7806.5,0.999955
y_pred[5246],0.782831,0.00363665,0.331285,0.0221463,0.0283156,0.985062,1.0,8184.64,7871.28,0.999978
y_pred[5247],0.853031,0.00265835,0.238589,0.0298677,0.259901,0.979855,1.0,8236.48,7476.55,1.00021
y_pred[5248],0.846607,0.00304196,0.268879,0.00925068,0.14684,0.993761,1.0,7910.6,7729.01,1.00003
y_pred[5249],0.902175,0.00242227,0.214915,0.000721285,0.325782,0.999513,1.0,8167.9,7791.77,0.999953
y_pred[5250],0.54037,0.00152318,0.138059,0.144637,0.306303,0.542857,0.763362,8321.99,7784.26,0.999993
y_pred[5251],0.825601,0.00242271,0.215278,0.117131,0.34255,0.918991,0.999877,7423.68,7263.65,1.00041
y_pred[5252],0.732261,0.00403422,0.349253,0.0837699,0.0181578,0.943498,1.0,7611.63,7663.4,1.00048
y_pred[5253],0.7071,0.00419945,0.363523,0.110674,0.00914244,0.925351,1.0,7603.05,8079.8,1.00034
y_pred[5254],0.792846,0.00301337,0.274105,0.0968605,0.167615,0.934603,0.999997,8226.04,7566.28,0.999949
y_pred[5255],0.783221,0.00344565,0.307637,0.0601091,0.0682478,0.959457,1.0,8050.63,7727.27,0.999962
y_pred[5256],0.862353,0.00274285,0.249353,0.00752938,0.215827,0.994922,1.0,8117.1,7538.92,0.999862
y_pred[5257],0.431534,0.00150314,0.136152,0.143159,0.213609,0.426569,0.666296,8225.3,8001.72,0.999836
y_pred[5258],0.793422,0.00263366,0.233897,0.156363,0.278709,0.889212,0.999574,8108.47,7583.35,1.00022
y_pred[5259],0.680422,0.00420903,0.368908,0.174597,0.00619216,0.882226,0.999999,7803.89,7681.12,0.999894
y_pred[5260],0.667531,0.00422522,0.376954,0.188337,0.00561127,0.872961,0.999999,7872.99,7314.67,1.00004
y_pred[5261],0.764076,0.00319792,0.285589,0.150164,0.1335,0.898055,0.999974,7924.22,7770.58,0.999794
y_pred[5262],0.747022,0.0037077,0.328343,0.0964854,0.0440562,0.934918,1.0,8034.64,7831.89,1.00033
y_pred[5263],0.837796,0.00314848,0.268952,0.0182197,0.164516,0.987711,1.0,7602.91,7644.99,1.00002
y_pred[5264],0.384337,0.0016218,0.134551,0.140929,0.174682,0.377335,0.61891,6899.77,7076.31,1.00025
y_pred[5265],0.869753,0.00221617,0.194912,0.0505077,0.409308,0.965878,0.999995,7745.5,7678.83,0.999776
y_pred[5266],0.790321,0.00360533,0.323748,0.0220522,0.0376961,0.985126,1.0,8115.36,8055.15,1.00001
y_pred[5267],0.776591,0.00377566,0.333943,0.0270463,0.0269543,0.981757,1.0,8107.08,7928.47,0.999941
y_pred[5268],0.848242,0.00270888,0.24098,0.0336254,0.257081,0.97732,1.0,7984.29,7769.44,0.999582
y_pred[5269],0.836645,0.00311211,0.277985,0.012763,0.125783,0.991391,1.0,7999.13,7792.54,0.999946
y_pred[5270],0.89613,0.00255825,0.224846,0.000648637,0.295923,0.999563,1.0,7635.97,7797.03,1.00002
y_pred[5271],0.52481,0.0015006,0.13756,0.144809,0.299252,0.523545,0.751086,8455.46,7619.32,0.99992
y_pred[5272],0.72509,0.00289849,0.257234,0.247529,0.201596,0.804782,0.997263,7933.51,7648.89,1.0
y_pred[5273],0.600301,0.00431716,0.388703,0.391236,0.00238353,0.735463,0.999984,8022.43,7961.16,1.00013
y_pred[5274],0.570479,0.00446617,0.396453,0.477303,0.000913998,0.676516,0.999983,8037.64,7687.95,1.00073
y_pred[5275],0.689905,0.00343612,0.307771,0.284392,0.0823987,0.798509,0.999532,8028.83,8101.64,0.999961
y_pred[5276],0.670065,0.00395749,0.355981,0.248642,0.0187313,0.831956,0.999985,8167.7,8032.27,1.00002
y_pred[5277],0.781883,0.0033375,0.300106,0.0757564,0.0949186,0.9489,1.0,8101.46,8028.03,0.999813
y_pred[5278],0.305581,0.00145219,0.12444,0.126779,0.120369,0.295384,0.527965,7461.7,8013.33,0.999881
y_pred[5279],0.779847,0.00269868,0.238172,0.173106,0.265915,0.874848,0.999247,7853.39,7586.01,1.00057
y_pred[5280],0.663179,0.00411049,0.37454,0.213362,0.00438338,0.856067,0.999999,7925.43,7643.16,1.00005
y_pred[5281],0.637811,0.00433737,0.386238,0.263067,0.00263839,0.822524,0.999998,7913.43,7804.0,1.00059
y_pred[5282],0.739882,0.00322881,0.294883,0.186065,0.108544,0.873174,0.999919,8265.89,7887.78,1.0003
y_pred[5283],0.724285,0.00377869,0.33709,0.133561,0.0371573,0.909903,0.999999,8339.35,7688.37,0.999748
y_pred[5284],0.813154,0.00314816,0.286529,0.0328307,0.11978,0.977856,1.0,8419.93,7748.51,1.00013
y_pred[5285],0.360617,0.00151091,0.131404,0.136402,0.158748,0.353379,0.591093,7590.02,7761.6,0.999965
y_pred[5286],0.109102,0.00203564,0.181094,0.0290016,3.69303e-07,0.0195656,0.528321,7925.17,7449.32,1.00005
y_pred[5287],0.0606944,0.00209913,0.187972,2.91213e-08,1.04363e-36,1.96421e-08,0.538437,7907.33,8186.64,0.999638
y_pred[5288],0.0556146,0.00202223,0.180736,6.68779e-09,6.65893e-40,4.51085e-09,0.474791,7707.21,7657.79,1.00013
y_pred[5289],0.088837,0.00212986,0.188759,0.00239987,8.01506e-13,0.00161869,0.559972,7606.23,7817.63,1.00046
y_pred[5290],0.0894519,0.00242711,0.215442,7.8648e-05,1.2438299999999999e-20,5.30473e-05,0.671652,7578.83,7925.56,0.999826
y_pred[5291],0.139772,0.00281677,0.253462,0.008479,2.98314e-11,0.00571901,0.796438,7828.6,7687.24,1.00047
y_pred[5292],0.0195484,0.000435142,0.0382976,0.0055259,2.53167e-07,0.00373053,0.0947433,7949.8,7766.47,1.00025
y_pred[5293],0.202888,0.00256231,0.230767,0.154598,0.000296295,0.109826,0.708318,8162.35,7913.95,1.00025
y_pred[5294],0.124736,0.00293313,0.262112,0.000410827,2.58224e-18,0.000277099,0.856121,7788.81,7676.51,1.00052
y_pred[5295],0.118035,0.00285598,0.257268,0.000168195,1.4082199999999998e-20,0.000113446,0.856811,8076.51,8097.71,0.999896
y_pred[5296],0.169287,0.00285866,0.249643,0.05525,6.37402e-07,0.0372722,0.759902,8132.33,7925.76,0.999979
y_pred[5297],0.159627,0.00306095,0.275251,0.0113295,3.98464e-11,0.00764161,0.861401,7638.22,7696.78,1.00005
y_pred[5298],0.248356,0.00350864,0.317365,0.11489,2.03241e-06,0.0775147,0.9416,8223.24,7918.88,1.00007
y_pred[5299],0.0402039,0.00058876,0.0528301,0.0263691,0.00015717,0.0192923,0.150946,7951.75,7887.74,1.00021
y_pred[5300],0.678415,0.00302682,0.269831,0.293782,0.161102,0.745389,0.993336,8030.79,8181.79,0.999926
y_pred[5301],0.547757,0.00444979,0.395243,0.553143,0.000812067,0.619567,0.999894,8047.49,7813.14,1.00003
y_pred[5302],0.519728,0.00459606,0.399569,0.624499,0.000309217,0.558531,0.999897,7735.28,7728.45,0.99988
y_pred[5303],0.631305,0.00369362,0.325052,0.36758,0.0515228,0.722329,0.998183,8028.79,7930.36,0.999997
y_pred[5304],0.613786,0.00412943,0.36541,0.400255,0.010805,0.724251,0.999878,7992.58,7794.3,1.00017
y_pred[5305],0.738137,0.00359515,0.318893,0.138951,0.0601381,0.906218,0.999996,7994.55,7394.73,0.999872
y_pred[5306],0.258215,0.00132523,0.1199,0.121775,0.0857639,0.244334,0.480843,8013.91,7706.8,1.00007
y_pred[5307],0.834171,0.00241253,0.213007,0.0974246,0.349739,0.933448,0.99993,7973.96,8186.03,1.00053
y_pred[5308],0.734969,0.00404464,0.351459,0.0748157,0.0149719,0.949537,1.0,7902.06,8098.22,1.0001
y_pred[5309],0.718167,0.00405417,0.360419,0.0913571,0.011013,0.938381,1.0,7972.32,7690.47,0.999851
y_pred[5310],0.803871,0.00305718,0.265323,0.0834444,0.198719,0.943682,0.999996,7511.2,6613.09,1.0
y_pred[5311],0.797602,0.00331387,0.300068,0.0423416,0.0869697,0.971441,1.0,8062.42,7444.75,0.999825
y_pred[5312],0.872698,0.00270615,0.242804,0.00523728,0.232028,0.996468,1.0,8155.88,7928.07,1.00009
y_pred[5313],0.44964,0.00151977,0.136329,0.140803,0.230444,0.448391,0.681277,8113.8,7837.35,1.00009
y_pred[5314],0.772847,0.00268735,0.241522,0.189141,0.259263,0.862781,0.999339,7856.33,7709.26,0.999793
y_pred[5315],0.6593,0.00417607,0.375231,0.221372,0.00558533,0.850666,0.999998,8199.5,7112.4,1.0
y_pred[5316],0.638999,0.00439679,0.385273,0.26088,0.0034231,0.823997,0.999998,7934.54,7972.55,1.00021
y_pred[5317],0.729158,0.00333267,0.298677,0.207388,0.11572,0.858683,0.999903,8017.78,7999.88,1.00007
y_pred[5318],0.720498,0.00366732,0.335929,0.147349,0.0367095,0.900581,0.999997,8340.58,7945.02,0.999934
y_pred[5319],0.81913,0.0030585,0.281685,0.0292495,0.126145,0.980271,1.0,8486.82,7741.21,1.00046
y_pred[5320],0.358033,0.00144037,0.13148,0.138701,0.15499,0.351486,0.584423,8344.41,7891.79,1.00001
y_pred[5321],0.852803,0.00233652,0.205435,0.0696073,0.377908,0.952808,0.999978,7954.86,7547.89,1.00005
y_pred[5322],0.75505,0.00395911,0.344663,0.0438768,0.0243684,0.970406,1.0,7720.52,7874.63,1.00036
y_pred[5323],0.749295,0.00387085,0.343608,0.0581127,0.0193905,0.960803,1.0,7635.68,7572.14,1.00037
y_pred[5324],0.827311,0.00285934,0.253152,0.0570119,0.219446,0.96154,0.999999,8066.54,7813.87,1.00026
y_pred[5325],0.809136,0.00324442,0.295281,0.027185,0.0994771,0.981664,1.0,7877.42,7874.96,1.00036
y_pred[5326],0.88164,0.00260947,0.236543,0.00256638,0.250009,0.998269,1.0,8177.49,8039.73,0.999968
y_pred[5327],0.482236,0.0015263,0.136692,0.145249,0.256742,0.482558,0.705232,8037.42,7558.28,0.999897
y_pred[5328],0.877766,0.00211128,0.189283,0.0427448,0.442503,0.971143,0.999997,8042.24,8020.38,1.00039
y_pred[5329],0.802348,0.00357818,0.316079,0.015018,0.0527613,0.98987,1.0,7869.26,7760.03,0.999973
y_pred[5330],0.785977,0.00371392,0.32799,0.0214562,0.0329203,0.985528,1.0,7712.61,7697.3,1.00003
y_pred[5331],0.858925,0.00265424,0.232061,0.0260923,0.296229,0.982401,1.0,8111.38,7324.56,1.0
y_pred[5332],0.844236,0.0030781,0.274242,0.00876884,0.134363,0.994085,1.0,7812.39,7574.01,0.999937
y_pred[5333],0.902425,0.00243354,0.218653,0.000475173,0.306242,0.99968,1.0,8280.07,8099.66,0.999656
y_pred[5334],0.538227,0.00149205,0.136714,0.143568,0.30901,0.541816,0.759834,8411.6,7578.85,1.00031
y_pred[5335],0.824167,0.00241365,0.219261,0.113628,0.335598,0.921986,0.999906,8254.07,8164.45,0.999961
y_pred[5336],0.723401,0.00401137,0.355166,0.0854867,0.0136234,0.94234,1.0,8138.72,7340.85,1.00006
y_pred[5337],0.711394,0.0040718,0.36426,0.0977812,0.00942504,0.934047,1.0,8027.48,7996.92,0.999949
y_pred[5338],0.797462,0.0030262,0.270566,0.0944483,0.163163,0.936206,0.999994,7995.6,8036.92,1.00005
y_pred[5339],0.773802,0.00359775,0.316047,0.0618615,0.0587047,0.958275,1.0,7914.38,7711.96,0.99987
y_pred[5340],0.860379,0.00283741,0.251324,0.00816171,0.20991,0.994495,1.0,7976.88,8138.45,0.999939
y_pred[5341],0.43408,0.00151316,0.135304,0.14039,0.215877,0.431808,0.661384,8038.24,7621.92,1.00064
y_pred[5342],0.794218,0.00268804,0.231868,0.16091,0.289682,0.884295,0.999659,7728.58,7562.28,0.999858
y_pred[5343],0.679332,0.00413454,0.370877,0.178458,0.00808683,0.879626,1.0,8158.08,8052.94,0.999818
y_pred[5344],0.666502,0.00412547,0.376048,0.189771,0.00495529,0.87199,0.999999,8355.4,7932.38,1.00033
y_pred[5345],0.754749,0.00321175,0.289227,0.160407,0.132026,0.891134,0.999963,7595.66,7246.27,0.999739
y_pred[5346],0.747457,0.00364972,0.32547,0.103062,0.048043,0.930481,0.999999,8151.31,8013.88,1.00029
y_pred[5347],0.841195,0.00299147,0.264721,0.0183034,0.175232,0.987654,1.0,7918.97,7640.06,0.999908
y_pred[5348],0.385745,0.00149507,0.13389,0.14057,0.177661,0.377248,0.617194,8031.4,7956.59,1.00019
y_pred[5349],0.870489,0.00215777,0.193671,0.0491334,0.422382,0.966813,0.999995,7932.13,8050.79,0.999962
y_pred[5350],0.795831,0.00357529,0.32047,0.0194584,0.0401307,0.986876,1.0,8023.0,7674.15,1.00006
y_pred[5351],0.774786,0.0037151,0.332209,0.0272027,0.0301644,0.981652,1.0,7910.76,7830.92,0.99975
y_pred[5352],0.843761,0.00268314,0.243858,0.0368204,0.252239,0.975165,1.0,7840.79,7707.69,1.00024
y_pred[5353],0.835656,0.00312335,0.278061,0.0123026,0.127646,0.991702,1.0,7963.81,7937.2,1.00014
y_pred[5354],0.90288,0.00255722,0.21585,0.000687185,0.324712,0.999537,1.0,7959.63,7354.54,1.00012
y_pred[5355],0.524161,0.00149309,0.135155,0.141983,0.300293,0.524034,0.748583,8217.1,7748.94,1.00018
y_pred[5356],0.729825,0.00307529,0.256207,0.242431,0.210414,0.810901,0.997452,7621.16,7732.84,1.00107
y_pred[5357],0.60414,0.00432116,0.387979,0.377206,0.00183979,0.744839,0.999981,8155.35,8043.02,1.00016
y_pred[5358],0.584792,0.00445628,0.395834,0.425635,0.00123891,0.711978,0.999976,7923.1,7844.25,1.00044
y_pred[5359],0.682983,0.0035935,0.312044,0.293589,0.0767789,0.790656,0.999537,7730.24,7887.63,0.999995
y_pred[5360],0.669259,0.00393177,0.353287,0.252958,0.0194137,0.828933,0.999984,8166.21,7847.88,1.00014
y_pred[5361],0.774719,0.00355871,0.304372,0.0794918,0.0891016,0.946381,1.0,7604.89,7576.79,1.0005
y_pred[5362],0.306735,0.00138064,0.125848,0.130578,0.119233,0.295529,0.52856,8274.76,7432.69,1.00007
y_pred[5363],0.776267,0.00267742,0.239841,0.181241,0.26611,0.869404,0.999335,8155.85,7865.5,0.999928
y_pred[5364],0.662173,0.0041273,0.374421,0.213707,0.00519875,0.855839,0.999999,8239.22,7554.82,1.00027
y_pred[5365],0.633966,0.00428295,0.385543,0.268083,0.00317351,0.819136,0.999998,8198.57,7652.48,0.999959
y_pred[5366],0.74063,0.00325268,0.292461,0.193432,0.119059,0.867876,0.999926,8363.21,7970.32,1.00028
y_pred[5367],0.719274,0.00378641,0.338681,0.145444,0.0354586,0.901873,0.999999,8047.81,7463.09,0.999804
y_pred[5368],0.825505,0.00309072,0.277451,0.028222,0.129533,0.980965,1.0,8034.22,7904.67,1.00033
y_pred[5369],0.361307,0.00150784,0.133544,0.138092,0.155462,0.353996,0.595462,7874.55,7817.32,0.999968
y_pred[5370],0.110611,0.0019907,0.178395,0.0318301,4.42857e-07,0.0214741,0.528444,8083.71,7972.16,1.00018
y_pred[5371],0.0649936,0.00222843,0.194984,5.7529e-08,5.14623e-36,3.88027e-08,0.567749,7872.15,7977.04,1.00021
y_pred[5372],0.0579835,0.00224226,0.18745,3.39229e-09,3.45334e-41,2.28806e-09,0.492086,7264.71,7052.39,0.999917
y_pred[5373],0.0906328,0.00207674,0.191095,0.00276983,9.84942e-13,0.00186823,0.572184,8146.53,8332.08,0.99984
y_pred[5374],0.0866641,0.00234693,0.213056,5.14614e-05,6.01149e-21,3.47103e-05,0.654951,8155.6,7732.98,1.00091
y_pred[5375],0.142829,0.00287923,0.2568,0.00897637,9.64065e-12,0.00605448,0.803723,8057.75,7781.89,1.00018
y_pred[5376],0.0196812,0.000424538,0.0379103,0.00520131,3.07262e-07,0.003511,0.0939537,7927.29,8143.48,1.00045
y_pred[5377],0.203706,0.00258877,0.232702,0.152401,0.000343998,0.10758,0.716851,8156.92,8054.21,1.00054
y_pred[5378],0.127702,0.00304868,0.262202,0.00046495,9.77911e-19,0.000313604,0.845299,7816.34,7810.26,1.00018
y_pred[5379],0.113589,0.00280027,0.253026,0.00011351,2.93551e-20,7.65616e-05,0.837942,8394.87,7928.27,0.999957
y_pred[5380],0.174162,0.00281868,0.255418,0.0556324,8.08824e-07,0.0375311,0.786204,8355.77,7963.93,1.0001
y_pred[5381],0.155248,0.00306203,0.269873,0.0118175,3.65592e-11,0.00797083,0.856532,8020.9,7655.67,1.00008
y_pred[5382],0.26157,0.00356262,0.319308,0.140933,3.19468e-06,0.0951083,0.935852,7949.05,7459.85,1.00061
y_pred[5383],0.0400085,0.000607287,0.0535965,0.0259515,0.000131275,0.0189503,0.149891,8055.13,7804.93,1.00029
y_pred[5384],0.681708,0.00303423,0.270265,0.292798,0.157813,0.750473,0.993445,8011.53,7884.6,1.00043
y_pred[5385],0.546164,0.00442561,0.397099,0.555604,0.00060729,0.617111,0.999909,8039.4,7739.57,0.999666
y_pred[5386],0.523533,0.00437841,0.400004,0.625505,0.000294564,0.558749,0.9999,8205.46,7685.61,0.999887
y_pred[5387],0.635993,0.00360817,0.324681,0.373359,0.0484547,0.72212,0.998918,8117.05,7832.29,0.999988
y_pred[5388],0.614256,0.004016,0.365566,0.396881,0.00867264,0.727243,0.99986,8318.56,7973.2,1.00014
y_pred[5389],0.738821,0.00363897,0.323135,0.133359,0.0587894,0.909995,0.999997,7977.77,7814.5,1.0002
y_pred[5390],0.256329,0.00134818,0.119318,0.123413,0.0856613,0.243314,0.473265,7867.2,8099.38,0.999962
y_pred[5391],0.83317,0.00236955,0.212982,0.104,0.351296,0.928521,0.999941,8220.12,8135.6,0.999846
y_pred[5392],0.73729,0.00401845,0.351111,0.0670039,0.0155558,0.954807,1.0,7682.26,7286.77,1.00002
y_pred[5393],0.717808,0.00394292,0.357252,0.0977775,0.0133052,0.93405,1.0,7985.41,7990.49,0.999972
y_pred[5394],0.806732,0.00300113,0.264349,0.0792272,0.192518,0.946538,0.999997,7565.88,7135.94,0.999878
y_pred[5395],0.789286,0.00345931,0.306669,0.0445277,0.0764654,0.969966,1.0,7758.14,7680.08,0.999888
y_pred[5396],0.871226,0.00280656,0.242342,0.00559904,0.238456,0.996223,1.0,7347.67,7929.21,0.999845
y_pred[5397],0.451533,0.00156385,0.137471,0.14377,0.230286,0.448682,0.684946,7675.17,7620.61,1.00042
y_pred[5398],0.775908,0.00270978,0.237268,0.188022,0.263717,0.861999,0.999124,7933.99,7555.8,0.99992
y_pred[5399],0.659026,0.00415269,0.377565,0.219427,0.00565226,0.851973,0.999998,8294.6,7373.76,0.99999
y_pred[5400],0.632081,0.0044332,0.384779,0.2792,0.00299203,0.811636,0.999998,8228.69,7809.96,0.999893
y_pred[5401],0.736898,0.00334996,0.296192,0.1939,0.107536,0.867471,0.999886,7703.24,7725.27,0.99995
y_pred[5402],0.723653,0.00371756,0.336605,0.139929,0.0364977,0.905594,0.999998,8168.03,7957.03,0.999925
y_pred[5403],0.81957,0.00311243,0.279799,0.0332799,0.129793,0.977553,1.0,7841.3,8013.61,1.00005
y_pred[5404],0.358699,0.00143343,0.13164,0.139817,0.154845,0.351393,0.589235,8454.83,7632.69,0.999741
y_pred[5405],0.851192,0.00233087,0.206394,0.0733746,0.373422,0.950202,0.99998,8049.14,7451.24,1.00046
y_pred[5406],0.765392,0.00369196,0.336015,0.0413119,0.0292577,0.972136,1.0,7969.84,7546.87,1.00005
y_pred[5407],0.747345,0.00397519,0.347145,0.0560845,0.0199713,0.962171,1.0,7365.33,7764.65,1.00046
y_pred[5408],0.827134,0.00286656,0.251817,0.0585679,0.215424,0.960487,0.999999,7951.44,7761.19,0.999895
y_pred[5409],0.814812,0.00334045,0.289773,0.0256512,0.102983,0.982699,1.0,7986.16,7934.55,1.00025
y_pred[5410],0.886848,0.00275372,0.231593,0.00212457,0.265771,0.998567,1.0,7961.71,6846.77,1.00012
y_pred[5411],0.483188,0.00154281,0.138168,0.143628,0.256269,0.483824,0.711072,8016.64,7500.89,1.00013
y_pred[5412],0.875395,0.00214563,0.192045,0.0452927,0.424316,0.969417,0.999998,8248.38,7650.26,0.999891
y_pred[5413],0.80399,0.0038411,0.315454,0.01368,0.0465006,0.990773,1.0,7776.65,7578.58,1.00011
y_pred[5414],0.784946,0.00381341,0.328813,0.0186111,0.0320692,0.987447,1.0,7729.26,7775.79,1.00006
y_pred[5415],0.852004,0.00261485,0.236553,0.0290375,0.279274,0.980414,1.0,8037.13,7728.1,1.00001
y_pred[5416],0.852782,0.00307681,0.264324,0.00753902,0.163312,0.994915,1.0,7652.31,7640.35,1.00011
y_pred[5417],0.902867,0.00240164,0.215485,0.000595264,0.329469,0.999599,1.0,7758.47,7671.37,0.999899
y_pred[5418],0.541858,0.00157842,0.136347,0.145276,0.314524,0.543664,0.762921,7502.89,7376.99,1.0001
y_pred[5419],0.822445,0.00247535,0.220355,0.114775,0.319195,0.921055,0.999908,8038.23,7848.89,1.00057
y_pred[5420],0.724419,0.00405302,0.355479,0.0882592,0.0129035,0.94047,1.0,8018.74,7968.74,0.999959
y_pred[5421],0.70942,0.004112,0.365759,0.0989598,0.009857,0.933253,1.0,7974.34,7517.49,0.999915
y_pred[5422],0.793219,0.00331442,0.271337,0.0978197,0.16994,0.933926,0.999993,7218.76,7933.75,1.00003
y_pred[5423],0.78749,0.00352894,0.307269,0.0477479,0.0761619,0.967795,1.0,7858.23,7515.32,0.999732
y_pred[5424],0.857968,0.00290653,0.255238,0.00797194,0.200992,0.994623,1.0,7766.1,7831.85,1.00005
y_pred[5425],0.431745,0.00155207,0.137765,0.146672,0.213336,0.42859,0.666858,7869.31,7846.78,1.00012
y_pred[5426],0.795365,0.00260869,0.232535,0.15504,0.291267,0.890165,0.999622,7852.95,7970.77,0.999743
y_pred[5427],0.684881,0.00413655,0.369265,0.159671,0.00866421,0.892299,1.0,7999.69,7916.27,1.00078
y_pred[5428],0.665168,0.00424153,0.377255,0.199356,0.00469135,0.865528,1.0,8043.93,7810.31,1.00016
y_pred[5429],0.762273,0.00322327,0.288115,0.142552,0.135084,0.903363,0.999973,7593.26,7844.8,1.00031
y_pred[5430],0.750096,0.00361107,0.32277,0.100752,0.0539439,0.932038,0.999999,8121.05,7557.39,1.00032
y_pred[5431],0.837601,0.00298675,0.268293,0.0187171,0.176332,0.987375,1.0,8262.89,7693.2,1.00009
y_pred[5432],0.388136,0.00149745,0.135168,0.14041,0.176406,0.381327,0.623878,8176.1,7855.34,1.00005
y_pred[5433],0.870946,0.00216738,0.191688,0.0514017,0.427134,0.965284,0.999997,7935.27,7842.03,1.0
y_pred[5434],0.791688,0.00374722,0.323794,0.0183724,0.0364107,0.987608,1.0,7439.1,7419.78,0.999963
y_pred[5435],0.78161,0.00370362,0.331578,0.0214962,0.0296425,0.985501,1.0,7894.08,7712.43,1.0002
y_pred[5436],0.843158,0.00272383,0.244274,0.038787,0.251052,0.973837,1.0,8050.81,7711.94,1.00039
y_pred[5437],0.837753,0.00320004,0.277874,0.0110231,0.125826,0.992565,1.0,7935.17,7548.57,0.999983
y_pred[5438],0.901415,0.00248679,0.217431,0.000892525,0.325079,0.999398,1.0,8283.08,8228.73,0.999996
y_pred[5439],0.525936,0.00152173,0.136483,0.143282,0.298809,0.52607,0.748557,8039.04,7768.83,0.99988
y_pred[5440],0.72522,0.00292277,0.256437,0.247817,0.203253,0.802212,0.997492,7904.48,7518.19,1.0003
y_pred[5441],0.603974,0.00437106,0.386809,0.385589,0.00192985,0.739297,0.999985,7788.73,7687.07,1.00008
y_pred[5442],0.574912,0.00435757,0.393531,0.463685,0.00114389,0.685823,0.999984,7970.14,7486.33,1.00017
y_pred[5443],0.688238,0.00355603,0.310422,0.278526,0.0746514,0.80285,0.999447,7746.66,7973.51,1.0001
y_pred[5444],0.668276,0.00396252,0.355492,0.251857,0.0193706,0.829719,0.999986,7970.44,7898.26,1.00009
y_pred[5445],0.779632,0.00343285,0.304101,0.06874,0.086988,0.953634,1.0,7216.63,6895.28,1.00019
y_pred[5446],0.303402,0.00140107,0.126429,0.128915,0.115916,0.292134,0.5337,8211.62,7875.82,0.99975
y_pred[5447],0.777323,0.00266732,0.239341,0.181126,0.265081,0.868677,0.999278,8194.4,7805.85,1.00051
y_pred[5448],0.665667,0.00420493,0.373284,0.201799,0.00661734,0.863876,0.999999,7761.71,7352.97,0.999872
y_pred[5449],0.637553,0.00436852,0.386033,0.257689,0.00309942,0.826158,0.999998,7943.3,7796.17,1.00006
y_pred[5450],0.739102,0.00327703,0.294585,0.191221,0.115858,0.869498,0.999932,8117.22,7619.98,1.0
y_pred[5451],0.723487,0.00376177,0.335608,0.139328,0.0360257,0.906002,0.999998,7898.99,7967.8,1.00041
y_pred[5452],0.824705,0.00312125,0.276491,0.0281279,0.154784,0.981028,1.0,7913.67,7694.74,0.999986
y_pred[5453],0.360066,0.00143569,0.130673,0.135344,0.159609,0.353015,0.588014,8298.61,8035.85,0.99998
y_pred[5454],0.10822,0.00198604,0.179395,0.0287399,4.40963e-07,0.0193893,0.53689,8135.17,7953.87,1.00023
y_pred[5455],0.0631897,0.00209225,0.190936,4.46764e-08,7.93548e-36,3.01339e-08,0.536194,8423.35,8139.19,0.999972
y_pred[5456],0.0586892,0.00207696,0.187491,2.46414e-09,2.73897e-41,1.66204e-09,0.524119,7468.38,7581.61,0.999989
y_pred[5457],0.0894784,0.00219036,0.1923,0.00241986,1.04965e-12,0.00163217,0.572743,8078.35,7599.53,1.00055
y_pred[5458],0.08039,0.00230778,0.204381,4.97039e-05,3.62511e-21,3.35248e-05,0.615013,8199.09,7690.23,0.999775
y_pred[5459],0.140009,0.00280701,0.252601,0.00831868,2.48231e-11,0.00561087,0.790937,7906.16,7839.12,1.00008
y_pred[5460],0.0195388,0.000417553,0.0367837,0.00512802,1.62171e-07,0.00346024,0.0913602,7476.64,7705.49,1.00049
y_pred[5461],0.206786,0.00255254,0.235083,0.15562,0.0003227,0.109538,0.719529,8607.07,7996.6,1.0008
y_pred[5462],0.130494,0.00301577,0.265675,0.000426932,5.4025e-18,0.000287961,0.858007,8079.81,7648.97,1.00002
y_pred[5463],0.112617,0.0027828,0.251869,0.000122051,3.32033e-20,8.23224e-05,0.835042,8488.15,8075.42,1.00003
y_pred[5464],0.169549,0.00287213,0.251603,0.0493329,4.75206e-07,0.0332781,0.773887,7881.28,7452.43,1.00072
y_pred[5465],0.163183,0.00324886,0.276241,0.014067,9.75649e-11,0.00948808,0.866271,7625.87,7591.26,1.00017
y_pred[5466],0.251656,0.00368795,0.315662,0.12147,2.93014e-06,0.0819673,0.937573,7772.69,7860.89,0.999889
y_pred[5467],0.0404621,0.000630387,0.0542853,0.0263197,0.000170658,0.019295,0.14906,7552.55,7600.88,1.00136
y_pred[5468],0.679377,0.00299829,0.270438,0.294507,0.152386,0.744177,0.994174,8073.87,7849.83,1.00011
y_pred[5469],0.551279,0.00439533,0.394228,0.551423,0.000791177,0.620143,0.999921,8084.65,7530.38,1.00012
y_pred[5470],0.522905,0.00457637,0.3981,0.623002,0.000282064,0.556818,0.999893,7674.02,7564.29,1.00006
y_pred[5471],0.631504,0.00362289,0.323433,0.382911,0.0470942,0.708768,0.998199,8186.31,8053.59,1.00033
y_pred[5472],0.612125,0.00399443,0.365581,0.396051,0.00882615,0.728336,0.999864,8196.39,7928.35,0.999937
y_pred[5473],0.737854,0.00361021,0.322111,0.134786,0.0532137,0.909055,0.999997,8039.89,7089.56,1.00003
y_pred[5474],0.256891,0.00133611,0.119454,0.121643,0.0852237,0.243336,0.473343,7942.87,7758.28,1.00065
y_pred[5475],0.832247,0.00244542,0.216178,0.102762,0.338379,0.9298,0.999944,7851.16,8082.49,0.999696
y_pred[5476],0.743137,0.00396156,0.346009,0.0660602,0.0208884,0.955443,1.0,7872.38,8058.59,0.999763
y_pred[5477],0.721021,0.00395324,0.3567,0.0905713,0.014004,0.93891,1.0,8137.46,7452.09,1.00028
y_pred[5478],0.807261,0.00289913,0.263124,0.0798803,0.196029,0.946082,0.999996,8286.22,8226.88,0.999682
y_pred[5479],0.797403,0.00334446,0.303086,0.0383549,0.0807224,0.97413,1.0,8327.7,8043.78,1.00007
y_pred[5480],0.866789,0.00275579,0.246418,0.00679105,0.231558,0.99542,1.0,8062.99,7687.63,1.00007
y_pred[5481],0.447846,0.00151231,0.136555,0.143262,0.227421,0.447261,0.679153,8140.32,7915.69,1.00078
y_pred[5482],0.778887,0.00264253,0.236501,0.179793,0.270838,0.867288,0.999157,8115.12,7807.96,1.00014
y_pred[5483],0.658057,0.00416363,0.37519,0.235638,0.00492896,0.841025,0.999998,8053.29,7788.41,1.00023
y_pred[5484],0.639246,0.0042658,0.384168,0.259266,0.00336831,0.825089,0.999997,7930.95,7731.01,0.999771
y_pred[5485],0.734374,0.00329966,0.29667,0.19599,0.108118,0.866222,0.999914,7807.35,7454.64,1.00025
y_pred[5486],0.719712,0.00370131,0.339953,0.14058,0.0329243,0.905158,0.999998,8515.73,8018.07,1.0012
y_pred[5487],0.81797,0.00310685,0.28237,0.0317477,0.130262,0.978587,1.0,8022.83,7759.41,0.999922
y_pred[5488],0.356208,0.00146356,0.130289,0.132163,0.156022,0.349649,0.583299,7905.87,7830.06,1.00036
y_pred[5489],0.850815,0.00230733,0.205244,0.0734184,0.37817,0.950211,0.999982,7905.84,7830.29,1.00034
y_pred[5490],0.757033,0.00373682,0.340031,0.0473921,0.0264866,0.968034,1.0,8343.93,7835.73,1.00043
y_pred[5491],0.745039,0.00386255,0.35044,0.0515559,0.0171327,0.965226,1.0,8174.8,7641.1,1.0001
y_pred[5492],0.827341,0.00281175,0.253106,0.0559177,0.227109,0.962277,0.999999,7966.34,8036.58,1.0
y_pred[5493],0.815431,0.00325571,0.292161,0.0229988,0.104664,0.984487,1.0,8040.21,7850.85,1.00015
y_pred[5494],0.888484,0.00256977,0.227235,0.0023855,0.283317,0.998391,1.0,7838.45,7756.46,1.00012
y_pred[5495],0.487583,0.00151639,0.137512,0.142575,0.26715,0.486082,0.716825,8209.74,7778.17,0.999895
y_pred[5496],0.879108,0.00219606,0.189421,0.0422052,0.422295,0.971502,0.999998,7839.6,7925.58,1.0005
y_pred[5497],0.801581,0.00345341,0.316794,0.0144309,0.04753,0.990267,1.0,8272.02,7719.6,1.00026
y_pred[5498],0.78614,0.00368706,0.327132,0.0198439,0.0304699,0.986615,1.0,7558.59,7761.92,1.00027
y_pred[5499],0.856496,0.00263697,0.235654,0.0283006,0.274091,0.980911,1.0,7808.2,7996.95,0.999732
y_pred[5500],0.842831,0.00307903,0.273896,0.0102855,0.134319,0.993062,1.0,7975.91,7973.81,0.999867
y_pred[5501],0.904516,0.00242884,0.215048,0.000430695,0.328947,0.99971,1.0,8054.64,7844.1,1.00007
y_pred[5502],0.53825,0.00153585,0.137537,0.143168,0.307131,0.541046,0.760656,8038.28,7477.42,0.99989
y_pred[5503],0.824105,0.00245304,0.218006,0.113879,0.335885,0.92189,0.999875,7965.51,7812.66,1.00004
y_pred[5504],0.731622,0.00394233,0.350903,0.0801886,0.0144936,0.945914,1.0,7971.73,7831.25,0.999851
y_pred[5505],0.711237,0.00401911,0.362599,0.108515,0.0102267,0.926808,1.0,7997.11,7656.03,1.00009
y_pred[5506],0.785336,0.00314423,0.27936,0.10023,0.156745,0.932341,0.999995,7801.94,7595.41,1.00021
y_pred[5507],0.778508,0.00355162,0.309669,0.061479,0.075317,0.958533,1.0,7873.36,7430.35,1.00024
y_pred[5508],0.865739,0.0027769,0.24579,0.0072299,0.24185,0.995124,1.0,8034.16,7453.52,0.999813
y_pred[5509],0.433783,0.00160091,0.136451,0.141024,0.212617,0.431437,0.662601,7419.29,7662.97,1.00028
y_pred[5510],0.795562,0.00259271,0.231388,0.157037,0.288113,0.888393,0.999672,7868.53,7874.12,1.00047
y_pred[5511],0.680276,0.00407793,0.368821,0.173923,0.00860803,0.882686,1.0,8069.65,7892.39,0.999897
y_pred[5512],0.670507,0.00433361,0.375733,0.190234,0.00527466,0.871679,0.999999,7839.7,7973.62,1.00014
y_pred[5513],0.762431,0.00320576,0.285066,0.148122,0.13161,0.899575,0.999966,7890.23,7761.62,0.99984
y_pred[5514],0.748157,0.00368759,0.326266,0.0995922,0.0446428,0.93282,0.999999,7755.41,7857.92,1.00039
y_pred[5515],0.837652,0.00295577,0.268702,0.0214629,0.168849,0.985523,1.0,7984.14,8104.84,0.999948
y_pred[5516],0.387051,0.00147013,0.133466,0.138847,0.179107,0.380487,0.617857,8244.84,7612.66,1.00036
y_pred[5517],0.870894,0.00211079,0.191476,0.0499992,0.426141,0.966234,0.999996,8164.91,8039.13,0.999942
y_pred[5518],0.792917,0.00361389,0.32097,0.0213976,0.0417188,0.985568,1.0,7973.42,7971.02,1.00017
y_pred[5519],0.773703,0.00377711,0.336111,0.023348,0.0278418,0.984252,1.0,7858.56,7843.01,0.999834
y_pred[5520],0.845326,0.00276026,0.243203,0.0372585,0.25364,0.974869,1.0,7658.73,7516.32,1.00036
y_pred[5521],0.834158,0.00308488,0.279311,0.0132685,0.139026,0.991051,1.0,8201.18,7875.83,1.00033
y_pred[5522],0.901359,0.002419,0.216568,0.000965173,0.314334,0.999349,1.0,8236.82,8187.13,1.00018
y_pred[5523],0.525966,0.00151876,0.136044,0.141477,0.302057,0.526926,0.747906,8070.1,7957.12,1.00044
y_pred[5524],0.731232,0.00284989,0.25466,0.240662,0.20737,0.810696,0.997851,8075.75,7848.95,0.999863
y_pred[5525],0.600341,0.00434303,0.389312,0.378204,0.00202173,0.744391,0.999984,7959.53,7917.49,0.999661
y_pred[5526],0.574597,0.00454189,0.394109,0.46906,0.00114887,0.681892,0.999976,7521.51,7606.65,0.999986
y_pred[5527],0.690234,0.00338647,0.308352,0.282615,0.0826092,0.800811,0.999575,8324.59,8103.95,0.999851
y_pred[5528],0.664467,0.00406563,0.353749,0.267296,0.0187718,0.819108,0.999978,7418.18,8073.33,0.999766
y_pred[5529],0.783775,0.00337821,0.300713,0.0679653,0.0972237,0.954156,1.0,7958.03,7835.15,0.999922
y_pred[5530],0.305877,0.00144302,0.128029,0.133986,0.116326,0.293146,0.535105,8004.24,7976.29,1.00034
y_pred[5531],0.774251,0.00273295,0.239674,0.186669,0.260546,0.863303,0.999237,8080.29,8273.55,1.00018
y_pred[5532],0.657121,0.00429854,0.376376,0.228876,0.00571041,0.8456,0.999999,7279.17,7242.27,1.00087
y_pred[5533],0.642362,0.00431003,0.385351,0.248589,0.0028386,0.832306,0.999998,7951.99,7912.6,1.00019
y_pred[5534],0.737168,0.0033548,0.293754,0.19574,0.118592,0.866569,0.999911,7564.44,7562.12,1.00042
y_pred[5535],0.72152,0.00373031,0.335544,0.141212,0.0368183,0.904739,0.999998,7920.18,7969.62,1.00011
y_pred[5536],0.825677,0.00317749,0.27586,0.0271672,0.13787,0.981676,1.0,8007.86,7612.83,1.00048
y_pred[5537],0.361148,0.00143313,0.132187,0.138855,0.158588,0.353368,0.59295,8492.88,8315.47,1.00015
y_pred[5538],0.108428,0.00200074,0.178551,0.0285333,4.36322e-07,0.0192491,0.51992,7525.71,7904.22,1.00011
y_pred[5539],0.0642419,0.00216109,0.196198,3.20712e-08,1.62686e-36,2.16317e-08,0.571114,7957.02,7214.12,1.00062
y_pred[5540],0.0577418,0.00202473,0.185557,6.07309e-09,6.034780000000001e-40,4.09624e-09,0.498052,8236.76,7899.29,1.00015
y_pred[5541],0.0847781,0.00209696,0.18382,0.00224444,3.68908e-13,0.00151386,0.546804,7818.1,7720.46,0.999959
y_pred[5542],0.082754,0.00235722,0.20722,4.95819e-05,1.1989799999999999e-21,3.34426e-05,0.648573,7438.04,7882.66,1.00033
y_pred[5543],0.140677,0.00283655,0.253692,0.00767394,2.76614e-11,0.005176,0.799969,8092.09,7710.7,0.999831
y_pred[5544],0.019545,0.000410206,0.03696,0.00554394,2.39917e-07,0.00374267,0.0963931,8183.64,8037.42,1.00023
y_pred[5545],0.205371,0.00257272,0.23258,0.155952,0.00030772,0.109744,0.714933,8138.51,7806.72,1.00033
y_pred[5546],0.125879,0.00298469,0.264005,0.000435049,4.27844e-18,0.000293437,0.866292,7810.19,7889.97,1.0004
y_pred[5547],0.117556,0.00287903,0.257484,0.000143529,6.90699e-21,9.68089e-05,0.848618,7893.93,7996.26,1.00004
y_pred[5548],0.175164,0.00283918,0.257022,0.0533726,6.20345e-07,0.0360046,0.789483,8079.92,7434.47,1.00007
y_pred[5549],0.160375,0.00306309,0.273464,0.0110313,6.34309e-11,0.00744053,0.855821,8199.39,7691.01,0.999977
y_pred[5550],0.258382,0.00349194,0.318438,0.129434,3.5122e-06,0.0873396,0.935903,8280.31,7802.88,1.00048
y_pred[5551],0.0400107,0.000580312,0.0518332,0.0262389,0.000170614,0.0191216,0.149401,8098.92,7847.54,1.00038
y_pred[5552],0.684417,0.00293778,0.266318,0.288745,0.167668,0.748306,0.993913,8319.18,7824.29,0.999666
y_pred[5553],0.542268,0.00442867,0.394862,0.580486,0.000638944,0.595187,0.9999,7999.79,7889.52,1.0003
y_pred[5554],0.520088,0.00458916,0.400835,0.635447,0.000318094,0.551345,0.999902,7763.17,7594.22,1.00058
y_pred[5555],0.635239,0.0035688,0.322767,0.373433,0.0519276,0.720055,0.998601,8052.19,7544.93,1.00016
y_pred[5556],0.615264,0.00412473,0.36859,0.383357,0.0090094,0.738551,0.999888,8166.22,7873.97,1.00011
y_pred[5557],0.736649,0.00369609,0.321009,0.140671,0.0621782,0.905072,0.999997,7460.96,7509.56,0.999786
y_pred[5558],0.256728,0.00132152,0.119004,0.119497,0.0860319,0.242544,0.473538,8015.14,8054.27,1.00005
y_pred[5559],0.830154,0.002445,0.217251,0.100362,0.342493,0.93139,0.999937,8046.63,7832.23,1.00004
y_pred[5560],0.740831,0.00401435,0.346159,0.0614679,0.0222779,0.958541,1.0,7670.48,7749.12,1.00008
y_pred[5561],0.715741,0.00406219,0.364154,0.0844044,0.00940921,0.94307,1.0,8065.23,8186.08,0.999905
y_pred[5562],0.805539,0.0030716,0.263786,0.0832599,0.196185,0.943793,0.999995,7675.27,7230.76,1.00036
y_pred[5563],0.785095,0.00350756,0.310257,0.0480837,0.068058,0.967568,1.0,8118.05,7600.57,0.999989
y_pred[5564],0.866821,0.00266208,0.244916,0.00639668,0.23599,0.995686,1.0,8455.31,7723.53,0.999868
y_pred[5565],0.448936,0.00151084,0.135416,0.142709,0.230702,0.447021,0.678001,8046.03,7620.26,0.999901
y_pred[5566],0.773162,0.00271758,0.241203,0.186004,0.264809,0.864424,0.999212,7937.18,7888.83,1.00052
y_pred[5567],0.653413,0.00423155,0.378382,0.23002,0.00486145,0.844836,0.999998,7827.46,7970.63,0.999652
y_pred[5568],0.634715,0.00427336,0.385187,0.275053,0.00296458,0.814409,0.999997,8095.31,8013.62,0.99999
y_pred[5569],0.731682,0.00338164,0.298436,0.200969,0.104043,0.862372,0.999888,7910.38,8022.53,1.00062
y_pred[5570],0.714178,0.0037412,0.340643,0.152944,0.0309277,0.896812,0.999998,8159.47,7822.46,0.9999
y_pred[5571],0.820803,0.00323215,0.282165,0.0284348,0.123727,0.980821,1.0,8026.72,7580.44,0.99994
y_pred[5572],0.357132,0.00146104,0.133078,0.138652,0.15155,0.349323,0.587696,8297.13,7888.93,1.00041
y_pred[5573],0.852639,0.00231232,0.203818,0.0733694,0.384772,0.95022,0.999981,8122.02,7847.68,0.999987
y_pred[5574],0.76165,0.00386221,0.337302,0.0429961,0.0255556,0.971,1.0,7692.11,7887.74,1.00027
y_pred[5575],0.743585,0.00384883,0.350186,0.0528072,0.014693,0.964382,1.0,8190.31,7884.62,1.00002
y_pred[5576],0.828252,0.00280155,0.251411,0.0554937,0.221363,0.962565,0.999999,7991.25,7730.83,1.00007
y_pred[5577],0.8096,0.0034943,0.294393,0.0274199,0.0904583,0.981505,1.0,7280.81,7494.27,1.00015
y_pred[5578],0.883883,0.00270332,0.234896,0.00219202,0.253474,0.998522,1.0,7586.31,7556.2,1.00018
y_pred[5579],0.483923,0.00156057,0.137591,0.145141,0.260554,0.483539,0.714139,7823.22,7814.36,1.00066
y_pred[5580],0.876129,0.00210551,0.191362,0.0439754,0.425303,0.97031,0.999998,8235.08,8126.15,1.0
y_pred[5581],0.805956,0.00350086,0.31562,0.0144205,0.0448604,0.990274,1.0,8351.2,7890.81,0.999768
y_pred[5582],0.787235,0.00362359,0.326919,0.0209061,0.0322376,0.985899,1.0,8230.6,7646.28,1.00012
y_pred[5583],0.856053,0.00264846,0.233325,0.0295712,0.285342,0.980055,1.0,8030.94,7980.06,0.999923
y_pred[5584],0.850441,0.0030244,0.26751,0.00844044,0.151209,0.994307,1.0,7774.12,7715.38,0.999852
y_pred[5585],0.905309,0.00249812,0.215991,0.000504825,0.314431,0.999659,1.0,7130.08,7775.39,1.0001
y_pred[5586],0.541274,0.0015134,0.137561,0.146666,0.313778,0.544572,0.762637,8286.64,7766.87,1.0
y_pred[5587],0.822622,0.00247689,0.220212,0.115626,0.324244,0.920558,0.999922,7821.35,7745.89,0.999897
y_pred[5588],0.725663,0.00398326,0.354864,0.0805163,0.0151026,0.945693,1.0,7987.45,7897.37,1.00051
y_pred[5589],0.708052,0.00410718,0.366491,0.0964187,0.0104534,0.934967,1.0,7974.13,7875.57,0.999977
y_pred[5590],0.797562,0.00309638,0.268579,0.0974313,0.177907,0.934217,0.999995,7389.11,7368.69,1.00036
y_pred[5591],0.776059,0.00369509,0.312703,0.0582432,0.0710223,0.960716,1.0,7095.49,7641.81,0.999923
y_pred[5592],0.865682,0.00276666,0.24916,0.00743227,0.212048,0.994987,1.0,7982.77,8013.52,0.99991
y_pred[5593],0.4343,0.00154947,0.13574,0.144356,0.218055,0.430505,0.662021,7755.47,7939.44,0.999839
y_pred[5594],0.792157,0.00256491,0.234546,0.157551,0.275322,0.888047,0.999688,8374.23,7545.33,1.00012
y_pred[5595],0.693494,0.0041088,0.364268,0.148471,0.0121369,0.899854,1.0,7998.16,7916.5,1.00082
y_pred[5596],0.671344,0.00415471,0.374171,0.188311,0.00638143,0.872975,0.999999,8006.43,7825.06,1.00014
y_pred[5597],0.755078,0.00323129,0.288789,0.158579,0.130606,0.892549,0.99996,7307.35,7415.32,1.00004
y_pred[5598],0.746291,0.00383282,0.327722,0.0998079,0.0484663,0.932677,1.0,7411.04,7635.67,1.00009
y_pred[5599],0.840294,0.00291478,0.265609,0.0193435,0.169499,0.986953,1.0,8284.51,7609.75,1.00015
y_pred[5600],0.388166,0.00148575,0.135106,0.139628,0.1778,0.381881,0.621043,8237.66,7911.02,1.00015
y_pred[5601],0.868694,0.00227185,0.194319,0.0510556,0.418269,0.965506,0.999995,7629.49,7682.49,1.00041
y_pred[5602],0.790871,0.00353092,0.320831,0.0206726,0.0416038,0.986057,1.0,8257.68,7921.1,1.00033
y_pred[5603],0.768789,0.0038385,0.338517,0.0307365,0.0196595,0.979268,1.0,8362.5,7665.89,1.00013
y_pred[5604],0.846616,0.00270767,0.240439,0.0357499,0.265758,0.975887,1.0,7801.54,7814.61,1.00005
y_pred[5605],0.839272,0.00305821,0.275494,0.0123856,0.1303,0.991646,1.0,7993.91,7639.67,1.00071
y_pred[5606],0.900665,0.00246517,0.217662,0.000748713,0.32157,0.999495,1.0,8178.84,7930.08,1.0
y_pred[5607],0.521671,0.00149634,0.13663,0.141774,0.29338,0.521702,0.746074,8348.52,7592.47,0.999948
y_pred[5608],0.730672,0.0029446,0.257093,0.238634,0.205978,0.8139,0.998041,7765.24,7872.98,0.999857
y_pred[5609],0.606043,0.00432001,0.388096,0.36757,0.00274618,0.751585,0.999986,8115.3,7888.47,0.999835
y_pred[5610],0.571929,0.00462852,0.397221,0.477611,0.00114989,0.676249,0.999978,7746.68,7767.45,1.0005
y_pred[5611],0.687655,0.00348269,0.313228,0.277664,0.0742595,0.804721,0.99962,7970.08,7796.62,0.999935
y_pred[5612],0.668247,0.00394362,0.353609,0.26264,0.0168077,0.822294,0.999978,7996.43,7822.02,1.00011
y_pred[5613],0.785577,0.00334716,0.298116,0.0639505,0.0950809,0.956865,1.0,7845.9,8132.94,1.0004
y_pred[5614],0.303788,0.00142723,0.127541,0.13311,0.116705,0.292554,0.528693,7928.36,7888.73,1.00016
y_pred[5615],0.775805,0.00273241,0.24085,0.180418,0.256774,0.868942,0.999126,7748.53,7961.18,1.00055
y_pred[5616],0.664101,0.0042137,0.373499,0.221901,0.00641603,0.850297,0.999999,7798.06,7838.61,1.00075
y_pred[5617],0.640272,0.00426865,0.383626,0.263084,0.00321417,0.822514,0.999998,8389.28,7884.99,1.00036
y_pred[5618],0.741496,0.00333897,0.296218,0.179988,0.115817,0.877173,0.999927,7908.42,7847.81,1.00014
y_pred[5619],0.720656,0.00378256,0.33599,0.150925,0.0338762,0.89818,0.999998,7942.25,7710.21,0.999914
y_pred[5620],0.82113,0.00308169,0.277575,0.0346506,0.135641,0.976629,1.0,8040.49,7889.57,0.999938
y_pred[5621],0.362221,0.00149984,0.131485,0.137385,0.159832,0.354629,0.590198,7728.25,7923.66,0.999851
y_pred[5622],0.106977,0.00204069,0.178273,0.0282312,3.63712e-07,0.0190452,0.524371,7945.2,7808.24,1.00011
y_pred[5623],0.0669723,0.00218518,0.19678,5.83545e-08,2.41856e-36,3.93595e-08,0.588282,8376.63,7802.93,1.00014
y_pred[5624],0.054719,0.00197625,0.179363,3.56566e-09,6.72825e-41,2.405e-09,0.470481,8374.59,8214.05,0.999823
y_pred[5625],0.0912857,0.00233153,0.194193,0.00249846,3.69698e-13,0.00168519,0.58123,8002.56,7718.96,0.99986
y_pred[5626],0.0794456,0.00224348,0.200435,6.83034e-05,1.70939e-20,4.607e-05,0.610908,7762.6,7892.2,0.999998
y_pred[5627],0.141847,0.00277447,0.252896,0.00926162,3.56405e-11,0.00624688,0.794362,8394.42,8015.5,0.999881
y_pred[5628],0.0192161,0.000405693,0.0358502,0.00512408,2.2402e-07,0.00345826,0.0944262,8186.04,7663.1,0.999721
y_pred[5629],0.202654,0.00260327,0.232192,0.152313,0.000339906,0.107504,0.717104,7981.1,7926.58,1.00021
y_pred[5630],0.125398,0.00288435,0.263972,0.000348945,2.0845600000000003e-18,0.000235361,0.868038,8594.79,7971.31,1.00007
y_pred[5631],0.115739,0.00286276,0.254163,0.000130564,8.401e-21,8.80644e-05,0.842713,7648.32,8015.28,1.00063
y_pred[5632],0.175444,0.00283917,0.255198,0.0591027,5.98634e-07,0.0398705,0.785203,8083.54,7799.66,1.00045
y_pred[5633],0.166093,0.00312975,0.282097,0.0114481,3.33444e-11,0.00772166,0.883401,8303.29,7862.79,0.999931
y_pred[5634],0.26351,0.0036523,0.324978,0.127905,3.18429e-06,0.0863036,0.945546,8228.21,8012.66,1.00002
y_pred[5635],0.0402125,0.000608367,0.0545587,0.0254443,0.000186366,0.0188605,0.150782,7944.19,7572.55,1.00034
y_pred[5636],0.67579,0.00322339,0.272686,0.297017,0.147515,0.743319,0.993607,7279.13,7930.87,0.999992
y_pred[5637],0.541643,0.00447744,0.396877,0.577909,0.000712362,0.600151,0.999894,7885.07,7705.48,1.00033
y_pred[5638],0.527309,0.00454427,0.401134,0.609309,0.000378591,0.576363,0.999911,7979.39,8057.03,0.999707
y_pred[5639],0.638365,0.00364203,0.322999,0.361679,0.0528769,0.728259,0.998499,7846.72,8052.99,0.999846
y_pred[5640],0.619887,0.00400889,0.363284,0.378027,0.0102301,0.740459,0.999891,8099.15,7968.81,1.00045
y_pred[5641],0.741411,0.0035706,0.319848,0.130345,0.0663875,0.912055,0.999997,8053.77,7476.36,0.999882
y_pred[5642],0.258662,0.00129927,0.119359,0.12256,0.0873092,0.245808,0.475524,8417.55,7803.93,1.0004
y_pred[5643],0.832563,0.00236233,0.213943,0.101667,0.354181,0.930405,0.999946,8124.0,7620.08,1.00005
y_pred[5644],0.741696,0.0039002,0.346557,0.0709328,0.0167032,0.952157,1.0,7615.39,7458.36,0.999973
y_pred[5645],0.721882,0.00409695,0.357592,0.0831724,0.0129729,0.943901,1.0,7524.27,7648.82,1.0001
y_pred[5646],0.796216,0.00315564,0.273978,0.0883266,0.169863,0.940387,0.999996,7673.97,7404.42,0.999861
y_pred[5647],0.789073,0.00335488,0.305786,0.0457619,0.0777516,0.969134,1.0,8144.09,7995.32,1.00041
y_pred[5648],0.874749,0.00270062,0.239813,0.00553603,0.230222,0.996266,1.0,7873.66,7935.65,1.00008
y_pred[5649],0.450713,0.00146713,0.134655,0.137737,0.232095,0.448329,0.679385,8470.69,8056.93,1.00027
y_pred[5650],0.773503,0.00266446,0.239978,0.185596,0.266037,0.86444,0.999282,8251.39,7797.06,1.00001
y_pred[5651],0.654093,0.00436441,0.378594,0.222555,0.0068878,0.849867,0.999998,7589.16,6915.17,1.00024
y_pred[5652],0.639784,0.00423325,0.384155,0.263563,0.00299564,0.822178,0.999998,8460.59,7836.63,0.999792
y_pred[5653],0.735325,0.00341021,0.296976,0.19205,0.11236,0.86869,0.999899,7557.15,7650.02,1.00007
y_pred[5654],0.720365,0.00378887,0.337159,0.14909,0.0358549,0.89941,0.999998,7854.6,7796.26,1.00032
y_pred[5655],0.82572,0.00312282,0.27407,0.0307002,0.149941,0.979293,1.0,7680.64,7547.29,1.00031
y_pred[5656],0.355243,0.00144337,0.130214,0.135768,0.152016,0.349062,0.583076,8171.69,7808.84,1.00028
y_pred[5657],0.847923,0.00242185,0.210265,0.0768965,0.359441,0.94785,0.999983,7356.61,8082.17,1.00089
y_pred[5658],0.76199,0.0037034,0.337953,0.0427478,0.0296531,0.971167,1.0,8402.83,7937.95,1.00044
y_pred[5659],0.749282,0.00384406,0.34823,0.047501,0.0175634,0.967961,1.0,8211.93,7761.73,1.00028
y_pred[5660],0.818982,0.0029004,0.257883,0.0661655,0.204505,0.955364,0.999999,8398.12,7465.12,1.00073
y_pred[5661],0.818653,0.00322673,0.286557,0.0256497,0.114401,0.9827,1.0,8160.43,7911.77,1.00029
y_pred[5662],0.88485,0.00259732,0.232431,0.0022706,0.267269,0.998468,1.0,8113.64,7966.73,1.00022
y_pred[5663],0.481997,0.0014808,0.134643,0.140029,0.261132,0.480866,0.705569,8349.19,8184.02,0.9998
y_pred[5664],0.877521,0.00212323,0.18925,0.0434061,0.42866,0.970687,0.999997,8053.51,7834.8,1.00104
y_pred[5665],0.80105,0.00354305,0.317311,0.0144257,0.0505275,0.99027,1.0,7985.7,7617.88,1.00023
y_pred[5666],0.789607,0.00377225,0.325429,0.0199091,0.0375963,0.986571,1.0,7785.71,7471.12,1.00022
y_pred[5667],0.852112,0.00275828,0.238441,0.0296646,0.262135,0.979991,1.0,7942.17,7983.24,1.00044
y_pred[5668],0.84861,0.00301308,0.270747,0.00769544,0.14788,0.99481,1.0,8065.47,8012.72,1.00039
y_pred[5669],0.902344,0.0023498,0.217868,0.000652344,0.314101,0.99956,1.0,8192.47,7916.83,1.00009
y_pred[5670],0.539433,0.00154466,0.138485,0.14734,0.308369,0.540098,0.764113,8069.62,7889.42,0.999949
y_pred[5671],0.824992,0.00257602,0.218879,0.11199,0.332269,0.92281,0.999882,7341.78,7759.56,1.00018
y_pred[5672],0.722393,0.0039827,0.354512,0.100975,0.0157711,0.931894,1.0,7897.94,7918.24,1.00054
y_pred[5673],0.710797,0.0040596,0.362257,0.109279,0.0102461,0.926292,1.0,7624.25,7928.48,1.00082
y_pred[5674],0.794922,0.00298154,0.272239,0.0974053,0.166811,0.9342,0.999994,7958.8,7111.28,0.999887
y_pred[5675],0.778233,0.00361744,0.313738,0.054553,0.0674012,0.963205,1.0,7491.26,7242.12,1.00077
y_pred[5676],0.86337,0.00277983,0.249473,0.00689706,0.210222,0.995348,1.0,8125.53,7517.56,1.00003
y_pred[5677],0.434938,0.00149881,0.13616,0.138642,0.216747,0.430383,0.664876,8261.6,8106.24,0.999891
y_pred[5678],0.795438,0.00259672,0.232522,0.153594,0.282548,0.89166,0.999665,8061.21,7972.01,1.0
y_pred[5679],0.689306,0.00424215,0.366071,0.155843,0.00872103,0.894882,1.0,7895.09,7731.13,1.00017
y_pred[5680],0.667858,0.00416068,0.377086,0.182869,0.00483383,0.876653,1.0,8178.39,7818.42,0.999834
y_pred[5681],0.761122,0.00329522,0.284877,0.15227,0.134242,0.896478,0.999966,7812.1,7889.19,0.99997
y_pred[5682],0.741501,0.00367057,0.330861,0.10515,0.0409824,0.929072,0.999999,8347.54,8180.7,1.00035
y_pred[5683],0.833107,0.00313451,0.27271,0.0205918,0.15011,0.986111,1.0,7874.53,7807.94,0.999756
y_pred[5684],0.387797,0.00153071,0.134858,0.140161,0.176342,0.382048,0.621236,7802.04,7199.37,1.00015
y_pred[5685],0.870355,0.00216686,0.193156,0.0505878,0.423464,0.965836,0.999996,7927.76,7964.27,1.00009
y_pred[5686],0.788634,0.00365978,0.323151,0.021511,0.042439,0.985491,1.0,8201.52,7894.18,0.999799
y_pred[5687],0.774336,0.00381826,0.33375,0.029606,0.0265835,0.980031,1.0,7542.61,7345.51,1.00035
y_pred[5688],0.846385,0.00265196,0.241672,0.0358255,0.258479,0.975835,1.0,8104.75,7374.23,0.999773
y_pred[5689],0.843238,0.00302164,0.269911,0.0122559,0.143776,0.991734,1.0,8152.61,7750.18,0.999947
y_pred[5690],0.899212,0.00254373,0.219769,0.00072425,0.30476,0.999511,1.0,7948.98,7668.85,1.00006
y_pred[5691],0.525456,0.0014983,0.136512,0.143806,0.294111,0.527995,0.747661,8337.59,8013.93,1.00001
y_pred[5692],0.731912,0.00281652,0.254828,0.237995,0.21448,0.81201,0.997784,8225.3,8146.31,0.999928
y_pred[5693],0.602322,0.00432745,0.387577,0.389116,0.00227338,0.736835,0.999988,8145.93,7908.38,0.9999
y_pred[5694],0.586425,0.00449112,0.393774,0.422335,0.00126909,0.714297,0.999978,7730.71,7991.92,0.999721
y_pred[5695],0.691465,0.00360175,0.309817,0.281962,0.0739136,0.800397,0.999552,7655.89,7384.54,1.00041
y_pred[5696],0.677879,0.003974,0.349617,0.241647,0.0216758,0.836719,0.999986,7753.42,7768.89,1.00009
y_pred[5697],0.779609,0.003434,0.302498,0.0701915,0.0862931,0.952655,1.0,7786.48,7561.72,0.999999
y_pred[5698],0.305262,0.00140004,0.12622,0.131633,0.118533,0.294316,0.528433,8165.08,7976.01,1.00047
y_pred[5699],0.773683,0.00270205,0.23859,0.186552,0.270666,0.863905,0.999121,7611.23,7856.54,1.00053
y_pred[5700],0.65381,0.00423559,0.378948,0.233169,0.00428958,0.842699,0.999999,8027.39,8074.33,1.00006
y_pred[5701],0.632687,0.00437899,0.386286,0.283066,0.00290178,0.80903,0.999998,8080.02,7736.57,1.00016
y_pred[5702],0.738022,0.00328251,0.294479,0.190224,0.114896,0.870143,0.999901,8064.04,7760.81,1.00024
y_pred[5703],0.727632,0.00370675,0.33354,0.138437,0.0399166,0.906591,0.999997,8080.63,7862.19,1.00009
y_pred[5704],0.817461,0.00319683,0.283277,0.0304296,0.123022,0.979475,1.0,7641.45,7671.27,1.00035
y_pred[5705],0.363408,0.00153567,0.133229,0.136787,0.159993,0.35439,0.599274,7644.98,7733.43,1.00054
y_pred[5706],0.106083,0.00200215,0.176088,0.0294086,4.8504e-07,0.0198405,0.520203,7658.96,7524.63,1.00022
y_pred[5707],0.0668879,0.00221983,0.198197,7.69962e-08,2.70415e-35,5.19332e-08,0.583086,7830.28,8014.79,1.00043
y_pred[5708],0.06112,0.00215617,0.193773,4.22179e-09,2.15184e-41,2.84756e-09,0.546063,8014.15,8231.38,1.00007
y_pred[5709],0.0863592,0.0021054,0.187209,0.00203204,7.77941e-13,0.0013706,0.550121,7594.95,7806.72,1.0004
y_pred[5710],0.0870539,0.00239802,0.212803,6.54277e-05,1.46585e-20,4.41304e-05,0.659603,8227.38,7926.77,1.00008
y_pred[5711],0.140039,0.00288646,0.254698,0.00733612,4.53797e-11,0.00494815,0.801965,7752.37,7456.53,0.999906
y_pred[5712],0.0196067,0.000410931,0.0373617,0.00530879,2.16399e-07,0.00358253,0.0953751,8080.82,7929.42,1.00023
y_pred[5713],0.20383,0.00259238,0.229807,0.155522,0.000309453,0.110153,0.69556,7883.05,7383.57,0.999962
y_pred[5714],0.125211,0.00295814,0.261996,0.000384672,1.91705e-18,0.000259458,0.845232,8163.11,8013.4,0.999846
y_pred[5715],0.114808,0.00285804,0.253501,0.000115176,1.1835199999999998e-20,7.76849e-05,0.835456,8180.65,7931.47,1.00048
y_pred[5716],0.174353,0.00293396,0.255948,0.0522939,7.27286e-07,0.0352763,0.791799,7971.99,7957.61,0.999881
y_pred[5717],0.155204,0.00304382,0.269523,0.0106243,4.41477e-11,0.00716601,0.855331,7991.63,7957.72,0.999931
y_pred[5718],0.259237,0.00358072,0.316502,0.138761,2.68385e-06,0.0936357,0.929473,7764.34,7631.5,1.00022
y_pred[5719],0.0401125,0.00059233,0.0534671,0.0264584,0.000155647,0.0193849,0.151768,8380.08,7983.39,0.999889
y_pred[5720],0.683126,0.00302352,0.267196,0.2849,0.163714,0.751714,0.993242,8044.31,7746.13,1.00045
y_pred[5721],0.541078,0.00435438,0.394088,0.567414,0.000821371,0.605314,0.999901,8029.9,7847.33,1.00073
y_pred[5722],0.519041,0.00453297,0.40034,0.636928,0.000318414,0.54405,0.999915,7829.01,7671.56,1.00006
y_pred[5723],0.640826,0.00367128,0.321707,0.360982,0.0600453,0.731492,0.998672,7924.65,8056.21,1.00017
y_pred[5724],0.616378,0.00411635,0.36537,0.386958,0.00897107,0.735083,0.999899,8008.88,8048.42,1.00007
y_pred[5725],0.736545,0.00360877,0.320906,0.141121,0.0659946,0.904764,0.999995,7875.88,7876.4,1.0001
y_pred[5726],0.258978,0.00129748,0.119329,0.12199,0.0851413,0.246955,0.474147,8514.15,7971.48,1.00023
y_pred[5727],0.832777,0.00243296,0.217575,0.100536,0.330726,0.931134,0.999945,8023.27,7915.66,0.999791
y_pred[5728],0.735999,0.00390444,0.349082,0.0748958,0.0185804,0.949483,1.0,7990.87,8105.48,1.00067
y_pred[5729],0.720098,0.00398754,0.355455,0.0958738,0.0156092,0.935334,1.0,7873.83,7602.0,1.00044
y_pred[5730],0.803943,0.00292358,0.264321,0.085572,0.196404,0.942246,0.999997,8008.92,7898.0,1.00001
y_pred[5731],0.7936,0.00344675,0.304054,0.0401911,0.0783368,0.972892,1.0,7624.92,8226.32,1.00007
y_pred[5732],0.870703,0.0027252,0.244355,0.00610016,0.225568,0.995885,1.0,7881.98,7765.1,0.999921
y_pred[5733],0.450725,0.00157992,0.138439,0.144554,0.224581,0.446574,0.684835,7719.54,7814.62,1.0001
y_pred[5734],0.773902,0.00272813,0.242247,0.182037,0.261348,0.867706,0.9992,7959.85,8000.44,0.999761
y_pred[5735],0.656559,0.00411345,0.376907,0.225612,0.00607083,0.847799,0.999998,8450.02,7796.94,1.00009
y_pred[5736],0.635577,0.00444565,0.385779,0.271858,0.00243179,0.816577,0.999998,7680.45,7828.53,0.999901
y_pred[5737],0.735948,0.00343008,0.294842,0.192222,0.121316,0.8686,0.999892,7733.04,7480.64,1.00018
y_pred[5738],0.713359,0.00375644,0.341128,0.155052,0.0334454,0.895389,0.999998,8266.85,7800.15,1.00002
y_pred[5739],0.820435,0.00313611,0.279966,0.0296728,0.132403,0.979986,1.0,7699.1,7939.28,1.00003
y_pred[5740],0.359954,0.00147064,0.132353,0.136889,0.156959,0.350352,0.590661,8089.33,8168.25,1.00012
y_pred[5741],0.850078,0.00227278,0.204421,0.0770062,0.38256,0.947731,0.999978,8237.01,7640.57,0.99965
y_pred[5742],0.76447,0.00383122,0.334653,0.0410984,0.0269636,0.972279,1.0,7690.69,7554.23,0.999783
y_pred[5743],0.744054,0.0039329,0.349834,0.0545226,0.0163137,0.963225,1.0,7816.61,7283.62,1.00026
y_pred[5744],0.821277,0.00289178,0.259218,0.0588711,0.199303,0.960284,0.999999,7947.02,7574.28,1.00006
y_pred[5745],0.814775,0.00336512,0.291326,0.0252976,0.101208,0.982937,1.0,7329.09,7614.16,0.999914
y_pred[5746],0.888355,0.0025429,0.226893,0.00213569,0.291082,0.99856,1.0,7934.03,7973.63,1.00005
y_pred[5747],0.484224,0.00152221,0.138771,0.144709,0.256269,0.482454,0.716239,8327.38,8138.76,0.999922
y_pred[5748],0.877695,0.0021753,0.188477,0.0422445,0.441949,0.971486,0.999998,7594.36,7916.07,1.00013
y_pred[5749],0.801125,0.00359355,0.317521,0.0151611,0.0397139,0.989774,1.0,8277.48,7575.67,1.00051
y_pred[5750],0.783204,0.00376997,0.330645,0.020067,0.0282473,0.986465,1.0,7670.6,7502.64,0.999918
y_pred[5751],0.856635,0.00261473,0.233878,0.027824,0.285855,0.981233,1.0,8039.07,8149.77,0.999915
y_pred[5752],0.842479,0.00311393,0.275345,0.00976292,0.128063,0.993415,1.0,7734.43,7775.38,1.00042
y_pred[5753],0.908617,0.00241931,0.208797,0.000490741,0.361891,0.999669,1.0,7259.41,7342.59,1.0002
y_pred[5754],0.539246,0.00151708,0.135947,0.142404,0.310914,0.540865,0.757404,8030.26,7525.8,1.00033
y_pred[5755],0.823595,0.00246718,0.220321,0.11317,0.331106,0.921913,0.999873,8220.78,8058.63,0.999784
y_pred[5756],0.716056,0.00400444,0.362069,0.0942318,0.0127011,0.936441,1.0,7959.64,7713.77,0.999773
y_pred[5757],0.709966,0.00401603,0.361571,0.106176,0.0118071,0.928385,1.0,8147.84,7810.71,1.00012
y_pred[5758],0.791512,0.00319506,0.273317,0.102231,0.159098,0.93095,0.999995,7831.18,7935.2,1.0
y_pred[5759],0.77773,0.00360341,0.314862,0.0539207,0.064208,0.963631,1.0,7675.22,7816.41,1.00036
y_pred[5760],0.864214,0.00274003,0.249137,0.00722767,0.210999,0.995125,1.0,8118.01,7692.33,0.999737
y_pred[5761],0.433507,0.00154183,0.135834,0.140725,0.215094,0.429836,0.663086,7796.0,7800.54,1.00024
y_pred[5762],0.792108,0.00258738,0.234924,0.155716,0.281106,0.889794,0.999611,8138.54,7744.74,1.00028
y_pred[5763],0.691435,0.00420228,0.365803,0.145109,0.00947077,0.902124,1.0,8173.87,8193.65,0.999876
y_pred[5764],0.666826,0.00413715,0.376922,0.187043,0.00530502,0.873836,0.999999,8446.01,8141.91,0.99978
y_pred[5765],0.758867,0.00333267,0.285967,0.153325,0.140212,0.895898,0.999957,7051.25,7435.58,1.00045
y_pred[5766],0.748952,0.00376818,0.325177,0.0990384,0.0431734,0.933196,0.999999,7843.75,7991.52,0.999983
y_pred[5767],0.83768,0.00309763,0.269018,0.0197638,0.163215,0.98667,1.0,7714.91,7807.02,0.999963
y_pred[5768],0.388758,0.00147369,0.13322,0.138232,0.177936,0.382888,0.618432,8172.88,8077.36,0.999922
y_pred[5769],0.868903,0.0022496,0.197,0.0536798,0.407596,0.963701,0.999995,7985.26,7620.38,1.00015
y_pred[5770],0.789373,0.00356851,0.32466,0.0192397,0.0409983,0.987023,1.0,8133.93,7921.47,1.00049
y_pred[5771],0.777357,0.00366973,0.332507,0.029755,0.0286927,0.979931,1.0,8306.36,7700.83,1.00013
y_pred[5772],0.848763,0.00262955,0.241553,0.0318581,0.256559,0.978512,1.0,8516.99,7675.94,0.999595
y_pred[5773],0.834618,0.00305474,0.279105,0.0127926,0.131604,0.991372,1.0,8568.66,7787.12,1.00039
y_pred[5774],0.899502,0.00240127,0.218208,0.000853978,0.322295,0.999424,1.0,8080.01,7974.08,0.999689
y_pred[5775],0.525741,0.00153266,0.13605,0.143218,0.296798,0.527074,0.744465,7931.96,7604.56,1.00005
y_pred[5776],0.72825,0.00294581,0.256048,0.24025,0.20234,0.810272,0.997252,7637.66,7629.56,0.999972
y_pred[5777],0.600954,0.00441448,0.385075,0.399472,0.00225201,0.729417,0.999982,7219.03,7888.19,1.00006
y_pred[5778],0.575837,0.00435062,0.393802,0.465081,0.00133761,0.684733,0.999976,8098.54,7339.89,0.999832
y_pred[5779],0.687551,0.00346442,0.311563,0.281062,0.076018,0.801817,0.999566,8011.4,7401.47,0.999843
y_pred[5780],0.672142,0.00402652,0.353077,0.242696,0.0212273,0.835978,0.999982,7689.91,7821.17,0.999868
y_pred[5781],0.790446,0.00334725,0.296133,0.0631425,0.0969971,0.957409,1.0,7847.54,7837.16,1.00047
y_pred[5782],0.307656,0.00137652,0.126136,0.131148,0.120856,0.29807,0.533692,8444.34,8107.78,0.999991
y_pred[5783],0.780509,0.00278693,0.238642,0.174669,0.27067,0.874504,0.999313,7387.87,7793.8,1.00045
y_pred[5784],0.663881,0.00417935,0.375551,0.20682,0.00563322,0.86048,0.999999,8073.76,7575.31,1.00056
y_pred[5785],0.635723,0.00429025,0.383247,0.278616,0.00351608,0.812034,0.999998,8088.84,7900.2,1.00002
y_pred[5786],0.74459,0.00329118,0.292505,0.18054,0.116705,0.87685,0.999926,8012.04,7894.34,0.999925
y_pred[5787],0.719763,0.00374735,0.338498,0.14443,0.0355582,0.90257,0.999999,8195.7,8101.7,1.00011
y_pred[5788],0.816068,0.00318027,0.28174,0.0321443,0.135336,0.978319,1.0,7834.96,7932.2,1.0002
y_pred[5789],0.360042,0.00145981,0.130535,0.138461,0.158878,0.353,0.588341,8011.88,7654.57,1.00074
y_pred[5790],0.107348,0.00195694,0.175849,0.028666,4.70664e-07,0.0193386,0.522932,7825.25,7856.33,0.99998
y_pred[5791],0.0622646,0.00214506,0.191167,3.6595e-08,5.63745e-36,2.4683e-08,0.544183,8193.39,7801.35,0.999741
y_pred[5792],0.056392,0.0020717,0.182154,3.93186e-09,6.423739999999999e-42,2.65201e-09,0.490065,7977.71,7448.1,0.999986
y_pred[5793],0.0889445,0.0021453,0.18931,0.00252601,9.84138e-13,0.00170377,0.570118,7684.91,7888.41,1.00071
y_pred[5794],0.0846517,0.00237697,0.20859,6.80665e-05,4.0311e-21,4.59103e-05,0.641983,7718.68,7796.58,1.00054
y_pred[5795],0.139548,0.00279772,0.253072,0.00950512,3.83705e-11,0.00641112,0.801045,8188.16,7699.9,0.999764
y_pred[5796],0.0190107,0.000404595,0.036489,0.00488021,2.2152e-07,0.00329445,0.0921661,8251.78,8056.25,1.00052
y_pred[5797],0.204348,0.00261044,0.23175,0.155392,0.000370991,0.109728,0.713982,7788.33,8007.88,1.00025
y_pred[5798],0.126611,0.0029924,0.262328,0.000514467,1.6813400000000002e-18,0.000347003,0.845425,7758.51,7802.3,1.00002
y_pred[5799],0.118141,0.00292677,0.258223,0.000161898,7.957289999999999e-21,0.000109199,0.8567,7382.92,7924.87,0.999835
y_pred[5800],0.172945,0.00286506,0.250583,0.0578737,8.56295e-07,0.0390412,0.773001,7728.91,7599.7,0.999737
y_pred[5801],0.160146,0.00315318,0.274719,0.0115323,1.03452e-10,0.00777841,0.864171,8078.64,7752.95,1.0001
y_pred[5802],0.250472,0.00356339,0.316607,0.117331,2.63921e-06,0.0791714,0.937965,7864.46,8101.28,1.0002
y_pred[5803],0.0405877,0.00061347,0.0540968,0.0265421,0.000160841,0.0195365,0.150025,7617.09,7648.76,1.00048
y_pred[5804],0.684038,0.00296304,0.264047,0.278621,0.167527,0.750055,0.993302,8054.05,7930.74,0.999954
y_pred[5805],0.54289,0.00438529,0.395758,0.581986,0.000647342,0.597357,0.999917,8148.6,7892.29,1.00067
y_pred[5806],0.524658,0.00453415,0.399132,0.618412,0.00030504,0.566561,0.999921,7910.99,7909.91,1.00008
y_pred[5807],0.63643,0.00371317,0.323578,0.3719,0.0510369,0.722271,0.998791,7338.75,8171.26,1.00024
y_pred[5808],0.613674,0.00404057,0.36641,0.391484,0.00983672,0.731807,0.999873,8212.83,7791.51,0.999757
y_pred[5809],0.742869,0.00358003,0.315935,0.129961,0.0630824,0.912298,0.999996,7752.05,7703.44,1.00089
y_pred[5810],0.256866,0.00133081,0.120245,0.120232,0.0822815,0.243227,0.47497,8112.27,7912.15,1.0
y_pred[5811],0.835325,0.00237586,0.213227,0.0970554,0.352363,0.933636,0.999933,8132.12,8087.76,1.00082
y_pred[5812],0.740836,0.00389651,0.346116,0.0654746,0.0187255,0.955838,1.0,8035.75,7792.39,0.999946
y_pred[5813],0.718315,0.00413653,0.360351,0.0874089,0.0112018,0.941044,1.0,7923.93,7833.24,0.999757
y_pred[5814],0.803832,0.00298157,0.267704,0.0848032,0.179865,0.942742,0.999996,8018.56,7586.16,1.00022
y_pred[5815],0.79089,0.00345497,0.305719,0.0469903,0.0826476,0.968306,1.0,7824.68,7881.61,1.0004
y_pred[5816],0.875446,0.00272187,0.239066,0.00441889,0.24119,0.997019,1.0,7548.65,7973.02,1.00004
y_pred[5817],0.448203,0.00147995,0.137173,0.142548,0.22653,0.44623,0.678594,8636.07,8039.09,1.00031
y_pred[5818],0.7732,0.00270184,0.241388,0.186788,0.257164,0.864363,0.999237,7864.95,7560.64,1.00021
y_pred[5819],0.659738,0.00439389,0.37552,0.225379,0.00540889,0.847947,0.999998,7517.46,7916.68,1.00006
y_pred[5820],0.637927,0.00433062,0.384799,0.260484,0.00246459,0.824254,0.999997,7891.61,7888.94,0.99977
y_pred[5821],0.737497,0.00334526,0.29517,0.189739,0.112715,0.87031,0.999881,7862.73,7835.41,1.00003
y_pred[5822],0.720851,0.00378742,0.335987,0.143642,0.0398562,0.903092,0.999998,8128.65,7931.1,1.00064
y_pred[5823],0.819573,0.00311266,0.280608,0.0283851,0.134299,0.980854,1.0,8199.7,7809.43,0.999998
y_pred[5824],0.358274,0.00140205,0.129323,0.133399,0.154479,0.351907,0.582189,8524.56,7577.78,0.999822
y_pred[5825],0.851643,0.00231983,0.205229,0.073766,0.380718,0.949966,0.999984,8039.67,7928.34,0.999959
y_pred[5826],0.762648,0.00376796,0.336882,0.0432445,0.0297954,0.970832,1.0,7920.29,7583.47,0.999757
y_pred[5827],0.746726,0.00392698,0.346486,0.0535122,0.0195971,0.963906,1.0,7468.69,7310.08,1.0003
y_pred[5828],0.827526,0.00285126,0.253974,0.055301,0.217524,0.962693,1.0,7817.03,8269.25,0.999769
y_pred[5829],0.810692,0.00326564,0.293497,0.0282354,0.0999759,0.980956,1.0,7967.83,7980.78,0.999863
y_pred[5830],0.885305,0.00261966,0.233106,0.00215422,0.266395,0.998547,1.0,7920.43,7614.39,1.00046
y_pred[5831],0.479877,0.00159239,0.136461,0.14253,0.254183,0.480314,0.706018,7547.56,7775.92,1.00017
y_pred[5832],0.878105,0.00207986,0.189405,0.0438093,0.432999,0.970418,0.999998,8021.74,7775.57,1.00024
y_pred[5833],0.79913,0.00355575,0.318758,0.0176704,0.0378819,0.988082,1.0,7088.49,7253.79,0.9999
y_pred[5834],0.792899,0.00360939,0.322945,0.0183235,0.0340293,0.987641,1.0,8229.34,8016.17,0.999873
y_pred[5835],0.857025,0.0026219,0.234608,0.0289374,0.270056,0.980482,1.0,8075.64,7660.6,1.00053
y_pred[5836],0.837522,0.00323625,0.279328,0.0108252,0.130255,0.992698,1.0,7495.74,7664.54,1.00065
y_pred[5837],0.902521,0.00245229,0.216088,0.000622692,0.33016,0.99958,1.0,7905.11,8055.78,1.00012
y_pred[5838],0.540753,0.00149053,0.135817,0.143077,0.313192,0.543192,0.761007,8301.64,7806.38,1.00003
y_pred[5839],0.826399,0.00245747,0.217642,0.107064,0.347391,0.92661,0.999902,7757.12,7992.13,1.00015
y_pred[5840],0.727724,0.0040433,0.352125,0.0891858,0.0178252,0.939845,1.0,7693.41,7986.74,1.00029
y_pred[5841],0.704018,0.00418727,0.366132,0.109857,0.0079221,0.925902,1.0,7980.24,8020.95,0.999904
y_pred[5842],0.787775,0.00305599,0.274481,0.111509,0.164579,0.924656,0.999994,8056.31,7518.99,0.999892
y_pred[5843],0.778331,0.00349149,0.311311,0.0621995,0.0635973,0.958047,1.0,7923.95,7917.04,1.00011
y_pred[5844],0.860066,0.00284539,0.25342,0.00783109,0.19915,0.994718,1.0,8002.54,7767.59,1.00018
y_pred[5845],0.434116,0.00157329,0.136447,0.139845,0.212566,0.432253,0.66044,7610.65,7184.62,1.00033
y_pred[5846],0.78846,0.00275305,0.23577,0.167311,0.26877,0.881603,0.999644,7843.62,7794.23,0.99995
y_pred[5847],0.679522,0.00413323,0.37233,0.162669,0.00709783,0.890278,1.0,7953.75,7741.19,1.00012
y_pred[5848],0.664852,0.00423166,0.375403,0.205439,0.00558611,0.861427,1.0,7830.73,7726.7,0.999922
y_pred[5849],0.758281,0.00316666,0.289974,0.148633,0.125379,0.899206,0.999954,8410.87,7875.32,0.999755
y_pred[5850],0.746573,0.00360709,0.325371,0.103265,0.0474521,0.930346,1.0,8182.76,7232.49,1.00007
y_pred[5851],0.835694,0.00302013,0.270586,0.0198046,0.151275,0.986642,1.0,8045.53,7381.95,1.00031
y_pred[5852],0.390023,0.00148666,0.133673,0.141347,0.179109,0.384923,0.620573,8092.77,8002.04,1.00004
y_pred[5853],0.870649,0.00218411,0.193079,0.0512031,0.417229,0.965404,0.999996,7794.36,8012.85,1.00053
y_pred[5854],0.789473,0.00357698,0.323789,0.0196289,0.0395925,0.98676,1.0,8236.09,7848.16,0.999947
y_pred[5855],0.772345,0.00371924,0.332695,0.0303014,0.0326862,0.979562,1.0,8065.01,7573.77,1.00008
y_pred[5856],0.845571,0.00267079,0.241688,0.0362081,0.25408,0.975577,1.0,7870.1,7604.84,1.00025
y_pred[5857],0.835002,0.00310202,0.277745,0.0139246,0.133509,0.990608,1.0,8282.13,8093.05,1.00034
y_pred[5858],0.900847,0.00249158,0.218206,0.000601194,0.323358,0.999594,1.0,7817.11,7792.48,1.00034
y_pred[5859],0.524369,0.00150588,0.137973,0.145562,0.296011,0.52567,0.749957,8450.54,8086.06,0.999985
y_pred[5860],0.732573,0.00282784,0.254955,0.238214,0.209799,0.812905,0.997212,8133.69,8090.88,0.99999
y_pred[5861],0.600223,0.00438244,0.390209,0.385201,0.00204359,0.739726,0.999989,7817.71,7306.84,1.00004
y_pred[5862],0.576653,0.00437885,0.394525,0.467645,0.00104217,0.683002,0.999983,8137.78,7731.42,0.999976
y_pred[5863],0.691007,0.00353043,0.31095,0.276733,0.0795631,0.804383,0.999522,7737.17,7716.92,1.00012
y_pred[5864],0.668364,0.00397008,0.354839,0.252179,0.0195723,0.829582,0.999986,7893.45,7736.42,1.00009
y_pred[5865],0.777838,0.00338546,0.302543,0.0746993,0.096928,0.949614,1.0,8082.57,7948.16,0.999967
y_pred[5866],0.303771,0.00138584,0.126908,0.130075,0.117257,0.291952,0.534463,8359.5,8263.36,1.0003
y_pred[5867],0.775438,0.00267373,0.240414,0.182387,0.263945,0.867287,0.999344,7940.47,8018.47,0.999899
y_pred[5868],0.656451,0.00425144,0.376636,0.233107,0.00488059,0.842741,0.999998,8279.68,7924.89,0.999744
y_pred[5869],0.641984,0.00424265,0.382852,0.252087,0.0038535,0.829932,0.999998,7963.3,7903.05,0.999682
y_pred[5870],0.742535,0.00328251,0.294507,0.180173,0.114669,0.877236,0.999904,8048.49,7812.69,1.00071
y_pred[5871],0.726243,0.00375962,0.332771,0.140399,0.0388581,0.90528,0.999999,7842.42,7616.77,1.00044
y_pred[5872],0.825414,0.00310079,0.275318,0.0285601,0.136234,0.980737,1.0,8089.68,7698.5,1.00019
y_pred[5873],0.364388,0.00147189,0.132321,0.137873,0.161906,0.356449,0.600512,8096.62,7696.63,1.0004
y_pred[5874],0.111867,0.00213522,0.18469,0.0296732,3.96063e-07,0.0200181,0.550141,7388.54,8056.83,0.999799
y_pred[5875],0.0644443,0.00221081,0.19482,5.16548e-08,1.41863e-35,3.48407e-08,0.571447,7956.72,7695.96,1.00019
y_pred[5876],0.0594705,0.00214018,0.188331,3.70739e-09,8.90886e-42,2.5006e-09,0.500377,7742.03,7954.84,0.999884
y_pred[5877],0.0943133,0.00226801,0.198924,0.00261692,8.49215e-13,0.00176509,0.607618,7759.08,7625.23,0.999977
y_pred[5878],0.0877689,0.00239545,0.213868,8.3857e-05,1.85923e-21,5.65608e-05,0.679439,8156.26,7997.96,0.999756
y_pred[5879],0.13991,0.00282193,0.251853,0.00782632,2.42585e-11,0.00527878,0.784148,8506.65,7853.28,0.999818
y_pred[5880],0.0190824,0.000410243,0.0372347,0.00501241,2.22653e-07,0.00338406,0.0917989,8236.58,7503.49,1.00014
y_pred[5881],0.538962,0.00327104,0.289371,0.375368,0.0615244,0.556536,0.964242,7985.74,8095.94,1.00007
y_pred[5882],0.577085,0.0043624,0.393053,0.467981,0.00177342,0.682667,0.999972,7818.26,7625.13,0.999966
y_pred[5883],0.458509,0.00443253,0.399662,0.570414,7.73805e-05,0.392213,0.999431,8060.63,7767.51,0.999746
y_pred[5884],0.601031,0.0037297,0.330362,0.411071,0.0333513,0.674298,0.996336,7773.53,7692.67,1.00012
y_pred[5885],0.626052,0.00419958,0.362947,0.364723,0.0105254,0.750776,0.999929,7342.14,7349.73,1.00003
y_pred[5886],0.758808,0.00349662,0.312819,0.0998968,0.0733304,0.932616,0.999999,8092.24,7738.17,1.00018
y_pred[5887],0.5121,0.00150264,0.137903,0.143787,0.285631,0.513099,0.739635,8496.64,7539.66,0.999741
y_pred[5888],0.44608,0.00323481,0.288216,0.365408,0.0319437,0.427267,0.928151,8007.74,7928.72,1.0005
y_pred[5889],0.478728,0.00444988,0.398671,0.628407,9.63719e-05,0.446626,0.99965,8037.51,7907.24,1.00008
y_pred[5890],0.359401,0.00433794,0.387917,0.241154,1.61368e-06,0.162679,0.996952,7723.26,7601.7,1.0008
y_pred[5891],0.484852,0.00369373,0.334394,0.473573,0.0119406,0.472057,0.984701,8154.65,7956.36,0.999973
y_pred[5892],0.52757,0.00450266,0.37538,0.573755,0.00286573,0.558515,0.999105,7368.78,7701.97,1.00017
y_pred[5893],0.673811,0.00384071,0.343405,0.255961,0.0310729,0.826283,0.999946,7709.93,7842.76,1.00028
y_pred[5894],0.407033,0.00154031,0.135515,0.14366,0.194864,0.401053,0.64008,7745.03,7741.44,1.00024
y_pred[5895],0.262438,0.00285395,0.252303,0.233209,0.00200252,0.181709,0.782398,7928.16,8000.27,1.00043
y_pred[5896],0.287703,0.00397754,0.355735,0.117957,1.53856e-07,0.0795616,0.986993,7914.15,7849.72,1.00015
y_pred[5897],0.198859,0.00357506,0.317717,0.0145327,5.49118e-12,0.00980216,0.959501,8095.28,8054.34,1.00047
y_pred[5898],0.302615,0.00352875,0.311381,0.257327,0.000285822,0.178577,0.923853,7805.16,7874.74,0.999761
y_pred[5899],0.332175,0.00383822,0.3516,0.263321,2.6207e-05,0.178312,0.980103,8092.31,7749.35,1.00009
y_pred[5900],0.485595,0.00400555,0.363905,0.54839,0.00267519,0.467051,0.996401,8288.28,7952.45,0.999824
y_pred[5901],0.236679,0.00129373,0.117133,0.117896,0.0670401,0.223197,0.45206,8177.3,8019.86,0.999831
y_pred[5902],0.51535,0.0032311,0.289212,0.370692,0.0575845,0.523473,0.954755,8036.55,7667.05,1.00011
y_pred[5903],0.550051,0.00444499,0.397537,0.552515,0.000844593,0.621336,0.99994,8184.29,7687.35,0.999909
y_pred[5904],0.432009,0.0044267,0.39534,0.478968,4.28382e-05,0.324896,0.999193,7999.42,7541.77,1.0
y_pred[5905],0.564505,0.00364236,0.331157,0.44936,0.0300346,0.606324,0.994038,8394.92,7715.39,1.00007
y_pred[5906],0.607081,0.00404283,0.365573,0.402407,0.00784544,0.722565,0.999823,8254.74,7395.09,1.00018
y_pred[5907],0.741484,0.003571,0.318535,0.133042,0.0641925,0.910225,0.999997,7842.8,7100.34,0.99998
y_pred[5908],0.48733,0.00150648,0.137524,0.14327,0.264198,0.484607,0.719176,8348.39,8054.67,1.0002
y_pred[5909],0.721556,0.00287468,0.260615,0.246168,0.188809,0.802855,0.99694,8424.46,8007.58,1.00007
y_pred[5910],0.746471,0.00393765,0.345879,0.0596346,0.0185706,0.959777,1.0,7683.88,7931.49,1.00027
y_pred[5911],0.648653,0.0043353,0.380974,0.239276,0.00399455,0.838583,0.999999,7369.98,7158.43,1.00027
y_pred[5912],0.751631,0.00333205,0.291999,0.162077,0.122166,0.889933,0.999961,7928.61,7876.7,0.99993
y_pred[5913],0.78897,0.00364361,0.306746,0.0443372,0.0830604,0.970095,1.0,7813.03,7973.16,0.99979
y_pred[5914],0.86879,0.00278987,0.247189,0.00478806,0.217321,0.996771,1.0,7809.48,7659.79,1.00013
y_pred[5915],0.689937,0.00145019,0.12785,0.134087,0.461168,0.699176,0.881883,7842.33,7487.62,1.0007
y_pred[5916],0.305818,0.00307611,0.26675,0.278429,0.00474297,0.235662,0.833327,7657.81,7706.07,1.00042
y_pred[5917],0.341529,0.0043162,0.375841,0.224631,1.55577e-06,0.151531,0.993484,7428.92,7789.16,1.00006
y_pred[5918],0.23915,0.00391846,0.342115,0.0422608,6.70045e-10,0.0285046,0.978435,8042.4,7771.3,0.999864
y_pred[5919],0.344299,0.0036967,0.317843,0.342445,0.00098712,0.252371,0.936728,7591.51,7817.47,1.00016
y_pred[5920],0.388328,0.00415375,0.366787,0.396351,0.000103533,0.271613,0.991555,7701.78,7483.31,1.00018
y_pred[5921],0.547484,0.00404991,0.360435,0.52543,0.00722993,0.582608,0.998386,7950.06,7934.49,1.0005
y_pred[5922],0.277788,0.00138651,0.121705,0.124198,0.0995435,0.265165,0.501274,7884.35,7648.09,1.00018
y_pred[5923],0.500282,0.00318799,0.289555,0.369794,0.0469639,0.497104,0.954191,8251.33,7709.24,1.00004
y_pred[5924],0.535149,0.00441214,0.394963,0.588958,0.000549796,0.58696,0.999883,8050.68,7808.18,0.999833
y_pred[5925],0.416091,0.00468926,0.393848,0.429093,1.55198e-05,0.290013,0.998955,7438.68,7872.88,1.00056
y_pred[5926],0.549395,0.00371048,0.332112,0.458132,0.0248335,0.58343,0.992952,8118.96,7492.83,1.00038
y_pred[5927],0.586198,0.004192,0.370833,0.468576,0.007282,0.672904,0.999771,7749.12,7831.74,0.999814
y_pred[5928],0.728079,0.00368639,0.32389,0.156227,0.0560548,0.894536,0.999994,7799.98,7008.48,0.999937
y_pred[5929],0.46626,0.00150407,0.13593,0.140572,0.249089,0.463888,0.696242,8177.24,8057.42,1.00044
y_pred[5930],0.792598,0.00260806,0.233867,0.155892,0.283881,0.889751,0.999561,8173.77,7903.42,1.00043
y_pred[5931],0.815218,0.00337511,0.306359,0.00899419,0.0633541,0.993934,1.0,7938.07,7290.62,1.00043
y_pred[5932],0.727362,0.00395073,0.353392,0.0873155,0.0143364,0.941107,1.0,8091.39,8228.06,1.00027
y_pred[5933],0.820478,0.00293459,0.256146,0.0648193,0.206343,0.95627,0.999999,7557.55,7768.1,1.00035
y_pred[5934],0.846153,0.00311668,0.271264,0.00890598,0.14188,0.993993,1.0,7615.6,7418.24,0.999772
y_pred[5935],0.913103,0.00224766,0.204675,0.000315794,0.359723,0.999787,1.0,8020.74,7880.46,0.999817
y_pred[5936],0.767569,0.0012808,0.115192,0.115148,0.557316,0.781051,0.931014,8148.07,7844.1,1.00026
y_pred[5937],0.896179,0.0019359,0.173509,0.0262101,0.492963,0.982318,1.0,7705.69,7816.26,1.00013
y_pred[5938],0.909532,0.00252838,0.228479,1.63086e-05,0.252006,0.999989,1.0,8097.75,7880.43,1.00019
y_pred[5939],0.861408,0.00307884,0.274244,0.00102892,0.114437,0.999306,1.0,7844.78,7906.49,0.999827
y_pred[5940],0.914398,0.00206974,0.186465,0.00211567,0.453182,0.998573,1.0,8214.47,8055.8,0.999635
y_pred[5941],0.924729,0.00222733,0.198298,2.2239e-05,0.399722,0.999985,1.0,8237.89,7998.47,1.00044
y_pred[5942],0.957965,0.00168757,0.146495,0.0,0.687168,1.0,1.0,7866.12,7723.36,0.999839
y_pred[5943],0.881927,0.000949032,0.0869625,0.0800263,0.711433,0.901439,0.98476,8557.72,7330.0,1.00002
y_pred[5944],0.711374,0.00291448,0.261025,0.262554,0.191151,0.786478,0.996471,8122.54,7644.47,0.999744
y_pred[5945],0.736415,0.00392658,0.347938,0.073425,0.0205328,0.950476,1.0,7849.48,8188.19,1.0001
y_pred[5946],0.631514,0.00438997,0.383293,0.299863,0.0031744,0.797653,0.999998,7546.14,8071.44,1.00028
y_pred[5947],0.744661,0.00324065,0.29185,0.181716,0.116922,0.87624,0.999951,8181.09,7507.15,1.00012
y_pred[5948],0.775927,0.00346258,0.314061,0.0611602,0.0654029,0.958748,1.0,8165.5,7918.59,0.999764
y_pred[5949],0.871596,0.00282603,0.242556,0.00556642,0.242743,0.996246,1.0,7569.27,7736.41,1.00002
y_pred[5950],0.680685,0.00145405,0.128796,0.13557,0.451116,0.690212,0.873944,7943.39,7545.58,1.00034
y_pred[5951],0.57274,0.00321791,0.286794,0.363238,0.0847826,0.600935,0.974736,8009.88,7843.86,1.00013
y_pred[5952],0.606791,0.0042791,0.388975,0.361923,0.00169246,0.755467,0.999985,8086.28,7487.02,1.00047
y_pred[5953],0.491285,0.00462887,0.402745,0.651046,0.000107388,0.46889,0.999738,7707.32,7789.99,0.999897
y_pred[5954],0.624503,0.00362698,0.322723,0.388876,0.0464868,0.698155,0.998028,8054.38,7708.2,0.999814
y_pred[5955],0.662288,0.00398945,0.353206,0.279122,0.0197219,0.81083,0.999976,7910.8,7784.04,0.99987
y_pred[5956],0.784553,0.00334367,0.298418,0.0654405,0.101,0.95586,1.0,7788.09,7729.17,0.999912
y_pred[5957],0.543828,0.00153202,0.137461,0.143905,0.313042,0.544218,0.767532,8110.52,7932.74,0.999915
y_pred[5958],0.0446428,0.00130865,0.117082,0.000407635,8.37118e-15,0.000274946,0.280285,7742.68,7888.73,1.00039
y_pred[5959],0.0576974,0.00216624,0.186847,3.32227e-09,5.19751e-41,2.24084e-09,0.527083,8076.19,7798.42,0.999908
y_pred[5960],0.0335887,0.00158785,0.142822,2.66738e-15,7.46704e-69,1.79912e-15,0.201977,8298.65,8086.02,1.00058
y_pred[5961],0.0570574,0.00174786,0.153798,6.4672e-05,2.3374000000000003e-19,4.36207e-05,0.414922,8062.1,7691.41,1.00037
y_pred[5962],0.0676038,0.00216654,0.189053,4.58418e-06,8.31667e-26,3.09199e-06,0.533609,8321.72,8016.96,1.00025
y_pred[5963],0.123456,0.0027426,0.241028,0.00422548,7.09877e-13,0.00285004,0.76665,7765.17,7611.02,1.00016
y_pred[5964],0.0423267,0.000617871,0.0546108,0.0287159,0.000255517,0.0215564,0.155553,7678.94,8101.07,1.00025
y_pred[5965],0.551789,0.00319016,0.283589,0.354622,0.0748184,0.568906,0.965853,7991.23,8142.0,1.00046
y_pred[5966],0.576571,0.00441427,0.392185,0.458862,0.00141343,0.688911,0.999968,7873.98,7584.13,1.00067
y_pred[5967],0.449486,0.00450412,0.398828,0.53199,7.08125e-05,0.363426,0.999415,7712.5,7544.54,1.00022
y_pred[5968],0.593198,0.00363414,0.328501,0.42912,0.0381751,0.645436,0.996763,8336.43,7487.44,0.99996
y_pred[5969],0.632873,0.00403111,0.362379,0.341519,0.0125417,0.767781,0.99994,8140.8,7901.41,1.00085
y_pred[5970],0.763654,0.00342017,0.309511,0.0997323,0.07398,0.932721,0.999999,8273.35,7787.41,0.999882
y_pred[5971],0.512326,0.00152792,0.137867,0.140548,0.280469,0.514012,0.737816,8152.87,8141.77,1.00017
y_pred[5972],0.435188,0.00321981,0.286848,0.361464,0.0302627,0.411373,0.920965,7927.95,8064.37,1.00022
y_pred[5973],0.470097,0.00444982,0.395127,0.599778,0.000142903,0.423883,0.999475,7928.0,8002.97,0.999757
y_pred[5974],0.358024,0.00421734,0.383315,0.259882,1.02661e-06,0.17531,0.996808,8252.8,7667.85,0.999966
y_pred[5975],0.486836,0.00377437,0.335962,0.475287,0.0113728,0.481944,0.984649,8080.23,7808.33,1.00017
y_pred[5976],0.524221,0.00436027,0.3774,0.583241,0.00261615,0.547891,0.99887,7668.8,7210.32,1.00003
y_pred[5977],0.682082,0.00405613,0.338141,0.253937,0.0347807,0.827423,0.999945,7292.09,7448.03,1.00027
y_pred[5978],0.407245,0.00153147,0.13418,0.138636,0.193605,0.401718,0.635834,7825.83,7619.52,1.00049
y_pred[5979],0.263378,0.00289628,0.254488,0.235091,0.00163671,0.177699,0.780047,8033.89,7851.84,1.00067
y_pred[5980],0.287132,0.00402752,0.358297,0.109682,6.77682e-08,0.0739802,0.987536,7679.93,7770.5,0.999679
y_pred[5981],0.206668,0.00381602,0.325281,0.0145826,1.34604e-11,0.00983582,0.965942,7822.89,7725.16,0.999852
y_pred[5982],0.303595,0.00351664,0.309991,0.266682,0.000364123,0.186372,0.922908,7969.35,7751.79,0.999932
y_pred[5983],0.34341,0.00398393,0.356937,0.281675,3.17137e-05,0.191072,0.983982,8085.96,7931.46,1.00014
y_pred[5984],0.484405,0.00419588,0.365821,0.55715,0.00217385,0.467751,0.995739,7647.96,7837.11,1.00019
y_pred[5985],0.240244,0.00127196,0.118859,0.118967,0.0709944,0.22615,0.458991,8788.07,7952.55,1.00044
y_pred[5986],0.522391,0.00323648,0.289289,0.370254,0.058855,0.535293,0.95963,7972.07,8303.06,0.999912
y_pred[5987],0.557281,0.00445053,0.394188,0.519541,0.00086823,0.644023,0.999914,7974.0,7814.13,0.99984
y_pred[5988],0.437903,0.004527,0.39602,0.506162,3.95291e-05,0.344421,0.999062,7492.42,8009.84,0.999641
y_pred[5989],0.572251,0.00373367,0.332847,0.443749,0.0315104,0.626935,0.995405,7862.52,7672.5,1.00032
y_pred[5990],0.604355,0.00413165,0.367657,0.42136,0.00798168,0.709698,0.999849,7882.66,7980.04,1.00028
y_pred[5991],0.740489,0.00361788,0.320937,0.134493,0.0583615,0.909226,0.999997,7995.7,7791.71,0.999735
y_pred[5992],0.484419,0.00152803,0.138061,0.146248,0.259046,0.483594,0.713404,8168.11,7801.15,1.00011
y_pred[5993],0.717815,0.00283707,0.260234,0.2553,0.191659,0.795373,0.996632,8675.17,7693.89,0.999843
y_pred[5994],0.742175,0.00388994,0.348872,0.059602,0.0185666,0.959799,1.0,8064.91,7723.57,1.0007
y_pred[5995],0.643634,0.00442779,0.384306,0.247633,0.00407666,0.832945,0.999998,7731.26,7930.62,1.00069
y_pred[5996],0.757144,0.00322199,0.288982,0.153092,0.132916,0.895854,0.999949,8192.4,7987.98,1.00001
y_pred[5997],0.784835,0.00360047,0.310931,0.047716,0.0709809,0.967816,1.0,7891.35,7625.64,0.999751
y_pred[5998],0.875745,0.00277375,0.243189,0.00381325,0.220706,0.997428,1.0,7898.53,7837.49,1.00009
y_pred[5999],0.690738,0.0014131,0.125841,0.129107,0.467186,0.700824,0.878589,8026.4,7997.28,1.00059
y_pred[6000],0.306576,0.00296073,0.266237,0.280007,0.00550066,0.237273,0.830645,7892.73,8048.77,0.9998
y_pred[6001],0.333581,0.00429598,0.374754,0.207545,8.1056e-07,0.140006,0.993824,7659.02,8140.62,1.00019
y_pred[6002],0.240181,0.00383325,0.339653,0.0400131,1.03317e-09,0.0269885,0.975096,8149.86,7969.78,1.00046
y_pred[6003],0.351808,0.00360819,0.322992,0.34492,0.00122172,0.254629,0.946568,8034.61,7821.44,0.999808
y_pred[6004],0.389685,0.004158,0.36833,0.38543,9.90049e-05,0.263605,0.992423,7709.87,7730.38,1.00023
y_pred[6005],0.542345,0.0041494,0.362983,0.531704,0.00669744,0.579365,0.998517,7475.54,7734.77,1.0002
y_pred[6006],0.280398,0.00140256,0.125181,0.128644,0.0967732,0.266722,0.505587,7917.91,7998.75,1.00036
y_pred[6007],0.500799,0.00321773,0.288971,0.373812,0.0484245,0.505008,0.948233,8072.7,8188.09,1.00026
y_pred[6008],0.535067,0.0044634,0.395678,0.596931,0.000566964,0.582081,0.999896,7967.37,7915.54,0.999818
y_pred[6009],0.414698,0.00450158,0.394864,0.421916,2.8641e-05,0.285332,0.998807,7291.04,7727.89,1.00085
y_pred[6010],0.555448,0.00371282,0.33462,0.460902,0.0243428,0.591495,0.994165,8124.52,7836.76,0.999946
y_pred[6011],0.590825,0.00434381,0.371593,0.442661,0.00586067,0.69344,0.999747,7511.82,7542.34,1.00001
y_pred[6012],0.724436,0.00370644,0.328553,0.157597,0.0496898,0.893611,0.999994,7944.91,7832.31,0.99971
y_pred[6013],0.470803,0.00156951,0.137313,0.144657,0.250051,0.469074,0.701972,7667.47,7691.3,0.999854
y_pred[6014],0.795069,0.00260011,0.234716,0.153923,0.275519,0.89076,0.999583,8239.03,7691.91,0.999879
y_pred[6015],0.817083,0.00346997,0.307445,0.00931962,0.0502179,0.993714,1.0,7675.35,7669.08,1.00029
y_pred[6016],0.724266,0.0040344,0.357592,0.082569,0.0124371,0.944308,1.0,7785.83,7587.52,1.00037
y_pred[6017],0.821696,0.00280184,0.253907,0.065058,0.220919,0.956112,0.999999,8181.59,7790.37,1.00027
y_pred[6018],0.846855,0.00297287,0.268973,0.00887188,0.155129,0.994016,1.0,8204.97,7823.19,0.999956
y_pred[6019],0.911173,0.00233033,0.2079,0.000317276,0.359515,0.999786,1.0,7705.65,7484.89,1.00069
y_pred[6020],0.770225,0.0012785,0.114374,0.116105,0.563141,0.783177,0.932052,8046.77,8142.07,1.00047
y_pred[6021],0.895765,0.00196087,0.174482,0.0258617,0.485059,0.982554,1.0,7971.67,7730.18,1.00022
y_pred[6022],0.907109,0.0026382,0.231096,1.33434e-05,0.252848,0.999991,1.0,8030.85,7821.78,1.00026
y_pred[6023],0.855908,0.00317656,0.279113,0.00098667,0.0988037,0.999335,1.0,7781.08,7879.46,1.00027
y_pred[6024],0.908989,0.00226581,0.196024,0.00238921,0.401913,0.998389,1.0,7872.67,7691.41,0.999881
y_pred[6025],0.924882,0.00223539,0.199521,1.92738e-05,0.404946,0.999987,1.0,8038.03,7679.34,1.0002
y_pred[6026],0.957949,0.00165783,0.147436,0.0,0.691348,1.0,1.0,8092.57,7557.95,1.00011
y_pred[6027],0.882472,0.000960833,0.0867094,0.0784325,0.714689,0.902478,0.985214,8132.9,8128.66,0.999911
y_pred[6028],0.708686,0.00298375,0.26585,0.265325,0.177962,0.787049,0.996323,8089.91,8173.52,0.999904
y_pred[6029],0.737984,0.00397508,0.350766,0.0683271,0.0155967,0.953914,1.0,7924.3,8098.48,0.999946
y_pred[6030],0.630044,0.00448158,0.386801,0.283935,0.00230365,0.808432,0.999998,7711.53,7844.39,1.00077
y_pred[6031],0.745696,0.00328308,0.290149,0.185364,0.124242,0.87368,0.999936,7823.6,7968.19,1.00061
y_pred[6032],0.775454,0.00356724,0.314396,0.0610913,0.0652774,0.958794,1.0,7972.14,8110.24,0.999915
y_pred[6033],0.860918,0.00291721,0.255829,0.00788298,0.191946,0.994683,1.0,7636.7,8078.45,1.00026
y_pred[6034],0.680573,0.00142053,0.128106,0.132933,0.452534,0.688341,0.874891,8099.89,7640.95,0.999873
y_pred[6035],0.573813,0.00327794,0.286351,0.359579,0.0833185,0.601284,0.976665,7660.64,7057.31,1.00036
y_pred[6036],0.611365,0.004341,0.386576,0.347461,0.0024095,0.765295,0.999989,8003.77,7972.89,1.00023
y_pred[6037],0.494954,0.00433581,0.400552,0.654609,0.000152083,0.496744,0.999744,8407.07,8101.43,0.999899
y_pred[6038],0.618556,0.0037389,0.325776,0.396435,0.0465227,0.693454,0.997754,7768.23,7399.88,1.00004
y_pred[6039],0.664716,0.00404558,0.354214,0.261368,0.0176997,0.82308,0.999977,8360.84,7944.37,1.00019
y_pred[6040],0.785079,0.00333402,0.2966,0.0729276,0.0999367,0.950809,1.0,7945.52,8098.86,0.999786
y_pred[6041],0.542406,0.00154543,0.136945,0.1454,0.310339,0.547721,0.761155,7877.57,7789.89,1.00008
y_pred[6042],0.0493249,0.00144478,0.124557,0.000562285,2.06527e-14,0.000379256,0.315371,7900.76,7747.89,1.00036
y_pred[6043],0.0562966,0.00208279,0.182981,2.95237e-09,2.5575e-42,1.99135e-09,0.487419,7387.5,7557.51,1.00036
y_pred[6044],0.0345371,0.00170354,0.145428,2.36298e-15,2.76496e-68,1.5938e-15,0.200278,7377.72,6982.68,0.999915
y_pred[6045],0.0576571,0.00175468,0.155549,8.54378e-05,2.83671e-19,5.7627e-05,0.414523,7469.67,7756.32,1.00007
y_pred[6046],0.0715203,0.00218781,0.194662,5.85167e-06,2.30462e-25,3.9469e-06,0.573373,8017.8,7775.42,1.00084
y_pred[6047],0.118949,0.00262224,0.233749,0.00386241,9.13667e-13,0.00260516,0.736057,8367.93,7930.38,1.00007
y_pred[6048],0.0429234,0.000610201,0.0545973,0.029488,0.000264409,0.0223042,0.15627,8483.87,7808.09,0.999768
y_pred[6049],0.542913,0.00319279,0.288508,0.371286,0.070712,0.559752,0.966212,8178.21,7803.12,0.999685
y_pred[6050],0.576214,0.00435093,0.390574,0.472637,0.00157387,0.678445,0.999967,8204.5,7663.9,0.999855
y_pred[6051],0.456936,0.00446624,0.397967,0.565231,7.20181e-05,0.387804,0.999573,7889.52,7660.41,1.00059
y_pred[6052],0.58158,0.00373731,0.333242,0.4354,0.0316586,0.637638,0.996442,8064.96,8034.56,0.999833
y_pred[6053],0.631887,0.00407008,0.361492,0.353983,0.0121257,0.758763,0.999937,8212.59,7431.18,0.999836
y_pred[6054],0.763855,0.00353156,0.309993,0.0929546,0.0777074,0.937295,0.999999,7793.29,7960.76,1.00011
y_pred[6055],0.511742,0.00164381,0.135814,0.139959,0.285597,0.511937,0.73557,6841.51,7444.95,1.00052
y_pred[6056],0.439976,0.00318576,0.285927,0.362768,0.0307728,0.41564,0.920415,8131.66,8024.34,1.0001
y_pred[6057],0.475328,0.00449328,0.39668,0.620585,0.000168726,0.440607,0.999482,7871.7,7494.91,1.00026
y_pred[6058],0.359909,0.00446171,0.384834,0.257495,1.60482e-06,0.173704,0.996954,7788.94,7639.89,1.00026
y_pred[6059],0.488074,0.00377641,0.335799,0.475363,0.0116442,0.475579,0.984742,8013.18,8014.31,0.999792
y_pred[6060],0.520483,0.00424189,0.377819,0.585547,0.00224502,0.534939,0.999199,7833.76,7645.6,0.999851
y_pred[6061],0.67744,0.00388942,0.339318,0.263604,0.0330974,0.821052,0.999954,7605.02,7791.76,1.00008
y_pred[6062],0.408775,0.00146475,0.134291,0.142722,0.195583,0.404819,0.635102,8448.05,7872.36,0.999911
y_pred[6063],0.259116,0.00286146,0.252312,0.224647,0.00220115,0.175888,0.784989,7927.41,7855.52,1.00084
y_pred[6064],0.288746,0.00396572,0.35856,0.109843,1.36344e-07,0.0740888,0.986689,8271.74,7895.49,0.999805
y_pred[6065],0.207687,0.00375719,0.327967,0.0130686,1.06099e-11,0.00881466,0.968778,7527.57,7982.69,0.999905
y_pred[6066],0.301436,0.0034584,0.307129,0.263199,0.000422756,0.183855,0.911732,8011.14,7794.77,1.0003
y_pred[6067],0.337036,0.00398696,0.356657,0.267479,2.6402e-05,0.180947,0.984172,8063.6,7849.43,1.00054
y_pred[6068],0.491305,0.00406401,0.366006,0.55561,0.00247128,0.480189,0.995582,8152.6,7791.66,1.00072
y_pred[6069],0.236227,0.00130102,0.116217,0.117813,0.073499,0.221741,0.451363,7963.33,7611.88,0.999723
y_pred[6070],0.523128,0.00321682,0.286559,0.358957,0.0601778,0.533713,0.957172,7949.47,7809.43,0.999803
y_pred[6071],0.549591,0.00449951,0.393665,0.555243,0.000801982,0.618129,0.999944,7928.95,7765.34,0.999996
y_pred[6072],0.433623,0.00442765,0.396099,0.493989,2.55033e-05,0.335441,0.9991,8236.5,7961.72,1.00009
y_pred[6073],0.568346,0.00375933,0.333552,0.442565,0.0262154,0.619028,0.994586,7901.43,8057.99,1.00001
y_pred[6074],0.604983,0.0042753,0.36603,0.418979,0.00939947,0.711345,0.99984,7492.42,7579.7,0.999926
y_pred[6075],0.741301,0.00361682,0.3199,0.128054,0.0666137,0.91359,0.999996,7841.43,7813.86,0.999776
y_pred[6076],0.486585,0.00155926,0.137723,0.14425,0.261629,0.485224,0.712907,7816.52,7878.87,1.0001
y_pred[6077],0.719422,0.00294831,0.257186,0.250498,0.206071,0.799385,0.996481,7518.51,7319.71,1.00037
y_pred[6078],0.745885,0.00389547,0.34566,0.063479,0.0182667,0.957184,1.0,8004.79,7786.67,1.00023
y_pred[6079],0.639416,0.00431554,0.38579,0.257642,0.0027172,0.826204,0.999999,8134.29,7645.99,0.999856
y_pred[6080],0.75566,0.00324411,0.28864,0.157774,0.124716,0.892764,0.99995,7850.97,7730.04,0.999901
y_pred[6081],0.783719,0.00350048,0.311186,0.0504425,0.0678261,0.965977,1.0,7570.12,7834.5,1.00086
y_pred[6082],0.87381,0.00269079,0.241197,0.00487775,0.225532,0.99671,1.0,8012.64,7971.25,0.999884
y_pred[6083],0.692989,0.00139868,0.124307,0.130154,0.475797,0.701628,0.879925,7930.4,7693.44,1.0002
y_pred[6084],0.308408,0.0029909,0.266489,0.286721,0.00515682,0.241904,0.830352,8054.37,8133.89,1.00019
y_pred[6085],0.335342,0.00414451,0.375538,0.206695,9.39222e-07,0.13943,0.994694,7964.68,7597.13,1.00063
y_pred[6086],0.23554,0.00378549,0.340786,0.0350562,4.20085e-10,0.0236451,0.978528,8000.67,8184.59,1.00021
y_pred[6087],0.349948,0.00369773,0.321018,0.346662,0.00113405,0.25338,0.94055,7341.18,7861.89,1.0008
y_pred[6088],0.386922,0.00408396,0.365033,0.405233,0.000103633,0.279132,0.989862,8115.05,8012.0,0.999817
y_pred[6089],0.538797,0.00402409,0.363499,0.533002,0.00568367,0.575109,0.998139,8187.17,7640.93,1.0004
y_pred[6090],0.278708,0.00138945,0.12287,0.123765,0.0986476,0.265891,0.502896,7840.0,7583.96,1.0002
y_pred[6091],0.503266,0.00309456,0.285145,0.361637,0.055239,0.501828,0.951192,8198.59,7648.69,1.00046
y_pred[6092],0.538572,0.0043998,0.396118,0.585686,0.000498543,0.593079,0.999877,8065.56,7852.15,1.00033
y_pred[6093],0.420917,0.00442553,0.395903,0.446445,2.09951e-05,0.302227,0.998826,8019.46,7498.57,1.00006
y_pred[6094],0.551635,0.00378335,0.333887,0.46161,0.0235824,0.584205,0.993671,7823.47,7963.29,1.00019
y_pred[6095],0.586356,0.00412911,0.36958,0.459604,0.007046,0.679011,0.99972,8114.99,7987.35,0.999941
y_pred[6096],0.73381,0.0035986,0.320466,0.152175,0.0537857,0.897269,0.999994,7878.79,7754.53,0.999962
y_pred[6097],0.468323,0.00152084,0.137719,0.143166,0.24068,0.466792,0.695018,8210.48,6845.49,0.999826
y_pred[6098],0.793346,0.00267608,0.232529,0.159457,0.283145,0.886903,0.999627,7984.14,7581.29,0.999785
y_pred[6099],0.815747,0.00338236,0.309005,0.00856646,0.0527004,0.994222,1.0,8196.8,7817.77,1.00014
y_pred[6100],0.729721,0.00397832,0.355768,0.0727816,0.01397,0.95091,1.0,8103.1,7665.81,1.00013
y_pred[6101],0.823864,0.00276769,0.251723,0.0614449,0.229509,0.958547,0.999999,8298.31,8230.78,0.99972
y_pred[6102],0.847247,0.00299453,0.27029,0.00879182,0.133743,0.99407,1.0,8270.84,7945.72,0.999882
y_pred[6103],0.906898,0.00237944,0.213502,0.00033062,0.334924,0.999777,1.0,8276.14,7748.48,1.00093
y_pred[6104],0.769387,0.00126897,0.114286,0.117019,0.557144,0.782279,0.930221,8226.56,7662.6,0.999784
y_pred[6105],0.893498,0.00204188,0.176157,0.0285445,0.487395,0.980743,1.0,7826.52,7101.69,1.00025
y_pred[6106],0.905011,0.00263953,0.231812,1.4826e-05,0.240792,0.99999,1.0,7832.53,7470.49,1.00014
y_pred[6107],0.858843,0.00314894,0.278781,0.00115495,0.104213,0.999221,1.0,7698.32,7551.14,0.999849
y_pred[6108],0.911911,0.00211832,0.191348,0.00184287,0.414574,0.998757,1.0,8041.01,8181.07,1.00005
y_pred[6109],0.927498,0.00219509,0.192626,2.52042e-05,0.440862,0.999983,1.0,7953.64,7862.73,1.00025
y_pred[6110],0.956706,0.00165131,0.147352,0.0,0.661968,1.0,1.0,7318.72,6853.64,1.00049
y_pred[6111],0.880912,0.000975288,0.0877872,0.0796379,0.707935,0.900535,0.984954,8095.56,7825.5,1.00023
y_pred[6112],0.71379,0.00294006,0.261392,0.2574,0.187198,0.791864,0.996582,7879.84,7644.51,0.999882
y_pred[6113],0.727627,0.00393344,0.353957,0.081583,0.0156253,0.944973,1.0,8091.71,7809.48,1.00014
y_pred[6114],0.634707,0.00419981,0.384421,0.278851,0.00375965,0.811859,0.999997,8307.99,7846.24,1.00025
y_pred[6115],0.745961,0.00332783,0.291961,0.179088,0.130745,0.87816,0.999946,7728.5,7934.4,1.00002
y_pred[6116],0.778428,0.00349914,0.309265,0.0586932,0.0700957,0.960412,1.0,7814.9,7946.7,1.00015
y_pred[6117],0.866871,0.00277265,0.246503,0.00608756,0.218297,0.995894,1.0,7981.58,7349.59,1.0006
y_pred[6118],0.680298,0.00137698,0.127265,0.132448,0.453682,0.689934,0.870753,8520.68,7881.18,0.999979
y_pred[6119],0.579851,0.00317868,0.284848,0.353904,0.0871037,0.615096,0.975818,7896.21,7438.1,1.00016
y_pred[6120],0.603182,0.00431722,0.387617,0.372645,0.00224003,0.748237,0.99998,7955.15,7927.26,1.00032
y_pred[6121],0.490061,0.00453783,0.398454,0.645528,0.000183352,0.476192,0.999718,7723.0,7912.2,0.999876
y_pred[6122],0.625529,0.00360495,0.323044,0.380461,0.0475945,0.704352,0.997835,7928.87,7769.02,0.999961
y_pred[6123],0.661681,0.00407463,0.357611,0.263015,0.0143703,0.822162,0.999978,7859.74,8012.15,1.00022
y_pred[6124],0.790481,0.00329168,0.293381,0.0683516,0.10713,0.953896,1.0,7880.57,7734.35,1.00013
y_pred[6125],0.543029,0.00150574,0.13578,0.144586,0.319252,0.545228,0.759471,8219.27,7728.6,1.00003
y_pred[6126],0.049003,0.00138475,0.122577,0.000580868,2.66077e-14,0.00039179,0.317713,8331.25,7441.83,0.999926
y_pred[6127],0.0561442,0.00211158,0.183741,2.1392e-09,2.80116e-41,1.44287e-09,0.49605,7741.51,7710.22,1.00012
y_pred[6128],0.03383,0.00163459,0.141596,2.83717e-15,2.36909e-66,1.91364e-15,0.215771,7517.26,7499.01,0.999918
y_pred[6129],0.0584833,0.00177477,0.15626,5.47758e-05,6.82581e-19,3.69458e-05,0.409784,7895.6,7561.12,0.999971
y_pred[6130],0.0703882,0.00216933,0.193503,5.85208e-06,6.26787e-26,3.94718e-06,0.57786,7918.23,7822.17,1.00028
y_pred[6131],0.123721,0.00270053,0.238166,0.00390816,4.26273e-13,0.00263602,0.736666,7688.75,7611.24,1.00034
y_pred[6132],0.0425212,0.000611549,0.0544062,0.0290062,0.000284717,0.0219802,0.153203,7782.39,7568.68,1.00017
y_pred[6133],0.539388,0.00334057,0.286336,0.365506,0.0727398,0.55167,0.967243,7347.13,7688.28,1.00004
y_pred[6134],0.570693,0.0045377,0.393669,0.488387,0.00137037,0.668167,0.999976,7551.6,7571.2,1.00012
y_pred[6135],0.471576,0.00461102,0.397933,0.614736,0.000100191,0.434621,0.999568,7599.19,7645.56,1.0005
y_pred[6136],0.58773,0.00373671,0.330024,0.431845,0.0358475,0.644568,0.996287,7840.69,7747.41,1.0005
y_pred[6137],0.635821,0.00403976,0.363786,0.327701,0.0123969,0.777454,0.999949,8076.51,7465.17,1.00016
y_pred[6138],0.75916,0.00356326,0.314302,0.101372,0.069963,0.931615,0.999999,7990.77,7917.18,0.99996
y_pred[6139],0.511996,0.00175258,0.136496,0.140018,0.284467,0.512459,0.735005,6279.75,6977.14,1.00046
y_pred[6140],0.443243,0.00315605,0.287364,0.368474,0.0274374,0.422776,0.924713,8185.74,7567.94,1.00008
y_pred[6141],0.48366,0.00443793,0.396623,0.630496,0.000137998,0.45661,0.999491,8138.94,8141.26,1.00028
y_pred[6142],0.355809,0.00429385,0.384088,0.242976,1.66844e-06,0.16391,0.99694,7902.44,7730.81,1.00002
y_pred[6143],0.491439,0.00369592,0.334114,0.474813,0.0130723,0.484231,0.984903,8324.24,7859.18,0.99979
y_pred[6144],0.528015,0.00421685,0.375166,0.570648,0.0025245,0.558025,0.999193,7944.66,7973.41,0.999956
y_pred[6145],0.677126,0.00380078,0.342024,0.257118,0.0359564,0.825248,0.999953,8107.6,7755.35,1.00003
y_pred[6146],0.407168,0.00153668,0.134017,0.138851,0.19319,0.40132,0.636822,7611.99,7374.2,1.00004
y_pred[6147],0.260048,0.00286332,0.253942,0.224009,0.00166397,0.174727,0.794801,7995.45,7595.93,0.999976
y_pred[6148],0.290353,0.00414728,0.36046,0.110846,8.77573e-08,0.0747648,0.988998,7649.89,7403.91,0.999826
y_pred[6149],0.195981,0.00351722,0.315405,0.0124695,1.0211e-11,0.00841057,0.951774,7890.82,7368.99,0.999726
y_pred[6150],0.298994,0.00362195,0.307926,0.258069,0.000285769,0.17945,0.912784,7261.28,7442.97,1.00042
y_pred[6151],0.33398,0.00423301,0.351813,0.270354,2.31336e-05,0.182976,0.98122,7641.31,7746.0,1.00045
y_pred[6152],0.489135,0.00416634,0.365103,0.553635,0.00275548,0.472564,0.99612,7931.99,7643.03,0.999912
y_pred[6153],0.237996,0.00128191,0.11661,0.119965,0.0732803,0.223523,0.449656,8209.05,8188.58,0.999745
y_pred[6154],0.523054,0.00322984,0.287869,0.36341,0.0566926,0.529656,0.960261,8019.68,7942.56,0.999788
y_pred[6155],0.555019,0.00440592,0.396147,0.530091,0.000814253,0.637984,0.999947,8076.58,7936.58,0.999981
y_pred[6156],0.422581,0.00442716,0.395594,0.44772,2.8255e-05,0.303113,0.999121,8036.7,7925.87,1.00008
y_pred[6157],0.563292,0.0037536,0.332851,0.457375,0.0260515,0.601206,0.99519,7651.89,7362.22,1.00014
y_pred[6158],0.609704,0.00410201,0.367551,0.399292,0.00817029,0.725402,0.999867,8098.6,8139.58,1.00021
y_pred[6159],0.74754,0.00351748,0.315479,0.124876,0.0746429,0.915739,0.999997,8239.71,7590.31,1.00016
y_pred[6160],0.486349,0.00155974,0.136792,0.143382,0.262108,0.486722,0.713001,7726.91,7804.2,0.999894
y_pred[6161],0.720114,0.00294799,0.260485,0.255382,0.197452,0.800142,0.997168,7897.6,7572.81,0.999777
y_pred[6162],0.746459,0.00394252,0.344435,0.0595197,0.0210514,0.959855,1.0,7684.51,7774.81,0.999942
y_pred[6163],0.645096,0.00434302,0.383722,0.242141,0.00368067,0.836655,0.999999,7786.82,7973.29,0.999876
y_pred[6164],0.751994,0.00327937,0.293065,0.156885,0.120579,0.893558,0.999967,7984.28,7895.73,1.00031
y_pred[6165],0.788524,0.00344451,0.30635,0.0501497,0.0758727,0.966174,1.0,8044.66,7634.63,1.0004
y_pred[6166],0.873176,0.00270864,0.24347,0.00378804,0.24111,0.997445,1.0,7781.74,7299.47,1.00036
y_pred[6167],0.693763,0.00137271,0.126086,0.127768,0.469183,0.703872,0.885151,8425.79,7807.62,1.00033
y_pred[6168],0.310523,0.00299243,0.268619,0.285533,0.00529544,0.240923,0.838835,8016.7,7535.87,1.00021
y_pred[6169],0.327795,0.00423521,0.372599,0.194496,1.02001e-06,0.131204,0.993787,7369.66,7363.27,1.00009
y_pred[6170],0.238532,0.00382606,0.339942,0.0407991,1.53426e-09,0.0275186,0.977409,8074.29,7971.1,1.00062
y_pred[6171],0.353521,0.0036317,0.323072,0.358116,0.000984773,0.262103,0.949713,8055.01,8140.57,1.0
y_pred[6172],0.387224,0.00408578,0.36413,0.395902,0.000101472,0.273246,0.989138,7956.02,7576.41,1.00003
y_pred[6173],0.532963,0.00412112,0.362961,0.535987,0.00471155,0.558418,0.998276,7581.89,7851.67,1.00047
y_pred[6174],0.279929,0.00135397,0.122702,0.127325,0.098831,0.268105,0.50023,8386.92,7794.61,1.00007
y_pred[6175],0.507263,0.00316656,0.289421,0.369723,0.0494189,0.503661,0.954527,8364.29,7929.41,0.999949
y_pred[6176],0.543156,0.00445441,0.39677,0.556686,0.00057145,0.616116,0.999906,7714.64,7684.26,1.00014
y_pred[6177],0.416585,0.00440664,0.39678,0.42407,1.4064e-05,0.286701,0.998905,8138.72,7929.79,0.999888
y_pred[6178],0.553452,0.00372204,0.333416,0.457898,0.0238522,0.589364,0.993302,8031.25,7647.05,1.0
y_pred[6179],0.588795,0.00408804,0.370477,0.452266,0.00641712,0.685045,0.999751,8260.05,7781.83,0.999869
y_pred[6180],0.727994,0.00385997,0.325989,0.153758,0.0525942,0.896199,0.999996,7040.74,7259.43,1.00053
y_pred[6181],0.467019,0.00149144,0.137137,0.145183,0.245011,0.464502,0.694418,8446.78,8187.96,1.00067
y_pred[6182],0.788472,0.00260471,0.234724,0.165584,0.28887,0.882203,0.999628,8136.31,7892.98,1.0009
y_pred[6183],0.81865,0.00349872,0.303304,0.0100439,0.0602494,0.993226,1.0,7655.03,7809.02,1.00017
y_pred[6184],0.727734,0.00405748,0.356443,0.0778343,0.0136154,0.947501,1.0,7839.56,7938.81,0.99998
y_pred[6185],0.826231,0.00273631,0.250801,0.0581201,0.240338,0.960792,0.999999,8119.77,7603.49,0.999682
y_pred[6186],0.841753,0.00312632,0.273803,0.0101855,0.133798,0.99313,1.0,7717.56,7999.59,1.00005
y_pred[6187],0.91062,0.00230957,0.208027,0.000363237,0.364414,0.999755,1.0,8251.03,8143.34,1.00017
y_pred[6188],0.771868,0.00126709,0.114772,0.117098,0.561558,0.787635,0.933355,8162.0,7660.15,0.999907
y_pred[6189],0.895168,0.00200658,0.176265,0.0253606,0.475741,0.982889,1.0,7403.7,7239.53,1.00032
y_pred[6190],0.905689,0.00258284,0.232059,1.77912e-05,0.240586,0.999988,1.0,8308.66,7789.05,0.999663
y_pred[6191],0.85789,0.0030987,0.279601,0.0010482,0.100218,0.999293,1.0,7925.03,7953.29,0.999782
y_pred[6192],0.909259,0.00210863,0.191126,0.00234028,0.429988,0.998422,1.0,8370.41,8144.52,1.0004
y_pred[6193],0.923142,0.00222238,0.197967,1.77912e-05,0.402435,0.999988,1.0,7949.14,7673.36,1.00072
y_pred[6194],0.957605,0.00165395,0.146476,0.0,0.69732,1.0,1.0,7976.55,7945.02,1.00026
y_pred[6195],0.879503,0.00100078,0.0888359,0.0804125,0.70791,0.900386,0.98477,7984.11,7972.43,1.00002
y_pred[6196],0.710423,0.00294444,0.260984,0.262601,0.186519,0.782111,0.995962,7916.98,7693.39,1.00068
y_pred[6197],0.742251,0.00392538,0.345036,0.0645961,0.0187959,0.95643,1.0,8098.16,8148.42,1.00004
y_pred[6198],0.63788,0.00426403,0.382721,0.275569,0.00323248,0.814075,0.999998,8108.99,7900.01,0.999967
y_pred[6199],0.745224,0.00332516,0.291311,0.184293,0.124634,0.874439,0.999946,7472.28,7685.18,0.999841
y_pred[6200],0.771705,0.00347393,0.313371,0.069866,0.072058,0.952876,1.0,7971.13,7580.3,0.999877
y_pred[6201],0.86892,0.00276549,0.245418,0.00606754,0.216899,0.995907,1.0,7937.91,7820.2,0.999753
y_pred[6202],0.68141,0.0014148,0.126291,0.132761,0.458797,0.691777,0.871594,8050.51,8181.64,1.00032
y_pred[6203],0.574602,0.00315989,0.286656,0.360518,0.0844484,0.604817,0.97463,8247.86,8040.97,1.00001
y_pred[6204],0.607812,0.00428312,0.387516,0.358656,0.00245353,0.757627,0.999985,8289.74,7880.87,1.00028
y_pred[6205],0.488625,0.0044344,0.400774,0.651183,0.0001618,0.479652,0.999744,8109.09,7519.74,1.00016
y_pred[6206],0.624973,0.00370129,0.3253,0.384194,0.0457186,0.705464,0.998212,7769.72,7958.04,1.00001
y_pred[6207],0.664039,0.0039065,0.357049,0.253604,0.0176379,0.828603,0.999978,8219.2,7944.49,1.00016
y_pred[6208],0.784587,0.00336558,0.299838,0.0671877,0.0964129,0.954681,1.0,8074.29,7886.07,0.999911
y_pred[6209],0.543187,0.0015297,0.138385,0.1445,0.308692,0.54722,0.767165,8213.24,7786.48,0.999941
y_pred[6210],0.047544,0.00140731,0.119803,0.000507776,1.37212e-14,0.00034249,0.310057,7869.96,7968.75,1.00005
y_pred[6211],0.0557513,0.00203821,0.181735,3.11518e-09,9.77536e-41,2.10116e-09,0.48722,7812.32,7522.08,0.999981
y_pred[6212],0.0359303,0.00169019,0.151174,2.28509e-15,3.33309e-68,1.54127e-15,0.222653,8139.63,7868.18,0.999959
y_pred[6213],0.0603714,0.00180321,0.161792,7.49167e-05,2.13634e-19,5.05306e-05,0.44137,7839.47,7726.35,0.999797
y_pred[6214],0.0678178,0.00208426,0.189225,6.11541e-06,4.82308e-25,4.12479e-06,0.556111,7693.64,8099.37,0.999889
y_pred[6215],0.126295,0.00284963,0.242816,0.00404714,1.37483e-12,0.00272976,0.760191,7808.02,7334.39,0.999897
y_pred[6216],0.0424434,0.000603586,0.0535987,0.0293886,0.000256917,0.0224732,0.15433,7956.77,7809.75,1.00004
y_pred[6217],0.543026,0.00322903,0.288736,0.369777,0.0694945,0.55974,0.963894,8161.89,7614.63,1.00018
y_pred[6218],0.589353,0.00435483,0.389971,0.422832,0.00141561,0.713446,0.99997,8331.9,8368.61,0.999945
y_pred[6219],0.458559,0.00435896,0.39933,0.571119,6.35932e-05,0.391551,0.999405,8306.34,7508.3,1.00022
y_pred[6220],0.591927,0.00372915,0.330313,0.425758,0.0346133,0.649325,0.996167,7927.67,7729.24,0.99974
y_pred[6221],0.628362,0.00411157,0.36373,0.355606,0.0130699,0.757867,0.99993,7879.51,7933.21,0.999865
y_pred[6222],0.760597,0.0035705,0.311946,0.0940606,0.0738226,0.93655,0.999999,7503.74,7890.36,0.999888
y_pred[6223],0.510435,0.00149157,0.136567,0.14394,0.282165,0.510006,0.737692,8385.31,8049.57,1.00022
y_pred[6224],0.44024,0.00322411,0.286877,0.362513,0.0299305,0.416657,0.926386,7872.66,7659.99,1.00042
y_pred[6225],0.474439,0.0043674,0.39462,0.607602,0.000159923,0.431941,0.999564,8121.77,7882.81,0.999798
y_pred[6226],0.354234,0.00424659,0.383113,0.237091,1.7807e-06,0.15994,0.996549,8173.15,7796.87,1.00004
y_pred[6227],0.487875,0.00382144,0.33711,0.482776,0.0114056,0.477974,0.985896,7911.31,7562.46,1.00013
y_pred[6228],0.523735,0.00431632,0.37511,0.575069,0.0029246,0.544573,0.998993,7591.48,7467.99,0.999766
y_pred[6229],0.679318,0.00386464,0.341234,0.249678,0.0309473,0.830667,0.999948,7883.0,7960.85,0.999817
y_pred[6230],0.408776,0.00147878,0.134212,0.141092,0.196284,0.405357,0.637204,8233.71,7831.89,1.0002
y_pred[6231],0.258125,0.00287131,0.251449,0.226687,0.00186397,0.174915,0.776129,7319.47,7804.61,1.00066
y_pred[6232],0.290532,0.0040798,0.360217,0.11343,6.39305e-08,0.0765076,0.987915,7898.56,7904.7,1.00039
y_pred[6233],0.200657,0.00366156,0.320881,0.0158528,4.4963e-12,0.0106926,0.960492,8007.92,7331.25,1.00084
y_pred[6234],0.298537,0.00352549,0.307945,0.255147,0.000316489,0.177513,0.913279,7828.48,7784.73,1.00007
y_pred[6235],0.338654,0.00395654,0.353695,0.279965,3.45274e-05,0.18991,0.979173,7982.15,7671.25,1.00002
y_pred[6236],0.487155,0.00411468,0.365325,0.556106,0.00297231,0.474417,0.996636,7898.48,8093.95,0.99998
y_pred[6237],0.23692,0.00130196,0.116818,0.11718,0.0708215,0.222484,0.452053,8248.4,7870.26,0.999964
y_pred[6238],0.517818,0.00324465,0.289566,0.373021,0.0592037,0.523768,0.959362,7872.59,7955.66,1.00034
y_pred[6239],0.548012,0.00444811,0.396469,0.55771,0.000764519,0.616134,0.999921,7869.38,7739.74,1.00006
y_pred[6240],0.437206,0.00447819,0.3965,0.508907,3.13656e-05,0.346204,0.999114,8136.57,7927.28,1.00036
y_pred[6241],0.565265,0.00377935,0.332287,0.451348,0.0265484,0.605768,0.994985,7890.68,8016.29,0.999958
y_pred[6242],0.614791,0.00423045,0.365294,0.395807,0.00775018,0.728606,0.999891,7580.69,7675.81,1.00042
y_pred[6243],0.744083,0.00352534,0.315999,0.126987,0.0706554,0.914316,0.999997,8118.98,8047.82,0.999728
y_pred[6244],0.486106,0.00158238,0.137459,0.142588,0.260207,0.486038,0.71471,7615.11,7725.37,1.00062
y_pred[6245],0.723399,0.00293087,0.25728,0.249528,0.199088,0.800853,0.997142,7814.9,7890.67,1.00036
y_pred[6246],0.751076,0.00386627,0.343771,0.0572691,0.0212506,0.961372,1.0,7802.67,8137.67,1.0002
y_pred[6247],0.64413,0.00427088,0.382438,0.249663,0.00370615,0.831584,0.999999,8264.28,7941.7,0.99986
y_pred[6248],0.757773,0.00325056,0.286327,0.163551,0.130247,0.888802,0.999939,7717.32,7535.38,1.00002
y_pred[6249],0.78265,0.00349599,0.310312,0.0509147,0.0701757,0.965658,1.0,8090.23,7984.64,0.999789
y_pred[6250],0.87377,0.00267201,0.24141,0.00446856,0.240884,0.996986,1.0,7931.52,7619.85,1.00002
y_pred[6251],0.690916,0.00140331,0.126184,0.130109,0.469885,0.700823,0.883289,8080.91,7238.14,1.0001
y_pred[6252],0.308968,0.00295713,0.265272,0.28156,0.00523581,0.238798,0.826941,7997.81,7729.09,1.00011
y_pred[6253],0.334791,0.00417613,0.374357,0.200878,1.19261e-06,0.135499,0.99489,7945.63,8095.6,0.999959
y_pred[6254],0.240198,0.00400672,0.342264,0.0411295,1.44472e-09,0.0277415,0.979547,7745.13,7514.97,0.99997
y_pred[6255],0.354641,0.00353414,0.318392,0.356913,0.00120779,0.269436,0.944066,8199.04,7590.97,1.00026
y_pred[6256],0.385104,0.00411618,0.36491,0.389426,0.000115566,0.267381,0.990008,7946.31,7816.64,1.00015
y_pred[6257],0.538468,0.00405698,0.364489,0.536316,0.00627262,0.570855,0.997933,8089.78,8143.9,0.999976
y_pred[6258],0.276537,0.00132067,0.121212,0.12263,0.0986507,0.264788,0.496267,8456.86,7972.1,1.00015
y_pred[6259],0.504758,0.00317098,0.288769,0.370285,0.0493632,0.511349,0.95244,8205.05,7963.86,1.00016
y_pred[6260],0.532521,0.00449353,0.395722,0.600119,0.000642079,0.57957,0.999913,7844.49,7746.27,1.00002
y_pred[6261],0.411753,0.00464625,0.391929,0.418648,1.59946e-05,0.283284,0.998957,7436.09,7890.85,1.0003
y_pred[6262],0.548461,0.00388953,0.332211,0.455028,0.0224237,0.583633,0.993044,7455.24,7793.14,1.00027
y_pred[6263],0.592689,0.00414645,0.368205,0.443415,0.00750107,0.691286,0.999778,7902.05,7720.83,1.00071
y_pred[6264],0.72885,0.00379302,0.324105,0.158319,0.0531772,0.893091,0.999993,7627.55,7592.08,0.999875
y_pred[6265],0.469804,0.00151132,0.136941,0.143153,0.246688,0.4668,0.700235,8217.3,7661.58,0.999643
y_pred[6266],0.790484,0.00257462,0.233913,0.161788,0.281517,0.885037,0.999559,8402.42,8099.3,0.999893
y_pred[6267],0.811919,0.00350153,0.313056,0.00796008,0.0558794,0.994631,1.0,7832.13,7795.91,1.0002
y_pred[6268],0.730543,0.00401306,0.353768,0.077265,0.0141673,0.947885,1.0,7710.83,7747.27,1.00065
y_pred[6269],0.822587,0.00286093,0.256571,0.0591735,0.211196,0.960079,0.999999,7992.68,7852.13,1.00016
y_pred[6270],0.846597,0.00300331,0.270247,0.0100416,0.147778,0.993227,1.0,8067.59,7692.72,0.999817
y_pred[6271],0.913272,0.00233802,0.206247,0.000249077,0.36755,0.999832,1.0,7929.91,7727.11,0.999931
y_pred[6272],0.771447,0.00133684,0.114045,0.115753,0.562222,0.785679,0.93318,7250.9,7417.4,0.999986
y_pred[6273],0.892071,0.00197604,0.175889,0.0287469,0.480545,0.980608,1.0,7943.62,7332.41,1.0001
y_pred[6274],0.903408,0.00269778,0.235257,1.63086e-05,0.229098,0.999989,1.0,7822.94,7738.48,1.00002
y_pred[6275],0.861656,0.00310217,0.273909,0.00101187,0.114633,0.999318,1.0,7977.56,7689.85,0.999734
y_pred[6276],0.909088,0.00214061,0.191152,0.00255674,0.4333,0.998276,1.0,8126.99,7773.89,1.00008
y_pred[6277],0.919725,0.00223897,0.204536,2.81694e-05,0.370646,0.999981,1.0,8381.17,8124.56,0.999995
y_pred[6278],0.959372,0.0015822,0.143982,0.0,0.709814,1.0,1.0,8108.9,8014.87,0.999705
y_pred[6279],0.881481,0.000995943,0.0882562,0.07907,0.706232,0.90207,0.984484,8071.21,7958.86,0.999786
y_pred[6280],0.70415,0.00297676,0.264726,0.272343,0.185106,0.779608,0.99617,7986.9,7804.18,1.0003
y_pred[6281],0.727523,0.00392238,0.351161,0.0940695,0.0179723,0.936551,1.0,8064.44,7888.4,0.999888
y_pred[6282],0.630676,0.00432893,0.386789,0.282326,0.00257038,0.809511,0.999997,8163.6,8053.08,1.0006
y_pred[6283],0.750476,0.0032426,0.290962,0.165756,0.129641,0.887282,0.999945,8009.57,8181.45,0.999898
y_pred[6284],0.778485,0.00367313,0.312911,0.0585375,0.0588434,0.960517,1.0,7243.3,7530.43,1.00068
y_pred[6285],0.871542,0.00274125,0.2424,0.00648341,0.238926,0.995627,1.0,8100.69,7330.81,1.00023
y_pred[6286],0.683003,0.00140432,0.12726,0.133584,0.458972,0.692889,0.874087,8269.36,7956.23,1.00007
y_pred[6287],0.57779,0.00322985,0.286921,0.360016,0.0875914,0.607383,0.977473,7955.3,7508.66,1.00082
y_pred[6288],0.612447,0.00432824,0.386257,0.354768,0.00253903,0.760325,0.99999,8162.63,7776.05,1.00059
y_pred[6289],0.493111,0.00436961,0.40047,0.64774,0.000197606,0.475631,0.999779,8338.77,7870.97,1.00028
y_pred[6290],0.624911,0.00367027,0.324068,0.386951,0.0445837,0.699826,0.997994,7836.52,7669.73,0.999988
y_pred[6291],0.66375,0.00397553,0.355196,0.266014,0.0171871,0.819997,0.999978,7956.3,7653.38,0.999972
y_pred[6292],0.782006,0.00332804,0.298635,0.0749002,0.0988617,0.949479,1.0,8269.16,7912.87,1.00015
y_pred[6293],0.544682,0.00150406,0.137954,0.146001,0.31363,0.548611,0.768386,8414.2,8010.59,1.00023
y_pred[6294],0.0498778,0.00144946,0.127264,0.000536363,1.06096e-14,0.000361772,0.311637,8174.93,7645.44,1.00072
y_pred[6295],0.0514427,0.00192033,0.171914,2.55846e-09,6.36684e-41,1.72566e-09,0.413553,7734.94,7887.48,0.999627
y_pred[6296],0.0354478,0.00161308,0.143722,4.12061e-15,2.1588200000000002e-67,2.77932e-15,0.248572,7971.24,7856.23,0.999942
y_pred[6297],0.0598923,0.00176811,0.157544,8.21374e-05,2.0644300000000002e-19,5.54009e-05,0.430996,8115.37,7738.09,1.00008
y_pred[6298],0.0671322,0.00207441,0.184067,7.56302e-06,2.75478e-25,5.10119e-06,0.533949,7627.47,7917.61,1.00018
y_pred[6299],0.123314,0.00265014,0.240454,0.00303214,1.05269e-12,0.00204515,0.75532,8161.58,8320.43,0.999991
y_pred[6300],0.0434909,0.000632863,0.0551533,0.029994,0.000281126,0.0227301,0.156436,7741.15,7927.9,1.00035
y_pred[6301],0.544641,0.00324924,0.287854,0.367168,0.0703279,0.562118,0.96853,7707.52,7340.1,1.00001
y_pred[6302],0.572526,0.0043369,0.390844,0.4704,0.00132124,0.68037,0.999967,8274.19,7599.34,0.999947
y_pred[6303],0.463117,0.00446907,0.400507,0.59079,7.36934e-05,0.406383,0.999451,7924.98,7848.89,1.00051
y_pred[6304],0.588283,0.0036859,0.331933,0.428188,0.0336726,0.651352,0.996265,8145.0,7913.61,1.00028
y_pred[6305],0.631613,0.00410683,0.361527,0.346615,0.0100896,0.763819,0.999933,7890.41,7438.88,1.00063
y_pred[6306],0.765117,0.00345539,0.308415,0.0946047,0.0846597,0.936181,0.999999,7873.69,7955.55,1.00001
y_pred[6307],0.51215,0.00165832,0.136654,0.14515,0.284465,0.512398,0.735131,6814.52,7833.86,1.00041
y_pred[6308],0.439372,0.00326143,0.288025,0.361502,0.0282722,0.41663,0.923244,8025.75,7826.13,0.999999
y_pred[6309],0.474656,0.00434756,0.394437,0.611082,0.000202733,0.437449,0.999379,8274.11,7687.9,0.999918
y_pred[6310],0.356218,0.0043093,0.381484,0.255993,2.13913e-06,0.172704,0.996471,7814.89,7673.06,0.999929
y_pred[6311],0.483412,0.00374844,0.336463,0.473784,0.0125466,0.471781,0.986209,8170.46,8054.97,1.00005
y_pred[6312],0.521866,0.00424699,0.377192,0.581295,0.00233359,0.544384,0.999019,8028.01,7973.81,1.00002
y_pred[6313],0.674007,0.00395203,0.343868,0.260294,0.0282542,0.823359,0.999961,7737.22,7954.89,1.00029
y_pred[6314],0.405857,0.00152232,0.136611,0.144639,0.191353,0.400844,0.641637,8159.85,8184.74,0.999986
y_pred[6315],0.259855,0.00279208,0.25028,0.233529,0.00181688,0.179244,0.777936,8005.3,7500.67,1.00017
y_pred[6316],0.282367,0.00396576,0.357107,0.0977151,4.27754e-08,0.0659081,0.985723,7985.45,7466.92,0.999864
y_pred[6317],0.201735,0.00372274,0.321589,0.0140596,6.45921e-12,0.00948307,0.964931,7643.96,7896.11,0.999773
y_pred[6318],0.300601,0.00341169,0.309039,0.259126,0.00031847,0.181451,0.918844,8458.89,7620.28,0.999893
y_pred[6319],0.339922,0.00415067,0.358464,0.272948,3.17863e-05,0.18499,0.984485,7563.72,7885.91,1.00059
y_pred[6320],0.492666,0.00410907,0.364443,0.553144,0.00249265,0.487788,0.996235,7684.09,7749.15,1.00002
y_pred[6321],0.236361,0.0012741,0.115406,0.115138,0.0723702,0.221685,0.448618,8251.23,8087.63,1.00046
y_pred[6322],0.515994,0.00322237,0.289007,0.371417,0.0574329,0.523094,0.958239,7986.23,7699.2,0.999946
y_pred[6323],0.551832,0.00476398,0.395312,0.547351,0.000853884,0.624408,0.999929,7626.77,7750.35,0.999816
y_pred[6324],0.434057,0.00452348,0.399051,0.490457,3.42301e-05,0.333014,0.99935,7728.04,7650.92,1.0002
y_pred[6325],0.570817,0.00376012,0.332018,0.444353,0.0310774,0.619548,0.995044,7643.06,7398.82,1.00046
y_pred[6326],0.611591,0.00421411,0.368334,0.391765,0.00900989,0.731711,0.999861,7616.89,8017.35,0.99995
y_pred[6327],0.740681,0.00350994,0.318531,0.138075,0.0645403,0.906824,0.999997,8212.96,8159.81,1.00069
y_pred[6328],0.487075,0.00158366,0.137047,0.143834,0.261152,0.486818,0.712284,7576.01,7333.12,1.00032
y_pred[6329],0.722855,0.00287113,0.257293,0.248444,0.20104,0.802446,0.996951,7925.56,7613.74,0.999848
y_pred[6330],0.743975,0.00395995,0.347378,0.0607436,0.0196928,0.959029,1.0,7741.86,8117.62,1.00002
y_pred[6331],0.645675,0.0044509,0.379719,0.250777,0.00389375,0.830806,0.999997,7363.17,7048.16,1.00022
y_pred[6332],0.752507,0.00329061,0.292338,0.161307,0.117936,0.890514,0.99996,7943.56,7195.4,1.00003
y_pred[6333],0.784657,0.00336777,0.309586,0.0500266,0.0703932,0.966257,1.0,8222.13,7810.56,1.00022
y_pred[6334],0.876571,0.00274386,0.242239,0.00446485,0.229414,0.996989,1.0,7717.61,7790.89,0.999977
y_pred[6335],0.692902,0.00139244,0.125606,0.129435,0.468705,0.704404,0.880412,8190.4,8011.85,0.999933
y_pred[6336],0.306793,0.00290965,0.265076,0.281203,0.00605421,0.239045,0.821954,8440.72,7371.13,0.999911
y_pred[6337],0.337737,0.00420572,0.375081,0.21417,1.02097e-06,0.144477,0.993545,7794.69,7546.5,1.00055
y_pred[6338],0.236508,0.00378492,0.341273,0.0358023,9.61122e-10,0.0241483,0.976243,7486.95,7596.56,1.00136
y_pred[6339],0.348776,0.00359416,0.320915,0.346548,0.00105861,0.253076,0.943665,8014.6,7598.89,0.999935
y_pred[6340],0.386462,0.00423335,0.365632,0.393991,0.000143116,0.270277,0.990916,7762.96,7965.64,0.99985
y_pred[6341],0.542007,0.00412048,0.36353,0.526372,0.00629305,0.5848,0.998515,7814.93,8014.52,1.0004
y_pred[6342],0.277958,0.00137532,0.121655,0.12561,0.101178,0.267146,0.496789,7940.42,7437.52,1.00051
y_pred[6343],0.507936,0.00323871,0.285602,0.361832,0.0536489,0.510071,0.950107,7855.14,8009.04,0.999863
y_pred[6344],0.534671,0.00457917,0.396993,0.588098,0.000530081,0.590743,0.999885,7750.61,7523.29,1.0005
y_pred[6345],0.424409,0.00432521,0.397733,0.440941,2.26102e-05,0.298223,0.998954,8500.81,8182.62,1.00015
y_pred[6346],0.555109,0.00382269,0.335195,0.461833,0.0244613,0.592244,0.994321,7463.94,7870.1,1.00027
y_pred[6347],0.587777,0.00429437,0.369894,0.457189,0.00698565,0.68137,0.999789,7922.5,7927.08,0.999796
y_pred[6348],0.731947,0.00358917,0.325095,0.144444,0.0468738,0.902485,0.999993,8205.9,8057.85,1.00005
y_pred[6349],0.467189,0.00149473,0.136536,0.145305,0.243315,0.467489,0.69252,8336.09,7583.78,0.99982
y_pred[6350],0.7922,0.00259712,0.233018,0.158464,0.281038,0.887545,0.999588,8178.85,7623.85,1.00007
y_pred[6351],0.806917,0.00363235,0.31504,0.00994232,0.0561745,0.993294,1.0,8036.99,7928.94,0.99995
y_pred[6352],0.729397,0.00405834,0.354518,0.0774117,0.0153114,0.947787,1.0,7709.03,7799.0,1.00054
y_pred[6353],0.821759,0.00291215,0.255493,0.0635153,0.21758,0.957151,0.999999,7760.8,8129.84,0.999779
y_pred[6354],0.844076,0.00307921,0.272377,0.00993564,0.137946,0.993299,1.0,7970.9,7669.92,0.999898
y_pred[6355],0.912914,0.00229686,0.203169,0.000326913,0.378279,0.99978,1.0,7702.39,7702.63,1.00035
y_pred[6356],0.768917,0.00127252,0.114256,0.11436,0.560954,0.78356,0.929616,8202.43,8057.01,0.999967
y_pred[6357],0.888749,0.00212048,0.183524,0.0294155,0.449168,0.980156,1.0,7966.63,7585.52,1.00072
y_pred[6358],0.903364,0.00260755,0.234203,2.52042e-05,0.228514,0.999983,1.0,8051.61,8095.09,0.999681
y_pred[6359],0.859309,0.00317647,0.276448,0.00123575,0.0976432,0.999167,1.0,8048.77,7836.2,0.99985
y_pred[6360],0.913407,0.00212882,0.188602,0.00182508,0.443398,0.998769,1.0,8095.08,7597.19,1.00023
y_pred[6361],0.925798,0.00222526,0.195578,2.2239e-05,0.419483,0.999985,1.0,7638.25,7311.26,0.999941
y_pred[6362],0.960246,0.00163467,0.141074,0.0,0.711985,1.0,1.0,8072.6,7617.39,0.999962
y_pred[6363],0.881463,0.000958856,0.087193,0.0797757,0.709305,0.901081,0.984828,8161.16,7846.1,1.00013
y_pred[6364],0.708549,0.00290421,0.259759,0.266064,0.196778,0.782039,0.996171,7889.48,7522.56,1.00016
y_pred[6365],0.737023,0.00388359,0.351594,0.0696503,0.0153643,0.953021,1.0,8216.34,7746.72,1.00001
y_pred[6366],0.628122,0.00445189,0.386638,0.293506,0.00259968,0.801972,0.999997,7686.97,7270.19,0.999734
y_pred[6367],0.743165,0.00329546,0.294191,0.180716,0.117796,0.876796,0.999927,8181.01,7685.45,1.00001
y_pred[6368],0.777602,0.00350272,0.310706,0.0620312,0.0662642,0.95816,1.0,7867.73,8057.61,1.00024
y_pred[6369],0.867319,0.00273003,0.246977,0.0059089,0.213231,0.996015,1.0,8358.41,7900.17,1.00024
y_pred[6370],0.679208,0.00141057,0.128045,0.132908,0.452084,0.689666,0.871996,8233.89,7521.66,1.00018
y_pred[6371],0.573727,0.00321939,0.283762,0.353266,0.0872885,0.600942,0.974156,7756.31,7807.64,0.999911
y_pred[6372],0.608392,0.00445287,0.388124,0.357044,0.00240171,0.758868,0.999989,7961.79,8042.65,0.9999
y_pred[6373],0.484524,0.00456846,0.399322,0.639947,0.000111204,0.461199,0.999736,7612.52,7223.04,1.00016
y_pred[6374],0.625865,0.00373877,0.325429,0.387742,0.0459381,0.703285,0.997853,7743.5,7640.22,1.00039
y_pred[6375],0.660591,0.00396566,0.354177,0.27967,0.0155673,0.810528,0.999959,8269.29,8012.43,1.00001
y_pred[6376],0.78467,0.00342373,0.301647,0.0687889,0.0839441,0.953601,1.0,7864.5,7406.95,1.00015
y_pred[6377],0.543451,0.00151385,0.13675,0.145101,0.314045,0.547071,0.765041,8227.34,7761.06,1.00076
y_pred[6378],0.0485747,0.00142608,0.123065,0.000586252,6.52119e-15,0.000395422,0.310478,7843.59,7551.95,0.999974
y_pred[6379],0.0565954,0.00209782,0.184973,2.35972e-09,1.67878e-42,1.59161e-09,0.499791,8176.94,7765.03,1.00042
y_pred[6380],0.0355228,0.00163367,0.148446,2.61032e-15,2.71455e-67,1.76064e-15,0.211899,8179.84,8098.3,1.00004
y_pred[6381],0.0587385,0.00171638,0.156163,6.79388e-05,1.02446e-19,4.58241e-05,0.425152,8256.77,7707.36,1.00039
y_pred[6382],0.0687814,0.0021242,0.189601,4.26755e-06,5.22423e-26,2.87842e-06,0.556518,8073.22,7771.37,1.00012
y_pred[6383],0.122737,0.00270272,0.239153,0.00345317,8.9006e-13,0.00232913,0.756448,8049.89,7847.37,0.999716
y_pred[6384],0.0431031,0.000603653,0.0534435,0.0305007,0.000263831,0.0231412,0.155993,8018.79,8127.03,1.00044
y_pred[6385],0.54561,0.00344567,0.287774,0.365688,0.069874,0.565034,0.967432,7427.18,7960.3,1.00011
y_pred[6386],0.577961,0.00437273,0.389933,0.472268,0.00163932,0.679343,0.999971,7867.39,7686.82,1.00017
y_pred[6387],0.462488,0.00447643,0.39815,0.585119,6.79442e-05,0.404447,0.999588,7944.79,7163.43,0.999965
y_pred[6388],0.597072,0.00367328,0.330558,0.423542,0.0335224,0.658692,0.996796,8276.94,8013.55,0.999901
y_pred[6389],0.635504,0.00425947,0.362472,0.33027,0.0131099,0.775676,0.999946,7779.26,8012.32,0.999763
y_pred[6390],0.761155,0.00351232,0.311391,0.100779,0.0676729,0.932015,0.999999,8337.09,7936.29,1.00055
y_pred[6391],0.512864,0.00155704,0.136254,0.140849,0.283155,0.514879,0.736247,7628.83,7456.46,1.00029
y_pred[6392],0.438525,0.00318412,0.28703,0.3596,0.0289113,0.417236,0.920701,8213.06,7606.27,1.00004
y_pred[6393],0.46432,0.00441021,0.394435,0.581205,0.000119238,0.405634,0.999403,8049.25,7768.25,0.99992
y_pred[6394],0.359864,0.00441382,0.385316,0.253814,1.46134e-06,0.171229,0.9969,7840.63,7793.49,0.999996
y_pred[6395],0.489824,0.00381006,0.336686,0.480244,0.01135,0.483892,0.985748,7893.37,7890.08,1.00064
y_pred[6396],0.534218,0.00426726,0.37558,0.563556,0.00298063,0.571969,0.998983,7561.38,7627.47,0.999931
y_pred[6397],0.679741,0.00383615,0.341191,0.251595,0.0344398,0.82934,0.999952,7923.66,7754.18,0.999946
y_pred[6398],0.409618,0.00147693,0.133647,0.14068,0.19909,0.404227,0.638593,8183.27,7969.46,1.00004
y_pred[6399],0.260793,0.0028042,0.251191,0.233718,0.0018248,0.181917,0.778928,7922.26,8008.91,0.999886
y_pred[6400],0.293398,0.00392437,0.359925,0.118584,8.53759e-08,0.079984,0.987365,8274.96,7880.69,0.999992
y_pred[6401],0.202796,0.00357497,0.321663,0.0144556,9.26071e-12,0.00975018,0.961848,8151.53,7807.71,1.00023
y_pred[6402],0.30001,0.0034542,0.309024,0.262711,0.000320655,0.184119,0.920288,8112.15,8080.63,0.999916
y_pred[6403],0.335063,0.00393489,0.35721,0.253355,1.91717e-05,0.171284,0.982362,8115.09,7796.02,1.00003
y_pred[6404],0.486629,0.004202,0.365393,0.555759,0.00245029,0.469256,0.995761,7697.78,8011.09,1.0
y_pred[6405],0.236914,0.00130631,0.117016,0.119171,0.0711682,0.22176,0.452867,8006.14,7928.16,1.00035
y_pred[6406],0.522128,0.00313641,0.285928,0.361695,0.0615066,0.53446,0.953223,8359.2,7930.44,1.00018
y_pred[6407],0.554666,0.00450259,0.395683,0.544269,0.000748216,0.626556,0.999914,7786.9,7536.58,1.00021
y_pred[6408],0.437805,0.00444459,0.398081,0.504644,2.68403e-05,0.342488,0.999236,7974.41,7969.81,1.00026
y_pred[6409],0.573344,0.00378156,0.332279,0.445191,0.0311435,0.622411,0.994707,7698.12,8218.02,0.999853
y_pred[6410],0.604595,0.00413059,0.368991,0.406978,0.00842234,0.720147,0.999806,8026.61,7560.01,0.999729
y_pred[6411],0.74264,0.00354057,0.320759,0.124123,0.060411,0.916251,0.999997,8101.54,7480.52,0.999687
y_pred[6412],0.485715,0.00149931,0.136974,0.141691,0.260911,0.482382,0.713743,8341.41,7651.81,1.00024
y_pred[6413],0.721894,0.0029952,0.261274,0.245733,0.19307,0.806695,0.997672,8001.34,8142.39,0.999922
y_pred[6414],0.743031,0.00388527,0.348009,0.0589808,0.0174853,0.960218,1.0,7885.65,7707.75,0.999932
y_pred[6415],0.64946,0.00422722,0.382391,0.229648,0.00340686,0.84509,0.999999,8166.53,7867.17,0.999745
y_pred[6416],0.753417,0.0033052,0.291522,0.158815,0.116256,0.892284,0.999967,7905.08,7790.83,1.00001
y_pred[6417],0.788238,0.00347418,0.307486,0.0430458,0.077991,0.970966,1.0,7915.23,7649.41,1.00056
y_pred[6418],0.872365,0.00270039,0.244335,0.00424913,0.228649,0.997134,1.0,8335.99,8119.85,1.00004
y_pred[6419],0.691899,0.00144174,0.126624,0.132637,0.46846,0.701526,0.8777,7717.29,7641.96,1.00017
y_pred[6420],0.306535,0.00304079,0.266219,0.275879,0.00442591,0.234248,0.832581,7545.18,7927.33,0.999999
y_pred[6421],0.330045,0.00413727,0.371965,0.199945,1.40098e-06,0.13488,0.993237,7886.24,7467.78,1.00083
y_pred[6422],0.235366,0.00374147,0.337556,0.0379216,7.48122e-10,0.0255777,0.977183,8164.34,8142.86,0.999735
y_pred[6423],0.353739,0.00372542,0.322962,0.353586,0.00107295,0.260941,0.94696,7637.3,7918.0,0.999607
y_pred[6424],0.391251,0.00409113,0.366259,0.402199,0.000190626,0.276658,0.990592,7963.65,7590.34,1.00011
y_pred[6425],0.539052,0.00402864,0.362551,0.531826,0.00538724,0.575341,0.998522,8178.95,8062.83,1.00003
y_pred[6426],0.277658,0.00136864,0.123092,0.12755,0.0990699,0.265321,0.499675,7990.56,7743.29,0.999792
y_pred[6427],0.504236,0.00318159,0.290181,0.37193,0.0523913,0.504634,0.952981,8318.86,7595.4,1.0005
y_pred[6428],0.536917,0.00440994,0.396089,0.599696,0.000581714,0.580272,0.99989,8024.98,8143.33,1.00067
y_pred[6429],0.416886,0.00446413,0.398417,0.418682,1.73476e-05,0.283022,0.99894,7819.39,7852.06,0.99991
y_pred[6430],0.557802,0.00382496,0.334188,0.46141,0.0284825,0.593613,0.993467,7716.64,8031.84,1.00112
y_pred[6431],0.585842,0.00408511,0.3697,0.463591,0.00698671,0.676706,0.999764,8204.51,7845.15,0.999846
y_pred[6432],0.726965,0.00362402,0.324162,0.161642,0.0543628,0.890868,0.999995,8183.42,8221.14,1.00009
y_pred[6433],0.468179,0.00151552,0.137697,0.141955,0.244657,0.467106,0.701544,8275.29,7967.73,0.999789
y_pred[6434],0.791516,0.00256588,0.232951,0.161375,0.292552,0.884933,0.999592,7807.49,7587.94,0.999951
y_pred[6435],0.814286,0.00345579,0.308606,0.00968583,0.0488797,0.993467,1.0,7914.73,7613.52,1.00024
y_pred[6436],0.737123,0.00389967,0.350711,0.0683701,0.0114602,0.953885,1.0,8216.03,7657.11,0.9999
y_pred[6437],0.822171,0.00296131,0.257082,0.0601105,0.211425,0.95945,0.999999,7665.8,7797.39,1.0
y_pred[6438],0.849681,0.00303696,0.267286,0.00816171,0.147961,0.994495,1.0,8019.27,7759.12,0.999954
y_pred[6439],0.911119,0.00226227,0.206723,0.000287624,0.363923,0.999806,1.0,8204.97,7948.57,1.00042
y_pred[6440],0.771332,0.0012779,0.114629,0.117824,0.561776,0.78598,0.932688,7821.15,7155.83,1.00001
y_pred[6441],0.892384,0.0020122,0.177615,0.0277661,0.469284,0.98127,1.0,7747.92,7789.56,1.00073
y_pred[6442],0.907592,0.0026027,0.230039,1.4826e-05,0.245192,0.99999,1.0,8042.97,7449.43,1.00018
y_pred[6443],0.855636,0.00326077,0.28341,0.000881406,0.0873769,0.999405,1.0,7275.28,7951.47,1.00018
y_pred[6444],0.911534,0.00217386,0.190116,0.00195926,0.429095,0.998679,1.0,8362.95,7623.16,0.999886
y_pred[6445],0.924372,0.00223169,0.198607,2.29803e-05,0.393468,0.999985,1.0,8075.3,7691.01,0.999765
y_pred[6446],0.957408,0.0016683,0.147274,0.0,0.684533,1.0,1.0,8059.69,7766.18,0.999984
y_pred[6447],0.882004,0.000965205,0.0866492,0.0776719,0.71215,0.901767,0.984314,8106.56,8187.15,1.00034
y_pred[6448],0.714269,0.00294713,0.258808,0.252231,0.197107,0.793725,0.996234,7670.6,7508.92,1.00017
y_pred[6449],0.736501,0.0040198,0.350906,0.0656013,0.0192059,0.955753,1.0,7756.12,6465.18,0.999754
y_pred[6450],0.629554,0.00426104,0.386654,0.285903,0.0023161,0.807102,0.999997,8209.76,8010.39,1.00023
y_pred[6451],0.744982,0.00321244,0.291649,0.183887,0.120865,0.874452,0.999927,8086.16,7613.04,1.00005
y_pred[6452],0.777357,0.00350862,0.31162,0.0632025,0.0711453,0.957369,1.0,7979.75,8004.87,1.00005
y_pred[6453],0.868443,0.00287369,0.246356,0.0056702,0.225762,0.996175,1.0,7757.49,7870.97,1.00004
y_pred[6454],0.680015,0.00143776,0.12905,0.133233,0.447986,0.690387,0.873259,8087.7,8043.85,1.00012
y_pred[6455],0.577986,0.00322985,0.284718,0.351553,0.0880524,0.605297,0.97654,7796.61,8069.55,1.00016
y_pred[6456],0.605058,0.00449822,0.388541,0.369109,0.00236884,0.75071,0.99999,7698.21,7902.69,1.00018
y_pred[6457],0.485856,0.00437319,0.399278,0.638942,0.000136647,0.457661,0.999692,8347.25,7852.61,1.00014
y_pred[6458],0.616468,0.00364067,0.324916,0.395857,0.0407005,0.685584,0.997619,8148.63,7386.31,1.0001
y_pred[6459],0.658385,0.0039267,0.357255,0.274694,0.0158852,0.814178,0.999973,8260.39,8082.36,1.00038
y_pred[6460],0.782429,0.00334327,0.30111,0.0695021,0.0935861,0.953121,1.0,8085.31,7529.2,1.00008
y_pred[6461],0.543822,0.00155445,0.137011,0.144366,0.310248,0.545949,0.764755,7764.54,7773.35,1.00051
y_pred[6462],0.0499282,0.00142281,0.124705,0.000649053,1.20665e-14,0.00043778,0.325627,7651.16,7827.32,0.999977
y_pred[6463],0.0587216,0.00207249,0.185783,3.70061e-09,7.96965e-41,2.49603e-09,0.51913,7929.72,8054.4,1.00044
y_pred[6464],0.0356791,0.00166621,0.149933,1.23804e-15,3.24542e-69,8.35047e-16,0.230414,7581.32,7668.55,1.00024
y_pred[6465],0.0607399,0.0019329,0.16191,7.7957e-05,3.12251e-19,5.25813e-05,0.436474,7073.52,7416.22,1.00003
y_pred[6466],0.0695987,0.00214934,0.192719,6.29046e-06,2.79063e-26,4.24286e-06,0.567895,8518.92,7974.13,1.00011
y_pred[6467],0.123669,0.00273299,0.23908,0.00367326,5.49983e-13,0.00247758,0.741775,7694.63,8043.12,0.999639
y_pred[6468],0.041863,0.000606106,0.0534231,0.0286132,0.00026516,0.0215463,0.152479,7583.9,7512.15,1.00042
y_pred[6469],0.546387,0.00324451,0.28692,0.366641,0.0736093,0.560943,0.964315,7920.45,7851.84,0.999944
y_pred[6470],0.581361,0.00443841,0.390993,0.439458,0.00155373,0.702039,0.999971,7970.5,7195.26,0.999689
y_pred[6471],0.461298,0.00437332,0.40067,0.585204,5.86465e-05,0.40341,0.999552,8391.34,7930.77,0.999886
y_pred[6472],0.584508,0.00367709,0.331215,0.434936,0.0328386,0.641809,0.99666,7949.64,7583.47,1.00017
y_pred[6473],0.638597,0.00403998,0.362201,0.330034,0.011761,0.775819,0.99995,8092.08,8073.8,0.999844
y_pred[6474],0.76476,0.0033619,0.307356,0.0954372,0.0842795,0.935618,0.999999,8233.31,7881.1,0.999927
y_pred[6475],0.512096,0.00155189,0.137021,0.141791,0.288662,0.512332,0.737303,7788.01,7509.56,1.00031
y_pred[6476],0.437553,0.00319507,0.284864,0.356602,0.0291417,0.411145,0.919125,7923.25,7948.7,1.00064
y_pred[6477],0.470529,0.00451559,0.394546,0.600734,0.00010097,0.427202,0.999411,7904.79,7939.51,1.00065
y_pred[6478],0.364019,0.00431868,0.383344,0.271623,1.77435e-06,0.183251,0.996554,7876.06,7675.21,1.00026
y_pred[6479],0.483675,0.00373922,0.336219,0.474657,0.0103112,0.472741,0.983727,8127.62,7697.96,1.00039
y_pred[6480],0.526417,0.00430596,0.378837,0.580128,0.00222754,0.558707,0.999008,7831.61,7929.88,1.00011
y_pred[6481],0.68162,0.00391363,0.338939,0.254935,0.0339983,0.826855,0.999941,7370.57,7507.8,1.00085
y_pred[6482],0.40838,0.00145607,0.134883,0.142355,0.19371,0.404945,0.636081,8603.62,7806.63,1.00037
y_pred[6483],0.260065,0.00284082,0.253895,0.228769,0.0019187,0.175613,0.787007,7872.67,7341.32,1.00023
y_pred[6484],0.288742,0.00396958,0.358743,0.115169,1.21581e-07,0.0776811,0.985684,8112.41,7598.35,0.999934
y_pred[6485],0.195903,0.00346226,0.317306,0.0131497,9.4906e-12,0.00886938,0.956036,7747.08,7886.77,1.00022
y_pred[6486],0.306745,0.00343881,0.31026,0.276464,0.000313016,0.194755,0.916346,8096.91,8049.62,0.999872
y_pred[6487],0.338551,0.0040557,0.354701,0.272783,2.64206e-05,0.184468,0.982343,7725.91,7974.4,1.00027
y_pred[6488],0.490494,0.00403197,0.365112,0.554816,0.00243245,0.484768,0.996022,8115.37,7539.29,1.00021
y_pred[6489],0.236237,0.00128359,0.115634,0.114632,0.0731336,0.221596,0.449315,8229.58,7765.25,1.00035
y_pred[6490],0.527638,0.00340209,0.288304,0.366455,0.0623351,0.536529,0.959959,7430.79,7276.1,1.00014
y_pred[6491],0.555239,0.00441088,0.394192,0.538636,0.000847457,0.630926,0.999933,8066.96,7889.66,0.999707
y_pred[6492],0.434708,0.00447655,0.396494,0.493929,4.1432e-05,0.335645,0.999209,7707.47,7520.11,1.00005
y_pred[6493],0.565494,0.0037556,0.333236,0.45576,0.0286171,0.606731,0.994529,8007.59,7998.93,0.999806
y_pred[6494],0.609287,0.0041481,0.364817,0.406777,0.0100751,0.719695,0.999861,7901.69,7005.69,1.00015
y_pred[6495],0.745633,0.00349835,0.317754,0.122526,0.0635022,0.917314,0.999997,8208.87,7710.87,0.999748
y_pred[6496],0.486324,0.00149535,0.137276,0.146022,0.261447,0.487322,0.710468,8448.88,7875.96,0.999937
y_pred[6497],0.722759,0.00293705,0.25608,0.249954,0.206665,0.799327,0.996897,7754.35,7784.38,1.00055
y_pred[6498],0.742641,0.00387276,0.348065,0.0659357,0.0174423,0.955527,1.0,7832.56,7673.25,1.0001
y_pred[6499],0.6463,0.00430551,0.381996,0.236583,0.00332358,0.8404,0.999998,7545.48,7808.67,1.00002
y_pred[6500],0.753372,0.00331044,0.290846,0.157579,0.127978,0.893045,0.999955,7587.31,7950.17,1.00021
y_pred[6501],0.787804,0.00348962,0.308188,0.0510467,0.0697799,0.965569,1.0,8143.78,7789.21,1.00013
y_pred[6502],0.873727,0.00267169,0.241297,0.00401562,0.227574,0.997291,1.0,8205.38,8208.26,1.00034
y_pred[6503],0.690241,0.00143558,0.127165,0.130604,0.465481,0.700497,0.88459,7814.75,7568.61,1.00026
y_pred[6504],0.30993,0.00299255,0.267027,0.284729,0.00543965,0.242125,0.836728,7935.31,7093.93,1.00058
y_pred[6505],0.33774,0.00419456,0.374264,0.21263,1.15211e-06,0.143429,0.993334,8070.29,7698.59,0.999841
y_pred[6506],0.240828,0.0038219,0.340443,0.0420593,9.78628e-10,0.0283686,0.973709,7792.88,7802.71,1.00004
y_pred[6507],0.349073,0.00360091,0.319557,0.345832,0.00109155,0.254878,0.938326,7958.26,7688.6,0.999729
y_pred[6508],0.390055,0.0040966,0.365896,0.40559,0.0001457,0.278991,0.991278,8032.03,7907.31,0.999951
y_pred[6509],0.542118,0.0040368,0.363901,0.531689,0.00608495,0.583263,0.998127,8166.01,7848.83,1.00039
y_pred[6510],0.279171,0.00133844,0.122388,0.125297,0.101448,0.265886,0.499968,8413.54,8144.24,0.999914
y_pred[6511],0.502239,0.00323854,0.289223,0.368436,0.0489015,0.500842,0.950898,7998.51,8101.26,1.00017
y_pred[6512],0.533853,0.00451948,0.395421,0.595395,0.00051883,0.581937,0.999886,7869.71,7866.46,1.00022
y_pred[6513],0.410644,0.00437167,0.392347,0.420932,1.51864e-05,0.284697,0.998844,7924.87,7936.19,1.00075
y_pred[6514],0.546966,0.00379583,0.336134,0.470462,0.0199103,0.574691,0.99252,7779.21,7624.61,1.00003
y_pred[6515],0.586584,0.00429728,0.370326,0.459934,0.00561541,0.679407,0.999784,7543.0,7810.31,0.999941
y_pred[6516],0.726465,0.00372893,0.324038,0.158414,0.0515533,0.893045,0.999991,7567.52,7897.27,1.00047
y_pred[6517],0.467181,0.00157685,0.137742,0.145978,0.243918,0.465294,0.697414,7640.41,7535.8,0.999879
y_pred[6518],0.79039,0.00272737,0.236146,0.158989,0.273823,0.887468,0.999578,7726.92,7900.32,1.00031
y_pred[6519],0.812675,0.00357181,0.31052,0.00894082,0.0438075,0.993969,1.0,7866.0,7843.12,0.99969
y_pred[6520],0.726075,0.00391611,0.358212,0.0797298,0.0132362,0.946223,1.0,8248.67,7582.06,1.00044
y_pred[6521],0.818403,0.00287045,0.258109,0.0622203,0.214515,0.958027,0.999999,8063.48,7491.26,0.999852
y_pred[6522],0.846433,0.00301989,0.269388,0.00905424,0.150426,0.993893,1.0,8025.76,7943.55,1.00033
y_pred[6523],0.915462,0.002194,0.198345,0.000292814,0.418013,0.999802,1.0,8333.32,7895.23,1.0005
y_pred[6524],0.768074,0.00128573,0.11554,0.115437,0.555875,0.783927,0.929871,7954.46,7342.41,1.00014
y_pred[6525],0.895827,0.00200563,0.174218,0.0280486,0.487255,0.981078,1.0,7801.22,7769.53,1.00028
y_pred[6526],0.902544,0.00263949,0.238372,1.63086e-05,0.211179,0.999989,1.0,8151.11,8116.72,0.999841
y_pred[6527],0.854062,0.0032216,0.283615,0.0011757,0.09043,0.999207,1.0,7770.73,6822.51,1.00056
y_pred[6528],0.908603,0.00215449,0.193522,0.00234251,0.418992,0.99842,1.0,7535.31,7158.57,1.00043
y_pred[6529],0.924655,,0.197633,2.07564e-05,0.408266,0.999986,1.0,7856.11,7787.33,1.00002
y_pred[6530],0.954658,0.00190418,0.154399,0.0,0.645104,1.0,1.0,7974.29,6495.66,1.00003
y_pred[6531],0.880665,0.000983033,0.0880945,0.0794281,0.707253,0.902229,0.984192,8121.49,7929.48,1.00076
y_pred[6532],0.71129,0.00289563,0.258937,0.25962,0.195714,0.785284,0.99665,7935.44,7872.18,1.00012
y_pred[6533],0.737137,0.00411898,0.350735,0.0667511,0.0154601,0.954977,1.0,7857.99,7579.67,1.00009
y_pred[6534],0.63191,0.00436917,0.387962,0.275237,0.00308311,0.814302,0.999998,7949.53,7806.21,1.00026
y_pred[6535],0.746737,0.00324146,0.289353,0.184265,0.128173,0.874346,0.999925,8015.69,7847.49,1.00028
y_pred[6536],0.782308,0.00345029,0.311693,0.0542617,0.0632338,0.963401,1.0,8203.22,8015.53,0.999906
y_pred[6537],0.861343,0.00290264,0.255164,0.00651825,0.194289,0.995603,1.0,7837.12,7182.29,1.00035
y_pred[6538],0.679267,0.0014297,0.12944,0.134329,0.447449,0.689953,0.871129,8196.07,7409.85,1.00012
y_pred[6539],0.576897,0.0031551,0.286483,0.361064,0.0852638,0.607336,0.976473,8322.16,7537.12,1.00023
y_pred[6540],0.609527,0.00426945,0.385572,0.359966,0.00222189,0.756738,0.999988,8159.25,7684.26,1.00023
y_pred[6541],0.492501,0.00451996,0.40114,0.649687,0.000176613,0.474445,0.999745,7885.4,7931.37,0.999926
y_pred[6542],0.621934,0.00367563,0.324284,0.386643,0.045633,0.701082,0.997553,7851.87,7813.73,1.00007
y_pred[6543],0.666651,0.0039523,0.354246,0.262605,0.0176347,0.822237,0.999973,7991.17,7766.51,0.999725
y_pred[6544],0.783873,0.0034151,0.298366,0.070683,0.091792,0.952323,1.0,7953.39,8016.07,1.0008
y_pred[6545],0.543655,0.00151462,0.135969,0.142287,0.318405,0.54469,0.766169,8069.99,7588.9,1.00048
y_pred[6546],0.0465294,0.00130014,0.117678,0.000568108,2.69595e-14,0.000383184,0.295916,8112.31,7743.46,1.00006
y_pred[6547],0.0553732,0.00206349,0.180681,2.27468e-09,2.50498e-41,1.53425e-09,0.484683,7502.64,7705.62,0.999963
y_pred[6548],0.0297424,0.00148755,0.13178,1.88658e-15,2.2117600000000002e-67,1.27248e-15,0.158024,7983.53,7356.55,0.999706
y_pred[6549],0.057829,0.00172517,0.154495,8.00133e-05,2.25453e-19,5.39682e-05,0.405526,7692.01,7751.1,1.00012
y_pred[6550],0.0647856,0.00207103,0.184609,5.03959e-06,9.959240000000001e-26,3.39916e-06,0.525018,8042.64,7970.95,1.00015
y_pred[6551],0.121818,0.00266426,0.237079,0.00366308,5.35002e-13,0.00247072,0.742944,8405.37,8188.03,0.999955
y_pred[6552],0.0431381,0.000608709,0.0547271,0.0293805,0.000231846,0.0223556,0.158936,8185.38,8012.08,0.99983
y_pred[6553],0.545313,0.00320924,0.289872,0.367466,0.0670777,0.56529,0.968979,8217.36,7700.2,1.0002
y_pred[6554],0.57604,0.00443299,0.395011,0.459651,0.00109799,0.688283,0.999966,8008.34,7160.5,1.0
y_pred[6555],0.462965,0.00465372,0.399382,0.594108,5.91792e-05,0.411724,0.999559,7861.5,7557.24,0.999992
y_pred[6556],0.594481,0.00376126,0.330348,0.425557,0.0338281,0.654049,0.996675,7793.9,7647.91,0.999986
y_pred[6557],0.633275,0.00403276,0.361953,0.345374,0.0122682,0.765,0.999927,8136.19,7856.54,1.00014
y_pred[6558],0.766227,0.00344517,0.311569,0.086211,0.0774236,0.941843,0.999999,8062.72,7579.27,0.999743
y_pred[6559],0.509612,0.00149571,0.136977,0.146037,0.281217,0.510224,0.731029,8388.1,7931.6,1.00017
y_pred[6560],0.439319,0.00319063,0.286164,0.363188,0.0312491,0.413025,0.914198,8071.89,7848.73,1.00033
y_pred[6561],0.474302,0.00440527,0.396519,0.627048,0.000169335,0.449846,0.999482,8217.52,7499.07,1.00016
y_pred[6562],0.358604,0.00435541,0.384675,0.257433,1.99012e-06,0.173673,0.99681,7344.04,7487.09,0.999895
y_pred[6563],0.488628,0.00367103,0.334649,0.474665,0.0110991,0.483113,0.985268,8465.57,8028.27,1.00027
y_pred[6564],0.537022,0.00427821,0.374805,0.561896,0.00253527,0.574597,0.999287,7664.58,7377.23,1.00018
y_pred[6565],0.670728,0.00388125,0.344443,0.271371,0.0299349,0.81584,0.999959,8008.8,7678.24,1.00033
y_pred[6566],0.410711,0.0015291,0.135683,0.140814,0.196129,0.40234,0.645513,7923.12,7766.86,1.0003
y_pred[6567],0.266998,0.00281913,0.256166,0.239726,0.0018018,0.184387,0.786534,8272.56,7877.06,1.00014
y_pred[6568],0.291484,0.00397952,0.359322,0.119196,5.23173e-08,0.0803968,0.986987,8009.31,7951.0,1.00042
y_pred[6569],0.196803,0.00352541,0.317715,0.0122227,8.58804e-12,0.00824407,0.961538,8003.49,8094.45,1.00012
y_pred[6570],0.299681,0.00343011,0.305454,0.264501,0.000351974,0.185533,0.902962,7940.43,7401.55,0.999961
y_pred[6571],0.339552,0.00398583,0.357194,0.264144,2.41357e-05,0.178576,0.983668,7993.51,7629.22,1.00005
y_pred[6572],0.48211,0.00405523,0.361676,0.540801,0.00279847,0.466175,0.995434,7780.34,7435.41,1.00028
y_pred[6573],0.234631,0.00127388,0.115371,0.117191,0.0728157,0.220061,0.447905,8251.03,8011.72,1.00025
y_pred[6574],0.51904,0.00325176,0.286709,0.365954,0.0572664,0.527864,0.953636,7859.4,7852.33,1.00001
y_pred[6575],0.546461,0.00429902,0.396639,0.567148,0.000762576,0.609905,0.999923,8351.98,7953.31,1.00017
y_pred[6576],0.436752,0.00443022,0.395217,0.512593,4.80915e-05,0.349462,0.999034,7823.68,7751.46,1.00004
y_pred[6577],0.570426,0.00381804,0.33351,0.447518,0.0257943,0.616324,0.994354,7717.79,7404.19,0.999814
y_pred[6578],0.616022,0.00402639,0.366687,0.382434,0.00789103,0.738444,0.999857,8421.19,8128.64,1.00026
y_pred[6579],0.742731,0.00362915,0.31975,0.126945,0.0612194,0.914349,0.999998,7998.33,8015.24,1.00009
y_pred[6580],0.487431,0.00151481,0.137946,0.146055,0.258659,0.487889,0.71176,8322.74,7830.62,0.999896
y_pred[6581],0.72149,0.00302749,0.259805,0.248126,0.197127,0.802724,0.997118,7750.89,7888.97,1.00004
y_pred[6582],0.750472,0.00385336,0.343717,0.0568622,0.0208349,0.961647,1.0,7946.06,7810.9,1.00005
y_pred[6583],0.644328,0.00438051,0.381859,0.24955,0.00351979,0.831653,0.999998,7533.91,7682.04,1.00008
y_pred[6584],0.751713,0.00327687,0.289881,0.167046,0.124805,0.886257,0.999956,7889.83,7589.01,0.999968
y_pred[6585],0.780526,0.00349671,0.312153,0.0536101,0.068926,0.96384,1.0,7950.26,7133.22,1.00003
y_pred[6586],0.876794,0.00264496,0.238961,0.00390443,0.245907,0.997367,1.0,8288.57,7526.18,0.999852
y_pred[6587],0.690311,0.0013954,0.125711,0.129812,0.467197,0.700972,0.87783,8169.37,7969.65,0.999834
y_pred[6588],0.297025,0.00292196,0.261589,0.271724,0.00457504,0.226129,0.814154,7898.78,7559.11,1.00015
y_pred[6589],0.335399,0.00438364,0.373686,0.206942,1.32045e-06,0.139595,0.99333,7287.66,7954.26,1.00022
y_pred[6590],0.235131,0.00384856,0.339467,0.0357829,3.15794e-10,0.0241353,0.979191,7434.34,7912.14,0.999687
y_pred[6591],0.351848,0.00353278,0.322078,0.350472,0.000964652,0.258305,0.944891,8273.71,7769.37,0.999828
y_pred[6592],0.384891,0.00442207,0.365605,0.38743,0.000155836,0.265395,0.990127,7135.1,7783.86,1.00015
y_pred[6593],0.541917,0.0040147,0.363759,0.526423,0.00652938,0.587195,0.99863,8089.35,7506.16,0.999847
y_pred[6594],0.279065,0.00144077,0.123209,0.126494,0.100887,0.266331,0.503557,7573.52,7833.53,1.00045
y_pred[6595],0.505183,0.0032761,0.289535,0.374147,0.0533479,0.509429,0.952931,7957.75,8056.27,1.00039
y_pred[6596],0.528545,0.00445486,0.395225,0.605656,0.000487687,0.571751,0.999908,8147.16,7968.4,0.999693
y_pred[6597],0.418501,0.00463354,0.394357,0.440553,2.22673e-05,0.298038,0.998845,7037.2,7991.55,1.00091
y_pred[6598],0.547705,0.00385188,0.334462,0.461816,0.0194936,0.576151,0.993291,7752.76,7777.66,1.00015
y_pred[6599],0.5875,0.00421419,0.372327,0.451625,0.00652433,0.686805,0.999756,7837.81,7591.08,1.00044
y_pred[6600],0.73034,0.00368503,0.322084,0.151801,0.0595876,0.897533,0.999995,7860.9,8080.39,0.999834
y_pred[6601],0.469899,0.00153441,0.137476,0.145731,0.244399,0.468959,0.696611,8020.7,7246.03,1.00011
y_pred[6602],0.790928,0.00261754,0.233459,0.164322,0.28385,0.883382,0.999651,7950.49,8013.19,1.00038
y_pred[6603],0.813026,0.00345402,0.310005,0.010138,0.0565264,0.993162,1.0,8070.66,8078.84,1.0002
y_pred[6604],0.725013,0.00398492,0.356796,0.0854215,0.0123726,0.942384,1.0,7959.42,7490.62,0.999864
y_pred[6605],0.819891,0.00293308,0.25942,0.0605294,0.206756,0.959166,0.999999,7762.51,7888.93,1.00062
y_pred[6606],0.848569,0.00300245,0.266906,0.00877699,0.166287,0.99408,1.0,7965.98,7921.55,0.999917
y_pred[6607],0.90927,0.00232867,0.209346,0.000348411,0.355845,0.999765,1.0,7997.89,7644.65,1.00014
y_pred[6608],0.766854,0.00130824,0.115592,0.119515,0.555883,0.780174,0.931379,7815.79,7549.97,0.99979
y_pred[6609],0.89708,0.00191646,0.173383,0.0259803,0.478417,0.982473,1.0,8160.11,7981.25,0.999981
y_pred[6610],0.905096,0.0026152,0.233146,1.63086e-05,0.239813,0.999989,1.0,7970.1,7769.67,0.999772
y_pred[6611],0.85904,0.00327894,0.277086,0.000999272,0.0945702,0.999326,1.0,7440.36,7877.5,0.999917
y_pred[6612],0.911638,0.00215816,0.190718,0.00194888,0.430406,0.998686,1.0,8178.86,7533.42,1.00069
y_pred[6613],0.924466,0.00222967,0.196759,2.07564e-05,0.422521,0.999986,1.0,7688.36,7700.04,1.00007
y_pred[6614],0.956549,0.00169412,0.149596,0.0,0.681729,1.0,1.0,8059.36,7674.56,0.999899
y_pred[6615],0.881373,0.000972981,0.0873894,0.0788966,0.70471,0.900944,0.984612,8027.33,7771.38,1.00009
y_pred[6616],0.703673,0.00287589,0.261469,0.268748,0.189767,0.773781,0.995913,8234.86,7969.93,1.00033
y_pred[6617],0.735035,0.0039508,0.35021,0.0737586,0.0184106,0.95025,1.0,8040.65,7560.47,1.0002
y_pred[6618],0.636405,0.00426637,0.383882,0.267895,0.00331232,0.81926,0.999998,8084.31,7373.66,0.999988
y_pred[6619],0.748138,0.00333658,0.291312,0.177067,0.124079,0.879369,0.999945,7826.11,7463.3,0.999739
y_pred[6620],0.77872,0.00346542,0.311244,0.0587184,0.0695167,0.960395,1.0,7973.63,7604.99,1.00012
y_pred[6621],0.868781,0.00274939,0.245414,0.00598674,0.217149,0.995962,1.0,7967.46,7505.66,0.999878
y_pred[6622],0.681983,0.00145958,0.126798,0.129633,0.45353,0.689827,0.875493,7666.88,7450.56,1.00016
y_pred[6623],0.577109,0.003227,0.28386,0.355198,0.0898783,0.603873,0.974428,7949.0,7963.45,1.00056
y_pred[6624],0.607284,0.00437545,0.38805,0.360309,0.00246548,0.756617,0.999988,8011.3,7927.94,1.00001
y_pred[6625],0.4829,0.00451973,0.397965,0.631122,0.000156661,0.455232,0.999623,8061.29,7930.98,1.00019
y_pred[6626],0.624869,0.00360968,0.324086,0.382751,0.0504758,0.705621,0.998059,7736.52,7330.27,0.999919
y_pred[6627],0.659553,0.00405383,0.354287,0.284183,0.0171884,0.807373,0.999976,7660.63,7424.32,1.00035
y_pred[6628],0.784641,0.00334584,0.298398,0.0705154,0.0978246,0.952436,1.0,8052.96,8010.61,0.999786
y_pred[6629],0.541652,0.00158376,0.137815,0.141501,0.31024,0.541959,0.767195,7603.51,8012.77,0.999967
y_pred[6630],0.0480488,0.00136552,0.120317,0.000530652,1.68441e-14,0.00035792,0.304028,8198.61,7788.84,0.999803
y_pred[6631],0.0557927,0.00206148,0.182886,3.45002e-09,1.0802e-41,2.327e-09,0.491886,8023.87,7969.61,1.0001
y_pred[6632],0.0347863,0.00162486,0.14521,9.76933e-16,4.78812e-67,6.58932e-16,0.212807,7885.68,7675.07,1.00022
y_pred[6633],0.0578024,0.00173647,0.154396,9.49416e-05,1.6379000000000002e-19,6.40373e-05,0.405388,7861.68,7980.07,1.0002
y_pred[6634],0.0702724,0.0021568,0.19209,5.63432e-06,2.75935e-25,3.8003e-06,0.575351,7627.68,7973.34,0.999983
y_pred[6635],0.118466,0.00258105,0.234367,0.00311298,7.75999e-13,0.00209968,0.740628,8165.36,7355.6,1.00008
y_pred[6636],0.0437498,0.000609767,0.0553843,0.0297031,0.000297617,0.0223983,0.156799,8427.99,8228.07,1.00033
y_pred[6637],0.544391,0.00318855,0.285497,0.357284,0.070509,0.559149,0.961454,8121.65,7908.65,0.999987
y_pred[6638],0.579157,0.00440045,0.390947,0.45277,0.00140588,0.692639,0.999957,7908.26,8002.15,1.00029
y_pred[6639],0.456485,0.00450001,0.398837,0.558164,6.55752e-05,0.382196,0.999576,7511.28,7890.04,0.999997
y_pred[6640],0.589556,0.00372316,0.329628,0.429003,0.0345055,0.646993,0.996278,7798.6,7691.45,0.999712
y_pred[6641],0.625884,0.00423655,0.36325,0.364399,0.0139255,0.751792,0.999932,7237.94,7899.63,1.00005
y_pred[6642],0.759699,0.00353793,0.309805,0.108109,0.0789575,0.927069,0.999999,7542.59,7641.36,1.00004
y_pred[6643],0.510027,0.00155931,0.137186,0.144109,0.282377,0.510252,0.734128,7740.86,7940.52,1.00013
y_pred[6644],0.440254,0.00325262,0.28573,0.356007,0.0286619,0.415577,0.919382,7681.82,7890.67,1.0001
y_pred[6645],0.475037,0.00441311,0.395011,0.619299,0.000120826,0.444109,0.999429,8035.63,7848.07,1.00044
y_pred[6646],0.356543,0.00432181,0.384167,0.243062,1.81253e-06,0.163965,0.996855,8052.28,8012.31,1.00044
y_pred[6647],0.492304,0.00372619,0.33504,0.473908,0.0116552,0.490652,0.984938,8180.01,7805.7,1.00012
y_pred[6648],0.529973,0.00419042,0.374374,0.565215,0.00299869,0.564933,0.99889,8045.64,8056.27,1.00024
y_pred[6649],0.680668,0.00377936,0.340774,0.252492,0.0305643,0.828829,0.999956,8106.57,7625.07,1.00024
y_pred[6650],0.407401,0.00152223,0.134586,0.139843,0.195552,0.403284,0.639287,7874.25,7945.3,0.999815
y_pred[6651],0.263335,0.00293682,0.256578,0.233015,0.00184591,0.179137,0.798623,7797.17,7330.87,1.00051
y_pred[6652],0.293905,0.0040884,0.362305,0.119063,1.00756e-07,0.0803074,0.988734,7827.22,7639.79,0.999979
y_pred[6653],0.207141,0.00359591,0.326406,0.0130584,1.06782e-11,0.00880779,0.966031,8250.34,7923.76,1.00027
y_pred[6654],0.29992,0.00339438,0.307655,0.262017,0.000308413,0.182803,0.914865,8297.95,7735.0,1.00064
y_pred[6655],0.339835,0.00395301,0.355005,0.278912,2.11237e-05,0.188867,0.982666,8116.07,8144.27,0.999892
y_pred[6656],0.488603,0.00409669,0.363856,0.551435,0.00318284,0.482978,0.995637,7887.36,7594.12,1.00035
y_pred[6657],0.235961,0.00131691,0.116489,0.117181,0.0718283,0.222573,0.452747,7887.58,7927.33,1.00042
y_pred[6658],0.527254,0.00342568,0.289548,0.373878,0.0624637,0.539972,0.960863,7259.78,8235.96,0.999766
y_pred[6659],0.549494,0.00442588,0.390816,0.54992,0.000821152,0.61922,0.999901,7898.22,7850.12,1.00023
y_pred[6660],0.435203,0.00447193,0.396107,0.507034,3.02711e-05,0.345056,0.999124,7966.42,7795.38,0.999856
y_pred[6661],0.570784,0.00370446,0.332233,0.450112,0.0290385,0.613236,0.99517,7973.27,7243.24,0.999924
y_pred[6662],0.608291,0.00414823,0.367406,0.393421,0.00900631,0.730612,0.999857,7874.47,7804.47,0.999945
y_pred[6663],0.746173,0.00357822,0.316163,0.125743,0.0692249,0.91516,0.999998,7964.52,7791.69,1.00053
y_pred[6664],0.48732,0.00150322,0.135961,0.144203,0.266116,0.485929,0.713727,8183.96,7769.65,0.999809
y_pred[6665],0.725253,0.00281952,0.253065,0.245293,0.207457,0.800956,0.997175,7975.04,7848.85,0.99992
y_pred[6666],0.744467,0.00396286,0.345705,0.0597406,0.0231381,0.959705,1.0,7967.56,7873.91,0.999984
y_pred[6667],0.650291,0.00431017,0.382589,0.229386,0.0047791,0.845262,0.999998,7927.46,7664.47,1.00016
y_pred[6668],0.758843,0.00316835,0.284681,0.162485,0.136582,0.889749,0.999964,7918.04,7702.91,0.999906
y_pred[6669],0.790656,0.00338406,0.304399,0.0438427,0.0819966,0.970429,1.0,8131.11,7834.15,1.00003
y_pred[6670],0.870297,0.00270751,0.243939,0.00514907,0.22953,0.996527,1.0,8234.19,7971.88,0.999821
y_pred[6671],0.69335,0.00140998,0.12663,0.129484,0.466898,0.702419,0.884059,8064.29,7816.86,1.00022
y_pred[6672],0.308877,0.00299085,0.266612,0.279454,0.00520512,0.237157,0.828838,7985.14,7246.22,1.00026
y_pred[6673],0.329754,0.00415251,0.372293,0.197797,9.91848e-07,0.133425,0.994154,7781.07,7536.08,0.999751
y_pred[6674],0.239495,0.00386616,0.339318,0.0385476,8.31482e-10,0.026,0.972572,7652.38,7606.01,1.00001
y_pred[6675],0.347107,0.00368119,0.320269,0.34025,0.00121205,0.251328,0.948182,7534.79,7486.44,1.00018
y_pred[6676],0.385035,0.004077,0.365418,0.381242,0.000135703,0.2614,0.99117,7970.59,7849.11,0.999804
y_pred[6677],0.536035,0.00406277,0.364518,0.536353,0.00478988,0.575247,0.998342,7759.01,7474.41,1.00033
y_pred[6678],0.281003,0.00138731,0.123928,0.127919,0.0973931,0.27049,0.504376,8303.07,8232.69,1.00032
y_pred[6679],0.499123,0.00321839,0.289684,0.371788,0.0485387,0.493654,0.949001,8119.59,7972.11,0.999782
y_pred[6680],0.533659,0.00448892,0.397201,0.606143,0.000542792,0.576111,0.999868,7819.68,7855.36,0.999822
y_pred[6681],0.418499,0.00445225,0.394525,0.442821,1.72771e-05,0.299708,0.998912,7735.94,7958.32,0.999877
y_pred[6682],0.55606,0.00366033,0.332858,0.456348,0.0266618,0.591548,0.992952,8224.81,7608.01,1.00015
y_pred[6683],0.591367,0.00414366,0.37016,0.456331,0.00693087,0.682289,0.999797,7846.54,7613.27,1.00078
y_pred[6684],0.728684,0.00365389,0.325223,0.145148,0.0526353,0.902027,0.999994,8006.09,7803.67,1.00009
y_pred[6685],0.467083,0.00151022,0.137171,0.144963,0.242286,0.463363,0.697254,8236.03,7668.18,0.999772
y_pred[6686],0.789326,0.00262756,0.233951,0.165112,0.29031,0.881769,0.999569,8041.83,7812.6,1.0001
y_pred[6687],0.817103,0.00339213,0.305058,0.010952,0.0606006,0.992613,1.0,8149.04,7398.99,0.999961
y_pred[6688],0.727126,0.00390932,0.356327,0.0758039,0.0152167,0.948871,1.0,8348.49,7504.43,0.999976
y_pred[6689],0.821202,0.0030172,0.258321,0.0608985,0.20494,0.958918,0.999999,7724.99,7735.78,1.00007
y_pred[6690],0.841746,0.00329397,0.273449,0.0104338,0.134798,0.992962,1.0,7116.21,6851.89,1.00012
y_pred[6691],0.914373,0.00228498,0.202927,0.000298744,0.387341,0.999799,1.0,7693.01,7752.21,1.00058
y_pred[6692],0.770138,0.00130091,0.116086,0.117928,0.556358,0.784855,0.93348,7960.31,7651.33,1.00026
y_pred[6693],0.894742,0.00201875,0.1779,0.0235978,0.484505,0.984082,1.0,7911.6,7730.31,1.00022
y_pred[6694],0.901614,0.0026555,0.237259,1.92738e-05,0.220557,0.999987,1.0,8183.39,7931.69,1.00001
y_pred[6695],0.854683,0.00312539,0.280491,0.00113864,0.105558,0.999232,1.0,8025.34,7752.12,0.99989
y_pred[6696],0.911552,0.00216467,0.188877,0.00245593,0.439944,0.998344,1.0,8062.53,7586.42,1.00038
y_pred[6697],0.923338,0.00225606,0.201935,1.63086e-05,0.375358,0.999989,1.0,8218.3,7930.55,1.00077
y_pred[6698],0.955956,0.0017114,0.15007,0.0,0.655667,1.0,1.0,7850.76,7655.01,1.00042
y_pred[6699],0.882373,0.000950069,0.0870129,0.0782212,0.711363,0.903421,0.985351,8412.27,7789.22,0.999884
y_pred[6700],0.711332,0.00292632,0.259955,0.257491,0.192884,0.789184,0.996029,8094.77,8140.43,1.00026
y_pred[6701],0.738119,0.00396704,0.347707,0.0717756,0.0171719,0.951588,1.0,7543.08,7590.16,1.00006
y_pred[6702],0.634512,0.00422377,0.384392,0.278191,0.00274057,0.812292,0.999996,8270.46,7898.04,0.999688
y_pred[6703],0.748738,0.00328543,0.291679,0.172643,0.12388,0.882799,0.999952,7666.08,7723.58,0.999847
y_pred[6704],0.7739,0.00356679,0.314017,0.0641262,0.0637883,0.956747,1.0,8063.89,7535.88,0.999994
y_pred[6705],0.866842,0.00279119,0.247296,0.0066124,0.215644,0.99554,1.0,7860.04,7809.53,1.00014
y_pred[6706],0.680332,0.00143828,0.128571,0.134456,0.453921,0.690497,0.875473,7958.84,7730.45,1.00015
y_pred[6707],0.572222,0.00318242,0.286326,0.354347,0.0822577,0.603109,0.974461,8157.05,7987.85,0.999924
y_pred[6708],0.604621,0.00431705,0.388656,0.379835,0.00204327,0.743238,0.999988,7961.27,7131.69,0.999986
y_pred[6709],0.488775,0.00451868,0.399457,0.64431,0.000195063,0.468799,0.999759,7740.76,7489.92,0.999712
y_pred[6710],0.619871,0.00366712,0.326577,0.388705,0.0430381,0.701773,0.997812,7993.95,7636.78,1.00016
y_pred[6711],0.659864,0.00400869,0.357215,0.273256,0.0167012,0.815073,0.999965,7862.71,7557.68,1.00003
y_pred[6712],0.785585,0.00333875,0.298395,0.0682737,0.100245,0.953948,1.0,8432.68,7832.49,1.00004
y_pred[6713],0.545057,0.00161803,0.136662,0.143734,0.317548,0.546798,0.76749,7207.13,7527.27,1.00044
y_pred[6714],0.049431,0.00143754,0.125284,0.000510338,1.00815e-14,0.000344219,0.332282,7665.28,7415.83,0.999873
y_pred[6715],0.0572023,0.00202837,0.184398,3.36667e-09,5.14229e-41,2.27079e-09,0.501322,8021.23,7930.11,1.00015
y_pred[6716],0.0336614,0.00161423,0.144824,5.28386e-16,1.37044e-68,3.56391e-16,0.181912,7980.54,7931.95,0.999931
y_pred[6717],0.0614353,0.00181393,0.159577,0.000105301,2.12381e-19,7.10246e-05,0.423231,7688.5,7652.66,1.00035
y_pred[6718],0.0655479,0.00204328,0.184478,6.38104e-06,1.38695e-25,4.30395e-06,0.520072,8268.73,8174.37,1.00014
y_pred[6719],0.121771,0.00264871,0.237745,0.00329533,3.73985e-13,0.00222267,0.745786,7926.8,7847.37,0.999951
y_pred[6720],0.0425481,0.000591027,0.0534754,0.0299001,0.000274201,0.0228062,0.154244,8397.83,8050.76,1.00004
y_pred[6721],0.750571,0.00275024,0.248014,0.216292,0.232319,0.835765,0.998563,8030.15,8011.24,1.00015
y_pred[6722],0.786493,0.00361811,0.325861,0.0230922,0.038716,0.984425,1.0,8030.57,7957.94,0.999871
y_pred[6723],0.805716,0.00351062,0.317419,0.00916395,0.0444476,0.993819,1.0,8013.22,7960.17,1.00006
y_pred[6724],0.827475,0.00282415,0.254919,0.0524144,0.214883,0.964644,1.0,8009.18,7899.29,1.00038
y_pred[6725],0.818196,0.00324985,0.293091,0.0188231,0.093402,0.987304,1.0,8191.31,8071.21,1.00009
y_pred[6726],0.891673,0.0026207,0.225803,0.00153301,0.285165,0.998966,1.0,8044.41,7042.15,0.999866
y_pred[6727],0.677536,0.00143537,0.128598,0.13263,0.451869,0.687298,0.873869,7929.85,7934.59,1.00012
y_pred[6728],0.528657,0.00339933,0.28766,0.368625,0.0635583,0.541785,0.964146,7378.58,7932.42,1.00019
y_pred[6729],0.589389,0.0043442,0.388875,0.427402,0.00186292,0.710646,0.999976,7981.59,7970.93,0.999831
y_pred[6730],0.637224,0.00424447,0.383218,0.268487,0.00295602,0.818851,0.999997,8091.74,7598.68,1.00008
y_pred[6731],0.650001,0.00356923,0.316753,0.348653,0.0647529,0.73887,0.998503,8257.38,7413.73,1.0006
y_pred[6732],0.64253,0.00398306,0.359918,0.314909,0.0125395,0.786419,0.999946,8410.1,7744.07,1.00062
y_pred[6733],0.760406,0.00345882,0.312219,0.0992312,0.0701139,0.933063,0.999999,7991.2,7276.17,1.00031
y_pred[6734],0.444897,0.00151728,0.13568,0.141593,0.225853,0.441118,0.674724,8039.88,8084.05,0.999766
y_pred[6735],0.842935,0.0023641,0.2097,0.0867173,0.364314,0.940999,0.999966,7576.45,7767.23,1.00039
y_pred[6736],0.867895,0.0030347,0.267534,0.000747972,0.13324,0.999496,1.0,8098.62,7887.25,1.00015
y_pred[6737],0.88798,0.00278326,0.252435,9.6369e-05,0.165134,0.999935,1.0,8274.21,8097.17,0.999739
y_pred[6738],0.897982,0.00232451,0.204164,0.00575768,0.381186,0.996117,1.0,7801.35,7191.21,0.999737
y_pred[6739],0.892759,0.00262438,0.233437,0.000532253,0.247721,0.999641,1.0,8189.55,7857.91,0.999953
y_pred[6740],0.934555,0.00209434,0.18215,5.9304e-06,0.482449,0.999996,1.0,7446.14,7517.97,1.00023
y_pred[6741],0.792657,0.00122234,0.108677,0.107946,0.590413,0.809184,0.94359,7958.81,8085.95,1.0001
y_pred[6742],0.580719,0.00317631,0.282878,0.348656,0.0883745,0.611051,0.975278,8037.5,7966.32,1.00062
y_pred[6743],0.631958,0.00425236,0.380989,0.297278,0.00368138,0.799368,0.999992,8179.22,7957.84,1.00027
y_pred[6744],0.659007,0.004214,0.379157,0.217335,0.00395141,0.853398,0.999999,8075.49,7688.74,0.999976
y_pred[6745],0.688069,0.00342825,0.309815,0.284119,0.0759792,0.799017,0.999621,8277.25,7509.79,0.999827
y_pred[6746],0.677768,0.00395023,0.349315,0.232743,0.0268485,0.842822,0.999986,7812.0,8019.35,1.0007
y_pred[6747],0.788651,0.00341297,0.297656,0.0630157,0.0996871,0.957496,1.0,7543.67,7730.46,1.00045
y_pred[6748],0.485114,0.00146349,0.135708,0.14263,0.261724,0.484664,0.711471,8628.88,7689.72,1.00009
y_pred[6749],0.765857,0.00274491,0.244071,0.196078,0.247546,0.85569,0.99889,8164.39,7851.21,1.00004
y_pred[6750],0.797647,0.00365516,0.317641,0.0181426,0.0418115,0.987763,1.0,8160.23,7548.68,0.999969
y_pred[6751],0.820951,0.00351008,0.308021,0.00610609,0.0522288,0.995882,1.0,7882.5,7889.18,1.00019
y_pred[6752],0.83832,0.00281602,0.247764,0.0435417,0.238344,0.97063,1.0,7859.49,7671.92,1.00065
y_pred[6753],0.838013,0.00306575,0.278165,0.0130313,0.120276,0.99121,1.0,8198.17,7765.49,1.00016
y_pred[6754],0.9029,0.00253488,0.216268,0.000782813,0.320808,0.999472,1.0,7313.45,7664.38,0.999862
y_pred[6755],0.690739,0.00135976,0.126429,0.132739,0.470796,0.700588,0.881375,8626.21,7395.53,0.999817
y_pred[6756],0.280933,0.00289075,0.26079,0.251042,0.00302113,0.200693,0.808678,8198.17,7863.96,1.00003
y_pred[6757],0.328119,0.00424308,0.37365,0.189031,8.1125e-07,0.127508,0.993821,7845.0,7560.99,1.00097
y_pred[6758],0.365201,0.00448342,0.385424,0.281659,2.66156e-06,0.190046,0.996897,8217.98,7442.94,1.00048
y_pred[6759],0.380532,0.00366396,0.325854,0.396335,0.00189571,0.305704,0.95645,7787.98,8013.15,0.999877
y_pred[6760],0.373976,0.00409115,0.363458,0.362995,9.39136e-05,0.247704,0.989383,7877.51,7766.16,1.00017
y_pred[6761],0.519255,0.00404404,0.365393,0.548883,0.00388165,0.542795,0.997205,8220.27,8143.37,1.00007
y_pred[6762],0.214974,0.00122971,0.113905,0.112984,0.0572393,0.198442,0.42882,8545.89,7986.48,1.00005
y_pred[6763],0.655649,0.00313931,0.274097,0.310449,0.137879,0.715623,0.989755,7842.14,7720.36,1.00022
y_pred[6764],0.700055,0.00404204,0.362646,0.130395,0.0112829,0.912049,1.0,8114.48,7584.81,1.00011
y_pred[6765],0.734396,0.00381124,0.352458,0.0681247,0.0164324,0.954051,1.0,8402.12,7960.44,1.00007
y_pred[6766],0.752327,0.00331173,0.290143,0.165741,0.129996,0.887327,0.999953,8002.64,7580.67,0.999898
y_pred[6767],0.746752,0.00362736,0.326295,0.102597,0.0468647,0.930795,1.0,7802.58,7830.92,0.999806
y_pred[6768],0.84073,0.00297577,0.266411,0.0170714,0.174078,0.988486,1.0,8174.66,8013.17,1.00081
y_pred[6769],0.566094,0.00152642,0.137584,0.144512,0.334218,0.568773,0.788955,8148.61,8071.71,0.999816
y_pred[6770],0.794744,0.00254669,0.230378,0.160281,0.298293,0.886251,0.999642,8162.84,7919.43,1.00008
y_pred[6771],0.818724,0.0034292,0.306444,0.00770433,0.0562468,0.994803,1.0,7896.53,7906.27,0.999985
y_pred[6772],0.847962,0.00327072,0.285106,0.00232323,0.0918625,0.998433,1.0,7887.95,7661.85,0.999807
y_pred[6773],0.858376,0.00265774,0.234774,0.023451,0.280421,0.984182,1.0,7877.71,7779.48,1.00037
y_pred[6774],0.858508,0.00285796,0.260787,0.00551824,0.176623,0.996278,1.0,8333.37,7546.96,1.00039
y_pred[6775],0.914528,0.00232213,0.204244,0.000223873,0.382715,0.999849,1.0,8104.39,7889.08,0.99987
y_pred[6776],0.724671,0.00134802,0.122572,0.125464,0.504951,0.737012,0.903411,8324.54,7679.08,0.999761
y_pred[6777],0.804652,0.00261529,0.227674,0.144888,0.289689,0.898165,0.999736,7647.1,7648.91,1.00019
y_pred[6778],0.833408,0.00333539,0.29414,0.00447893,0.0770802,0.996979,1.0,7975.09,7448.92,1.00004
y_pred[6779],0.854826,0.00318237,0.28277,0.00112974,0.0899798,0.999238,1.0,7853.76,7870.64,1.00028
y_pred[6780],0.866257,0.00257475,0.229099,0.0181441,0.28864,0.987762,1.0,7987.06,7815.38,1.0003
y_pred[6781],0.861276,0.00304656,0.261537,0.00404157,0.173417,0.997274,1.0,7642.17,7683.2,1.00016
y_pred[6782],0.916809,0.0023127,0.203306,0.000166051,0.37562,0.999888,1.0,7677.99,7510.55,1.00003
y_pred[6783],0.739017,0.00134177,0.120718,0.123011,0.521614,0.752706,0.915497,8076.28,8020.4,0.999663
y_pred[6784],0.650072,0.0032069,0.274209,0.313368,0.136806,0.707202,0.990761,7630.44,7483.76,0.999654
y_pred[6785],0.695848,0.0041857,0.365877,0.132766,0.00943287,0.91045,1.0,7729.92,7901.86,0.999866
y_pred[6786],0.72967,0.00397235,0.35795,0.0738402,0.0127265,0.950195,1.0,8130.42,7574.89,0.999811
y_pred[6787],0.749165,0.00328321,0.292568,0.168997,0.117787,0.885034,0.99993,7777.57,7901.96,1.00008
y_pred[6788],0.742907,0.00368106,0.328728,0.109178,0.0405978,0.926355,0.999999,7929.36,8173.66,1.00024
y_pred[6789],0.835022,0.00308224,0.27177,0.0185733,0.152471,0.987472,1.0,7420.7,7769.41,1.00017
y_pred[6790],0.565671,0.00155479,0.137047,0.14426,0.333076,0.568118,0.785941,7784.36,7795.81,1.00048
y_pred[6791],0.701372,0.00295277,0.261811,0.272435,0.184081,0.770998,0.995436,7948.62,7757.81,1.00001
y_pred[6792],0.742056,0.00383348,0.3443,0.0653523,0.0211774,0.95592,1.0,8249.91,7797.88,1.00045
y_pred[6793],0.774492,0.00374308,0.332712,0.0290782,0.0310628,0.980387,1.0,8095.23,7780.43,1.00011
y_pred[6794],0.789622,0.0031237,0.273198,0.106993,0.162183,0.927694,0.999991,7794.82,7607.22,0.999914
y_pred[6795],0.789176,0.00338327,0.304858,0.0471496,0.0841202,0.968198,1.0,8042.64,7980.23,0.999783
y_pred[6796],0.865266,0.0028044,0.249558,0.00569096,0.217744,0.996162,1.0,7867.84,7599.16,0.999898
y_pred[6797],0.617501,0.0014891,0.132783,0.138835,0.387066,0.624956,0.82369,7960.85,7779.62,1.00035
y_pred[6798],0.0831103,0.00180258,0.162598,0.00953298,3.31614e-09,0.00642992,0.465212,8228.33,7979.27,1.00043
y_pred[6799],0.0948036,0.00259053,0.232232,1.70565e-05,4.20931e-24,1.15045e-05,0.765925,8170.97,7267.9,0.999843
y_pred[6800],0.112224,0.00283287,0.252472,9.5298e-05,4.09304e-21,6.42776e-05,0.838112,8102.53,7817.47,0.999999
y_pred[6801],0.121571,0.00239249,0.21881,0.0124628,1.4527e-09,0.00840607,0.672221,8089.0,7671.17,0.999972
y_pred[6802],0.120082,0.00276082,0.242999,0.00157563,7.65052e-15,0.00106274,0.769909,7622.04,7871.26,0.999747
y_pred[6803],0.190692,0.00336839,0.285978,0.0405743,3.37175e-08,0.0273671,0.874819,7580.79,7628.08,0.999975
y_pred[6804],0.058297,0.000730826,0.0646043,0.0422495,0.00122666,0.0353668,0.1909,7712.26,7652.11,1.00039
y_pred[6805],0.749037,0.00278957,0.250225,0.219771,0.229281,0.833171,0.99868,8096.37,7970.54,0.999848
y_pred[6806],0.789319,0.00390357,0.323416,0.0215956,0.0363758,0.985434,1.0,7610.07,7797.92,0.999882
y_pred[6807],0.81212,0.00352774,0.311527,0.00872214,0.044397,0.994117,1.0,7905.75,7675.8,1.00022
y_pred[6808],0.827847,0.00284407,0.252225,0.0523817,0.231916,0.964666,1.0,7807.1,7917.17,0.999883
y_pred[6809],0.824595,0.00320253,0.285011,0.0177971,0.117787,0.987996,1.0,7921.76,7437.18,1.00011
y_pred[6810],0.8903,0.00252298,0.228906,0.00133582,0.277929,0.999099,1.0,8052.61,8169.26,1.00029
y_pred[6811],0.67587,0.00140877,0.128712,0.132667,0.450492,0.684093,0.873079,8369.53,8185.62,1.00014
y_pred[6812],0.535685,0.00329061,0.285197,0.359461,0.0665834,0.54764,0.961134,7548.34,7845.37,1.00018
y_pred[6813],0.583883,0.00454474,0.391956,0.450484,0.00160544,0.694549,0.999973,7745.07,7826.7,1.00024
y_pred[6814],0.622896,0.00433639,0.388262,0.308889,0.00255944,0.791562,0.999997,8275.95,7912.68,0.999851
y_pred[6815],0.649803,0.00350922,0.318359,0.342627,0.0573287,0.745057,0.998588,8053.94,7539.62,1.0
y_pred[6816],0.646769,0.00393807,0.357157,0.306843,0.0166256,0.791651,0.999945,8400.54,8015.55,1.00028
y_pred[6817],0.757645,0.00346342,0.312682,0.102561,0.0765624,0.930816,1.0,8166.67,7614.74,0.999838
y_pred[6818],0.445019,0.00151331,0.135461,0.143287,0.226737,0.444043,0.672892,8022.65,7750.4,0.999739
y_pred[6819],0.845549,0.00245684,0.206985,0.084119,0.369459,0.942921,0.99998,7425.2,7979.23,1.00001
y_pred[6820],0.870774,0.00296422,0.264826,0.000559681,0.134821,0.999623,1.0,8052.87,7584.55,0.999868
y_pred[6821],0.889608,0.00274071,0.250097,8.8956e-05,0.178661,0.99994,1.0,7927.05,7855.07,1.0011
y_pred[6822],0.894298,0.00230267,0.208331,0.00543669,0.357265,0.996333,1.0,8088.67,8144.4,1.00015
y_pred[6823],0.89581,0.00259749,0.231671,0.000463312,0.254225,0.999688,1.0,8001.16,7761.83,1.00083
y_pred[6824],0.939304,0.00192701,0.17173,5.9304e-06,0.514372,0.999996,1.0,8232.73,7981.34,0.999927
y_pred[6825],0.792912,0.00119724,0.10894,0.109841,0.588904,0.808105,0.94204,8289.08,8013.27,0.999886
y_pred[6826],0.574322,0.00317255,0.283952,0.359779,0.0888344,0.596064,0.973758,8078.68,7561.23,1.00001
y_pred[6827],0.631531,0.00438743,0.38323,0.291295,0.00417445,0.80344,0.999996,7609.33,7763.39,1.00053
y_pred[6828],0.661182,0.00426036,0.381362,0.193439,0.00484309,0.869522,0.999999,8115.07,7860.76,0.99996
y_pred[6829],0.683326,0.00359256,0.312493,0.289214,0.0692826,0.79509,0.999559,7987.75,7930.28,1.00011
y_pred[6830],0.672159,0.00396197,0.355102,0.236445,0.0209595,0.840242,0.999987,8165.34,7580.25,1.00021
y_pred[6831],0.791354,0.0032642,0.295805,0.061992,0.101141,0.958186,1.0,8278.25,8003.62,1.00039
y_pred[6832],0.485564,0.00154601,0.135565,0.144055,0.26249,0.485633,0.709768,7727.39,7843.42,0.999907
y_pred[6833],0.760798,0.00276394,0.248055,0.204524,0.23525,0.848982,0.999057,8149.16,8272.0,1.00036
y_pred[6834],0.799987,0.00352163,0.317082,0.0156058,0.044837,0.989474,1.0,8061.76,7420.96,1.00028
y_pred[6835],0.827879,0.00345554,0.302182,0.00503639,0.059884,0.996603,1.0,7871.88,8001.59,1.00014
y_pred[6836],0.840367,0.00273989,0.246053,0.0414505,0.240609,0.972041,1.0,8041.02,7561.35,1.00027
y_pred[6837],0.832441,0.00311685,0.278363,0.0168809,0.125692,0.988614,1.0,8072.58,7584.83,1.00024
y_pred[6838],0.89959,0.00239269,0.217342,0.000967396,0.328386,0.999348,1.0,8389.26,7973.48,1.00003
y_pred[6839],0.693861,0.00140572,0.125856,0.131161,0.470826,0.704218,0.883667,8054.81,7793.15,0.999966
y_pred[6840],0.278453,0.00286582,0.257462,0.24862,0.00335751,0.200097,0.799523,8002.01,7930.2,1.00016
y_pred[6841],0.313126,0.00411307,0.366313,0.169273,2.94953e-07,0.114181,0.992323,8056.5,7566.74,1.00007
y_pred[6842],0.350234,0.00432435,0.383094,0.228804,1.47287e-06,0.154352,0.996802,7835.54,7694.66,1.00021
y_pred[6843],0.385941,0.00383507,0.327532,0.401534,0.00227388,0.312827,0.95702,7337.52,7180.28,0.999911
y_pred[6844],0.378486,0.00407491,0.366322,0.364356,6.7872e-05,0.24844,0.991093,8244.75,8151.29,0.99982
y_pred[6845],0.522282,0.00405549,0.363628,0.549568,0.00521197,0.537594,0.997713,8232.43,8130.51,0.999984
y_pred[6846],0.213848,0.00123728,0.112421,0.111724,0.0599177,0.196773,0.423453,8258.13,7913.86,1.00011
y_pred[6847],0.659122,0.00314606,0.271524,0.30779,0.15231,0.716264,0.989587,7497.15,7826.84,1.00009
y_pred[6848],0.692168,0.0040835,0.365017,0.155082,0.00986946,0.895396,1.0,8095.02,8046.37,0.999935
y_pred[6849],0.733995,0.00396901,0.353622,0.0722641,0.0137896,0.951259,1.0,7815.49,7148.81,0.999869
y_pred[6850],0.754722,0.0032068,0.29019,0.159933,0.116708,0.891187,0.999958,8240.64,7758.53,1.00015
y_pred[6851],0.748031,0.00369181,0.328219,0.0948271,0.0473611,0.936036,1.0,8218.37,8058.14,1.00016
y_pred[6852],0.841052,0.00297033,0.2657,0.0188009,0.155933,0.987319,1.0,8004.3,7346.17,0.999974
y_pred[6853],0.570901,0.00150921,0.134123,0.139395,0.344399,0.573652,0.785267,7932.87,7629.66,1.00047
y_pred[6854],0.792106,0.00263856,0.233263,0.15911,0.281775,0.886226,0.999552,7867.98,7932.9,1.00034
y_pred[6855],0.826346,0.00333167,0.298533,0.00678586,0.0746199,0.995423,1.0,7902.12,7725.11,0.999911
y_pred[6856],0.849943,0.00321073,0.285302,0.00177171,0.0854066,0.998805,1.0,8152.25,7916.57,0.99988
y_pred[6857],0.854628,0.00263078,0.23561,0.0267031,0.281643,0.981989,1.0,8309.96,7818.14,0.999896
y_pred[6858],0.853394,0.00294909,0.263185,0.00672359,0.161599,0.995465,1.0,8346.19,7849.69,0.999909
y_pred[6859],0.910257,0.00234237,0.20752,0.000287624,0.360444,0.999806,1.0,7936.79,7971.01,0.999909
y_pred[6860],0.722581,0.00136175,0.122643,0.124575,0.49831,0.733068,0.902043,8113.24,7496.85,1.00035
y_pred[6861],0.808382,0.00257526,0.226447,0.134,0.307972,0.906106,0.999746,7610.52,7866.61,1.00011
y_pred[6862],0.832452,0.00332288,0.296059,0.00423801,0.0703461,0.997142,1.0,7730.58,7380.68,1.00009
y_pred[6863],0.85534,0.00320606,0.282902,0.00107933,0.0891785,0.999272,1.0,8078.62,7868.11,1.00026
y_pred[6864],0.868839,0.00249476,0.226474,0.0166437,0.306249,0.988774,1.0,8262.45,7884.92,1.00004
y_pred[6865],0.864357,0.00283254,0.256894,0.00322169,0.179948,0.997827,1.0,8396.45,8361.98,1.00098
y_pred[6866],0.916571,0.00228115,0.201778,0.00013121,0.377286,0.999912,1.0,7484.92,7618.22,1.00026
y_pred[6867],0.739918,0.00132946,0.118776,0.121178,0.525812,0.752941,0.911494,7893.03,7663.24,0.999793
y_pred[6868],0.658164,0.00310343,0.272118,0.307082,0.142924,0.715537,0.990562,7782.03,7724.99,0.999903
y_pred[6869],0.702774,0.00426172,0.364018,0.122422,0.00854233,0.917426,1.0,7936.83,8081.72,1.00024
y_pred[6870],0.732145,0.00392791,0.352644,0.0749336,0.0133391,0.949458,1.0,8002.04,7676.1,0.999917
y_pred[6871],0.745507,0.00328113,0.29326,0.174664,0.12326,0.881392,0.999954,8047.49,7804.03,1.00027
y_pred[6872],0.741838,0.00363418,0.330889,0.101372,0.0421362,0.931621,0.999999,8289.33,8008.85,0.999831
y_pred[6873],0.834561,0.00314282,0.271029,0.0209884,0.155395,0.985844,1.0,7751.73,7254.63,0.999936
y_pred[6874],0.563756,0.00151826,0.137219,0.14368,0.332602,0.566043,0.784347,8176.07,7889.21,0.999936
y_pred[6875],0.700803,0.00289465,0.262765,0.274864,0.179065,0.770617,0.995832,8197.81,7930.32,0.999846
y_pred[6876],0.739376,0.00388554,0.348411,0.0691062,0.0183045,0.953388,1.0,8284.92,7993.91,1.00003
y_pred[6877],0.771382,0.00377598,0.336718,0.0298195,0.0283657,0.979887,1.0,7861.78,7288.52,1.00032
y_pred[6878],0.786956,0.00307225,0.273826,0.109009,0.16735,0.926328,0.999989,7976.01,7994.02,1.00042
y_pred[6879],0.782546,0.00340985,0.306686,0.0586902,0.0787346,0.960414,1.0,8134.55,7999.16,1.00023
y_pred[6880],0.869479,0.00272167,0.245743,0.00543076,0.228294,0.996337,1.0,7627.29,7934.78,0.999981
y_pred[6881],0.618059,0.00151284,0.13355,0.14085,0.389291,0.625217,0.825304,7771.21,7823.72,1.00052
y_pred[6882],0.0779759,0.00173861,0.155286,0.00875024,5.02047e-09,0.00590198,0.43816,8031.8,7640.96,1.00006
y_pred[6883],0.100885,0.00265293,0.239065,2.73016e-05,2.65087e-23,1.84147e-05,0.776263,8067.29,7802.98,0.999911
y_pred[6884],0.116155,0.00286891,0.256389,9.21948e-05,3.16911e-21,6.21846e-05,0.846419,8390.12,7957.6,0.999989
y_pred[6885],0.123512,0.00248767,0.220315,0.0123473,1.11587e-09,0.00832817,0.685058,8011.77,7888.92,0.999735
y_pred[6886],0.121003,0.00280572,0.24567,0.00155336,7.94439e-15,0.00104773,0.776462,8299.96,7922.9,1.00019
y_pred[6887],0.189045,0.00314258,0.281675,0.0416002,3.03938e-08,0.0280591,0.860239,8333.67,7728.51,1.00017
y_pred[6888],0.0573242,0.000707881,0.0620791,0.0425093,0.00110014,0.0357584,0.185772,7735.03,7809.4,1.00043
y_pred[6889],0.753895,0.00278196,0.248782,0.208865,0.236146,0.843784,0.998525,8165.63,7911.39,0.999981
y_pred[6890],0.783111,0.00365426,0.32774,0.0228439,0.0340038,0.984592,1.0,8022.37,7728.29,0.999776
y_pred[6891],0.813894,0.00344222,0.311208,0.00721952,0.0478623,0.99513,1.0,8172.47,7643.13,1.00046
y_pred[6892],0.821299,0.00290822,0.260693,0.0555842,0.194989,0.962505,0.999999,8045.88,7637.01,0.999789
y_pred[6893],0.82116,0.00319649,0.288206,0.019342,0.10351,0.986954,1.0,7893.43,7793.48,0.999852
y_pred[6894],0.895039,0.00249823,0.223382,0.00136029,0.297476,0.999083,1.0,7908.64,7757.44,0.999947
y_pred[6895],0.675536,0.00147078,0.128856,0.132541,0.447969,0.686233,0.868241,7738.96,7561.49,0.999789
y_pred[6896],0.53607,0.00313749,0.286019,0.362411,0.0648605,0.552639,0.960835,8266.29,7189.81,0.999865
y_pred[6897],0.58883,0.00431604,0.388276,0.439023,0.00178478,0.701852,0.999965,8036.48,8011.84,1.00023
y_pred[6898],0.619092,0.00435831,0.38901,0.319806,0.00220434,0.784201,0.999996,8132.65,7972.42,1.00022
y_pred[6899],0.647161,0.00369421,0.32228,0.352521,0.0477955,0.738565,0.998944,7902.26,7728.26,0.999869
y_pred[6900],0.636395,0.00402799,0.360316,0.337612,0.0130713,0.76983,0.999934,8128.61,7931.75,0.999865
y_pred[6901],0.761169,0.00347887,0.310481,0.1008,0.07561,0.932,0.999999,7919.79,7959.62,0.999946
y_pred[6902],0.444039,0.00151021,0.134773,0.141159,0.228078,0.44067,0.673205,7967.01,7810.35,0.999969
y_pred[6903],0.840719,0.00239085,0.211811,0.087383,0.355477,0.940485,0.999964,7788.04,7908.98,0.999949
y_pred[6904],0.872172,0.00297803,0.264257,0.000514462,0.151182,0.999653,1.0,7754.29,7979.74,0.999932
y_pred[6905],0.886255,0.0028568,0.254665,9.48864e-05,0.155584,0.999936,1.0,7810.89,7913.27,0.999809
y_pred[6906],0.893978,0.00227964,0.207001,0.00605864,0.372309,0.995914,1.0,8236.26,8125.32,0.999741
y_pred[6907],0.894347,0.00252393,0.229803,0.000550786,0.275303,0.999629,1.0,8307.88,7861.91,0.999971
y_pred[6908],0.937537,0.00202764,0.176617,5.9304e-06,0.497574,0.999996,1.0,8012.33,7567.23,1.00033
y_pred[6909],0.792756,0.00125912,0.10922,0.108446,0.592575,0.807409,0.942378,7683.41,7474.15,1.00023
y_pred[6910],0.57584,0.00320492,0.287752,0.363856,0.0878565,0.600837,0.974727,8148.11,8021.85,1.00032
y_pred[6911],0.620203,0.00431477,0.386238,0.317689,0.00273838,0.785581,0.999992,7910.6,7509.55,1.00025
y_pred[6912],0.654191,0.00427279,0.380436,0.225059,0.00489222,0.848183,0.999999,8157.55,7807.64,1.00044
y_pred[6913],0.682244,0.00350884,0.312253,0.293143,0.0771636,0.793504,0.999581,8042.57,7791.51,0.999852
y_pred[6914],0.679659,0.00390323,0.351879,0.227682,0.0213468,0.846132,0.999988,8103.84,7537.95,0.999971
y_pred[6915],0.785872,0.00334665,0.298276,0.065267,0.106407,0.955976,1.0,8104.62,7809.09,0.999887
y_pred[6916],0.48623,0.00149451,0.137182,0.144905,0.260342,0.486664,0.713076,8432.89,7483.95,1.00021
y_pred[6917],0.760471,0.00278643,0.244764,0.206267,0.253461,0.847419,0.998848,7758.41,7002.86,1.00003
y_pred[6918],0.797136,0.00363246,0.32061,0.0141188,0.0379401,0.990477,1.0,7695.58,7524.29,0.999733
y_pred[6919],0.826271,0.003342,0.302046,0.00549229,0.0611725,0.996296,1.0,8130.03,7973.54,0.99988
y_pred[6920],0.838164,0.00278234,0.247618,0.0411236,0.241204,0.972262,1.0,8085.45,7639.45,1.00026
y_pred[6921],0.832646,0.00314553,0.280981,0.013462,0.136274,0.99092,1.0,7924.38,8009.11,1.00019
y_pred[6922],0.902161,0.00244959,0.214652,0.000743524,0.333636,0.999499,1.0,7819.05,7749.65,1.00027
y_pred[6923],0.690437,0.00139983,0.127479,0.132156,0.460504,0.70058,0.880349,8314.81,8094.7,1.00033
y_pred[6924],0.285563,0.00292015,0.260767,0.26167,0.00308399,0.210754,0.80624,7931.01,7401.53,1.00038
y_pred[6925],0.323903,0.00419249,0.37192,0.180401,6.27418e-07,0.121686,0.992599,7844.56,7629.1,1.00006
y_pred[6926],0.360762,0.00428706,0.384005,0.259202,3.30826e-06,0.174882,0.996694,7977.61,8041.43,1.00028
y_pred[6927],0.385412,0.00362968,0.328549,0.392882,0.00247534,0.303515,0.957948,7976.35,7843.9,1.00033
y_pred[6928],0.379592,0.00410329,0.361621,0.38937,0.000135939,0.267163,0.989148,7701.18,7769.61,1.00049
y_pred[6929],0.525228,0.00404874,0.362782,0.540405,0.00531655,0.549722,0.997541,7931.55,7570.65,1.00063
y_pred[6930],0.214964,0.00127779,0.112897,0.110433,0.0582505,0.197444,0.4296,7904.54,7795.58,0.999927
y_pred[6931],0.654751,0.00306298,0.274137,0.31653,0.14329,0.711742,0.990193,8132.91,7636.35,1.00036
y_pred[6932],0.697073,0.00428004,0.365737,0.129602,0.00903108,0.912583,1.0,7477.36,7573.04,0.999831
y_pred[6933],0.732456,0.0039662,0.354909,0.0662151,0.0140819,0.955338,1.0,7536.66,8178.3,1.00011
y_pred[6934],0.74845,0.0031891,0.291542,0.174014,0.127192,0.881676,0.999944,8252.36,7847.56,1.00041
y_pred[6935],0.74805,0.00360882,0.325453,0.101382,0.0530432,0.931615,1.0,8042.75,7969.08,1.00004
y_pred[6936],0.845449,0.00293286,0.262182,0.0153301,0.180192,0.98966,1.0,8220.61,7972.14,0.999903
y_pred[6937],0.569777,0.00151666,0.135343,0.140424,0.337097,0.57143,0.790942,7993.85,7555.0,1.00022
y_pred[6938],0.796461,0.00272408,0.232941,0.150167,0.288691,0.893126,0.999613,7532.98,7635.63,1.00029
y_pred[6939],0.825718,0.0033432,0.300312,0.0065946,0.0608761,0.995552,1.0,7961.18,7839.65,1.00018
y_pred[6940],0.840582,0.00322407,0.293823,0.00210307,0.06883,0.998582,1.0,8300.69,8015.06,1.00021
y_pred[6941],0.860407,0.00256866,0.232683,0.0241049,0.278965,0.983742,1.0,8207.87,8140.07,1.00031
y_pred[6942],0.855937,0.0029898,0.264816,0.00556049,0.153661,0.99625,1.0,8153.13,7757.08,0.999854
y_pred[6943],0.907957,0.00242846,0.214231,0.000275764,0.330551,0.999814,1.0,7710.13,7542.8,1.00001
y_pred[6944],0.721448,0.00136944,0.122527,0.125203,0.503406,0.734495,0.899525,8041.75,7770.83,0.999807
y_pred[6945],0.800433,0.00252441,0.231191,0.146519,0.297709,0.897355,0.999757,8437.07,7829.04,0.999783
y_pred[6946],0.832916,0.00331017,0.295389,0.00398449,0.0746615,0.997313,1.0,8003.03,7845.78,1.00001
y_pred[6947],0.856598,0.00311436,0.278388,0.00118015,0.107884,0.999204,1.0,7703.58,7778.46,1.00051
y_pred[6948],0.863593,0.00267986,0.229395,0.0195066,0.29754,0.986843,1.0,7781.79,7912.73,1.00018
y_pred[6949],0.869852,0.00285094,0.25371,0.00304823,0.180519,0.997944,1.0,7584.23,7816.73,1.00133
y_pred[6950],0.91573,,0.204901,0.000144554,0.374454,0.999902,1.0,8162.12,8074.36,1.00045
y_pred[6951],0.74053,0.00133633,0.120055,0.124186,0.521611,0.751968,0.915314,8073.23,8075.43,1.00035
y_pred[6952],0.656421,0.0030579,0.275639,0.311731,0.134635,0.715283,0.991868,8050.5,7353.29,1.00009
y_pred[6953],0.699536,0.0040225,0.363934,0.132004,0.00906519,0.910964,1.0,8306.21,7961.17,0.999926
y_pred[6954],0.730717,0.00396729,0.354295,0.0730218,0.0156449,0.950748,1.0,7667.87,8106.06,0.999881
y_pred[6955],0.74894,0.00328538,0.293006,0.167845,0.127701,0.885779,0.999958,8072.37,7955.19,1.00016
y_pred[6956],0.747268,0.00370782,0.329078,0.0963809,0.041653,0.934988,1.0,8081.8,7612.78,1.00028
y_pred[6957],0.838299,0.00303487,0.269405,0.0166266,0.157745,0.988785,1.0,7669.96,8080.01,1.00028
y_pred[6958],0.568908,0.00148493,0.134919,0.142516,0.342125,0.572926,0.782088,8323.09,7612.81,1.00007
y_pred[6959],0.701968,0.0029035,0.26457,0.267124,0.17479,0.777891,0.99532,8260.84,7773.06,1.00013
y_pred[6960],0.739163,0.00404114,0.344399,0.0778684,0.020454,0.947479,1.0,7003.88,7564.18,1.00024
y_pred[6961],0.779771,0.00366243,0.329363,0.0263577,0.0338059,0.982222,1.0,8263.11,7789.06,0.999955
y_pred[6962],0.785448,0.00312189,0.273934,0.114065,0.167265,0.922926,0.999989,7800.5,8086.35,1.00043
y_pred[6963],0.788702,0.00349821,0.3071,0.0481578,0.0746102,0.967518,1.0,8077.77,7973.42,1.00014
y_pred[6964],0.86744,0.00277736,0.247212,0.00580512,0.218429,0.996085,1.0,8075.1,7995.59,1.00001
y_pred[6965],0.617858,0.00145067,0.13175,0.136774,0.391932,0.623934,0.825459,8233.27,7860.23,0.999883
y_pred[6966],0.0806913,0.00173133,0.156554,0.00963602,4.53472e-09,0.00649942,0.439662,8213.45,8214.7,1.00017
y_pred[6967],0.0983547,0.00263351,0.235255,2.8169e-05,3.98068e-23,1.89998e-05,0.769976,8041.19,7148.95,0.999773
y_pred[6968],0.116394,0.00294123,0.257271,0.000155166,1.0009000000000001e-20,0.000104658,0.842898,7989.61,7388.19,1.00033
y_pred[6969],0.123245,0.00255578,0.220231,0.0127268,1.51385e-09,0.00858411,0.676035,7513.54,7795.61,1.00001
y_pred[6970],0.119029,0.00265899,0.241269,0.00165646,1.09375e-14,0.00111727,0.771597,8121.62,8014.96,0.999808
y_pred[6971],0.189994,0.00333385,0.28581,0.0398603,3.71629e-08,0.0268856,0.880786,7534.78,7986.96,1.00088
y_pred[6972],0.0578917,0.000732542,0.063722,0.0432077,0.00111655,0.0359198,0.188494,7704.6,7812.73,1.00017
y_pred[6973],0.750426,0.00269914,0.248776,0.214982,0.231047,0.836522,0.998631,8447.78,7403.14,0.999944
y_pred[6974],0.783945,0.00368588,0.327985,0.0249855,0.0314683,0.983148,1.0,7798.87,7847.68,1.00016
y_pred[6975],0.811826,0.00350343,0.310936,0.00894675,0.0595552,0.993966,1.0,7494.83,7869.7,0.999855
y_pred[6976],0.829098,0.00280731,0.252581,0.048441,0.225167,0.967325,1.0,8089.24,7678.5,0.999723
y_pred[6977],0.822224,0.00326959,0.287556,0.0208216,0.103063,0.985956,1.0,7980.45,7971.41,1.00034
y_pred[6978],0.890545,0.00259841,0.229406,0.00143367,0.266862,0.999033,1.0,8001.46,7602.53,0.99998
y_pred[6979],0.676889,0.00140786,0.127743,0.133729,0.449415,0.685229,0.869975,8273.9,7689.98,1.00018
y_pred[6980],0.537786,0.00339699,0.287002,0.36663,0.0676706,0.555765,0.963627,7330.46,7771.13,1.00001
y_pred[6981],0.587052,0.00438541,0.393972,0.415875,0.0015071,0.718781,0.99998,8050.35,7390.57,0.999894
y_pred[6982],0.625115,0.00432514,0.387174,0.302026,0.00254359,0.796196,0.999997,8156.33,7427.26,1.00026
y_pred[6983],0.650212,0.00350975,0.318606,0.352201,0.0604237,0.739917,0.99882,8252.88,7769.41,0.999824
y_pred[6984],0.636234,0.0041037,0.36184,0.342381,0.0111807,0.766548,0.999937,7775.06,7929.2,1.00041
y_pred[6985],0.762515,0.00364959,0.308672,0.1011,0.0775991,0.931797,0.999999,7546.72,7970.78,1.00086
y_pred[6986],0.446222,0.00148417,0.136317,0.142665,0.228642,0.441882,0.678116,8430.4,7972.73,1.00035
y_pred[6987],0.843771,0.00239076,0.21125,0.0799974,0.36838,0.945561,0.999967,7989.32,7953.57,0.999832
y_pred[6988],0.868091,0.00301478,0.269091,0.000608607,0.116072,0.999589,1.0,7869.06,7848.18,0.99994
y_pred[6989],0.889867,0.00274799,0.24917,9.6369e-05,0.177722,0.999935,1.0,8168.41,8063.44,1.00044
y_pred[6990],0.896694,0.00227277,0.205069,0.00492594,0.377721,0.996677,1.0,8632.23,7953.8,0.99987
y_pred[6991],0.893,0.00255025,0.231711,0.000559681,0.268129,0.999623,1.0,8093.29,8043.5,1.00011
y_pred[6992],0.936536,0.00207116,0.178889,5.9304e-06,0.498714,0.999996,1.0,7621.19,7880.94,1.00068
y_pred[6993],0.791356,0.00127685,0.112653,0.112405,0.579299,0.807594,0.943975,7785.37,7608.07,0.999768
y_pred[6994],0.572433,0.00317891,0.285538,0.355421,0.082561,0.598909,0.974152,8044.32,7722.13,1.00004
y_pred[6995],0.619024,0.00427009,0.386877,0.322662,0.00256594,0.782237,0.999994,8131.43,7944.46,1.00093
y_pred[6996],0.665979,0.00417654,0.377252,0.189145,0.00517173,0.872418,0.999999,8184.86,7708.49,0.999691
y_pred[6997],0.683226,0.00348982,0.314545,0.283893,0.0645973,0.798462,0.999445,8174.15,7891.36,0.999821
y_pred[6998],0.677864,0.00394698,0.350649,0.233157,0.021575,0.84241,0.999986,7820.66,7601.19,1.0005
y_pred[6999],0.786479,0.00336276,0.299809,0.0604938,0.104367,0.959197,1.0,7936.87,7495.17,1.00006
y_pred[7000],0.482172,0.00151512,0.138955,0.143643,0.257933,0.480359,0.714659,8427.17,7876.42,1.00017
y_pred[7001],0.763252,0.00289733,0.249011,0.194742,0.22475,0.855967,0.999053,7722.61,7694.21,0.999924
y_pred[7002],0.801846,0.00348974,0.314115,0.0176533,0.042793,0.988093,1.0,8126.41,7796.54,1.00007
y_pred[7003],0.828627,0.00328763,0.3006,0.00484143,0.062716,0.996735,1.0,8387.87,8101.44,1.00053
y_pred[7004],0.835251,0.00281314,0.250194,0.0430206,0.219378,0.970981,1.0,7695.4,7513.06,1.00001
y_pred[7005],0.835396,0.00318598,0.279854,0.0128178,0.125382,0.991355,1.0,7823.81,7813.07,1.0005
y_pred[7006],0.899979,0.00254832,0.219601,0.000926625,0.310824,0.999375,1.0,8063.6,7852.42,1.00044
y_pred[7007],0.693378,0.00140959,0.125185,0.128291,0.469633,0.70223,0.880398,7910.34,7288.27,1.00007
y_pred[7008],0.283328,0.00293589,0.260375,0.251132,0.00307102,0.203157,0.8078,8216.36,7968.96,1.0001
y_pred[7009],0.316384,0.00407328,0.367294,0.169352,5.31542e-07,0.114233,0.991115,8402.3,8186.05,1.00023
y_pred[7010],0.369862,0.00431559,0.388198,0.28931,1.86097e-06,0.195189,0.997866,8186.81,8143.56,0.999874
y_pred[7011],0.386484,0.00360669,0.327946,0.404095,0.00209613,0.313943,0.960873,8324.73,7654.6,0.999931
y_pred[7012],0.383346,0.00416013,0.364754,0.392034,0.000123778,0.268672,0.988925,7747.27,7847.33,0.999941
y_pred[7013],0.521925,0.0040353,0.365204,0.547199,0.00419781,0.548918,0.997867,8135.95,7639.15,0.999983
y_pred[7014],0.214714,0.00128638,0.113135,0.113724,0.058179,0.200022,0.423028,7786.2,7864.94,1.00024
y_pred[7015],0.650884,0.00304985,0.273308,0.311069,0.13511,0.707755,0.988921,8016.49,8100.56,1.00023
y_pred[7016],0.700843,0.00406177,0.361642,0.131175,0.0117294,0.911523,1.0,7938.15,7810.28,1.00017
y_pred[7017],0.736217,0.00398242,0.353599,0.0651417,0.0159005,0.956063,1.0,7852.94,7889.04,1.00017
y_pred[7018],0.749718,0.00327957,0.289802,0.17387,0.123797,0.881598,0.999944,7983.07,7355.96,1.00049
y_pred[7019],0.745201,0.00370664,0.329928,0.096217,0.0407384,0.935101,1.0,7821.6,7588.4,1.00009
y_pred[7020],0.838099,0.00302533,0.268649,0.0186222,0.156589,0.98744,1.0,7907.36,7670.54,1.00037
y_pred[7021],0.566995,0.0015239,0.136316,0.14419,0.335516,0.572391,0.784079,8029.77,7926.26,1.00026
y_pred[7022],0.789617,0.00262458,0.233753,0.162361,0.273943,0.884591,0.999614,7756.77,7607.58,0.999833
y_pred[7023],0.824026,0.00338967,0.300174,0.00804459,0.0685483,0.994574,1.0,7148.13,7339.38,0.999731
y_pred[7024],0.848751,0.00316766,0.283831,0.00211048,0.0931567,0.998576,1.0,7927.64,7870.61,0.999996
y_pred[7025],0.854756,0.00261433,0.234578,0.0282191,0.284839,0.980966,1.0,7922.21,7843.47,1.00044
y_pred[7026],0.855529,0.00290177,0.264406,0.00571172,0.154354,0.996147,1.0,8247.85,7990.54,1.00002
y_pred[7027],0.913686,0.00224713,0.203256,0.000252042,0.373686,0.99983,1.0,8391.92,8016.33,0.999803
y_pred[7028],0.723762,0.0013898,0.122161,0.125467,0.502446,0.735742,0.904164,7690.21,7974.27,1.00111
y_pred[7029],0.804448,0.0025269,0.228357,0.141369,0.298967,0.900509,0.999696,8034.35,7307.71,1.00026
y_pred[7030],0.836813,0.00333531,0.2926,0.00468057,0.0801846,0.996843,1.0,8165.62,7900.84,0.999855
y_pred[7031],0.853648,0.00320043,0.282264,0.00139513,0.0962108,0.999059,1.0,7354.91,7439.93,1.0001
y_pred[7032],0.860119,0.0026355,0.235477,0.0198846,0.279098,0.986588,1.0,8132.06,7551.9,0.999941
y_pred[7033],0.862562,0.00299064,0.259195,0.00398004,0.174177,0.997316,1.0,7836.65,7587.95,0.999985
y_pred[7034],0.917805,0.00221896,0.20026,0.000144554,0.401465,0.999902,1.0,8300.16,8186.08,0.999914
y_pred[7035],0.739735,0.00132495,0.119838,0.123003,0.524276,0.750906,0.913889,8186.3,7718.48,1.00033
y_pred[7036],0.658784,0.00306607,0.273601,0.310512,0.145118,0.718776,0.991542,8016.68,7767.65,1.00054
y_pred[7037],0.703075,0.00404881,0.361862,0.129582,0.0108787,0.912596,1.0,8079.76,7989.33,1.00045
y_pred[7038],0.730386,0.00392161,0.352453,0.0744962,0.0152898,0.949753,1.0,8117.93,7929.53,0.999932
y_pred[7039],0.75189,0.00332312,0.290603,0.168669,0.123635,0.885204,0.999957,7763.96,7408.77,1.00016
y_pred[7040],0.744355,0.00364229,0.32795,0.100081,0.0481892,0.932492,0.999999,8367.03,7623.67,1.00021
y_pred[7041],0.836419,0.00297694,0.271828,0.0168038,0.148935,0.988666,1.0,8285.76,7998.88,0.999892
y_pred[7042],0.569,0.00155638,0.135945,0.142355,0.335969,0.574659,0.782668,7664.98,7750.38,1.00045
y_pred[7043],0.69927,0.00297443,0.263359,0.274286,0.17368,0.769732,0.994697,7913.03,7929.36,1.00011
y_pred[7044],0.737365,0.00402758,0.350049,0.0660461,0.0173744,0.955453,1.0,7862.17,8067.39,1.00008
y_pred[7045],0.771892,0.00374802,0.336399,0.0291101,0.0274502,0.980366,1.0,8112.15,7483.61,1.00031
y_pred[7046],0.78885,0.0031321,0.271613,0.112584,0.17051,0.923916,0.999995,7770.92,7941.26,1.00015
y_pred[7047],0.787007,0.00339285,0.3043,0.0512624,0.0780619,0.965424,1.0,7818.98,8075.82,1.00032
y_pred[7048],0.863717,0.00276935,0.249206,0.00673397,0.216899,0.995458,1.0,8236.17,8039.91,1.00006
y_pred[7049],0.61935,0.00153208,0.134363,0.141103,0.38696,0.626199,0.829694,7716.79,7770.2,0.999922
y_pred[7050],0.0823376,0.00172005,0.155564,0.00977419,4.10383e-09,0.00659261,0.442786,8264.71,7947.33,1.00015
y_pred[7051],0.103237,0.00277153,0.243321,3.0539e-05,1.8476300000000002e-23,2.05983e-05,0.805362,7945.76,7454.09,1.00023
y_pred[7052],0.109614,0.00289689,0.249852,0.000103938,2.32171e-21,7.01054e-05,0.828362,7857.9,7814.99,1.00018
y_pred[7053],0.121585,0.00248232,0.218017,0.0128299,1.30752e-09,0.00865363,0.677032,7692.82,8082.38,1.00004
y_pred[7054],0.117038,0.00270577,0.240803,0.00162352,4.26751e-15,0.00109505,0.758023,7323.55,7873.96,0.999968
y_pred[7055],0.190047,0.00316871,0.284497,0.0444541,3.61283e-08,0.029984,0.876116,8116.12,7787.03,1.00002
y_pred[7056],0.0584442,0.000730101,0.0642978,0.0429427,0.00111404,0.0359474,0.192365,7790.67,7809.44,1.00031
y_pred[7057],0.748493,0.00284674,0.251489,0.219105,0.223496,0.833164,0.998702,7945.01,7561.03,1.00037
y_pred[7058],0.787528,0.00360811,0.326076,0.0209677,0.0386244,0.985858,1.0,7841.52,7568.36,0.999718
y_pred[7059],0.813738,0.00347734,0.3124,0.0073448,0.0469758,0.995046,1.0,8110.98,8140.48,0.999619
y_pred[7060],0.82766,0.00280458,0.250832,0.0550764,0.231889,0.962848,1.0,8109.45,7818.21,0.999963
y_pred[7061],0.826985,0.0032608,0.283548,0.016703,0.125279,0.988734,1.0,7941.31,7382.69,1.00036
y_pred[7062],0.891602,0.00254314,0.228085,0.00143738,0.281423,0.99903,1.0,7457.22,7702.68,1.00046
y_pred[7063],0.676702,0.00141887,0.128837,0.132844,0.446846,0.685443,0.8719,8294.64,7848.64,1.00061
y_pred[7064],0.53602,0.00336376,0.288151,0.368765,0.0652287,0.554773,0.963053,7444.96,7887.99,1.00061
y_pred[7065],0.582,0.00442525,0.392393,0.44234,0.00156134,0.700433,0.999967,7741.48,7648.98,1.00012
y_pred[7066],0.630918,0.00431347,0.386112,0.290253,0.00261289,0.804131,0.999997,8026.35,7228.2,1.0003
y_pred[7067],0.651776,0.00356256,0.32007,0.345077,0.0618322,0.74578,0.99893,8182.95,7930.89,1.00001
y_pred[7068],0.633646,0.00408773,0.362421,0.339846,0.0119559,0.76886,0.999941,8036.0,8130.3,0.999927
y_pred[7069],0.760816,0.00341131,0.310661,0.105122,0.0659842,0.929083,0.999999,8331.68,7994.06,1.00023
y_pred[7070],0.445894,0.00151863,0.134862,0.139036,0.229479,0.442321,0.678138,7941.84,8140.64,1.00045
y_pred[7071],0.845581,0.0023451,0.209117,0.0818677,0.36477,0.944447,0.999974,8095.53,7690.82,1.00001
y_pred[7072],0.867479,0.00297748,0.268632,0.000680513,0.126327,0.999541,1.0,8020.2,8095.35,0.999885
y_pred[7073],0.884413,0.0028849,0.256143,0.000111195,0.150638,0.999925,1.0,7999.6,7697.11,1.00017
y_pred[7074],0.892197,0.00233555,0.20838,0.00560571,0.358729,0.996219,1.0,7799.23,7691.43,0.999773
y_pred[7075],0.89469,0.00259187,0.231213,0.000575249,0.275776,0.999612,1.0,7730.8,7584.78,1.00048
y_pred[7076],0.937289,0.00197176,0.178184,5.9304e-06,0.49953,0.999996,1.0,8291.15,8053.45,1.00005
y_pred[7077],0.792913,0.00123749,0.110934,0.108895,0.586882,0.809804,0.944943,8045.58,7731.97,0.999945
y_pred[7078],0.574832,0.0032133,0.285205,0.358135,0.0861382,0.601493,0.974587,7898.7,7859.84,0.999847
y_pred[7079],0.623999,0.00442495,0.38526,0.308393,0.00285215,0.791854,0.999991,7788.85,7931.02,0.999912
y_pred[7080],0.655023,0.00446649,0.383433,0.203018,0.00406852,0.863058,0.999999,7805.94,7681.05,1.00013
y_pred[7081],0.685797,0.00356089,0.311572,0.285875,0.0767136,0.798029,0.999449,7686.08,7071.52,1.00006
y_pred[7082],0.677739,0.00397576,0.351362,0.234621,0.0218038,0.841422,0.999985,7844.67,8131.41,1.00007
y_pred[7083],0.788999,0.00331933,0.297248,0.0618956,0.0955084,0.958251,1.0,8077.5,7852.56,0.999827
y_pred[7084],0.486951,0.00149518,0.136848,0.144118,0.262592,0.486696,0.713243,8390.82,7857.6,0.999941
y_pred[7085],0.768501,0.00262322,0.241547,0.194634,0.258566,0.856191,0.999082,8465.44,8010.66,0.999972
y_pred[7086],0.803946,0.00361243,0.312685,0.0152419,0.0548057,0.989719,1.0,7466.24,7798.88,1.00021
y_pred[7087],0.826514,0.0033844,0.301222,0.00684516,0.0638757,0.995383,1.0,8013.19,7911.26,0.999954
y_pred[7088],0.838665,0.00274146,0.247261,0.0419895,0.238034,0.971677,1.0,8156.75,7978.04,1.00004
y_pred[7089],0.838189,0.00311459,0.276204,0.0127185,0.129058,0.991421,1.0,8037.7,7886.62,0.999788
y_pred[7090],0.904462,0.00237758,0.216123,0.000738335,0.325225,0.999502,1.0,8238.84,8140.06,1.00018
y_pred[7091],0.693842,0.00145969,0.127432,0.132593,0.465734,0.704438,0.883636,7618.16,7969.27,0.999922
y_pred[7092],0.284473,0.00290335,0.261487,0.255886,0.00320997,0.204734,0.814405,8042.45,7839.81,0.9999
y_pred[7093],0.32699,0.00410892,0.374958,0.171902,5.79824e-07,0.11595,0.992928,8132.65,7956.93,1.00021
y_pred[7094],0.352734,0.00418437,0.381866,0.242203,2.42767e-06,0.163396,0.997067,8077.28,8016.57,0.999877
y_pred[7095],0.382301,0.00366604,0.324824,0.402027,0.00250439,0.311452,0.952825,7929.7,7992.1,0.999876
y_pred[7096],0.369481,0.00401826,0.36176,0.343196,8.67639e-05,0.234059,0.988087,8057.22,7544.04,0.999988
y_pred[7097],0.522204,0.00421656,0.36353,0.543345,0.00535259,0.550943,0.997663,7350.3,7649.38,0.999986
y_pred[7098],0.213581,0.00123895,0.11267,0.112314,0.0588721,0.197611,0.424547,8136.75,6913.5,1.00008
y_pred[7099],0.654633,0.00301703,0.274228,0.309482,0.142472,0.716681,0.990149,8245.85,7682.64,1.00008
y_pred[7100],0.699889,0.00418386,0.362595,0.13056,0.0111032,0.911938,1.0,7678.38,7295.88,1.00003
y_pred[7101],0.732336,0.00398885,0.352642,0.0702997,0.014914,0.952584,1.0,7891.87,7381.11,1.00053
y_pred[7102],0.751489,0.00326179,0.290799,0.164407,0.125202,0.888269,0.999945,8001.67,7710.67,1.00005
y_pred[7103],0.74379,0.00368293,0.328414,0.106078,0.0458168,0.928446,1.0,7992.62,7810.73,1.00063
y_pred[7104],0.838526,0.00297308,0.26627,0.0208691,0.17192,0.985924,1.0,8139.62,7661.26,0.999895
y_pred[7105],0.568678,0.00155498,0.136697,0.145009,0.339696,0.572093,0.790139,7724.62,7826.05,1.00009
y_pred[7106],0.798582,0.00259846,0.229651,0.150568,0.288704,0.893045,0.999598,7624.05,7690.43,1.00073
y_pred[7107],0.820525,0.00348478,0.302648,0.00758202,0.069738,0.994886,1.0,7844.92,7758.1,0.999808
y_pred[7108],0.844654,0.00320659,0.288216,0.00220018,0.0847363,0.998516,1.0,8119.35,8093.7,1.00034
y_pred[7109],0.860441,0.00261965,0.230958,0.0253873,0.294426,0.982877,1.0,7897.42,7917.42,0.999911
y_pred[7110],0.849456,0.00298659,0.270057,0.00747898,0.139335,0.994956,1.0,8338.31,7880.36,1.00017
y_pred[7111],0.916078,0.00231235,0.201059,0.000230544,0.383919,0.999845,1.0,7531.09,7604.07,0.999742
y_pred[7112],0.725256,0.00139495,0.12398,0.126656,0.497326,0.73725,0.905601,7763.87,7804.9,0.999976
y_pred[7113],0.806326,0.00250534,0.225452,0.142649,0.309559,0.900152,0.999807,8111.02,8143.54,1.00021
y_pred[7114],0.838965,0.00332081,0.293168,0.00378063,0.0716517,0.99745,1.0,8147.38,7758.35,0.999809
y_pred[7115],0.859834,0.00307317,0.276202,0.000954053,0.102256,0.999356,1.0,8323.71,8131.03,1.00014
y_pred[7116],0.872562,0.00252308,0.221413,0.016995,0.316399,0.988537,1.0,7974.28,7792.31,1.00002
y_pred[7117],0.862116,0.0028848,0.260306,0.0043329,0.16358,0.997078,1.0,8075.9,7775.8,1.00013
y_pred[7118],0.921573,0.00220642,0.194896,0.000111936,0.413421,0.999924,1.0,7794.92,7556.18,1.00014
y_pred[7119],0.740285,0.0013127,0.119392,0.120747,0.52334,0.750661,0.914464,8210.77,8009.94,1.00027
y_pred[7120],0.648371,0.00309505,0.277886,0.323741,0.129764,0.704313,0.989926,7964.17,7652.51,1.00001
y_pred[7121],0.705891,0.00407942,0.362251,0.116386,0.0108379,0.921498,1.0,7862.91,7812.61,1.00003
y_pred[7122],0.725635,0.00397218,0.356477,0.0810189,0.0117458,0.945353,1.0,8210.99,8022.99,0.999806
y_pred[7123],0.74934,0.00325395,0.292312,0.174246,0.117866,0.881208,0.999958,7876.94,7489.21,1.0006
y_pred[7124],0.744742,0.00380951,0.326437,0.108377,0.0431907,0.926894,0.999999,7639.59,7972.47,0.999887
y_pred[7125],0.841571,0.00296937,0.267717,0.0153642,0.162315,0.989637,1.0,8046.27,7134.15,1.00009
y_pred[7126],0.567365,0.00154246,0.136013,0.144614,0.339367,0.571284,0.78613,7766.16,7906.8,1.00045
y_pred[7127],0.70453,0.00292976,0.262648,0.271808,0.178475,0.773656,0.996106,7974.41,7956.55,0.999818
y_pred[7128],0.742491,0.00396404,0.345531,0.0694346,0.021699,0.953167,1.0,7884.24,8140.5,1.00006
y_pred[7129],0.770216,0.00381564,0.338181,0.0285148,0.0241513,0.980767,1.0,7947.88,7860.72,1.00041
y_pred[7130],0.79283,0.00306857,0.270623,0.100435,0.174021,0.932165,0.999992,7893.47,7654.86,1.00004
y_pred[7131],0.785346,0.00354381,0.309168,0.0494447,0.0749665,0.96665,1.0,7576.73,7779.8,0.999924
y_pred[7132],0.861585,0.0028147,0.253812,0.00580512,0.193187,0.996085,1.0,8029.94,7926.8,0.999726
y_pred[7133],0.622195,0.00149583,0.133852,0.140092,0.390437,0.628653,0.829432,7908.17,7479.61,1.00052
y_pred[7134],0.0772507,0.00176072,0.152435,0.00794504,2.57011e-09,0.00535886,0.430493,7594.32,7515.16,0.999952
y_pred[7135],0.0906938,0.00262275,0.226911,2.30104e-05,2.83598e-24,1.55203e-05,0.741592,7998.16,7782.41,0.999831
y_pred[7136],0.108871,0.00280502,0.247406,7.53614e-05,5.74151e-21,5.08305e-05,0.820212,7652.58,7933.95,1.00008
y_pred[7137],0.123853,0.00247067,0.219842,0.0130069,1.40251e-09,0.00877305,0.667421,7671.93,7536.33,0.999955
y_pred[7138],0.12029,0.00280039,0.24404,0.00141065,2.54612e-15,0.000951473,0.788977,7975.8,7850.5,0.999713
y_pred[7139],0.194457,0.0032832,0.28869,0.045203,3.54153e-08,0.0304892,0.882492,7619.12,7656.05,1.00007
y_pred[7140],0.0560065,0.000697787,0.0616318,0.0410126,0.00110018,0.0347282,0.185051,7805.14,7690.66,1.0
y_pred[7141],0.751135,0.0027789,0.250132,0.216288,0.227742,0.836825,0.998547,8081.98,7255.31,1.00021
y_pred[7142],0.79266,0.00361502,0.319843,0.0247839,0.040788,0.983283,1.0,8013.58,7650.97,0.999841
y_pred[7143],0.811882,0.00358261,0.312988,0.00868211,0.0446126,0.994144,1.0,7915.02,7695.02,0.999698
y_pred[7144],0.822882,0.00291083,0.254743,0.0620476,0.22141,0.958142,0.999999,7866.31,7732.3,0.999882
y_pred[7145],0.823188,0.00333834,0.288269,0.0170299,0.115676,0.988514,1.0,7860.82,7724.08,1.0
y_pred[7146],0.893564,0.002532,0.227262,0.00132693,0.269405,0.999105,1.0,8090.86,7670.79,0.999957
y_pred[7147],0.676688,0.00143501,0.127724,0.132072,0.453556,0.685566,0.870837,7917.37,7714.18,0.999856
y_pred[7148],0.541612,0.00316063,0.287794,0.363466,0.0716059,0.558987,0.967863,8307.34,7937.48,1.00019
y_pred[7149],0.584857,0.00440383,0.391355,0.443149,0.00206305,0.699369,0.999976,7970.57,6999.68,1.00015
y_pred[7150],0.627007,0.00443558,0.388397,0.297852,0.0021498,0.799028,0.999997,7762.83,7600.58,1.00029
y_pred[7151],0.64907,0.00363208,0.318679,0.344431,0.0567883,0.742627,0.998745,7718.55,8014.4,1.00022
y_pred[7152],0.645998,0.00410372,0.357633,0.321131,0.0142083,0.78176,0.999954,7533.12,7787.06,1.0002
y_pred[7153],0.763931,0.00352788,0.310499,0.0958968,0.0762991,0.935306,0.999999,7593.76,7434.85,0.999989
y_pred[7154],0.444978,0.00151368,0.137109,0.144705,0.226815,0.441819,0.679511,8226.36,7899.43,1.00032
y_pred[7155],0.84625,0.00231588,0.206608,0.0833399,0.374718,0.943362,0.999967,8001.97,7823.69,0.999773
y_pred[7156],0.869963,0.00301452,0.2622,0.000725733,0.147743,0.99951,1.0,7433.32,7447.89,1.00008
y_pred[7157],0.889811,0.00289495,0.249839,6.6717e-05,0.173907,0.999955,1.0,8050.71,7865.35,1.00015
y_pred[7158],0.899623,0.00227508,0.201961,0.00466871,0.398333,0.996851,1.0,7813.12,7690.19,0.99994
y_pred[7159],0.89515,0.00258679,0.2298,0.000503343,0.267143,0.999661,1.0,8046.93,8094.26,1.00147
y_pred[7160],0.938819,0.0019198,0.173608,8.8956e-06,0.519638,0.999994,1.0,8000.53,8156.08,0.999682
y_pred[7161],0.791287,0.00122573,0.109513,0.110294,0.589947,0.80675,0.943352,7965.83,7939.07,1.00027
y_pred[7162],0.573744,0.00319629,0.286541,0.356837,0.0807187,0.603155,0.976284,7999.68,7852.25,1.00051
y_pred[7163],0.631172,0.00420243,0.380468,0.295481,0.00346007,0.800565,0.999993,8065.47,7701.59,1.00018
y_pred[7164],0.661356,0.00421307,0.379032,0.202861,0.00440094,0.863163,0.999999,8288.07,7781.41,1.00006
y_pred[7165],0.679699,0.0034548,0.312518,0.300089,0.0706218,0.785899,0.999517,8150.36,7977.32,0.99983
y_pred[7166],0.673517,0.00393729,0.352204,0.245745,0.0184176,0.833893,0.999987,8210.59,8079.26,0.999819
y_pred[7167],0.788221,0.00342934,0.296077,0.0657496,0.096771,0.955651,1.0,7919.15,7585.93,1.00007
y_pred[7168],0.483662,0.00152799,0.136326,0.143342,0.264084,0.482432,0.710611,7951.7,7944.89,1.00005
y_pred[7169],0.763966,0.0027288,0.243899,0.199091,0.245713,0.85287,0.998908,7878.48,8086.37,0.999828
y_pred[7170],0.800447,0.00375321,0.315427,0.0154628,0.0467775,0.98957,1.0,7238.48,7324.54,1.00105
y_pred[7171],0.823206,0.003443,0.304421,0.00650046,0.052073,0.995615,1.0,8130.9,7550.89,0.999891
y_pred[7172],0.834261,0.00284593,0.252825,0.0405884,0.221738,0.972622,1.0,8014.63,7971.13,0.999909
y_pred[7173],0.83914,0.00308669,0.273506,0.0124924,0.152889,0.991574,1.0,8258.44,8252.9,1.00054
y_pred[7174],0.902714,0.00242097,0.214899,0.000704235,0.326319,0.999525,1.0,8184.93,7969.97,1.00006
y_pred[7175],0.69339,0.00139578,0.126534,0.130205,0.463,0.704428,0.879111,8306.08,7556.77,1.00002
y_pred[7176],0.281253,0.00294124,0.262004,0.252566,0.00277869,0.199994,0.807531,8013.37,7971.73,1.00016
y_pred[7177],0.326225,0.00418804,0.371083,0.18388,8.13127e-07,0.124032,0.993247,7889.06,7574.66,1.00034
y_pred[7178],0.363544,0.00451455,0.38758,0.258622,1.64227e-06,0.174471,0.997149,7448.26,8126.78,1.00011
y_pred[7179],0.386185,0.00376671,0.327953,0.396628,0.00217604,0.308571,0.957413,7560.01,7765.78,1.00021
y_pred[7180],0.375562,0.00413743,0.365719,0.361047,6.15224e-05,0.246319,0.991205,7930.17,8146.26,0.999954
y_pred[7181],0.515319,0.00410838,0.366377,0.557777,0.0039688,0.522853,0.997619,7970.15,7883.63,0.99989
y_pred[7182],0.214843,0.00130485,0.112513,0.110767,0.0597185,0.199168,0.424877,7509.1,7676.39,1.00001
y_pred[7183],0.654779,0.00308905,0.275098,0.315564,0.129539,0.710377,0.991059,8062.09,7817.9,1.0003
y_pred[7184],0.695789,0.00409015,0.365205,0.137797,0.0091898,0.907056,1.0,8083.72,7818.82,0.999991
y_pred[7185],0.7323,0.00405517,0.355942,0.0646169,0.0142782,0.956417,1.0,7550.94,7470.96,0.999945
y_pred[7186],0.747727,0.00330235,0.293436,0.170452,0.12508,0.88433,0.999949,7907.58,7806.53,0.999768
y_pred[7187],0.744356,0.00362214,0.329062,0.106125,0.0474404,0.928413,0.999999,8390.88,7976.75,0.999703
y_pred[7188],0.846498,0.00302376,0.264579,0.0139446,0.166896,0.990595,1.0,7511.04,7956.11,1.0004
y_pred[7189],0.567355,0.00156524,0.135722,0.143518,0.339884,0.572453,0.787626,7560.48,7998.98,1.00002
y_pred[7190],0.792087,0.00256865,0.232344,0.161546,0.290393,0.884865,0.999513,8067.04,7805.66,1.00003
y_pred[7191],0.814283,0.00356006,0.30795,0.00952867,0.0489668,0.993573,1.0,8057.58,8073.2,0.999928
y_pred[7192],0.848075,0.00320306,0.288431,0.00180284,0.084181,0.998784,1.0,8248.21,7664.81,0.999829
y_pred[7193],0.854558,0.00263337,0.238585,0.0253221,0.266984,0.98292,1.0,8432.91,7693.55,0.999819
y_pred[7194],0.853797,0.00299014,0.267308,0.00610683,0.150735,0.995881,1.0,8003.6,7887.54,0.999996
y_pred[7195],0.914411,0.00224981,0.203185,0.000261679,0.384261,0.999823,1.0,7658.21,7506.71,1.00002
y_pred[7196],0.724164,0.00137384,0.121875,0.125536,0.506123,0.734821,0.90329,7864.84,7798.46,1.00034
y_pred[7197],0.804466,0.00254747,0.226917,0.143279,0.308832,0.899497,0.999695,8025.21,7593.53,1.0002
y_pred[7198],0.834106,0.00325066,0.292556,0.00551898,0.0882788,0.996278,1.0,8138.29,7837.18,0.999797
y_pred[7199],0.854867,0.00309942,0.28187,0.00101039,0.0955235,0.999318,1.0,7970.5,7529.7,1.00076
y_pred[7200],0.870908,0.00249448,0.222732,0.0189261,0.317881,0.987235,1.0,8226.17,7848.01,1.0001
y_pred[7201],0.86131,0.00298098,0.261009,0.00379694,0.168482,0.997439,1.0,7629.66,7759.64,1.00012
y_pred[7202],0.919058,0.00230945,0.199748,0.000126021,0.392652,0.999915,1.0,8233.86,8024.45,1.00012
y_pred[7203],0.739304,0.00131404,0.120405,0.122572,0.520817,0.753558,0.911616,8439.95,7985.92,0.999964
y_pred[7204],0.656192,0.00309584,0.274593,0.316663,0.142254,0.710543,0.991645,7761.61,8101.51,0.999768
y_pred[7205],0.697572,0.00425155,0.364149,0.13749,0.011281,0.907262,1.0,7946.96,7969.26,0.999925
y_pred[7206],0.737868,0.00391918,0.351153,0.0668371,0.0143921,0.954919,1.0,7545.57,8004.69,1.00066
y_pred[7207],0.751998,0.00328837,0.29018,0.163377,0.127964,0.888942,0.999947,7941.38,7097.84,0.999785
y_pred[7208],0.747081,0.00373799,0.324872,0.105783,0.0484296,0.928646,1.0,7153.43,7970.98,1.00031
y_pred[7209],0.835529,0.00302675,0.268805,0.0217987,0.167575,0.985297,1.0,8021.61,7745.31,1.00022
y_pred[7210],0.563924,0.00157362,0.136237,0.140575,0.330567,0.569023,0.780983,7586.32,7853.26,0.999923
y_pred[7211],0.697235,0.00313382,0.264709,0.275704,0.173115,0.767674,0.995473,7089.63,7863.77,0.999979
y_pred[7212],0.744003,0.0039195,0.345669,0.0582981,0.0230856,0.960678,1.0,7355.36,7296.84,0.999962
y_pred[7213],0.779796,0.00365693,0.330051,0.0260122,0.0360684,0.982455,1.0,8254.66,7686.69,1.0003
y_pred[7214],0.797876,0.00302559,0.270096,0.0934342,0.17087,0.936894,0.999992,7990.56,7403.78,0.999743
y_pred[7215],0.78224,0.00352938,0.311452,0.0478576,0.0697503,0.96772,1.0,7733.0,7681.61,1.00066
y_pred[7216],0.86402,0.00279456,0.251097,0.00727364,0.205303,0.995094,1.0,8211.61,7970.61,1.00046
y_pred[7217],0.621148,0.00152784,0.131532,0.137641,0.390981,0.626922,0.825988,7398.66,7323.04,1.0001
y_pred[7218],0.0805765,0.00173323,0.155124,0.00949973,2.97171e-09,0.00640749,0.443694,8201.01,8021.95,1.00041
y_pred[7219],0.0975926,0.00275268,0.236048,3.24031e-05,1.56006e-23,2.18556e-05,0.762235,7725.3,7566.88,1.0003
y_pred[7220],0.117981,0.00289534,0.258316,0.000128852,7.356909999999999e-21,8.69097e-05,0.850789,7999.21,7803.31,0.999964
y_pred[7221],0.124398,0.00253076,0.222856,0.0129881,1.93864e-09,0.00876037,0.683069,8011.83,7511.69,0.999966
y_pred[7222],0.117865,0.00269417,0.239556,0.00184796,1.27489e-14,0.00124643,0.760666,8045.15,7797.14,0.99994
y_pred[7223],0.199853,0.0033083,0.295806,0.0440881,4.76385e-08,0.0297373,0.901538,8098.02,7852.69,0.999672
y_pred[7224],0.0572999,0.000710648,0.0633915,0.0414926,0.00121136,0.0353289,0.188094,8018.39,8121.63,1.00051
y_pred[7225],0.754081,0.00277865,0.24716,0.21206,0.239478,0.840145,0.998802,7936.82,7696.83,1.00006
y_pred[7226],0.783544,0.00366907,0.32808,0.0228676,0.0335551,0.984576,1.0,8177.08,7973.23,0.999898
y_pred[7227],0.80895,0.00351074,0.31403,0.00802012,0.0499203,0.99459,1.0,7993.9,7952.23,1.0003
y_pred[7228],0.832399,0.00271257,0.247539,0.0522439,0.227594,0.964758,1.0,8374.51,7571.44,0.999945
y_pred[7229],0.822602,0.00322582,0.28673,0.019127,0.108457,0.987099,1.0,7776.79,7807.81,1.00007
y_pred[7230],0.893907,0.00250307,0.224332,0.00149965,0.287335,0.998989,1.0,7768.8,7894.35,1.00017
y_pred[7231],0.675484,0.00143355,0.127969,0.134585,0.452205,0.685483,0.868569,7833.76,8232.1,0.999836
y_pred[7232],0.539404,0.00320578,0.28706,0.363545,0.0699503,0.559921,0.962519,7956.47,7745.18,1.0
y_pred[7233],0.576297,0.00438271,0.392312,0.456498,0.00121921,0.690516,0.999966,8321.45,7886.75,1.0001
y_pred[7234],0.624091,0.00438731,0.387357,0.304101,0.00236891,0.794828,0.999997,7741.1,7802.34,1.00002
y_pred[7235],0.648373,0.00357114,0.320636,0.351822,0.0573707,0.740442,0.998845,8146.54,8013.03,0.999839
y_pred[7236],0.648739,0.00400604,0.360828,0.299129,0.0144999,0.797239,0.999958,8063.55,7729.02,1.00019
y_pred[7237],0.762991,0.00352686,0.313865,0.0912222,0.0656702,0.938463,0.999999,7950.9,7926.37,1.00017
y_pred[7238],0.441355,0.0015555,0.135049,0.141972,0.222871,0.437905,0.672048,7627.86,7904.88,1.0001
y_pred[7239],0.84095,0.00239752,0.210678,0.0878878,0.360129,0.940261,0.99997,7412.15,7031.24,1.00002
y_pred[7240],0.870447,0.0029423,0.265689,0.000627881,0.118747,0.999576,1.0,8247.87,8060.39,0.999964
y_pred[7241],0.885373,0.00288951,0.256134,9.93342e-05,0.162088,0.999933,1.0,7863.01,7561.23,0.999862
y_pred[7242],0.897041,0.00223883,0.203789,0.00529659,0.391475,0.996428,1.0,8155.83,7981.49,1.00019
y_pred[7243],0.895289,0.00269177,0.230949,0.000550786,0.257238,0.999629,1.0,7403.37,7397.79,1.00011
y_pred[7244],0.938094,0.00206524,0.177606,4.4478e-06,0.498055,0.999997,1.0,7481.92,7320.23,1.00006
y_pred[7245],0.791006,0.00124657,0.111969,0.109961,0.583247,0.806949,0.945044,8183.94,7473.49,0.999997
y_pred[7246],0.574053,0.00312082,0.284174,0.356525,0.0874814,0.602903,0.973597,8353.45,7910.65,1.00023
y_pred[7247],0.623598,0.00425902,0.383024,0.322454,0.00273009,0.782279,0.999993,8261.53,7217.93,0.999832
y_pred[7248],0.660933,0.00431451,0.378736,0.2027,0.00416955,0.863273,0.999999,7425.11,7895.1,1.00024
y_pred[7249],0.680472,0.00366468,0.314197,0.292529,0.0723241,0.79305,0.999371,7642.7,7983.75,1.00037
y_pred[7250],0.680315,0.00399985,0.351425,0.223474,0.0181155,0.849005,0.999987,7946.21,8099.28,0.99991
y_pred[7251],0.781912,0.00342557,0.303738,0.066439,0.0865453,0.955186,1.0,7965.57,7735.66,1.00096
y_pred[7252],0.482672,0.00155423,0.138214,0.142893,0.25494,0.481491,0.710438,7893.88,7670.22,1.00015
y_pred[7253],0.765843,0.00270328,0.245108,0.195386,0.247746,0.855782,0.999076,8212.76,7701.79,0.999971
y_pred[7254],0.796576,0.00363316,0.320565,0.0163509,0.0423747,0.988971,1.0,8009.98,7867.52,1.00013
y_pred[7255],0.82527,0.0034003,0.304096,0.00571913,0.0520881,0.996142,1.0,8104.93,7745.6,0.999558
y_pred[7256],0.842154,0.00271091,0.243826,0.0393808,0.251585,0.973437,1.0,8047.98,7726.1,1.0002
y_pred[7257],0.833948,0.00304226,0.278242,0.0149639,0.135946,0.989907,1.0,8144.12,8115.54,1.00002
y_pred[7258],0.901814,0.00243254,0.21615,0.0008095,0.334273,0.999454,1.0,7565.17,7836.48,0.999932
y_pred[7259],0.690722,0.00141035,0.126952,0.131107,0.463041,0.699153,0.881369,8107.87,7310.95,0.999835
y_pred[7260],0.280593,0.00295372,0.259693,0.250886,0.00334214,0.203375,0.807946,7733.76,7730.83,1.00016
y_pred[7261],0.322851,0.00410379,0.371186,0.179704,4.70803e-07,0.121218,0.992937,8288.27,7997.71,0.999942
y_pred[7262],0.358081,0.00429145,0.383943,0.247315,1.7829e-06,0.166836,0.996073,8009.24,8101.73,0.999857
y_pred[7263],0.386567,0.00381927,0.328748,0.403956,0.00194383,0.313803,0.964597,7214.42,7288.49,1.0001
y_pred[7264],0.381481,0.0041695,0.366939,0.378683,0.000145276,0.258877,0.99019,8094.44,7693.09,0.999787
y_pred[7265],0.513379,0.00415163,0.364866,0.552104,0.00466955,0.52405,0.997818,7681.15,7406.25,0.999737
y_pred[7266],0.21275,0.0012505,0.111459,0.111583,0.0587,0.197516,0.417317,8016.03,7924.62,1.00037
y_pred[7267],0.649483,0.0031479,0.276509,0.314114,0.134231,0.707008,0.989449,7723.63,7451.01,0.99991
y_pred[7268],0.697868,0.00403648,0.36352,0.142892,0.00948038,0.90362,1.0,8227.57,7900.38,0.999957
y_pred[7269],0.731339,0.0039167,0.354399,0.0709921,0.0141908,0.952117,1.0,8015.76,8030.54,1.00024
y_pred[7270],0.754029,0.00328526,0.288023,0.165441,0.134244,0.88754,0.99995,7764.36,7631.08,1.0002
y_pred[7271],0.747536,0.00361258,0.325617,0.100062,0.047846,0.932506,1.0,8086.02,7825.91,1.00018
y_pred[7272],0.837023,0.00307998,0.270374,0.0172879,0.15879,0.98834,1.0,7887.06,7726.78,0.99981
y_pred[7273],0.564819,0.0015274,0.13672,0.146156,0.332764,0.567849,0.780429,8035.45,7888.85,1.00001
y_pred[7274],0.791646,0.00260735,0.23271,0.160723,0.282266,0.885607,0.999537,8052.03,7771.6,1.00053
y_pred[7275],0.816026,0.00341791,0.307365,0.00816987,0.0522997,0.99449,1.0,7871.27,7787.35,0.999928
y_pred[7276],0.849101,0.00318288,0.285071,0.00210677,0.0890515,0.998579,1.0,8070.03,7807.29,0.999755
y_pred[7277],0.860092,0.0027087,0.232614,0.02505,0.278319,0.983104,1.0,7201.24,7439.07,0.999626
y_pred[7278],0.854531,0.00300571,0.262785,0.0067273,0.170617,0.995462,1.0,7848.33,7523.07,1.0005
y_pred[7279],0.911329,0.00236941,0.209748,0.000209788,0.349067,0.999858,1.0,7673.02,7661.84,1.00007
y_pred[7280],0.723615,0.0013748,0.124113,0.126653,0.499172,0.735164,0.905233,8170.67,7683.95,1.00015
y_pred[7281],0.810426,0.00249713,0.226043,0.131638,0.307691,0.908212,0.999737,8220.97,8096.21,0.999891
y_pred[7282],0.829356,0.00329251,0.302773,0.00459161,0.0545858,0.996903,1.0,8257.71,7443.57,1.00033
y_pred[7283],0.853439,0.0032212,0.284108,0.00084953,0.0913097,0.999427,1.0,7683.48,7593.11,1.00012
y_pred[7284],0.865794,0.00252883,0.228421,0.0193472,0.302323,0.986951,1.0,8134.95,7775.98,1.00001
y_pred[7285],0.862572,0.00296291,0.259077,0.0043796,0.173,0.997046,1.0,7894.27,7420.88,0.999872
y_pred[7286],0.920943,0.00226352,0.197974,0.000120091,0.402315,0.999919,1.0,7503.82,7480.66,1.00047
y_pred[7287],0.740339,0.00135675,0.120434,0.120697,0.518674,0.753597,0.913238,7911.54,7769.63,1.00011
y_pred[7288],0.648742,0.00317402,0.271004,0.314749,0.14307,0.699182,0.989044,7420.12,7440.34,0.999783
y_pred[7289],0.696703,0.00410441,0.364151,0.140436,0.00903432,0.905276,1.0,7778.78,7806.71,1.00028
y_pred[7290],0.736454,0.00395233,0.353022,0.0613404,0.0160088,0.958627,1.0,8329.86,7863.89,1.00053
y_pred[7291],0.745951,0.00323434,0.294117,0.171579,0.117799,0.883343,0.999937,8138.73,7690.94,0.99998
y_pred[7292],0.74386,0.00360782,0.327101,0.109101,0.047792,0.926404,0.999999,7963.69,7424.77,1.00016
y_pred[7293],0.839888,0.00307708,0.26771,0.0174502,0.164868,0.98823,1.0,7179.95,7254.66,1.00023
y_pred[7294],0.56529,0.00156158,0.135689,0.142893,0.33452,0.570126,0.780914,7560.3,8012.57,1.00017
y_pred[7295],0.693849,0.0030688,0.268098,0.276877,0.167399,0.767134,0.995436,7676.86,7915.4,1.00034
y_pred[7296],0.745343,0.00382191,0.345994,0.06284,0.0187804,0.957615,1.0,7950.52,7679.26,1.00019
y_pred[7297],0.779231,0.00376607,0.332656,0.0272976,0.0295751,0.981588,1.0,7960.78,8096.67,0.999949
y_pred[7298],0.789301,0.0030245,0.275057,0.10464,0.160802,0.929299,0.999992,8127.04,8058.14,0.999797
y_pred[7299],0.778678,0.00353708,0.314686,0.0500096,0.0651758,0.966269,1.0,8047.43,7653.49,0.999985
y_pred[7300],0.868275,0.00273798,0.244613,0.00689557,0.223163,0.995349,1.0,7543.57,7230.57,1.00036
y_pred[7301],0.618245,0.00146888,0.133071,0.138206,0.392633,0.624534,0.829532,8213.5,7572.2,0.999839
y_pred[7302],0.081805,0.00178778,0.157513,0.00942527,2.96697e-09,0.00635726,0.442678,7712.35,7762.39,1.00063
y_pred[7303],0.096146,0.00265372,0.233259,2.33992e-05,2.10063e-23,1.57826e-05,0.76728,7683.61,7600.12,1.00004
y_pred[7304],0.111298,0.00282598,0.250208,9.41998e-05,4.9576099999999994e-21,6.35369e-05,0.829394,8150.23,8058.51,1.0002
y_pred[7305],0.119479,0.00244248,0.21483,0.0142319,2.39458e-09,0.00959932,0.659055,7356.43,7743.51,1.00091
y_pred[7306],0.116174,0.00277517,0.240412,0.00168523,4.85026e-15,0.00113667,0.779359,7648.25,7719.89,1.0003
y_pred[7307],0.204361,0.00330109,0.297317,0.0481778,3.71671e-08,0.0324956,0.903788,8046.26,8186.67,0.999983
y_pred[7308],0.0586803,0.000739825,0.0649635,0.0435166,0.00107397,0.0362819,0.19339,7687.79,7523.66,0.999886
y_pred[7309],0.748357,0.00284252,0.251431,0.217549,0.226658,0.836763,0.998624,8006.63,7651.01,0.999861
y_pred[7310],0.784759,0.00372236,0.326787,0.0237646,0.0366822,0.983971,1.0,7558.57,7397.25,0.99981
y_pred[7311],0.8146,0.00353851,0.310036,0.00789633,0.0500048,0.994674,1.0,7798.31,8010.48,0.999725
y_pred[7312],0.83063,0.00285423,0.252324,0.0490266,0.227114,0.966929,1.0,7840.45,7848.94,0.99995
y_pred[7313],0.828388,0.0031484,0.281721,0.017594,0.121488,0.988133,1.0,7795.35,7666.56,0.999985
y_pred[7314],0.893249,0.00260309,0.226213,0.00122759,0.291278,0.999172,1.0,7716.02,7730.7,1.00061
y_pred[7315],0.673728,0.00141214,0.128756,0.13419,0.448233,0.681501,0.868858,8473.26,8141.61,0.999947
y_pred[7316],0.532089,0.00323609,0.290688,0.374786,0.065875,0.545897,0.963359,8124.43,7357.18,1.00011
y_pred[7317],0.589593,0.00427371,0.389078,0.427127,0.00179546,0.710613,0.999982,8302.26,7768.16,1.00051
y_pred[7318],0.62955,0.00439287,0.387294,0.281977,0.00280891,0.809727,0.999996,8103.73,8186.96,1.00035
y_pred[7319],0.644327,0.00363755,0.31942,0.359387,0.0584982,0.730974,0.998815,7890.42,7835.34,0.999751
y_pred[7320],0.644378,0.00413224,0.360401,0.308906,0.0142366,0.790291,0.999937,7765.06,7768.65,1.00022
y_pred[7321],0.756382,0.0036654,0.314853,0.101326,0.0668344,0.931647,0.999999,7960.85,7951.23,1.00032
y_pred[7322],0.446554,0.00150199,0.13703,0.143934,0.228524,0.442577,0.680327,8344.79,7863.52,1.00017
y_pred[7323],0.846269,0.0023652,0.207503,0.0815853,0.373063,0.944567,0.999972,8039.33,7768.14,1.00036
y_pred[7324],0.8683,0.00313747,0.268853,0.000610831,0.12351,0.999588,1.0,7625.12,7656.48,1.00015
y_pred[7325],0.888921,0.002859,0.252564,7.70952e-05,0.149277,0.999948,1.0,7800.61,7600.27,1.00057
y_pred[7326],0.898469,0.0022767,0.20294,0.00464869,0.3867,0.996865,1.0,7869.67,7911.32,0.999977
y_pred[7327],0.892098,0.0025743,0.231958,0.000619727,0.265437,0.999582,1.0,8155.73,7475.47,0.999641
y_pred[7328],0.936484,0.00197491,0.180716,5.9304e-06,0.486604,0.999996,1.0,8267.8,8280.36,1.00008
y_pred[7329],0.79071,0.00125389,0.110894,0.111904,0.587162,0.806394,0.943945,8152.9,7521.51,1.00005
y_pred[7330],0.575677,0.0031612,0.285571,0.356023,0.0832486,0.604515,0.97575,8183.29,7847.31,1.00003
y_pred[7331],0.618967,0.00430571,0.386081,0.324532,0.00319987,0.780854,0.999994,8150.4,7991.19,1.00002
y_pred[7332],0.66215,0.00409824,0.376015,0.213869,0.00472783,0.855737,0.999999,8367.78,8259.37,0.99986
y_pred[7333],0.681257,0.00361774,0.314163,0.299986,0.0739689,0.786236,0.999538,6674.92,7789.94,1.00075
y_pred[7334],0.685869,0.0038689,0.348537,0.21375,0.0229417,0.855571,0.999984,8055.78,8049.61,1.00044
y_pred[7335],0.789986,0.00330862,0.295798,0.0613885,0.0952781,0.958593,1.0,8183.1,7942.14,0.999768
y_pred[7336],0.483405,0.00153957,0.137072,0.144253,0.256191,0.484369,0.707245,7950.71,7549.21,1.00061
y_pred[7337],0.767875,0.0027108,0.244222,0.190707,0.239858,0.858672,0.998992,8013.77,7249.34,1.00017
y_pred[7338],0.801854,0.00358275,0.315658,0.015448,0.0431796,0.98958,1.0,7682.23,7712.0,0.999959
y_pred[7339],0.823541,0.00340216,0.305218,0.00597562,0.0571898,0.995969,1.0,7879.16,7928.91,1.00002
y_pred[7340],0.839213,0.00269412,0.244056,0.0468235,0.248434,0.968416,1.0,8033.41,7732.3,1.00006
y_pred[7341],0.837903,0.0030986,0.277443,0.0116273,0.133927,0.992158,1.0,7840.66,7973.27,1.00101
y_pred[7342],0.905457,0.00237781,0.211761,0.000763539,0.349832,0.999485,1.0,8038.1,7965.88,1.0002
y_pred[7343],0.692984,0.00139207,0.125409,0.129211,0.469266,0.702955,0.881952,8095.18,7574.4,0.99994
y_pred[7344],0.284009,0.00289426,0.258194,0.256743,0.00324388,0.209445,0.80528,7968.48,7514.25,1.00012
y_pred[7345],0.333011,0.00436429,0.375605,0.198556,8.83341e-07,0.133936,0.993874,7695.11,7489.9,1.00014
y_pred[7346],0.360538,0.0042504,0.383122,0.263534,2.68598e-06,0.177791,0.996985,7871.33,7754.38,1.00026
y_pred[7347],0.390156,0.00367067,0.327477,0.409086,0.00257861,0.320091,0.95586,8010.5,7796.89,0.999966
y_pred[7348],0.372146,0.00408919,0.361403,0.366081,9.54675e-05,0.250659,0.987135,7878.03,7448.02,0.999944
y_pred[7349],0.520963,0.00397491,0.362772,0.546129,0.00435705,0.544901,0.997952,8266.91,7656.68,1.00013
y_pred[7350],0.215508,0.00125954,0.112755,0.115824,0.058392,0.2016,0.422468,8140.05,7816.34,0.999931
y_pred[7351],0.654672,0.00302867,0.273229,0.311922,0.140287,0.709415,0.990984,8196.94,7835.61,0.999959
y_pred[7352],0.701767,0.00431099,0.360984,0.135481,0.0115482,0.908618,1.0,7299.84,7779.72,0.999862
y_pred[7353],0.729632,0.00395264,0.354933,0.0738698,0.0142712,0.950176,1.0,8134.47,7830.15,1.00003
y_pred[7354],0.748165,0.00323459,0.291704,0.173328,0.120824,0.88205,0.99995,8115.16,8089.84,1.00028
y_pred[7355],0.753158,0.00364656,0.323293,0.0937537,0.0520219,0.93676,1.0,7855.1,7550.71,1.00004
y_pred[7356],0.839456,0.00298773,0.265652,0.0180521,0.17076,0.987824,1.0,8149.25,7949.85,1.00011
y_pred[7357],0.570034,0.00160637,0.135199,0.139794,0.340926,0.572646,0.784286,7136.73,7587.83,1.00134
y_pred[7358],0.789293,0.0027986,0.23388,0.163141,0.281365,0.883745,0.999525,6865.83,7768.33,1.00011
y_pred[7359],0.816239,0.00350989,0.304571,0.0085331,0.0617364,0.994244,1.0,7551.41,7867.36,0.999749
y_pred[7360],0.847869,0.00320089,0.285145,0.00220018,0.0875391,0.998516,1.0,8049.13,7955.4,1.00037
y_pred[7361],0.862268,0.00260638,0.231871,0.0218847,0.277135,0.985239,1.0,8097.87,7714.15,1.00006
y_pred[7362],0.854804,0.00295206,0.264859,0.00640038,0.163226,0.995683,1.0,8137.58,7931.47,0.99993
y_pred[7363],0.909557,0.00240916,0.210556,0.000286142,0.365532,0.999807,1.0,7646.82,7348.97,1.00031
y_pred[7364],0.722272,0.00135839,0.122558,0.126231,0.498886,0.734406,0.898698,8177.92,7543.62,0.999828
y_pred[7365],0.803645,0.00259555,0.232127,0.135285,0.28834,0.905867,0.999728,8156.67,8098.16,1.00016
y_pred[7366],0.838011,0.00330535,0.291989,0.00362496,0.0824311,0.997555,1.0,7970.0,8081.97,0.99996
y_pred[7367],0.853212,0.00327487,0.282704,0.00104597,0.0934392,0.999294,1.0,8137.69,7767.85,1.00051
y_pred[7368],0.868121,0.00258043,0.224909,0.0203932,0.305078,0.986245,1.0,7650.84,7824.03,0.999785
y_pred[7369],0.864396,0.00288114,0.256976,0.00364349,0.190809,0.997542,1.0,8119.71,7796.13,0.999843
y_pred[7370],0.919952,0.00225939,0.198086,0.000151225,0.395125,0.999898,1.0,8153.33,7812.93,0.999893
y_pred[7371],0.737817,0.0012954,0.118343,0.121721,0.522838,0.749873,0.909397,8345.57,7929.5,1.00018
y_pred[7372],0.655222,0.0030685,0.27298,0.30783,0.14267,0.714988,0.989713,8048.53,7930.9,0.999853
y_pred[7373],0.703168,0.0040689,0.363185,0.121461,0.00926744,0.918073,1.0,8006.73,7692.61,0.999641
y_pred[7374],0.727659,0.00397183,0.35528,0.076173,0.012884,0.948622,1.0,8116.81,8050.95,1.00019
y_pred[7375],0.749676,0.00329504,0.288722,0.177234,0.129585,0.879099,0.999934,7934.43,7804.02,0.999826
y_pred[7376],0.749806,0.00354696,0.325122,0.0971073,0.0485349,0.934497,1.0,8310.85,7796.07,0.999895
y_pred[7377],0.837407,0.00303413,0.271574,0.0163924,0.155539,0.988943,1.0,8268.39,7717.6,1.00002
y_pred[7378],0.565335,0.00148721,0.134974,0.142502,0.340372,0.5696,0.781684,8268.84,7832.83,1.00002
y_pred[7379],0.700573,0.00296356,0.26278,0.269103,0.180375,0.774484,0.994648,7586.39,7877.67,1.00052
y_pred[7380],0.74297,0.0038785,0.346437,0.0645665,0.0196565,0.95645,1.0,8035.32,8012.55,1.00042
y_pred[7381],0.773498,0.00370291,0.335638,0.0267239,0.0241904,0.981975,1.0,8235.56,7939.82,0.99979
y_pred[7382],0.78809,0.00312375,0.273389,0.108792,0.170528,0.92649,0.999989,7838.42,7859.17,0.999916
y_pred[7383],0.786869,0.00350032,0.307842,0.0501119,0.0701811,0.9662,1.0,7510.35,7632.11,1.00036
y_pred[7384],0.865113,0.00281773,0.250182,0.00657904,0.205668,0.995562,1.0,7985.14,7903.43,1.00012
y_pred[7385],0.620129,0.00149086,0.133019,0.139364,0.387726,0.626848,0.827403,7985.12,7779.93,1.00006
y_pred[7386],0.0791613,0.0017435,0.154732,0.00828415,3.51379e-09,0.00558759,0.434046,7879.99,7668.82,1.00015
y_pred[7387],0.100916,0.00276513,0.240221,1.74528e-05,8.12932e-24,1.17718e-05,0.789014,7266.65,7580.29,1.00019
y_pred[7388],0.110157,0.0027682,0.248426,7.31881e-05,1.3063499999999998e-20,4.93647e-05,0.822964,8026.18,7968.97,0.999735
y_pred[7389],0.122843,0.00252699,0.220181,0.0117842,1.08015e-09,0.00794831,0.678677,8235.66,8167.87,0.99973
y_pred[7390],0.121203,0.00280387,0.24653,0.00155568,5.29846e-15,0.0010493,0.786536,8368.55,8003.09,0.999906
y_pred[7391],0.201899,0.00322886,0.291497,0.0498156,2.82907e-08,0.0336003,0.887059,8074.11,7879.93,1.00015
y_pred[7392],0.0572039,0.000704896,0.0616206,0.0433292,0.00103727,0.0372096,0.180844,7793.96,7241.25,1.00064
y_pred[7393],0.749606,0.00279482,0.249306,0.219554,0.235269,0.83328,0.99849,8130.41,7812.61,1.00019
y_pred[7394],0.784063,0.0037797,0.32734,0.0235778,0.0357454,0.984097,1.0,7573.18,7562.35,0.999907
y_pred[7395],0.81375,0.00342608,0.31047,0.00862799,0.0482362,0.99418,1.0,8213.5,7881.38,1.00045
y_pred[7396],0.827453,0.00291138,0.255409,0.0524766,0.21392,0.9646,0.999999,7990.6,8027.72,0.999935
y_pred[7397],0.823465,0.00322775,0.286796,0.0177645,0.11343,0.988018,1.0,8060.23,8013.64,0.999799
y_pred[7398],0.889392,0.00252264,0.228469,0.0017806,0.271275,0.998799,1.0,8208.15,7737.92,1.0
y_pred[7399],0.676694,0.00143579,0.128907,0.134378,0.447623,0.686835,0.870868,8114.28,7777.2,1.00037
y_pred[7400],0.528226,0.00321534,0.2889,0.365749,0.0590695,0.538383,0.963409,8026.43,7447.82,1.00001
y_pred[7401],0.589208,0.00439026,0.389877,0.431317,0.00161351,0.707673,0.999966,7945.44,7258.72,1.00036
y_pred[7402],0.627723,0.00430728,0.386539,0.290552,0.00239445,0.803956,0.999998,7368.26,7416.13,0.999941
y_pred[7403],0.650842,0.00361081,0.320718,0.342297,0.0575631,0.746588,0.998869,7921.01,8063.66,0.999936
y_pred[7404],0.638581,0.00407509,0.362242,0.323529,0.0126404,0.780449,0.999937,7846.96,7360.59,0.999992
y_pred[7405],0.762443,0.003418,0.307818,0.10111,0.0756891,0.931796,0.999999,8178.41,7912.04,1.00016
y_pred[7406],0.444333,0.00149856,0.135779,0.14166,0.230317,0.441706,0.674994,8212.52,7851.82,1.00025
y_pred[7407],0.845926,0.00237866,0.207249,0.0831931,0.373595,0.943453,0.999968,7276.44,7325.81,1.00053
y_pred[7408],0.866986,0.00308731,0.270276,0.000559681,0.121056,0.999623,1.0,8177.39,7190.93,0.999659
y_pred[7409],0.888766,0.00285472,0.253188,7.85778e-05,0.16842,0.999947,1.0,7843.29,7434.35,1.00002
y_pred[7410],0.899247,0.00223147,0.199631,0.00476508,0.394479,0.996786,1.0,8020.98,7622.34,1.00113
y_pred[7411],0.896433,0.00256233,0.228429,0.000495188,0.273922,0.999666,1.0,8393.54,7689.47,1.00009
y_pred[7412],0.939392,0.00202663,0.173703,5.9304e-06,0.537628,0.999996,1.0,7883.21,7457.91,0.999991
y_pred[7413],0.790909,0.00124167,0.110871,0.112246,0.585831,0.805055,0.944855,8123.13,7410.67,1.00018
y_pred[7414],0.576711,0.00331311,0.286036,0.359829,0.0841282,0.604707,0.974693,7782.63,8168.01,1.00031
y_pred[7415],0.621157,0.00462024,0.38806,0.310173,0.00320759,0.790656,0.999993,7503.08,7864.83,1.00035
y_pred[7416],0.656968,0.00424455,0.378879,0.213118,0.00468113,0.856244,0.999999,8176.39,7695.78,0.999961
y_pred[7417],0.682258,0.00349629,0.318975,0.278374,0.0618989,0.804792,0.999511,8438.3,7650.59,1.00025
y_pred[7418],0.684618,0.00411368,0.349978,0.216215,0.0225563,0.853934,0.999987,7474.16,7610.21,0.999904
y_pred[7419],0.785178,0.00336585,0.300255,0.0667674,0.0938366,0.954964,1.0,8044.22,8109.25,1.0005
y_pred[7420],0.484225,0.00149019,0.135299,0.141725,0.264017,0.484855,0.707173,8243.9,7929.94,0.99976
y_pred[7421],0.763324,0.00285524,0.243684,0.199842,0.246733,0.851158,0.998901,7756.95,7129.9,1.00016
y_pred[7422],0.792505,0.00369437,0.323229,0.0180447,0.0365898,0.987829,1.0,7700.33,8142.11,0.999963
y_pred[7423],0.820813,0.00350155,0.308051,0.005453,0.0532655,0.996322,1.0,7843.01,7926.1,1.00003
y_pred[7424],0.834877,0.00294371,0.251275,0.0434268,0.223097,0.970707,1.0,7867.43,7343.13,1.00008
y_pred[7425],0.838781,0.00313074,0.276156,0.0129216,0.122889,0.991285,1.0,7969.48,7879.08,1.00001
y_pred[7426],0.904576,0.00239504,0.213869,0.000680513,0.336589,0.999541,1.0,7956.28,7740.07,1.00051
y_pred[7427],0.691583,0.00138127,0.126685,0.131467,0.467938,0.700937,0.88018,8419.84,8175.58,0.999915
y_pred[7428],0.285087,0.00294959,0.261979,0.257948,0.00288088,0.205259,0.808903,7772.0,7926.82,1.00017
y_pred[7429],0.318877,0.00436678,0.369,0.179583,3.43644e-07,0.121133,0.992714,7336.42,7741.45,0.999872
y_pred[7430],0.352005,0.00431344,0.38107,0.237043,2.85983e-06,0.159913,0.996497,7921.33,7316.93,1.00001
y_pred[7431],0.3831,0.00365516,0.325796,0.398271,0.0026365,0.307847,0.955445,8067.33,8054.52,0.99993
y_pred[7432],0.387627,0.00413072,0.36704,0.395557,8.68121e-05,0.270361,0.990521,7682.42,7115.0,1.00026
y_pred[7433],0.519371,0.00405575,0.364377,0.550628,0.0042019,0.534169,0.997613,8033.47,7969.51,1.00053
y_pred[7434],0.212235,0.0012413,0.111928,0.113922,0.0576972,0.196685,0.417582,8214.75,7973.66,1.00027
y_pred[7435],0.651159,0.00318919,0.278849,0.321931,0.12866,0.709583,0.990465,8063.11,8058.31,0.999788
y_pred[7436],0.697955,0.00418987,0.365147,0.130853,0.00990971,0.91174,1.0,7622.27,7789.77,0.999928
y_pred[7437],0.723611,0.00408771,0.359633,0.0798388,0.0136282,0.946149,1.0,7891.68,8034.43,1.0009
y_pred[7438],0.74936,0.0034485,0.293824,0.16851,0.118002,0.885196,0.99994,7480.9,7336.52,1.00027
y_pred[7439],0.748077,0.00371104,0.324267,0.101694,0.0532714,0.931403,0.999999,7509.34,7904.23,1.00023
y_pred[7440],0.83436,0.00298382,0.268824,0.0220151,0.160852,0.985151,1.0,8086.31,8095.32,1.00025
y_pred[7441],0.570473,0.00147654,0.136414,0.142595,0.339728,0.574064,0.785718,8489.56,6740.15,0.999852
y_pred[7442],0.793759,0.00258741,0.230883,0.159957,0.289707,0.886,0.999594,8008.67,7796.99,1.0003
y_pred[7443],0.82238,0.0034402,0.303255,0.00715503,0.0628326,0.995174,1.0,8134.59,7733.88,1.00018
y_pred[7444],0.8415,0.00340523,0.289959,0.00266127,0.0842071,0.998205,1.0,7474.32,7647.91,1.00001
y_pred[7445],0.860641,0.00264226,0.231238,0.0244214,0.293446,0.983528,1.0,7997.28,7644.69,0.999991
y_pred[7446],0.854746,0.00293002,0.262917,0.00614982,0.17993,0.995852,1.0,8270.4,8116.86,0.999773
y_pred[7447],0.916369,0.0023282,0.20153,0.000259455,0.384462,0.999825,1.0,7732.46,7564.29,1.00001
y_pred[7448],0.723357,0.00138808,0.122398,0.124638,0.49667,0.735996,0.902837,7866.52,7787.15,1.00006
y_pred[7449],0.799087,0.00257577,0.232471,0.14641,0.283226,0.897218,0.999715,8148.53,8099.06,1.00017
y_pred[7450],0.832934,0.00329807,0.295055,0.00461459,0.0837047,0.996887,1.0,7624.18,7615.32,0.999725
y_pred[7451],0.854486,0.00335023,0.281572,0.00114234,0.091388,0.999229,1.0,8044.26,7474.79,1.00034
y_pred[7452],0.868016,0.00252051,0.22735,0.0200959,0.304778,0.986445,1.0,8051.52,8002.62,1.00104
y_pred[7453],0.86373,0.00289672,0.257498,0.00408975,0.177029,0.997242,1.0,8000.78,7957.83,0.999802
y_pred[7454],0.914194,0.00230215,0.204116,0.000169016,0.376568,0.999886,1.0,7924.03,7708.9,1.00038
y_pred[7455],0.741099,0.00134295,0.120855,0.122926,0.519323,0.756544,0.913099,8209.98,7870.17,1.00032
y_pred[7456],0.654839,0.00308469,0.273409,0.303152,0.139426,0.715511,0.991694,8010.85,7687.86,1.00008
y_pred[7457],0.69605,0.00424867,0.363944,0.145507,0.0105944,0.901855,1.0,7740.37,7944.9,0.999978
y_pred[7458],0.729275,0.00394199,0.35551,0.0742679,0.013453,0.949907,1.0,8268.12,7455.32,0.99997
y_pred[7459],0.754957,0.00318341,0.287089,0.162442,0.132989,0.889681,0.999955,7987.49,7713.28,1.00021
y_pred[7460],0.734119,0.0037001,0.332988,0.118053,0.0432504,0.920369,0.999999,8367.74,8100.92,1.00039
y_pred[7461],0.836807,0.00306233,0.270855,0.0181033,0.151605,0.987789,1.0,7721.31,7891.32,1.00024
y_pred[7462],0.565284,0.00151509,0.133288,0.137336,0.338816,0.569151,0.780287,7787.67,7849.02,0.999977
y_pred[7463],0.699883,0.00300979,0.261925,0.267845,0.1796,0.769755,0.995157,7477.19,7480.28,0.999963
y_pred[7464],0.746318,0.00392221,0.343235,0.0655042,0.0200353,0.955818,1.0,7373.5,7082.81,1.00032
y_pred[7465],0.769894,0.00375568,0.336445,0.0300701,0.0254289,0.979718,1.0,8219.73,7972.61,1.00008
y_pred[7466],0.785521,0.00302887,0.275677,0.111864,0.164906,0.924393,0.999991,8483.18,8026.54,0.999957
y_pred[7467],0.785806,0.00339042,0.30634,0.0523462,0.0770449,0.964693,1.0,7887.04,7782.63,1.00001
y_pred[7468],0.864488,0.00278604,0.248458,0.00692597,0.225171,0.995329,1.0,8235.88,7889.87,0.99995
y_pred[7469],0.620226,0.00145365,0.130434,0.13398,0.391115,0.628152,0.823018,8160.51,7565.52,1.00022
y_pred[7470],0.0767674,0.00172449,0.151932,0.00847704,3.63592e-09,0.0057177,0.420849,7177.44,7487.91,1.00007
y_pred[7471],0.0942024,0.00258563,0.231004,2.00741e-05,8.52397e-24,1.35398e-05,0.743653,7226.36,7298.04,1.00059
y_pred[7472],0.114996,0.00288184,0.255224,0.000102385,1.69412e-21,6.9058e-05,0.848427,8204.51,8064.46,1.00018
y_pred[7473],0.121088,0.00243204,0.217842,0.0122428,1.93839e-09,0.00825765,0.658571,8186.43,8037.63,0.999651
y_pred[7474],0.12017,0.00275654,0.24369,0.00192702,3.9123e-15,0.00129976,0.782154,7914.65,7476.18,0.999985
y_pred[7475],0.194685,0.00335586,0.289315,0.0451788,3.44708e-08,0.0304729,0.884171,7276.33,7547.93,0.999754
y_pred[7476],0.0577624,0.000710063,0.0637799,0.0425132,0.00116003,0.0358596,0.189055,8066.69,7864.6,1.00022
y_pred[7477],0.748305,0.00283269,0.249457,0.220305,0.233751,0.833117,0.998513,7891.91,7610.04,0.999911
y_pred[7478],0.784603,0.00363049,0.325073,0.0257112,0.0388185,0.982658,1.0,8116.46,7916.05,1.0004
y_pred[7479],0.809017,0.00359829,0.314395,0.00778143,0.0541465,0.994752,1.0,7822.76,7710.01,1.00018
y_pred[7480],0.825241,0.00288955,0.254105,0.0546049,0.229188,0.963167,1.0,7556.32,7376.42,1.00046
y_pred[7481],0.825695,0.00319216,0.287143,0.0175814,0.104818,0.988142,1.0,8398.13,7865.75,0.999896
y_pred[7482],0.890125,0.00255676,0.228939,0.00117496,0.280521,0.999208,1.0,7831.06,7690.9,1.0001
y_pred[7483],0.674792,0.00140052,0.127213,0.132212,0.452061,0.684638,0.867422,8262.89,8002.94,1.00023
y_pred[7484],0.537165,0.00328006,0.287937,0.36721,0.0644439,0.552273,0.963841,7666.02,7571.95,1.00017
y_pred[7485],0.590963,0.00432359,0.389766,0.417264,0.0014668,0.717488,0.999977,8157.81,7989.8,1.0002
y_pred[7486],0.625489,0.00420566,0.386601,0.302758,0.00293406,0.795692,0.999996,8403.18,7473.12,1.00012
y_pred[7487],0.645384,0.00366564,0.321866,0.361959,0.060019,0.733742,0.998991,7587.25,7640.35,0.999889
y_pred[7488],0.64487,0.00402941,0.359276,0.306136,0.0141258,0.792432,0.999947,7951.74,7159.5,1.00035
y_pred[7489],0.759128,0.00349404,0.311873,0.100182,0.0795407,0.932422,0.999999,7748.47,7754.17,1.00034
y_pred[7490],0.443494,0.00155512,0.137015,0.141959,0.222383,0.439567,0.673927,7821.76,7794.79,1.00041
y_pred[7491],0.844276,0.00235985,0.211182,0.0791538,0.362734,0.946176,0.999965,7822.49,7727.11,1.00076
y_pred[7492],0.872988,0.00294482,0.264275,0.00049593,0.148084,0.999666,1.0,8083.25,7849.34,0.999806
y_pred[7493],0.891831,0.00278222,0.245422,0.000100817,0.201819,0.999932,1.0,7805.1,7925.91,1.00031
y_pred[7494],0.89281,0.00233325,0.210039,0.0046776,0.362356,0.996845,1.0,8084.72,7595.99,0.999876
y_pred[7495],0.895873,0.00251067,0.228407,0.000594523,0.268102,0.999599,1.0,7889.77,7786.19,1.00022
y_pred[7496],0.934821,0.0020711,0.182652,4.4478e-06,0.484306,0.999997,1.0,8018.45,7689.08,1.00037
y_pred[7497],0.791455,0.00124329,0.112438,0.113069,0.578657,0.808207,0.945699,8143.24,7770.8,0.999657
y_pred[7498],0.57609,0.00336309,0.284952,0.356715,0.0863587,0.601291,0.975127,7291.08,7447.56,0.999845
y_pred[7499],0.620638,0.00434431,0.385672,0.317097,0.00295227,0.785932,0.999992,7636.81,7262.91,1.00023
y_pred[7500],0.662172,0.00421854,0.376501,0.221313,0.00432448,0.850708,0.999999,7960.96,7707.89,1.00011
y_pred[7501],0.679672,0.00351523,0.311191,0.301075,0.0792992,0.785548,0.999484,7661.78,7700.18,1.00002
y_pred[7502],0.678663,0.00394003,0.351082,0.23098,0.0217012,0.84396,0.999985,7840.24,7823.17,1.00019
y_pred[7503],0.790489,0.00332736,0.29639,0.0597228,0.104807,0.959716,1.0,7980.47,7625.82,0.999736
y_pred[7504],0.484248,0.00152383,0.137438,0.146582,0.260927,0.483571,0.710154,8138.6,6729.77,1.00021
y_pred[7505],0.763676,0.0028335,0.246918,0.196962,0.242405,0.855011,0.999098,7648.01,7766.37,1.00026
y_pred[7506],0.795249,0.00363204,0.321722,0.0183323,0.0392102,0.987635,1.0,8319.74,8140.44,1.00061
y_pred[7507],0.826334,0.00336843,0.301535,0.00570134,0.062059,0.996155,1.0,8184.72,7574.17,0.999989
y_pred[7508],0.840699,0.00274684,0.246932,0.040194,0.246309,0.972888,1.0,8067.81,7945.29,0.999692
y_pred[7509],0.840723,0.00308034,0.274107,0.0122744,0.14101,0.991721,1.0,7989.34,7592.48,0.999717
y_pred[7510],0.897952,0.00244108,0.222454,0.000868804,0.295246,0.999414,1.0,8102.2,7788.66,0.999883
y_pred[7511],0.693036,0.00144968,0.126519,0.129911,0.466817,0.703387,0.88164,7693.65,7714.75,0.999926
y_pred[7512],0.282733,0.00285979,0.260112,0.255943,0.003132,0.205699,0.806875,8442.56,7587.53,0.999857
y_pred[7513],0.320558,0.00421936,0.369609,0.176282,6.24177e-07,0.118907,0.993054,7446.83,7804.03,0.999966
y_pred[7514],0.360344,0.00432397,0.384302,0.263709,1.48549e-06,0.177907,0.997253,8038.26,7625.65,1.00017
y_pred[7515],0.379155,0.003582,0.326237,0.3869,0.00226575,0.298044,0.958906,8345.44,7957.52,1.00076
y_pred[7516],0.377141,0.00406021,0.366138,0.363813,8.46154e-05,0.248111,0.989888,7955.21,7846.68,1.00012
y_pred[7517],0.518421,0.00404402,0.365361,0.555655,0.00379011,0.533732,0.997428,8019.32,7602.6,1.00002
y_pred[7518],0.21227,0.00127758,0.112886,0.113734,0.0559521,0.196735,0.421215,7716.56,7132.83,1.00023
y_pred[7519],0.65294,0.00297746,0.27631,0.315363,0.127386,0.708481,0.990369,8457.08,8322.48,1.00055
y_pred[7520],0.704383,0.00408621,0.362962,0.116601,0.0111513,0.921353,1.0,7747.54,7503.53,1.00021
y_pred[7521],0.728083,0.00410533,0.355199,0.0761604,0.0158691,0.94863,1.0,7905.75,7586.68,1.00008
y_pred[7522],0.749961,0.00330882,0.294775,0.162538,0.11862,0.889538,0.999943,7993.48,8319.66,1.00056
y_pred[7523],0.750952,0.00364458,0.324497,0.0900057,0.0536398,0.93929,1.0,7955.96,8068.35,1.00029
y_pred[7524],0.840316,0.00305004,0.267628,0.0158972,0.168962,0.989278,1.0,7956.96,8040.72,0.999931
y_pred[7525],0.56761,0.00148234,0.135431,0.140745,0.338269,0.570464,0.783851,8374.95,7363.25,1.00028
y_pred[7526],0.794963,0.00260599,0.231623,0.1616,0.29344,0.885328,0.99967,8242.23,8055.37,1.00044
y_pred[7527],0.817083,0.00344947,0.308742,0.00798825,0.0539928,0.994612,1.0,7868.87,7558.01,1.00015
y_pred[7528],0.840925,0.00340131,0.292724,0.00228988,0.0708756,0.998455,1.0,7779.31,8057.6,1.00063
y_pred[7529],0.8529,0.00270547,0.239014,0.0289048,0.270053,0.980504,1.0,7661.93,7922.69,0.999959
y_pred[7530],0.857807,0.00300919,0.260868,0.00611795,0.173426,0.995873,1.0,7425.93,6646.21,1.00056
y_pred[7531],0.914359,0.00236109,0.204777,0.00022832,0.372314,0.999846,1.0,8146.24,7635.04,0.999821
y_pred[7532],0.723113,0.00143114,0.124577,0.128644,0.498473,0.736749,0.905725,7377.32,7167.43,1.00029
y_pred[7533],0.801525,0.00261629,0.228931,0.150629,0.304236,0.894366,0.999756,7877.19,6867.12,1.00008
y_pred[7534],0.830335,0.00335844,0.29958,0.00465907,0.0657996,0.996857,1.0,8080.89,7811.72,0.999944
y_pred[7535],0.851779,0.00315978,0.282552,0.00113715,0.0964998,0.999233,1.0,8080.77,8007.46,0.999861
y_pred[7536],0.870256,0.00259326,0.225262,0.0188031,0.298849,0.987318,1.0,7915.15,7808.83,1.00023
y_pred[7537],0.859119,0.00295823,0.259478,0.00445373,0.17789,0.996996,1.0,7671.97,7972.34,0.999844
y_pred[7538],0.917565,0.00223741,0.200525,0.000139364,0.391298,0.999906,1.0,7913.99,7730.59,0.999863
y_pred[7539],0.741066,0.00137522,0.118702,0.120604,0.521927,0.753575,0.913294,7646.67,7563.33,1.0005
y_pred[7540],0.650003,0.00316141,0.275979,0.318502,0.13343,0.704684,0.990496,7830.29,7809.24,0.999908
y_pred[7541],0.697302,0.00403962,0.363635,0.140579,0.0101564,0.905179,1.0,7897.25,7509.89,1.00061
y_pred[7542],0.731479,0.00393133,0.353831,0.0726889,0.0148472,0.950972,1.0,8247.47,7839.07,1.00004
y_pred[7543],0.756373,0.00334924,0.290351,0.154904,0.122402,0.894594,0.999952,7608.71,7311.03,0.99974
y_pred[7544],0.742534,0.00364485,0.327909,0.107672,0.0460139,0.927372,1.0,7931.17,7962.01,1.00023
y_pred[7545],0.833168,0.00312637,0.274429,0.0186392,0.142108,0.987428,1.0,7592.51,7535.59,1.0
y_pred[7546],0.563462,0.00155138,0.134657,0.141898,0.33435,0.56581,0.780848,7612.11,7942.39,1.00002
y_pred[7547],0.701276,0.00301143,0.262324,0.272957,0.183411,0.772046,0.995405,7424.23,7276.01,0.999734
y_pred[7548],0.739511,0.00393299,0.34981,0.0652218,0.0177988,0.956009,1.0,8049.12,8015.33,0.99976
y_pred[7549],0.770951,0.00388702,0.335052,0.0304044,0.0331989,0.979492,1.0,7908.58,7219.71,1.0012
y_pred[7550],0.788701,0.00302772,0.272423,0.108121,0.172418,0.926974,0.999993,8110.66,7925.62,0.999788
y_pred[7551],0.781975,0.00350126,0.310155,0.052997,0.0688531,0.964254,1.0,7784.12,7753.36,1.0001
y_pred[7552],0.866272,0.00281079,0.250109,0.00571246,0.220431,0.996147,1.0,7796.79,7571.14,0.999938
y_pred[7553],0.617664,0.00149276,0.132505,0.13929,0.388115,0.626097,0.822956,7918.28,8144.02,1.00016
y_pred[7554],0.080795,0.00169546,0.153759,0.010445,2.8543e-09,0.00704504,0.434911,8258.21,7801.28,0.999871
y_pred[7555],0.0977484,0.00275096,0.236668,1.97459e-05,1.23862e-23,1.33184e-05,0.780186,7803.75,7170.62,1.00009
y_pred[7556],0.116252,0.00304651,0.258675,0.000125497,7.25797e-21,8.46462e-05,0.854193,7697.22,7265.52,1.00031
y_pred[7557],0.122276,0.00244186,0.217157,0.0138272,1.7346e-09,0.00932635,0.662919,7962.42,8142.23,0.999737
y_pred[7558],0.116893,0.00271537,0.241595,0.0013498,6.50609e-15,0.000910431,0.781847,8071.18,7837.03,1.00021
y_pred[7559],0.190903,0.00322453,0.285251,0.040915,2.93106e-08,0.0275969,0.869132,8426.6,7846.8,1.00041
y_pred[7560],0.0583573,0.000712784,0.0641061,0.0425342,0.00128451,0.0362567,0.193215,8069.26,8260.46,1.00016
y_pred[7561],0.485174,0.00336388,0.289318,0.375248,0.0430068,0.482388,0.942926,7642.68,8101.05,1.00013
y_pred[7562],0.521894,0.0045142,0.397268,0.627155,0.000505826,0.552763,0.999844,7857.24,7864.45,0.999774
y_pred[7563],0.524208,0.00444929,0.400669,0.623367,0.000251892,0.562511,0.999901,8229.11,7726.35,1.00003
y_pred[7564],0.560516,0.00365694,0.332976,0.457226,0.0252003,0.598536,0.994585,8293.84,7601.58,1.0002
y_pred[7565],0.564195,0.00419473,0.371436,0.504329,0.00418084,0.634952,0.999548,8027.98,7887.4,1.00023
y_pred[7566],0.700688,0.00374241,0.333817,0.207886,0.0404767,0.859293,0.999976,7923.15,7770.45,0.999911
y_pred[7567],0.458678,0.00152101,0.137814,0.144524,0.234187,0.456076,0.689158,8276.99,8029.86,1.00005
y_pred[7568],0.507132,0.00315414,0.286144,0.363367,0.0558636,0.506725,0.952311,8198.86,8041.77,0.999899
y_pred[7569],0.558506,0.00439177,0.392701,0.518323,0.00106513,0.645204,0.999938,8058.08,7697.66,1.00003
y_pred[7570],0.56073,0.0044631,0.396478,0.508236,0.000764428,0.654323,0.999958,8162.99,7848.54,0.999927
y_pred[7571],0.588655,0.00370615,0.330605,0.428842,0.0350195,0.646253,0.995881,8010.7,7891.5,0.999797
y_pred[7572],0.588734,0.00413508,0.367016,0.461253,0.00686748,0.675104,0.999744,7928.3,7769.54,1.00043
y_pred[7573],0.726545,0.00355694,0.32127,0.172129,0.0602485,0.883751,0.999994,8200.64,7911.96,1.00021
y_pred[7574],0.484595,0.00150374,0.135214,0.143148,0.263371,0.483506,0.708344,8072.05,7768.14,0.999973
y_pred[7575],0.892963,0.00201011,0.177953,0.0276186,0.483369,0.981368,1.0,7903.96,7807.78,1.00088
y_pred[7576],0.905499,,0.233047,1.33434e-05,0.224044,0.999991,1.0,8319.74,8047.88,1.00052
y_pred[7577],0.912929,0.00252943,0.224642,7.413e-06,0.271336,0.999995,1.0,8127.81,7927.58,0.999966
y_pred[7578],0.918627,0.00207345,0.184661,0.00116013,0.456003,0.999217,1.0,7946.29,7888.28,1.00035
y_pred[7579],0.926373,0.00220835,0.194767,1.63086e-05,0.409281,0.999989,1.0,8043.48,7769.44,0.999584
y_pred[7580],0.950011,0.0017604,0.159752,0.0,0.595684,1.0,1.0,8175.97,7988.08,0.999874
y_pred[7581],0.883017,0.000970186,0.0879625,0.0781404,0.710559,0.903612,0.985976,8243.39,7667.62,1.00041
y_pred[7582],0.591037,0.00317803,0.280598,0.348404,0.100013,0.617733,0.979029,7818.26,7955.91,0.999855
y_pred[7583],0.632952,0.00430549,0.382995,0.289335,0.00334014,0.804756,0.999996,7578.27,7810.74,1.00039
y_pred[7584],0.642682,0.00427477,0.381819,0.256217,0.00363249,0.827156,0.999998,8006.77,7973.72,0.999969
y_pred[7585],0.666328,0.00350537,0.317756,0.318366,0.0635892,0.771608,0.999075,8232.2,8172.1,0.999711
y_pred[7586],0.670754,0.00405943,0.354981,0.245965,0.0197699,0.83366,0.999981,7489.56,7934.81,1.00002
y_pred[7587],0.783759,0.00334644,0.299799,0.0715095,0.0936186,0.951766,1.0,7980.79,7874.84,1.00009
y_pred[7588],0.562336,0.0015304,0.135232,0.14194,0.33633,0.564947,0.780734,7823.73,7772.33,1.00025
y_pred[7589],0.765432,0.00269652,0.241981,0.200748,0.258046,0.852776,0.999168,8030.75,7293.33,1.00004
y_pred[7590],0.799541,0.00359626,0.317353,0.0159683,0.0462007,0.989229,1.0,7592.79,7802.44,0.999804
y_pred[7591],0.806134,0.00349694,0.314027,0.0130639,0.044812,0.991189,1.0,7922.46,7760.31,0.999836
y_pred[7592],0.822678,0.00288375,0.255805,0.0623893,0.206921,0.957909,0.999999,8136.98,7926.71,1.0002
y_pred[7593],0.822966,0.00319753,0.285478,0.0208172,0.11593,0.985959,1.0,7822.73,7761.75,1.00025
y_pred[7594],0.892001,0.00253269,0.224322,0.00164717,0.299286,0.998889,1.0,8090.48,7727.77,1.00023
y_pred[7595],0.752186,0.00128298,0.117095,0.11812,0.53464,0.765385,0.918855,8341.9,7915.29,0.999814
y_pred[7596],0.0960021,0.00188647,0.167912,0.0195516,5.75655e-08,0.0131879,0.493209,7625.93,7938.24,1.00046
y_pred[7597],0.119584,0.00292758,0.25771,0.000220205,4.94452e-20,0.000148526,0.850326,7911.02,7997.15,1.00064
y_pred[7598],0.107982,0.00276585,0.246507,7.2747e-05,2.622e-21,4.90672e-05,0.809546,8174.21,7645.67,1.00044
y_pred[7599],0.125017,0.00250007,0.221116,0.0151278,1.99612e-09,0.0102035,0.67956,8052.07,7144.53,0.999922
y_pred[7600],0.127876,0.00287527,0.252753,0.00247542,6.84016e-14,0.00166965,0.810742,7692.14,7792.36,1.00095
y_pred[7601],0.205111,0.00325206,0.294903,0.0554688,1.30057e-07,0.0374138,0.900231,8121.22,7930.75,1.0
y_pred[7602],0.0857196,0.000862174,0.0759832,0.0620949,0.00541977,0.0644058,0.234983,7940.93,6972.77,0.99988
y_pred[7603],0.668922,0.00301804,0.270607,0.303552,0.160878,0.732425,0.991733,7978.69,7887.06,0.99978
y_pred[7604],0.701461,0.00425947,0.364868,0.119283,0.00978249,0.919545,1.0,7904.82,8012.3,1.00074
y_pred[7605],0.714599,0.00415553,0.358986,0.100953,0.0118824,0.931908,1.0,7784.84,8173.75,1.00049
y_pred[7606],0.733273,0.00332163,0.298186,0.197371,0.102041,0.865122,0.999905,8154.29,7780.69,0.99998
y_pred[7607],0.742875,0.00367037,0.327207,0.109487,0.0453961,0.926148,1.0,8070.17,7931.84,1.001
y_pred[7608],0.833965,0.00307019,0.269219,0.0213324,0.173797,0.985612,1.0,7768.4,7676.77,1.00021
y_pred[7609],0.649021,0.0015403,0.13261,0.137642,0.416958,0.657473,0.851354,7442.13,7850.34,0.999912
y_pred[7610],0.673135,0.0030912,0.268569,0.295287,0.156872,0.732621,0.991944,7861.59,7767.14,1.00022
y_pred[7611],0.711398,0.00404799,0.360429,0.109247,0.0145905,0.926313,1.0,8181.93,8108.51,0.999688
y_pred[7612],0.722608,0.00402953,0.356804,0.0825971,0.0151781,0.944289,1.0,8226.56,7614.0,1.00017
y_pred[7613],0.739198,0.00337732,0.295103,0.194863,0.111638,0.866507,0.999923,7748.78,7013.13,1.00029
y_pred[7614],0.739343,0.00370125,0.330705,0.110417,0.0436988,0.925518,0.999999,7947.82,7448.26,1.00071
y_pred[7615],0.836774,0.00323667,0.270138,0.0188787,0.158675,0.987267,1.0,7602.18,7253.49,1.00051
y_pred[7616],0.651767,0.0014428,0.130244,0.136558,0.423869,0.658565,0.851728,8188.22,7852.35,1.00043
y_pred[7617],0.818049,0.00252797,0.22119,0.125619,0.322733,0.912637,0.999877,7858.82,7767.6,1.00022
y_pred[7618],0.848149,0.00320884,0.282897,0.00249596,0.097179,0.998317,1.0,7938.42,7908.46,1.00011
y_pred[7619],0.84692,0.0031837,0.287728,0.00182879,0.0799495,0.998767,1.0,8005.99,7735.95,0.999783
y_pred[7620],0.863452,0.00258477,0.228702,0.0217883,0.296239,0.985304,1.0,8015.04,7912.56,1.00062
y_pred[7621],0.867885,0.00283782,0.253541,0.00327877,0.187157,0.997788,1.0,8176.38,7911.3,1.00039
y_pred[7622],0.919376,0.00227711,0.198978,0.000134175,0.399356,0.99991,1.0,7971.08,7414.48,1.00002
y_pred[7623],0.805155,0.00123462,0.108672,0.109458,0.60435,0.821155,0.952188,7743.17,7998.61,0.999704
y_pred[7624],0.681871,0.00297512,0.268273,0.294019,0.165204,0.746565,0.994402,8169.08,8140.22,1.00034
y_pred[7625],0.73014,0.0039273,0.353167,0.0789455,0.0175137,0.946752,1.0,8105.69,7670.41,0.999911
y_pred[7626],0.723013,0.00401557,0.358562,0.0802324,0.0125096,0.945884,1.0,8026.53,6994.86,1.00057
y_pred[7627],0.745387,0.00327012,0.291685,0.186883,0.120983,0.872788,0.999949,7942.17,7736.96,1.00004
y_pred[7628],0.756838,0.00373086,0.324463,0.0841917,0.0473708,0.94321,1.0,7757.87,7884.03,0.99983
y_pred[7629],0.854402,0.00293025,0.256487,0.0115924,0.193267,0.992181,1.0,7876.91,8268.01,1.00003
y_pred[7630],0.667903,0.0013998,0.12688,0.132808,0.443703,0.677613,0.860023,8183.1,7972.86,1.00003
y_pred[7631],0.658599,0.00305488,0.271366,0.309697,0.146408,0.714213,0.991321,7948.74,7850.14,0.999851
y_pred[7632],0.695004,0.00415855,0.365257,0.144846,0.00931632,0.902301,1.0,7707.83,7610.93,0.99994
y_pred[7633],0.702428,0.00418624,0.36542,0.119945,0.00865071,0.919097,1.0,8243.65,8133.16,1.00018
y_pred[7634],0.721744,0.00334854,0.301595,0.223784,0.100787,0.84605,0.999836,8074.61,8057.59,0.999699
y_pred[7635],0.723862,0.00383469,0.33677,0.13759,0.0362997,0.907184,0.999999,8024.11,8167.07,1.00017
y_pred[7636],0.82624,0.00310867,0.27802,0.0266987,0.1361,0.981992,1.0,8004.88,8044.3,1.00002
y_pred[7637],0.631642,0.00144517,0.13062,0.135171,0.403738,0.638544,0.833945,8210.42,7475.23,1.00008
y_pred[7638],0.0471509,0.00139892,0.121977,0.000372699,2.92469e-15,0.000251382,0.305916,7862.17,7522.32,1.00057
y_pred[7639],0.0586092,0.00217718,0.186912,3.04843e-09,3.0870600000000003e-40,2.05614e-09,0.526278,7592.07,7390.5,1.00012
y_pred[7640],0.0597576,0.00212086,0.189006,2.17453e-09,6.37631e-42,1.4667e-09,0.545373,7777.01,8263.82,1.00061
y_pred[7641],0.0648942,0.00190723,0.164789,0.000140983,6.887990000000001e-18,9.50917e-05,0.465467,8281.47,7002.08,1.00021
y_pred[7642],0.0644882,0.00204186,0.183413,1.80745e-06,1.63868e-27,1.21911e-06,0.51309,7919.42,8235.79,1.00002
y_pred[7643],0.113865,0.00266975,0.23375,0.00168472,5.61617e-14,0.00113633,0.738104,7861.85,7889.03,1.00033
y_pred[7644],0.0432209,0.000602336,0.0541577,0.0304746,0.000271246,0.0229949,0.155196,8212.04,7889.83,0.999888
y_pred[7645],0.485542,0.00330504,0.289008,0.371123,0.0421913,0.481996,0.940575,7825.46,7924.79,0.999935
y_pred[7646],0.529372,0.00448828,0.397371,0.598108,0.000586404,0.582906,0.999881,7876.9,7849.61,0.999978
y_pred[7647],0.532436,0.00447493,0.399624,0.600543,0.000401755,0.581925,0.999926,8130.81,7908.9,1.00021
y_pred[7648],0.558481,0.00375748,0.332416,0.454349,0.0261872,0.59342,0.994063,7899.42,8016.02,0.999859
y_pred[7649],0.565303,0.0042607,0.37256,0.504881,0.00517595,0.639524,0.999607,7211.07,7264.38,0.999851
y_pred[7650],0.701619,0.00374224,0.332705,0.210178,0.04522,0.857804,0.999981,7911.92,7073.5,0.999725
y_pred[7651],0.454297,0.00151611,0.137477,0.142519,0.231164,0.452234,0.687426,8200.45,7671.92,1.00028
y_pred[7652],0.510246,0.00330739,0.289179,0.373388,0.0544353,0.512314,0.956022,7764.99,8056.86,0.999795
y_pred[7653],0.55384,0.00446301,0.395107,0.539574,0.00109205,0.630866,0.99992,7751.47,7892.86,1.00001
y_pred[7654],0.557848,0.00443139,0.396869,0.525041,0.000623795,0.642483,0.99996,7796.98,7927.82,0.999767
y_pred[7655],0.579189,0.00380814,0.329548,0.437412,0.0307531,0.628924,0.995959,7637.41,7393.07,1.00002
y_pred[7656],0.586401,0.00423669,0.369477,0.46049,0.00522897,0.678229,0.999743,7640.02,7673.01,1.0007
y_pred[7657],0.725684,0.00362425,0.325023,0.158302,0.0549595,0.893104,0.999994,7853.59,7927.34,1.00027
y_pred[7658],0.484117,0.00155024,0.138196,0.144857,0.257722,0.483113,0.715221,7959.95,8058.9,0.999945
y_pred[7659],0.895579,0.00196536,0.174575,0.026712,0.484748,0.981981,1.0,7702.99,7881.72,1.0004
y_pred[7660],0.908632,0.00257817,0.230159,1.18608e-05,0.24623,0.999992,1.0,7988.55,7865.84,0.999969
y_pred[7661],0.907579,,0.231991,5.9304e-06,0.243065,0.999996,1.0,8173.52,8032.28,1.00055
y_pred[7662],0.918666,0.00202896,0.184409,0.000788743,0.457038,0.999468,1.0,8036.63,7916.15,1.00047
y_pred[7663],0.919461,0.00239563,0.206183,3.11346e-05,0.360159,0.999979,1.0,8085.02,8214.86,0.999655
y_pred[7664],0.952723,0.0018182,0.15598,0.0,0.635435,1.0,1.0,7638.25,7528.12,0.999829
y_pred[7665],0.885297,0.000960247,0.0865265,0.0769944,0.716341,0.905172,0.985999,7990.68,7805.81,0.999833
y_pred[7666],0.585836,0.00316464,0.28249,0.351216,0.0940641,0.619424,0.976951,7852.68,7338.22,1.00013
y_pred[7667],0.627513,0.00426785,0.38617,0.296894,0.00322647,0.799647,0.999995,8092.3,7846.08,0.999884
y_pred[7668],0.631682,0.00431522,0.386931,0.276947,0.00308222,0.813167,0.999998,8073.69,7696.31,0.999973
y_pred[7669],0.666483,0.00345115,0.315552,0.31876,0.0699836,0.769199,0.999064,8339.73,7852.9,1.00001
y_pred[7670],0.661629,0.00395059,0.357549,0.265128,0.0166754,0.820618,0.999976,8176.48,7712.52,1.00007
y_pred[7671],0.779715,0.00348885,0.301882,0.0743939,0.0894507,0.94982,1.0,7726.67,7907.85,1.00053
y_pred[7672],0.561571,0.00153829,0.135603,0.14279,0.331882,0.564415,0.780806,7752.84,7957.41,1.00051
y_pred[7673],0.765414,0.00261586,0.243461,0.196915,0.251979,0.854921,0.999137,8518.99,7651.67,1.00011
y_pred[7674],0.799483,0.00352505,0.318661,0.0141944,0.04852,0.990426,1.0,8066.75,7838.55,1.00038
y_pred[7675],0.802554,0.00365474,0.31833,0.0122841,0.0406629,0.991715,1.0,7521.93,7780.75,1.00009
y_pred[7676],0.811572,0.00299799,0.265487,0.0673738,0.193323,0.954546,0.999999,8076.75,7811.93,1.00017
y_pred[7677],0.824798,0.00325636,0.284196,0.0203465,0.110256,0.986277,1.0,8092.14,7909.81,1.00052
y_pred[7678],0.892048,0.00249381,0.224682,0.001427,0.304191,0.999038,1.0,8160.66,7798.16,1.00041
y_pred[7679],0.750638,0.00131282,0.118525,0.120125,0.535794,0.7653,0.919656,8220.52,7702.68,1.00011
y_pred[7680],0.0966958,0.00193268,0.169589,0.0196619,6.05315e-08,0.0132621,0.504254,7616.66,7618.22,1.00017
y_pred[7681],0.112339,0.00277943,0.248531,0.000132426,1.1602699999999999e-20,8.93204e-05,0.823376,8358.25,7887.11,1.00055
y_pred[7682],0.115505,0.00285421,0.25735,0.000114334,1.95281e-21,7.71175e-05,0.849965,8497.82,7434.07,0.999723
y_pred[7683],0.129495,0.0026287,0.225155,0.015094,1.89217e-09,0.0101808,0.688973,7848.67,7624.57,0.999771
y_pred[7684],0.126332,0.0027236,0.248975,0.00270073,7.14593e-14,0.00182162,0.793779,8117.86,8076.26,0.999915
y_pred[7685],0.212404,0.00340316,0.300469,0.0579001,1.04683e-07,0.0390535,0.904884,7748.73,7967.46,1.00029
y_pred[7686],0.0862932,0.000872118,0.0758625,0.0625456,0.00584278,0.0646478,0.242992,8003.72,7319.89,0.999835
y_pred[7687],0.671987,0.00301941,0.27148,0.301283,0.150857,0.73499,0.993037,8114.87,7782.75,1.00061
y_pred[7688],0.712866,0.00403419,0.358839,0.105723,0.0149118,0.928691,1.0,7903.2,7760.28,0.999919
y_pred[7689],0.717203,0.00397183,0.36023,0.0934297,0.0113997,0.936983,1.0,8213.3,8188.12,1.00006
y_pred[7690],0.73812,0.00343904,0.295727,0.193591,0.112325,0.867406,0.999889,7762.73,7969.12,1.00046
y_pred[7691],0.738241,0.00371837,0.331837,0.109744,0.0420574,0.925973,0.999999,7892.89,7646.82,1.00028
y_pred[7692],0.839723,0.00300239,0.2679,0.0165732,0.169879,0.988822,1.0,7766.65,7726.75,1.00025
y_pred[7693],0.649181,0.00148834,0.129636,0.135234,0.424667,0.656461,0.850816,7694.3,8034.95,1.00003
y_pred[7694],0.667597,0.00306605,0.2725,0.307069,0.144107,0.727543,0.992372,7893.37,7768.48,1.00053
y_pred[7695],0.710391,0.0040557,0.358253,0.117831,0.0134112,0.920523,1.0,7972.96,7361.27,1.00006
y_pred[7696],0.71441,0.0040474,0.361703,0.0932541,0.0121825,0.937101,1.0,8104.8,7811.71,1.00008
y_pred[7697],0.739441,0.00341276,0.29978,0.174153,0.105948,0.881595,0.999922,7786.13,7848.21,1.00014
y_pred[7698],0.745602,0.00373032,0.326557,0.107047,0.0499593,0.927793,0.999999,7793.74,7968.76,0.999808
y_pred[7699],0.836227,0.00310526,0.273608,0.0162819,0.143544,0.989018,1.0,7803.09,8007.51,1.00013
y_pred[7700],0.6521,0.0014583,0.131285,0.134204,0.419567,0.660036,0.852699,8143.76,8098.94,0.999768
y_pred[7701],0.823301,0.00255653,0.219332,0.112623,0.333617,0.922593,0.999869,7897.75,7656.59,0.999976
y_pred[7702],0.844733,0.00322229,0.284406,0.00368055,0.0928217,0.997518,1.0,7848.1,7874.2,1.00017
y_pred[7703],0.848002,0.0031844,0.28622,0.00184065,0.0902625,0.998758,1.0,7743.69,7745.03,0.999698
y_pred[7704],0.864974,0.00262844,0.230087,0.0210603,0.28862,0.985795,1.0,7820.68,7860.4,1.00007
y_pred[7705],0.866603,0.00289953,0.255082,0.00365757,0.185536,0.997533,1.0,7863.39,7630.7,0.99989
y_pred[7706],0.921802,0.00216581,0.194479,9.6369e-05,0.417272,0.999935,1.0,8047.07,7842.27,1.00032
y_pred[7707],0.804514,0.0012229,0.1076,0.106379,0.602408,0.821058,0.951821,7832.23,7653.65,1.00031
y_pred[7708],0.686687,0.0030535,0.269963,0.287027,0.162179,0.759749,0.993872,7840.59,7940.41,1.0009
y_pred[7709],0.723036,0.00401347,0.355921,0.089532,0.0124683,0.939612,1.0,7829.65,7315.8,0.99995
y_pred[7710],0.732853,0.00405682,0.356699,0.0660632,0.015584,0.955441,1.0,8251.84,7628.88,1.00001
y_pred[7711],0.748468,0.00330958,0.293186,0.168971,0.11794,0.88492,0.999929,7849.67,7843.74,1.00015
y_pred[7712],0.759905,0.00357926,0.319384,0.0866402,0.0539542,0.94156,1.0,8014.51,7769.84,1.00034
y_pred[7713],0.845243,0.00299098,0.265282,0.0148579,0.167837,0.989979,1.0,7957.74,7483.27,0.999944
y_pred[7714],0.665565,0.00144652,0.130584,0.133224,0.431132,0.675623,0.86229,8222.59,7596.59,1.00002
y_pred[7715],0.654494,0.00328253,0.273976,0.314557,0.142132,0.711342,0.990801,6965.17,7977.95,0.999873
y_pred[7716],0.691287,0.0040141,0.367155,0.14164,0.00902095,0.904464,1.0,7696.04,7778.86,0.999917
y_pred[7717],0.700673,0.00413668,0.36709,0.112198,0.00826347,0.924324,1.0,8125.41,7430.55,0.999868
y_pred[7718],0.724041,0.00336584,0.301732,0.219934,0.102885,0.84832,0.999864,8166.97,7931.74,1.00018
y_pred[7719],0.724802,0.00375235,0.335583,0.138584,0.0368171,0.906505,0.999999,7967.34,7726.96,0.999953
y_pred[7720],0.831332,0.00311743,0.271859,0.0229506,0.159499,0.98452,1.0,7980.04,7973.56,0.999972
y_pred[7721],0.633391,0.00144981,0.132891,0.137994,0.404845,0.639818,0.838714,8426.07,7796.83,1.00005
y_pred[7722],0.0477099,0.00136139,0.120363,0.000443704,4.00782e-15,0.000299275,0.311567,8179.39,7685.52,1.00009
y_pred[7723],0.0546778,0.00203794,0.181263,3.17395e-09,2.36423e-41,2.1408e-09,0.476296,8431.28,8000.39,0.99999
y_pred[7724],0.0572974,0.00206986,0.184956,3.28294e-09,1.78122e-41,2.21432e-09,0.506778,7483.06,7888.51,0.99976
y_pred[7725],0.0644632,0.00184938,0.162305,0.000217067,1.13775e-17,0.000146409,0.452937,7965.15,7648.49,1.00025
y_pred[7726],0.0636847,0.0020327,0.184287,2.31486e-06,1.23745e-27,1.56135e-06,0.536062,7442.79,7972.45,1.00036
y_pred[7727],0.113565,0.00266317,0.230705,0.00194094,4.08938e-14,0.00130915,0.728112,7547.83,7419.08,0.999828
y_pred[7728],0.043531,0.000634243,0.0557819,0.0299924,0.00025226,0.022402,0.160655,7951.48,7953.55,1.0001
y_pred[7729],0.482702,0.00323111,0.289838,0.37033,0.0424663,0.475965,0.945733,8020.64,7577.63,1.00035
y_pred[7730],0.526808,0.00451228,0.396061,0.602225,0.000414585,0.576613,0.999881,7751.27,7937.4,1.00082
y_pred[7731],0.527802,0.00441343,0.399011,0.616507,0.000467965,0.568599,0.999907,7732.57,7872.75,1.00017
y_pred[7732],0.566314,0.00369862,0.331392,0.448773,0.0281597,0.605914,0.993954,7902.71,7380.99,0.99992
y_pred[7733],0.565506,0.00437526,0.372376,0.516885,0.00440304,0.628242,0.999483,7837.37,7930.3,1.00044
y_pred[7734],0.694833,0.00370218,0.335613,0.226144,0.0419218,0.846987,0.999985,8517.53,7393.35,1.00032
y_pred[7735],0.45961,0.00148417,0.137226,0.146373,0.238503,0.459164,0.68754,8609.06,7978.74,1.00015
y_pred[7736],0.510229,0.00340861,0.290573,0.37564,0.0542347,0.512984,0.954758,7013.04,7665.12,1.0006
y_pred[7737],0.549383,0.00442276,0.397056,0.54481,0.000694659,0.627183,0.999921,8093.57,7849.33,1.00027
y_pred[7738],0.554318,0.00442135,0.397844,0.540408,0.000884302,0.631385,0.99996,8070.03,7710.57,0.999808
y_pred[7739],0.585752,0.00367414,0.329435,0.432443,0.0338651,0.643247,0.995614,7916.46,8272.91,1.0001
y_pred[7740],0.593234,0.00416133,0.369653,0.442009,0.00697784,0.692794,0.999705,7909.96,7760.38,0.999998
y_pred[7741],0.718119,0.00370052,0.329815,0.171491,0.0477238,0.884184,0.999992,8161.11,7676.0,0.999717
y_pred[7742],0.481986,0.00155319,0.138121,0.145965,0.2557,0.481215,0.709926,7970.72,8232.2,0.999821
y_pred[7743],0.895976,0.00196222,0.175652,0.02552,0.486027,0.982784,1.0,8288.55,7996.66,0.999908
y_pred[7744],0.907098,0.00262806,0.230161,1.4826e-05,0.251974,0.99999,1.0,7789.79,7521.95,1.00036
y_pred[7745],0.909236,0.0026979,0.230821,4.4478e-06,0.242289,0.999997,1.0,7643.26,7269.99,1.00011
y_pred[7746],0.920904,0.00201325,0.180157,0.00104449,0.484923,0.999296,1.0,7830.36,7686.74,1.00067
y_pred[7747],0.920519,0.00232029,0.203178,3.85476e-05,0.385366,0.999974,1.0,7774.24,7866.17,0.999846
y_pred[7748],0.954866,,0.150885,0.0,0.649209,1.0,1.0,8012.76,7739.02,1.00011
y_pred[7749],0.884006,0.000969846,0.0880567,0.0782627,0.71223,0.90523,0.985963,8287.17,8012.67,1.00008
y_pred[7750],0.588846,0.00319853,0.282301,0.344741,0.0907431,0.620207,0.978724,7857.85,7913.86,1.00009
y_pred[7751],0.625621,0.00428713,0.384951,0.305683,0.00327564,0.793673,0.999995,7943.25,7886.68,0.999772
y_pred[7752],0.637073,0.00426282,0.384147,0.279681,0.0033094,0.811317,0.999998,8211.27,8018.49,1.00006
y_pred[7753],0.663333,0.00355903,0.319292,0.329884,0.0611639,0.762714,0.999315,7846.23,7671.76,1.00035
y_pred[7754],0.662709,0.00403112,0.356315,0.261745,0.0187905,0.822977,0.999974,8270.27,7895.72,1.00006
y_pred[7755],0.77886,0.00339224,0.303555,0.068465,0.0925578,0.953819,1.0,7516.83,7612.85,0.999984
y_pred[7756],0.563494,0.00152379,0.13655,0.142967,0.33356,0.566634,0.783138,8032.3,8044.98,1.00058
y_pred[7757],0.768577,0.00272641,0.243537,0.190393,0.251336,0.860932,0.998993,7979.81,7403.32,1.00014
y_pred[7758],0.796613,0.00360838,0.320939,0.0157941,0.0419392,0.989347,1.0,8162.59,8017.9,1.00007
y_pred[7759],0.803501,0.00364103,0.318356,0.0111084,0.0402583,0.992507,1.0,7779.19,8142.41,1.00021
y_pred[7760],0.817128,0.00295939,0.261955,0.0645213,0.19233,0.956468,0.999999,7717.62,7376.85,1.00015
y_pred[7761],0.821263,0.00330249,0.287424,0.0207045,0.109707,0.986035,1.0,8045.23,7696.77,1.00038
y_pred[7762],0.895297,0.00251852,0.223721,0.00128541,0.291826,0.999133,1.0,7595.09,7407.76,0.999903
y_pred[7763],0.750196,0.00126843,0.117999,0.117009,0.52934,0.765073,0.917957,8606.24,8186.11,1.00022
y_pred[7764],0.0962588,0.00190998,0.169922,0.0182358,5.35624e-08,0.0123002,0.496836,7656.0,7651.92,1.00029
y_pred[7765],0.111411,0.00278473,0.248734,0.000129886,7.674869999999999e-21,8.76068e-05,0.811249,7996.04,8129.89,1.00111
y_pred[7766],0.117767,0.00283293,0.257796,0.000127744,4.72315e-21,8.61619e-05,0.846121,8088.78,7659.65,0.999841
y_pred[7767],0.129514,0.00255304,0.226205,0.0144049,2.58575e-09,0.00971596,0.695154,8057.36,7591.65,1.00007
y_pred[7768],0.12478,0.00271937,0.2478,0.00235954,5.58591e-14,0.00159149,0.78932,8170.81,8091.28,1.0006
y_pred[7769],0.205995,0.00325277,0.294207,0.0580402,1.27273e-07,0.0391485,0.897251,8229.27,7590.19,0.999941
y_pred[7770],0.0869315,0.000890907,0.0759591,0.063078,0.00593285,0.0653202,0.237189,7822.24,7812.38,1.00019
y_pred[7771],0.671849,0.00306046,0.271708,0.301015,0.153818,0.733118,0.992681,7934.41,7929.66,0.99995
y_pred[7772],0.711734,0.00406973,0.360493,0.106652,0.0112814,0.928063,1.0,7729.38,7660.42,1.00002
y_pred[7773],0.714735,0.0041631,0.360118,0.0985469,0.0110238,0.933531,1.0,7597.19,7054.81,1.00036
y_pred[7774],0.74505,0.00328024,0.29031,0.184203,0.121228,0.87414,0.999933,7859.85,8044.2,0.999734
y_pred[7775],0.741857,0.00377378,0.330197,0.104211,0.044272,0.929704,0.999999,7789.66,7711.1,0.999769
y_pred[7776],0.838197,0.00298366,0.266298,0.0206719,0.178261,0.986057,1.0,8017.59,7987.42,1.00074
y_pred[7777],0.651841,0.00150094,0.130529,0.136745,0.421957,0.662138,0.850121,7589.18,7618.49,1.00059
y_pred[7778],0.67485,0.00302307,0.270735,0.298722,0.152553,0.737796,0.993164,7903.36,7456.93,0.999829
y_pred[7779],0.714173,0.00400241,0.355902,0.107746,0.0140911,0.927326,1.0,8234.53,7026.92,0.999809
y_pred[7780],0.712535,0.00406303,0.364215,0.0912407,0.0099958,0.938459,1.0,8209.95,7807.04,1.00029
y_pred[7781],0.739062,0.00326462,0.293453,0.190939,0.117523,0.869737,0.999913,8117.67,8021.87,0.999759
y_pred[7782],0.738915,0.00362397,0.331869,0.111472,0.0401663,0.924805,0.999999,8126.09,7518.64,1.0004
y_pred[7783],0.837532,0.00315674,0.26953,0.017571,0.148708,0.988148,1.0,8053.98,7901.25,1.00017
y_pred[7784],0.649728,0.00144323,0.131407,0.140271,0.418356,0.657462,0.849207,8286.28,7941.39,0.999967
y_pred[7785],0.816073,0.00249104,0.225141,0.122598,0.307121,0.915312,0.999857,7973.72,7728.43,1.00007
y_pred[7786],0.84909,0.00312505,0.280746,0.00329953,0.0988691,0.997775,1.0,8243.76,7847.7,1.00013
y_pred[7787],0.848667,0.00322219,0.286966,0.00191552,0.0803753,0.998708,1.0,8204.8,8187.82,1.00023
y_pred[7788],0.859763,0.00258593,0.234115,0.021663,0.279662,0.985389,1.0,8124.07,7463.27,1.00014
y_pred[7789],0.860377,0.00292104,0.260546,0.00440036,0.167881,0.997032,1.0,7712.03,7593.52,0.999792
y_pred[7790],0.921925,0.00227182,0.195708,8.82147e-05,0.40283,0.999941,1.0,7562.63,7813.46,0.999941
y_pred[7791],0.803759,0.00126922,0.107677,0.107666,0.603522,0.819933,0.9512,7185.31,7479.79,0.999833
y_pred[7792],0.692165,0.00297288,0.26684,0.27984,0.168544,0.761752,0.994505,7915.56,7617.74,1.00048
y_pred[7793],0.735422,0.00392837,0.349058,0.0779892,0.0183354,0.947397,1.0,7628.7,7707.87,1.00072
y_pred[7794],0.721995,0.00405191,0.357643,0.0807758,0.0130157,0.945518,1.0,7854.53,7988.95,1.00001
y_pred[7795],0.754064,0.00332284,0.289627,0.16364,0.121722,0.888676,0.999939,7576.5,6889.24,1.00005
y_pred[7796],0.757941,0.00362166,0.322634,0.0815534,0.0546362,0.944991,1.0,8010.2,7451.01,0.999672
y_pred[7797],0.845107,0.00294975,0.265295,0.014187,0.163669,0.990431,1.0,8141.08,7922.81,0.999794
y_pred[7798],0.669567,0.0014207,0.128703,0.134523,0.441769,0.678966,0.863746,8206.5,8004.4,1.00059
y_pred[7799],0.658514,0.00307148,0.273007,0.306599,0.143956,0.717519,0.99013,7896.94,7890.04,0.999873
y_pred[7800],0.701121,0.00423588,0.362286,0.133479,0.0114977,0.909968,1.0,7460.31,7546.08,1.00011
y_pred[7801],0.699551,0.0041814,0.367962,0.113663,0.0086508,0.923336,1.0,8021.08,7478.01,0.999958
y_pred[7802],0.722726,0.00330051,0.300258,0.220105,0.0982505,0.84835,0.999865,8377.88,7675.64,1.00026
y_pred[7803],0.727714,0.00375071,0.335529,0.134325,0.0374489,0.90938,0.999999,8121.31,8019.83,1.00011
y_pred[7804],0.824444,0.00314687,0.279843,0.0251152,0.12893,0.98306,1.0,8203.5,7862.19,1.00012
y_pred[7805],0.632399,0.00144452,0.131963,0.138598,0.403697,0.639604,0.836212,8295.91,7290.77,1.00006
y_pred[7806],0.0474689,0.0013982,0.123164,0.000366233,3.82818e-15,0.00024702,0.3048,8043.91,7524.65,0.999936
y_pred[7807],0.0582029,0.00217035,0.186581,6.12071e-09,4.45405e-40,4.12836e-09,0.509402,7891.4,6975.84,1.00011
y_pred[7808],0.0593735,0.00215878,0.189447,2.54476e-09,7.494999999999999e-41,1.71642e-09,0.539469,7749.53,7724.32,0.999843
y_pred[7809],0.0676959,0.00191607,0.170215,0.000180651,1.46478e-17,0.000121847,0.479541,8140.39,7792.18,0.999881
y_pred[7810],0.0632205,0.00203637,0.181711,2.70239e-06,1.93136e-27,1.82274e-06,0.511647,7624.82,7757.75,0.999992
y_pred[7811],0.113389,0.00260873,0.232368,0.00190959,4.35446e-14,0.001288,0.725541,7983.02,7728.44,1.00021
y_pred[7812],0.0434885,0.000609397,0.0549911,0.0306123,0.000287018,0.0231905,0.156377,8272.42,7487.03,1.00079
y_pred[7813],0.474278,0.00319863,0.288454,0.362407,0.0395538,0.461269,0.944168,8134.61,8016.84,1.00001
y_pred[7814],0.527592,0.00444854,0.39803,0.610541,0.000467076,0.569416,0.999865,7991.18,7705.54,1.00042
y_pred[7815],0.537513,0.00445952,0.398432,0.580888,0.000400156,0.598715,0.99992,8095.63,7797.88,0.999786
y_pred[7816],0.56173,0.00371942,0.332535,0.444374,0.0251781,0.603334,0.994106,7983.88,8021.34,1.00015
y_pred[7817],0.564505,0.00424669,0.373935,0.508796,0.00469977,0.636018,0.999631,7636.06,7647.3,0.999785
y_pred[7818],0.698246,0.00384049,0.335974,0.208026,0.0407503,0.859307,0.999978,7906.5,7867.11,0.999987
y_pred[7819],0.459509,0.00152644,0.136567,0.142212,0.234776,0.457979,0.686471,8045.18,7848.81,1.00011
y_pred[7820],0.514113,0.00332332,0.288027,0.371645,0.0584132,0.519286,0.954119,7502.65,7703.51,1.00007
y_pred[7821],0.559981,0.00445368,0.391476,0.52735,0.0010626,0.637925,0.999953,8134.18,8098.1,1.00019
y_pred[7822],0.557489,0.0045544,0.396841,0.515838,0.00067946,0.648859,0.999955,7704.75,7550.7,0.999938
y_pred[7823],0.57499,0.00368125,0.330362,0.445065,0.031507,0.61993,0.995247,8123.21,7820.29,1.0012
y_pred[7824],0.594056,0.00417847,0.368205,0.444142,0.00713949,0.689808,0.999762,7846.48,7769.02,1.00043
y_pred[7825],0.721423,0.0036068,0.324774,0.175793,0.0539304,0.881255,0.999989,8332.53,7812.58,0.999941
y_pred[7826],0.483399,0.00147344,0.136878,0.142566,0.258498,0.483883,0.709364,8667.79,8275.08,1.00013
y_pred[7827],0.892512,0.0020467,0.180888,0.0266142,0.457709,0.982047,1.0,7565.45,7621.47,1.00023
y_pred[7828],0.910292,,0.226195,1.11195e-05,0.267563,0.999993,1.0,8303.16,7502.49,1.00001
y_pred[7829],0.910094,0.00254024,0.228868,4.4478e-06,0.248423,0.999997,1.0,7892.04,7693.02,1.00029
y_pred[7830],0.921423,0.0020217,0.181021,0.00101262,0.468581,0.999317,1.0,8451.43,7626.75,0.999874
y_pred[7831],0.921249,0.00236197,0.206276,2.66868e-05,0.354465,0.999982,1.0,7359.91,7407.27,1.00032
y_pred[7832],0.951348,0.00183974,0.159215,0.0,0.606945,1.0,1.0,8054.22,7247.72,0.999824
y_pred[7833],0.883755,0.000979955,0.0877621,0.0788528,0.71072,0.904373,0.986048,7850.96,7718.55,0.999857
y_pred[7834],0.587512,0.00320311,0.285205,0.350968,0.0894719,0.625963,0.977553,7849.21,7562.32,0.999835
y_pred[7835],0.629439,0.00427644,0.384147,0.293473,0.00440203,0.80198,0.999996,8144.83,7931.61,1.00068
y_pred[7836],0.632564,0.00428611,0.384822,0.288449,0.00250227,0.805391,0.999998,8241.86,8052.94,1.00033
y_pred[7837],0.664078,0.00357948,0.316669,0.32739,0.0693003,0.763888,0.999061,7669.07,7409.82,1.00035
y_pred[7838],0.663755,0.00394376,0.355073,0.268043,0.0181418,0.818792,0.999981,8184.23,6931.33,1.00011
y_pred[7839],0.774751,0.00342958,0.305106,0.0749136,0.0953122,0.949471,1.0,8107.67,7957.22,1.00035
y_pred[7840],0.563936,0.00153599,0.136651,0.144457,0.331304,0.568998,0.780581,7958.52,7789.2,0.999979
y_pred[7841],0.763779,0.00276248,0.244133,0.198691,0.250407,0.853133,0.998915,7888.69,7488.0,1.00001
y_pred[7842],0.797568,0.00353336,0.316184,0.018978,0.0478289,0.9872,1.0,8085.31,7847.96,0.999844
y_pred[7843],0.801281,0.00356919,0.318603,0.0137556,0.0381507,0.990722,1.0,7854.85,7512.68,1.00041
y_pred[7844],0.826107,0.00285,0.253735,0.0588755,0.214841,0.960279,0.999999,7966.69,7983.02,1.00053
y_pred[7845],0.820567,0.00322875,0.287857,0.0225452,0.108395,0.984793,1.0,7629.85,7971.2,0.999904
y_pred[7846],0.892744,0.00248556,0.223653,0.0016316,0.310073,0.9989,1.0,8102.48,7973.25,0.999948
y_pred[7847],0.751482,0.0012648,0.116384,0.119148,0.541192,0.764849,0.921824,8534.58,7760.85,0.999932
y_pred[7848],0.0980663,0.00199399,0.175221,0.0181497,4.25956e-08,0.012242,0.51458,8272.42,7713.62,1.00047
y_pred[7849],0.112956,0.0027839,0.250683,0.000155347,1.76893e-19,0.00010478,0.814817,8224.38,7806.47,0.999899
y_pred[7850],0.108977,0.00281102,0.246189,0.000117928,8.67483e-21,7.95413e-05,0.816941,7659.11,7731.16,0.999946
y_pred[7851],0.128258,0.00255271,0.225476,0.0154334,2.8816e-09,0.0104097,0.697168,7893.32,7927.42,0.999856
y_pred[7852],0.128286,0.00278588,0.251024,0.00246597,8.05824e-14,0.00166328,0.806717,8233.5,7969.84,1.00005
y_pred[7853],0.211374,0.00329021,0.295754,0.061121,1.31128e-07,0.0412262,0.889691,7773.67,8100.34,1.00015
y_pred[7854],0.0864211,0.000847084,0.0750637,0.0638561,0.0059717,0.0659967,0.235301,7835.04,8132.13,1.00006
y_pred[7855],0.668392,0.00308391,0.273695,0.310169,0.147713,0.728204,0.993512,7933.7,7686.68,1.00075
y_pred[7856],0.706968,0.00396838,0.36036,0.118924,0.0113893,0.919787,1.0,8373.99,8230.28,1.00023
y_pred[7857],0.714406,0.00409796,0.362994,0.0987871,0.00982878,0.933369,1.0,7986.43,7745.45,0.999889
y_pred[7858],0.739177,0.00326082,0.294166,0.188399,0.123077,0.871439,0.999916,8215.61,7391.53,1.00002
y_pred[7859],0.74607,0.00357858,0.325789,0.10576,0.0487567,0.928661,0.999999,8340.41,7859.04,0.999867
y_pred[7860],0.835259,0.00304596,0.272518,0.0179269,0.14473,0.987909,1.0,8211.27,7887.36,1.0001
y_pred[7861],0.649791,0.00146651,0.130901,0.136307,0.424179,0.656298,0.854729,8030.96,7666.0,1.00027
y_pred[7862],0.67227,0.00306137,0.270609,0.302768,0.152097,0.73276,0.992407,7865.49,7995.98,0.999884
y_pred[7863],0.720528,0.00411344,0.356863,0.0939012,0.0117341,0.936665,1.0,7358.34,7589.66,1.00023
y_pred[7864],0.712641,0.00403455,0.361523,0.0984973,0.0105821,0.933564,1.0,8259.51,7868.38,1.00006
y_pred[7865],0.739601,0.0032552,0.29242,0.197857,0.115197,0.86478,0.999932,8071.63,7657.33,0.99971
y_pred[7866],0.746754,0.00364364,0.32687,0.0999176,0.0509159,0.932603,1.0,7975.59,7842.85,1.00038
y_pred[7867],0.836578,0.00309518,0.268313,0.0205896,0.166981,0.986112,1.0,7672.13,7751.18,1.00047
y_pred[7868],0.650998,0.00144769,0.129346,0.135531,0.426915,0.6576,0.851627,8018.54,7654.4,1.00038
y_pred[7869],0.816775,0.00255051,0.224925,0.12074,0.31589,0.916881,0.999875,8266.77,7823.44,1.00002
y_pred[7870],0.841377,0.00318555,0.287344,0.00291331,0.0826526,0.998035,1.0,8078.0,7935.96,0.999893
y_pred[7871],0.845613,0.00324293,0.289166,0.0018829,0.0801149,0.99873,1.0,7585.3,7497.6,1.00071
y_pred[7872],0.856522,0.0026839,0.236726,0.0242472,0.265812,0.983645,1.0,7694.72,7394.22,0.999901
y_pred[7873],0.86378,0.00287992,0.255198,0.00454491,0.20156,0.996935,1.0,7732.85,7952.78,1.00003
y_pred[7874],0.919888,0.00222419,0.198264,0.000107488,0.42054,0.999928,1.0,7903.08,8070.18,1.00019
y_pred[7875],0.804234,0.00121251,0.108891,0.106028,0.596821,0.821372,0.952266,8071.33,7740.97,1.00013
y_pred[7876],0.691071,0.00299228,0.265155,0.278547,0.170864,0.761138,0.994301,7591.85,7531.19,1.00076
y_pred[7877],0.722012,0.00411748,0.35652,0.0902214,0.0146394,0.939146,1.0,7310.67,7591.15,0.999832
y_pred[7878],0.733823,0.00391487,0.352552,0.0709239,0.0131092,0.952163,1.0,8203.67,7572.67,1.00074
y_pred[7879],0.752505,0.00321713,0.291364,0.163457,0.126736,0.888823,0.999956,8163.74,7782.97,1.00017
y_pred[7880],0.752663,0.00361358,0.325324,0.089085,0.0524561,0.939912,1.0,8063.16,7632.39,1.00005
y_pred[7881],0.847929,0.0028983,0.262383,0.0131677,0.177848,0.991119,1.0,8096.97,8176.13,1.00002
y_pred[7882],0.665777,0.00141299,0.128557,0.130614,0.435502,0.675895,0.860345,8306.84,8050.37,1.00042
y_pred[7883],0.655591,0.00309533,0.272181,0.31635,0.144197,0.705657,0.990007,7759.71,7765.57,1.00007
y_pred[7884],0.696802,0.00415434,0.365461,0.134071,0.00957492,0.90957,1.0,7840.73,7875.52,0.999893
y_pred[7885],0.704949,0.00401616,0.36362,0.117908,0.0076932,0.920471,1.0,8319.51,7756.84,0.999954
y_pred[7886],0.720782,0.00344708,0.301844,0.219517,0.0995318,0.849486,0.999853,7391.7,7404.99,0.999984
y_pred[7887],0.729672,0.0037116,0.334741,0.131284,0.0341497,0.911431,0.999999,7973.65,7982.17,1.00034
y_pred[7888],0.822191,0.00314762,0.277333,0.0295223,0.136302,0.980088,1.0,7620.84,7933.68,1.00016
y_pred[7889],0.634308,0.00146693,0.132802,0.136997,0.405142,0.642618,0.842237,8223.09,7657.71,1.00038
y_pred[7890],0.0494843,0.00142626,0.126655,0.000398837,3.1673e-15,0.000269012,0.342603,8054.99,7738.16,0.999929
y_pred[7891],0.0562626,0.00207122,0.184716,4.70336e-09,5.41021e-41,3.17237e-09,0.507756,7524.69,6993.58,0.999806
y_pred[7892],0.0595788,0.00209583,0.189552,2.90735e-09,1.40225e-42,1.96098e-09,0.541029,7945.93,8099.98,1.00086
y_pred[7893],0.0656242,0.00187029,0.16593,0.000192949,1.55633e-17,0.000130143,0.45584,7607.31,7468.05,1.00016
y_pred[7894],0.0672354,0.00215661,0.190669,4.43181e-06,9.541749999999999e-27,2.98922e-06,0.566878,7930.32,7911.11,0.999709
y_pred[7895],0.115475,0.00276718,0.234848,0.00236914,1.49189e-13,0.00159796,0.739474,7912.63,7171.64,1.00018
y_pred[7896],0.0415477,0.00058207,0.0527241,0.0283877,0.000220847,0.0212838,0.152438,8200.16,7753.33,0.999945
y_pred[7897],0.4803,0.00341959,0.289858,0.376984,0.0436452,0.46922,0.939373,7390.66,7768.47,1.00028
y_pred[7898],0.528988,0.00432344,0.397383,0.598222,0.00055315,0.581333,0.999846,8336.5,7766.7,1.0001
y_pred[7899],0.530241,0.00451168,0.399995,0.615181,0.000374899,0.570472,0.999923,7948.37,7440.29,1.00056
y_pred[7900],0.564068,0.00377195,0.331216,0.448885,0.0280137,0.599994,0.993767,7903.8,8053.94,1.00042
y_pred[7901],0.571572,0.00418835,0.373488,0.504991,0.00601714,0.642645,0.999715,7885.15,7339.92,1.00003
y_pred[7902],0.699884,0.0037879,0.332378,0.216995,0.0482934,0.853233,0.999981,7749.68,7516.83,0.999966
y_pred[7903],0.45584,0.00151235,0.135973,0.142411,0.233678,0.45328,0.68366,8090.43,7846.45,1.00001
y_pred[7904],0.509438,0.0031744,0.287939,0.369783,0.052418,0.511567,0.950037,7939.54,7348.55,1.00037
y_pred[7905],0.554291,0.00464163,0.396371,0.519328,0.000717294,0.646045,0.999953,7525.88,7375.74,1.00007
y_pred[7906],0.561171,0.00446139,0.39703,0.513413,0.000850539,0.651021,0.999963,8011.0,7705.74,1.00007
y_pred[7907],0.58637,0.003835,0.331217,0.435413,0.0308748,0.641841,0.995821,7663.84,7891.78,0.999735
y_pred[7908],0.592061,0.00415157,0.370254,0.442662,0.00768038,0.6927,0.999775,7897.9,7727.95,0.999805
y_pred[7909],0.716346,0.00368316,0.329716,0.175261,0.0484209,0.881648,0.999992,7971.05,7821.73,0.999757
y_pred[7910],0.48471,0.00147806,0.134475,0.140252,0.262101,0.482842,0.707953,8298.36,7846.53,1.00032
y_pred[7911],0.892417,0.00208433,0.179604,0.0279285,0.464835,0.981159,1.0,7464.26,7368.79,1.00029
y_pred[7912],0.908846,0.00255331,0.227508,1.03782e-05,0.267897,0.999993,1.0,8162.61,7932.41,0.999803
y_pred[7913],0.905456,0.00259098,0.236397,4.4478e-06,0.207449,0.999997,1.0,8253.51,8117.83,1.00011
y_pred[7914],0.917161,0.0020792,0.184859,0.00102744,0.449419,0.999307,1.0,8023.07,7263.29,0.999997
y_pred[7915],0.923778,0.00222772,0.197044,3.55824e-05,0.414059,0.999976,1.0,7515.01,7376.23,1.00016
y_pred[7916],0.955967,0.00164177,0.148713,0.0,0.667698,1.0,1.0,8015.56,7846.41,0.999746
y_pred[7917],0.883533,0.000955301,0.0866986,0.078772,0.71313,0.90217,0.986421,8078.02,7537.0,0.999871
y_pred[7918],0.592347,0.0031398,0.280548,0.342407,0.100378,0.624945,0.979751,8135.02,7888.61,1.00065
y_pred[7919],0.626576,0.00431118,0.38481,0.306529,0.00395872,0.793141,0.999996,8077.75,8081.6,1.0
y_pred[7920],0.638242,0.00426923,0.385816,0.262372,0.00297555,0.822985,0.999997,8124.71,7839.18,1.00012
y_pred[7921],0.656733,0.00354404,0.320276,0.33863,0.0582981,0.753788,0.999259,8254.18,8014.61,0.999949
y_pred[7922],0.668059,0.00397231,0.355372,0.249073,0.0172712,0.831495,0.999971,8108.63,7788.24,1.0004
y_pred[7923],0.784744,0.00338882,0.297377,0.0698445,0.108265,0.952889,1.0,7550.41,7295.69,1.00016
y_pred[7924],0.565207,0.00153743,0.136843,0.14241,0.336304,0.567557,0.786146,8000.75,7233.67,1.00006
y_pred[7925],0.767802,0.00269548,0.244639,0.192277,0.249566,0.86013,0.999126,8242.48,7732.25,1.00038
y_pred[7926],0.796527,0.00352723,0.321356,0.0154568,0.0382861,0.989575,1.0,8202.73,7488.53,0.999886
y_pred[7927],0.80114,0.00349299,0.317679,0.0147786,0.0413345,0.990032,1.0,8270.93,7916.63,0.99979
y_pred[7928],0.821414,0.0029693,0.258319,0.0600653,0.207226,0.959475,0.999999,7874.25,7369.72,1.00009
y_pred[7929],0.827127,0.00317668,0.285682,0.0176155,0.10515,0.988119,1.0,8077.34,7696.4,1.00014
y_pred[7930],0.893011,0.00251842,0.224948,0.00149817,0.299732,0.998989,1.0,8341.56,7715.85,0.999982
y_pred[7931],0.749372,0.00132796,0.11911,0.120539,0.531615,0.765114,0.918735,8045.44,7768.21,1.00019
y_pred[7932],0.0933952,0.00187931,0.167121,0.0159235,5.13425e-08,0.0107405,0.490148,8137.05,7560.35,1.00006
y_pred[7933],0.111484,0.0029589,0.251276,0.000119903,1.6154799999999998e-20,8.08734e-05,0.835751,7504.27,7160.46,1.00023
y_pred[7934],0.111102,0.00282704,0.250512,8.5317e-05,1.78322e-20,5.75455e-05,0.826927,7420.7,7513.51,1.00068
y_pred[7935],0.122553,0.00247573,0.21886,0.0140014,7.9857e-10,0.00944381,0.667429,8192.06,7619.17,1.00019
y_pred[7936],0.129742,0.00288541,0.249466,0.00303172,9.03183e-14,0.00204487,0.791614,8317.09,7600.96,0.999707
y_pred[7937],0.215796,0.00328173,0.301539,0.0650712,1.39135e-07,0.0438908,0.907429,8215.23,7418.69,1.00016
y_pred[7938],0.0874894,0.000852227,0.0768669,0.0631128,0.00543041,0.0658277,0.243274,8250.92,7753.22,0.999884
y_pred[7939],0.673279,0.00305349,0.269193,0.296539,0.159478,0.738125,0.992902,7784.42,7372.27,1.0002
y_pred[7940],0.711143,0.00404967,0.360072,0.105938,0.010651,0.928546,1.0,8154.68,7380.41,1.00013
y_pred[7941],0.711723,0.00411022,0.363226,0.106571,0.0101553,0.928119,1.0,7869.34,7847.27,1.00016
y_pred[7942],0.740661,0.00331785,0.295703,0.18053,0.115609,0.876752,0.99992,8298.07,7593.71,1.00025
y_pred[7943],0.747255,0.00363412,0.325853,0.102984,0.0456123,0.930534,0.999999,8053.99,8014.15,1.0001
y_pred[7944],0.835456,0.00304636,0.272793,0.0172063,0.158146,0.988395,1.0,7827.11,7856.25,0.999854
y_pred[7945],0.651804,0.00146199,0.130444,0.135547,0.424528,0.659338,0.852263,8014.84,7778.79,1.00056
y_pred[7946],0.677207,0.00312613,0.271388,0.294221,0.151372,0.743212,0.993838,7640.73,7888.31,1.00027
y_pred[7947],0.709237,0.00412572,0.360126,0.116256,0.0128859,0.921585,1.0,7579.5,7486.94,0.999731
y_pred[7948],0.713324,0.00402299,0.363141,0.0943638,0.0089557,0.936352,1.0,8061.33,7646.27,1.00043
y_pred[7949],0.736771,0.00335676,0.293963,0.197463,0.116899,0.865075,0.999923,7695.09,7872.47,1.00019
y_pred[7950],0.745469,0.0036055,0.326569,0.102644,0.0483683,0.930762,1.0,7949.73,7858.34,1.00023
y_pred[7951],0.840531,0.00298167,0.26551,0.0186148,0.174731,0.987445,1.0,7752.91,7888.13,1.00005
y_pred[7952],0.652965,0.00146142,0.13137,0.135789,0.420778,0.661894,0.853595,8014.33,8120.6,0.999913
y_pred[7953],0.816221,0.00252971,0.224145,0.121465,0.322422,0.916216,0.999844,7859.3,7619.39,0.999711
y_pred[7954],0.847721,0.00320477,0.281928,0.00244332,0.106479,0.998352,1.0,7957.04,7848.27,0.999832
y_pred[7955],0.846261,0.00324722,0.288991,0.00216385,0.0748991,0.998541,1.0,8111.52,7847.15,1.00049
y_pred[7956],0.8598,0.00271782,0.230597,0.0248817,0.288753,0.983217,1.0,7108.74,7871.57,1.00078
y_pred[7957],0.866249,0.00286717,0.25326,0.00373689,0.196072,0.997479,1.0,7277.46,7086.06,1.00024
y_pred[7958],0.918608,0.00225475,0.199011,0.000124538,0.401047,0.999916,1.0,7467.15,7683.87,0.999707
y_pred[7959],0.803988,0.00123613,0.109092,0.106777,0.596954,0.82228,0.948911,7826.11,7844.34,0.999759
y_pred[7960],0.687991,0.0029761,0.264207,0.286879,0.179973,0.754352,0.993868,7929.55,7715.01,1.0006
y_pred[7961],0.723465,0.00409641,0.35746,0.0889167,0.0114935,0.940026,1.0,7533.02,7535.76,1.00014
y_pred[7962],0.73336,0.00388195,0.352544,0.0713835,0.0125703,0.951852,1.0,8050.33,7783.03,0.999821
y_pred[7963],0.750863,0.00328678,0.292551,0.161293,0.120339,0.890362,0.999929,7909.17,7831.61,1.00051
y_pred[7964],0.752041,0.00369397,0.326841,0.088036,0.040336,0.940619,1.0,7055.69,7976.06,1.00005
y_pred[7965],0.848652,0.00295092,0.261271,0.0118808,0.193141,0.991986,1.0,7953.27,7800.44,1.00016
y_pred[7966],0.667873,0.00146709,0.12934,0.132147,0.441043,0.678801,0.86245,7830.17,8060.43,1.00061
y_pred[7967],0.660867,0.00305439,0.272645,0.303716,0.144633,0.721793,0.990155,8127.76,8101.48,0.999986
y_pred[7968],0.691048,0.00413834,0.36818,0.149826,0.00907452,0.898941,1.0,8030.83,7728.16,0.999925
y_pred[7969],0.695505,0.0041481,0.368451,0.124561,0.00884443,0.915984,1.0,7792.85,7520.89,1.00047
y_pred[7970],0.721754,0.00343626,0.302371,0.221409,0.0932892,0.847652,0.999862,7876.07,8055.33,0.999669
y_pred[7971],0.728428,0.00373758,0.334083,0.131054,0.0416721,0.911588,0.999999,8160.02,7742.87,1.00016
y_pred[7972],0.829401,0.00305805,0.273282,0.0244992,0.158304,0.983475,1.0,7900.27,7594.18,1.00001
y_pred[7973],0.63405,0.00146175,0.131414,0.135023,0.402026,0.639351,0.83573,8130.16,7494.89,0.999947
y_pred[7974],0.0464214,0.00139902,0.123358,0.000386829,4.54353e-15,0.000260912,0.301604,8094.34,7780.79,0.999973
y_pred[7975],0.0564465,0.00209556,0.18423,3.48118e-09,4.70418e-40,2.34802e-09,0.514076,8206.61,7756.13,0.999731
y_pred[7976],0.0589507,0.0020809,0.188558,3.15124e-09,8.77979e-41,2.12548e-09,0.520382,7622.61,7470.97,0.999809
y_pred[7977],0.0656838,0.00190014,0.167302,0.00015926,3.9438900000000005e-18,0.000107419,0.470859,7882.51,7756.66,1.00051
y_pred[7978],0.0637631,0.00208539,0.181589,2.95316e-06,2.36602e-26,1.99188e-06,0.505478,8126.07,7600.29,1.00036
y_pred[7979],0.110213,0.00257664,0.22691,0.00198149,4.88938e-14,0.0013365,0.721414,7787.14,7715.51,0.999975
y_pred[7980],0.0430427,0.000634804,0.055408,0.0291401,0.000288027,0.0221516,0.1553,8075.89,7470.43,1.00028
y_pred[7981],0.486637,0.00328494,0.284982,0.35952,0.0466158,0.485119,0.941895,7601.58,7714.14,1.00067
y_pred[7982],0.523223,0.00444223,0.394737,0.625522,0.000513505,0.543989,0.999839,7780.06,7855.77,1.00034
y_pred[7983],0.528405,0.00459832,0.39988,0.607989,0.000291043,0.577354,0.999924,7670.8,7747.72,0.999835
y_pred[7984],0.55984,0.00389321,0.335041,0.456457,0.0250454,0.603001,0.994009,7607.4,7987.03,1.00002
y_pred[7985],0.566373,0.00420689,0.372173,0.501068,0.00457067,0.641024,0.999532,7791.91,7831.8,0.999975
y_pred[7986],0.701727,0.00381469,0.336728,0.191685,0.0407737,0.870456,0.999981,7980.67,8012.09,0.999752
y_pred[7987],0.456048,0.00153938,0.137737,0.144,0.230758,0.454858,0.684231,8009.77,7947.58,1.00041
y_pred[7988],0.505207,0.00327202,0.288403,0.368948,0.0546963,0.50963,0.954817,7787.01,7725.0,0.999705
y_pred[7989],0.557187,0.00456154,0.394504,0.522848,0.000804545,0.642046,0.999934,7324.0,7182.91,1.00022
y_pred[7990],0.567235,0.00444669,0.395434,0.490141,0.000729212,0.666724,0.999968,8091.94,8107.07,1.00036
y_pred[7991],0.592098,0.00372878,0.328568,0.423682,0.038106,0.650967,0.995758,7857.56,7773.87,1.00034
y_pred[7992],0.593152,0.00420815,0.371119,0.438715,0.00720814,0.696963,0.999821,7731.57,7716.36,1.00015
y_pred[7993],0.721176,0.00371513,0.326335,0.17389,0.0539979,0.882589,0.999995,8101.12,7759.14,1.00021
y_pred[7994],0.482053,0.00153586,0.135801,0.144713,0.259859,0.482189,0.704787,7826.04,7453.1,1.00051
y_pred[7995],0.897219,0.0018971,0.17322,0.0252872,0.482753,0.982942,1.0,8176.63,8148.42,1.00017
y_pred[7996],0.910458,0.00245502,0.226508,8.8956e-06,0.262684,0.999994,1.0,7843.67,7884.43,0.999822
y_pred[7997],0.907102,0.0026285,0.234217,5.9304e-06,0.227761,0.999996,1.0,7495.85,7072.52,0.999734
y_pred[7998],0.919333,0.00203279,0.18162,0.000859908,0.465602,0.99942,1.0,8107.78,7955.92,0.999878
y_pred[7999],0.918884,0.00238147,0.204834,3.26172e-05,0.368991,0.999978,1.0,8121.07,7277.0,0.999916
y_pred[8000],0.954341,0.00175133,0.152876,0.0,0.637038,1.0,1.0,7835.09,7648.54,0.999937
y_pred[8001],0.882613,0.00102486,0.0880902,0.0785422,0.7086,0.903359,0.985787,7279.4,7950.22,1.00043
y_pred[8002],0.588325,0.00317746,0.286383,0.351331,0.0909504,0.626494,0.980206,8038.75,7595.79,1.00002
y_pred[8003],0.63018,0.00426704,0.383547,0.300995,0.00411221,0.796813,0.999994,8037.39,7916.0,1.00005
y_pred[8004],0.641804,0.00428297,0.382282,0.258038,0.00340242,0.825918,0.999997,8119.96,7614.02,1.00011
y_pred[8005],0.667041,0.00355357,0.314562,0.317757,0.0659038,0.769937,0.999356,8011.57,7609.11,1.00032
y_pred[8006],0.66402,0.0039441,0.35487,0.264244,0.0199881,0.821291,0.999975,8234.22,7770.01,1.00019
y_pred[8007],0.785202,0.00332442,0.298094,0.0673553,0.100659,0.954568,1.0,8118.99,7803.8,1.0008
y_pred[8008],0.562762,0.00151674,0.134791,0.1424,0.333739,0.564757,0.781224,7944.08,7649.23,1.00007
y_pred[8009],0.769187,0.00265672,0.241882,0.193228,0.252747,0.858515,0.999115,8344.65,8005.69,1.00026
y_pred[8010],0.798636,0.0035772,0.318818,0.0150617,0.0468066,0.989841,1.0,8143.87,8000.46,0.999926
y_pred[8011],0.798056,0.00356606,0.321069,0.0137326,0.0351835,0.990738,1.0,8013.05,7781.89,1.00008
y_pred[8012],0.818753,0.0028443,0.258011,0.0606902,0.211167,0.959059,0.999999,8338.03,7927.04,1.00032
y_pred[8013],0.826571,0.00332453,0.285457,0.0177534,0.115458,0.988026,1.0,7656.56,7804.65,1.00079
y_pred[8014],0.893655,0.00251741,0.225434,0.00116977,0.305455,0.999211,1.0,8146.43,8010.22,1.00009
y_pred[8015],0.751119,0.00131829,0.118253,0.121343,0.535217,0.764879,0.919007,8117.26,8179.03,1.00007
y_pred[8016],0.0984602,0.00190618,0.171009,0.0193369,5.2125e-08,0.0130431,0.500303,6710.36,7990.41,1.00018
y_pred[8017],0.115101,0.00278982,0.253781,0.00017295,4.14246e-20,0.000116653,0.834813,8259.93,8143.22,1.0002
y_pred[8018],0.113989,0.00279535,0.251776,0.000149131,4.7483199999999994e-21,0.000100587,0.82079,8169.62,7890.36,0.999989
y_pred[8019],0.129437,0.00259069,0.230142,0.0149074,2.72424e-09,0.0100549,0.721432,8030.46,7784.19,1.00077
y_pred[8020],0.137742,0.00289214,0.261489,0.0026986,9.41878e-14,0.00182018,0.829843,8107.7,7876.85,1.0003
y_pred[8021],0.209957,0.00329384,0.297365,0.0623982,1.37565e-07,0.0420881,0.902288,8108.73,7509.41,0.999999
y_pred[8022],0.0867058,0.000877146,0.0774978,0.0633621,0.00632523,0.0642815,0.240696,7845.51,7780.46,0.999797
y_pred[8023],0.673877,0.00308348,0.270191,0.299909,0.152221,0.734887,0.992617,7693.37,7764.99,1.00018
y_pred[8024],0.713409,0.00399991,0.358872,0.108591,0.0129401,0.926756,1.0,7925.47,7679.77,1.00011
y_pred[8025],0.717541,0.00395646,0.360458,0.0960339,0.010983,0.935226,1.0,8189.73,7649.86,0.999755
y_pred[8026],0.737776,0.0033742,0.297345,0.18607,0.1131,0.873185,0.999924,8196.38,7372.08,1.00011
y_pred[8027],0.738904,0.00369526,0.329807,0.117541,0.043573,0.920711,0.999999,8003.29,7663.37,1.00058
y_pred[8028],0.839121,0.00304448,0.267209,0.0183887,0.162042,0.987597,1.0,8036.8,8034.87,1.00001
y_pred[8029],0.653427,0.00147621,0.130144,0.136572,0.427393,0.66145,0.85427,7993.32,7265.6,1.0002
y_pred[8030],0.673966,0.0030454,0.271577,0.301012,0.150829,0.738404,0.992906,7977.18,7667.16,0.999865
y_pred[8031],0.714721,0.00410118,0.358365,0.107058,0.0127709,0.92779,1.0,7326.41,8012.33,0.999797
y_pred[8032],0.718542,0.00390964,0.358742,0.0946166,0.0127594,0.936182,1.0,8504.59,8273.99,1.00043
y_pred[8033],0.739179,0.00345698,0.29534,0.185043,0.115643,0.873816,0.999918,7881.54,7730.24,0.999776
y_pred[8034],0.743692,0.00357623,0.330363,0.0997071,0.0432853,0.932744,0.999999,8577.81,7660.5,1.00018
y_pred[8035],0.837572,0.00305311,0.269478,0.0207505,0.155357,0.986004,1.0,8060.6,7393.16,0.999911
y_pred[8036],0.652683,0.00143081,0.130963,0.13455,0.42222,0.661218,0.851909,8391.84,7803.31,1.00012
y_pred[8037],0.81806,0.00245774,0.222073,0.12225,0.31868,0.915528,0.999868,8286.91,7712.69,0.999896
y_pred[8038],0.846573,0.00319149,0.286069,0.00258269,0.0837069,0.998258,1.0,8143.76,7866.16,1.00058
y_pred[8039],0.838126,0.00330855,0.296165,0.00235289,0.06854,0.998413,1.0,8211.79,7899.23,0.999855
y_pred[8040],0.86068,0.00256831,0.232972,0.0236586,0.286631,0.984042,1.0,8120.79,7568.89,0.999843
y_pred[8041],0.864811,0.00289578,0.257203,0.00366128,0.175469,0.99753,1.0,8048.02,7835.67,1.00034
y_pred[8042],0.915187,0.0022452,0.203634,0.000127504,0.374972,0.999914,1.0,7820.71,7665.67,1.00015
y_pred[8043],0.804002,0.00121698,0.108067,0.105685,0.600889,0.819758,0.950187,7872.07,7639.04,0.999881
y_pred[8044],0.692056,0.00297111,0.264631,0.277558,0.180667,0.764661,0.994071,8052.17,8053.45,1.00017
y_pred[8045],0.725949,0.0038994,0.353162,0.0925758,0.0160113,0.937558,1.0,8015.51,7652.56,1.00001
y_pred[8046],0.733477,0.00403871,0.353234,0.0695495,0.0135939,0.953089,1.0,7585.96,7837.55,1.00015
y_pred[8047],0.75162,0.00332633,0.28834,0.171479,0.125949,0.883149,0.999931,7363.53,7911.45,1.00043
y_pred[8048],0.75537,0.00373372,0.323905,0.0857417,0.0453477,0.942166,1.0,7315.92,8064.74,0.999717
y_pred[8049],0.849446,0.00294571,0.260675,0.0116821,0.183679,0.99212,1.0,7947.88,8032.85,1.00006
y_pred[8050],0.664949,0.00145237,0.130213,0.137307,0.435161,0.672751,0.865156,8063.28,7812.13,0.999877
y_pred[8051],0.656221,0.00304024,0.273449,0.3117,0.139191,0.711841,0.990842,8147.24,7840.39,0.999958
y_pred[8052],0.699495,0.00417601,0.36284,0.135717,0.0105871,0.908458,1.0,7772.3,7410.05,1.00017
y_pred[8053],0.703819,0.0040551,0.364427,0.115915,0.00967935,0.921817,1.0,7978.64,7909.08,1.00009
y_pred[8054],0.714558,0.00341636,0.30339,0.236303,0.096726,0.837306,0.999853,7896.67,7809.35,1.00003
y_pred[8055],0.728096,0.00379864,0.333432,0.135016,0.0385923,0.908908,0.999999,7642.21,7315.2,1.00003
y_pred[8056],0.830122,0.00311292,0.273068,0.0240871,0.149705,0.983753,1.0,7637.45,8128.66,1.00026
y_pred[8057],0.63142,0.0014855,0.133336,0.142493,0.402649,0.63621,0.837792,8078.74,7818.25,0.999794
y_pred[8058],0.0455538,0.00128233,0.116292,0.000545298,9.64729e-15,0.000367798,0.290702,7967.6,7835.02,0.999686
y_pred[8059],0.0573361,0.00204871,0.184166,7.47568e-09,3.71811e-41,5.04228e-09,0.481682,7834.26,7671.16,1.00142
y_pred[8060],0.0576664,0.00206419,0.18567,2.37264e-09,3.3431e-42,1.60033e-09,0.489466,7802.45,7968.42,1.00057
y_pred[8061],0.066911,0.00194036,0.168378,0.000167669,4.334250000000001e-18,0.000113091,0.475785,8128.27,7961.34,1.00004
y_pred[8062],0.0672077,0.00212107,0.188679,2.27609e-06,7.7594999999999995e-28,1.53521e-06,0.54463,8264.76,7666.45,1.0005
y_pred[8063],0.11203,0.00260871,0.233055,0.00177685,4.14845e-14,0.00119847,0.73682,7782.63,7919.82,1.00033
y_pred[8064],0.0435194,0.00061271,0.0554677,0.0300011,0.000240334,0.022456,0.158411,8249.69,7889.07,1.00069
y_pred[8065],0.482116,0.0033436,0.288039,0.369343,0.0427047,0.475983,0.941041,7568.14,7354.06,1.00022
y_pred[8066],0.531068,0.00446846,0.396408,0.597909,0.000531501,0.581667,0.999883,7656.77,7523.33,1.00008
y_pred[8067],0.529271,0.00439425,0.397739,0.61281,0.000460244,0.568526,0.999902,8286.47,8055.72,1.00048
y_pred[8068],0.566119,0.00375785,0.336283,0.457,0.0230482,0.613275,0.994765,8114.03,7769.67,0.999668
y_pred[8069],0.560926,0.00423986,0.373989,0.519613,0.00395974,0.625234,0.999512,7680.04,7930.47,0.999853
y_pred[8070],0.702075,0.00373725,0.333733,0.199362,0.0435266,0.865233,0.999978,7886.28,7722.42,1.00008
y_pred[8071],0.459077,0.00151057,0.135831,0.143,0.240979,0.457217,0.685909,8095.73,8058.42,1.0002
y_pred[8072],0.505555,0.00320539,0.286637,0.364368,0.0564278,0.509059,0.954238,7980.7,7989.69,1.00037
y_pred[8073],0.555907,0.00447182,0.394093,0.527978,0.00106873,0.637965,0.999938,7771.34,7752.25,1.00029
y_pred[8074],0.562942,0.00457035,0.395185,0.505248,0.000926409,0.656274,0.999972,7868.3,8011.39,1.00006
y_pred[8075],0.582693,0.00379433,0.332758,0.440858,0.0288054,0.634984,0.995953,7798.97,8147.2,0.999921
y_pred[8076],0.58698,0.00411851,0.370007,0.459602,0.00684292,0.679064,0.999799,8002.65,7505.13,1.00062
y_pred[8077],0.72354,0.00358722,0.324575,0.168103,0.0545835,0.886504,0.999994,8006.55,7751.27,1.00008
y_pred[8078],0.484065,0.00151038,0.136198,0.141284,0.256171,0.484402,0.708808,8117.31,8011.33,0.999956
y_pred[8079],0.893579,0.00200348,0.177709,0.0288507,0.473107,0.980535,1.0,8155.8,7734.93,0.999845
y_pred[8080],0.913542,0.00247851,0.220843,1.18608e-05,0.30131,0.999992,1.0,7764.52,7636.95,0.999955
y_pred[8081],0.910846,0.00255805,0.227222,5.9304e-06,0.260275,0.999996,1.0,7922.24,7931.34,0.999884
y_pred[8082],0.918926,0.00204056,0.182259,0.0010178,0.462544,0.999313,1.0,7735.56,7591.75,1.0006
y_pred[8083],0.91979,0.00229333,0.204659,2.52042e-05,0.372164,0.999983,1.0,8338.25,8048.33,1.00038
y_pred[8084],0.955542,0.00165403,0.149822,0.0,0.652487,1.0,1.0,8054.34,7941.52,0.999714
y_pred[8085],0.882527,0.00100889,0.0874483,0.0800367,0.709798,0.903229,0.986461,7439.08,7603.06,1.00008
y_pred[8086],0.592372,0.00316159,0.283919,0.348496,0.0917316,0.632711,0.977048,7922.48,7868.06,0.999826
y_pred[8087],0.631971,0.00442391,0.381649,0.301539,0.00423452,0.796474,0.999995,7498.03,7603.99,0.999803
y_pred[8088],0.638991,0.00422438,0.38061,0.278684,0.00361513,0.811935,0.999995,8209.7,7892.23,1.00002
y_pred[8089],0.660764,0.00346504,0.317299,0.333208,0.0627078,0.757733,0.999124,8368.42,7832.7,0.999798
y_pred[8090],0.664615,0.00411435,0.35597,0.257992,0.020715,0.825564,0.999979,7647.48,7986.41,0.999668
y_pred[8091],0.785057,0.00339806,0.300341,0.0673716,0.0938707,0.954557,1.0,7843.22,7850.27,1.00029
y_pred[8092],0.565132,0.0014929,0.135618,0.142535,0.333741,0.568243,0.781036,8267.73,7807.14,0.999825
y_pred[8093],0.768948,0.00271983,0.241261,0.196703,0.256041,0.855311,0.999164,8002.3,7715.24,1.00038
y_pred[8094],0.799365,0.00354921,0.31866,0.0144324,0.0432596,0.990266,1.0,7968.19,7912.84,0.999888
y_pred[8095],0.797477,0.00354574,0.321654,0.0127704,0.0366041,0.991386,1.0,8244.05,7020.08,1.00036
y_pred[8096],0.819641,0.00304245,0.258571,0.0633344,0.215909,0.957271,0.999999,7192.12,7673.1,1.00084
y_pred[8097],0.821926,0.00329152,0.289793,0.0177386,0.10148,0.988036,1.0,7508.08,7720.67,1.00007
y_pred[8098],0.894879,0.00255549,0.222222,0.00117422,0.309705,0.999208,1.0,7970.96,7787.51,1.00057
y_pred[8099],0.749439,0.00132521,0.117224,0.117045,0.532242,0.762349,0.917812,7900.51,7651.09,1.00006
y_pred[8100],0.0971829,0.0019266,0.172005,0.0172516,7.02751e-08,0.0116364,0.509658,8304.32,7900.88,0.999924
y_pred[8101],0.115078,0.00278619,0.253627,0.000166068,1.8659199999999998e-20,0.000112012,0.83731,7987.79,7590.47,1.00022
y_pred[8102],0.110724,0.00276634,0.25,9.41507e-05,5.46407e-21,6.35038e-05,0.822324,7949.88,7598.65,0.999893
y_pred[8103],0.125073,0.00244813,0.221495,0.0143257,1.28042e-09,0.00966259,0.673506,8184.52,7849.4,1.00003
y_pred[8104],0.126631,0.00284275,0.248368,0.00265082,5.2111e-14,0.00178795,0.788228,7981.81,8182.44,1.0005
y_pred[8105],0.212861,0.00337913,0.297313,0.0645266,1.77863e-07,0.0435236,0.89713,7736.58,7921.48,1.00047
y_pred[8106],0.0868845,0.000864432,0.0762768,0.063456,0.00589788,0.0660913,0.238312,7877.9,8141.87,1.00062
y_pred[8107],0.680459,0.0030781,0.268376,0.29219,0.16008,0.746685,0.992613,7633.59,7805.28,1.00017
y_pred[8108],0.707017,0.00422309,0.361746,0.117473,0.0122997,0.920764,1.0,7452.31,7840.23,1.00075
y_pred[8109],0.7154,0.00394609,0.358148,0.106576,0.0117207,0.928116,1.0,7929.74,7733.83,1.00023
y_pred[8110],0.736399,0.00337866,0.295264,0.195846,0.111089,0.866208,0.999909,7794.98,7695.76,1.00023
y_pred[8111],0.743315,0.00371664,0.329808,0.105087,0.040562,0.929113,0.999999,7997.18,7540.97,0.999835
y_pred[8112],0.837904,0.00299116,0.267669,0.0189928,0.160697,0.987189,1.0,7830.88,8013.82,0.999842
y_pred[8113],0.649242,0.00153087,0.130248,0.132857,0.418627,0.657718,0.847236,7247.34,7876.24,0.999884
y_pred[8114],0.670392,0.00299093,0.269452,0.2999,0.155787,0.731969,0.992285,8122.72,7802.78,0.999996
y_pred[8115],0.71246,0.00399725,0.360535,0.101985,0.0110386,0.931212,1.0,8100.86,7845.18,0.999851
y_pred[8116],0.716791,0.00399219,0.359794,0.0937789,0.0131493,0.936747,1.0,8144.97,7726.97,1.00009
y_pred[8117],0.734563,0.00336582,0.299369,0.189121,0.108471,0.870742,0.999916,7980.93,7816.82,1.00012
y_pred[8118],0.748279,0.00371619,0.325484,0.10051,0.0457038,0.9322,0.999999,7849.51,8030.71,1.00102
y_pred[8119],0.833966,0.00302541,0.272839,0.0180084,0.150346,0.987853,1.0,8066.6,7399.33,1.00004
y_pred[8120],0.652366,0.00142167,0.128801,0.133784,0.43054,0.657845,0.853399,8152.88,7545.35,0.999931
y_pred[8121],0.820111,0.00247185,0.22191,0.119856,0.312445,0.916791,0.999851,8040.11,7792.24,0.999843
y_pred[8122],0.842379,0.00323059,0.289089,0.0028414,0.0863912,0.998084,1.0,7941.96,7813.7,1.00018
y_pred[8123],0.84759,0.00321347,0.286526,0.00186659,0.0876122,0.998741,1.0,7862.89,7799.26,0.999943
y_pred[8124],0.857568,0.00261774,0.235419,0.0231404,0.27878,0.984392,1.0,8200.32,7788.77,1.00008
y_pred[8125],0.86036,0.00285751,0.260404,0.00450562,0.168596,0.996961,1.0,8335.32,7946.41,1.00017
y_pred[8126],0.922766,0.00214309,0.19134,0.000128986,0.439816,0.999913,1.0,8071.11,7470.52,1.00022
y_pred[8127],0.803887,0.00118976,0.107617,0.10752,0.601812,0.817997,0.952319,8217.7,7938.44,1.00028
y_pred[8128],0.691416,0.00298553,0.265345,0.284437,0.179423,0.756919,0.994493,7891.29,7935.8,1.00026
y_pred[8129],0.733228,0.00393176,0.34935,0.079033,0.0167758,0.946693,1.0,7966.35,7513.91,0.999827
y_pred[8130],0.724235,0.00407977,0.359035,0.0738668,0.0117917,0.950177,1.0,7963.97,7890.8,1.00011
y_pred[8131],0.74973,0.00327631,0.2919,0.167862,0.129992,0.886011,0.999956,7929.53,7974.16,0.999936
y_pred[8132],0.748851,0.00363796,0.325994,0.0933645,0.0520048,0.937025,1.0,8076.78,7769.12,1.00043
y_pred[8133],0.846307,0.00295361,0.262682,0.0152856,0.175113,0.98969,1.0,7674.97,7971.14,1.00042
y_pred[8134],0.667499,0.00143327,0.128945,0.131051,0.439202,0.678627,0.863451,8140.38,7827.67,1.00029
y_pred[8135],0.656364,0.00303118,0.27459,0.312952,0.142429,0.714183,0.98987,8086.34,7767.74,1.00012
y_pred[8136],0.700355,0.00404076,0.363439,0.131419,0.00918067,0.911358,1.0,8257.36,7816.34,1.0
y_pred[8137],0.704202,0.00411501,0.36427,0.116715,0.00878164,0.921277,1.0,7681.72,7255.65,1.00005
y_pred[8138],0.722892,0.00350303,0.301041,0.216231,0.101784,0.851005,0.999827,7589.34,8098.98,0.999988
y_pred[8139],0.727015,0.00377706,0.333781,0.133026,0.0404887,0.910264,0.999999,7918.11,7906.77,0.999694
y_pred[8140],0.827364,0.00317094,0.274728,0.0276023,0.138707,0.981383,1.0,7699.11,7652.39,1.0004
y_pred[8141],0.63189,0.00147935,0.132088,0.139644,0.403062,0.63951,0.837876,7951.91,8054.7,1.00017
y_pred[8142],0.0480168,0.00134567,0.121046,0.000359054,5.53932e-15,0.000242179,0.315226,8276.62,7687.9,1.00002
y_pred[8143],0.0563123,0.00204592,0.183179,5.01367e-09,6.34257e-41,3.38167e-09,0.49912,7804.2,6873.19,0.99969
y_pred[8144],0.0587225,0.00209862,0.188981,2.03588e-09,5.743800000000001e-41,1.37318e-09,0.535524,7642.58,7927.89,0.999955
y_pred[8145],0.0651687,0.00185652,0.166742,0.000171575,3.78047e-18,0.000115726,0.456337,8175.67,7713.13,0.999712
y_pred[8146],0.0648609,0.00209597,0.184973,3.08253e-06,1.54461e-26,2.07914e-06,0.528816,7763.1,7810.48,0.999876
y_pred[8147],0.111885,0.00259461,0.229034,0.00218322,7.14544e-14,0.00147256,0.723402,7958.62,7941.54,0.999832
y_pred[8148],0.0436525,0.000624425,0.0560189,0.029573,0.000303558,0.0224619,0.155889,7973.48,8005.66,1.00026
y_pred[8149],0.477908,0.00325571,0.287302,0.365925,0.0403252,0.467716,0.93966,7844.68,7850.15,1.00112
y_pred[8150],0.526276,0.00457024,0.397026,0.613467,0.000399342,0.567284,0.999867,7478.12,7682.35,1.00023
y_pred[8151],0.545462,0.00447508,0.398954,0.567888,0.000564295,0.6101,0.999944,7939.89,7788.08,0.999836
y_pred[8152],0.557071,0.00369381,0.335954,0.463416,0.023922,0.590104,0.994524,8379.89,7787.75,1.00024
y_pred[8153],0.567177,0.0040836,0.373052,0.513089,0.00517752,0.633989,0.999647,8245.53,7834.73,1.00047
y_pred[8154],0.699454,0.00366233,0.332508,0.217099,0.0388759,0.853099,0.999975,8247.81,7452.04,0.999783
y_pred[8155],0.456459,0.0015266,0.137286,0.145101,0.234626,0.454191,0.686827,8073.17,7779.44,1.00079
y_pred[8156],0.506037,0.00333749,0.285043,0.363095,0.0552703,0.507064,0.951137,7316.88,7757.19,0.999838
y_pred[8157],0.551939,0.00449204,0.396841,0.541776,0.000818915,0.629136,0.999941,7761.89,8080.67,1.00039
y_pred[8158],0.55115,0.00439728,0.397862,0.544187,0.000654959,0.628696,0.999962,8211.76,7669.72,1.00024
y_pred[8159],0.577514,0.00363335,0.331638,0.439023,0.0284968,0.628216,0.995863,8329.84,7798.82,1.00006
y_pred[8160],0.59318,0.00411485,0.366576,0.445347,0.00795749,0.689376,0.999769,8012.46,7761.22,1.00001
y_pred[8161],0.720552,0.00364687,0.325534,0.1764,0.0576408,0.880836,0.99999,7944.3,7838.26,0.999876
y_pred[8162],0.481924,0.00151186,0.137139,0.144368,0.256521,0.480534,0.706199,8080.07,8234.59,1.00071
y_pred[8163],0.895444,0.00200184,0.177427,0.0250278,0.47671,0.983117,1.0,7912.7,7729.82,1.00006
y_pred[8164],0.914957,0.00249893,0.221185,8.8956e-06,0.278861,0.999994,1.0,8441.13,8142.04,0.99999
y_pred[8165],0.91176,0.00249938,0.227622,5.9304e-06,0.248731,0.999996,1.0,8086.57,8017.39,1.00061
y_pred[8166],0.918945,0.00204795,0.182992,0.00103782,0.467006,0.9993,1.0,8237.62,7848.12,0.999875
y_pred[8167],0.920209,0.0022843,0.202285,3.40998e-05,0.37711,0.999977,1.0,7878.29,8013.52,1.00062
y_pred[8168],0.955726,,0.15067,0.0,0.658018,1.0,1.0,7601.33,7658.51,1.00036
y_pred[8169],0.884678,0.0009961,0.0866031,0.0794436,0.710983,0.904204,0.985859,7688.75,7262.23,1.00002
y_pred[8170],0.589072,0.00320994,0.281937,0.348483,0.0957401,0.620899,0.976528,7992.2,7725.93,1.00009
y_pred[8171],0.628099,0.0043604,0.38492,0.296685,0.00313039,0.799766,0.999995,7999.01,7587.49,1.00004
y_pred[8172],0.633391,0.00439491,0.387184,0.278137,0.00252352,0.812356,0.999998,7578.27,7931.58,1.00006
y_pred[8173],0.658195,0.00372322,0.321841,0.330791,0.0607963,0.761526,0.999201,7529.68,7556.66,1.00015
y_pred[8174],0.663488,0.00393391,0.354554,0.270147,0.0190838,0.817234,0.99998,8095.57,7879.03,0.99974
y_pred[8175],0.782149,0.00337955,0.302907,0.0658949,0.0801732,0.955553,1.0,8212.6,8154.17,1.00038
y_pred[8176],0.562002,0.00156036,0.135105,0.142605,0.335772,0.565843,0.779498,7479.49,7972.35,1.00052
y_pred[8177],0.768841,0.00268596,0.24238,0.194066,0.252095,0.857457,0.999135,8298.97,7729.91,0.999933
y_pred[8178],0.798488,0.00351486,0.316101,0.0182819,0.0494014,0.987669,1.0,7884.91,7439.45,0.999856
y_pred[8179],0.798496,0.00361828,0.320649,0.01368,0.0348079,0.990773,1.0,8340.72,7886.57,1.00021
y_pred[8180],0.818463,0.00291223,0.258915,0.0639001,0.207372,0.956889,0.999999,7645.72,8012.2,0.99987
y_pred[8181],0.819321,0.00321877,0.288564,0.0208083,0.108738,0.985965,1.0,8023.35,7973.83,1.00008
y_pred[8182],0.89421,0.00250093,0.221169,0.00146481,0.30406,0.999012,1.0,7705.71,7997.03,0.999941
y_pred[8183],0.749606,0.00135339,0.118903,0.122492,0.533373,0.763136,0.920252,7866.59,7847.44,0.99996
y_pred[8184],0.0991125,0.00195476,0.172723,0.0203929,8.79727e-08,0.0137554,0.515835,7797.3,7726.92,1.00014
y_pred[8185],0.11441,0.00280909,0.254408,0.000169078,1.72994e-20,0.000114041,0.834472,8154.02,7888.75,0.999915
y_pred[8186],0.1131,0.00282876,0.252851,0.000108201,1.15651e-20,7.29803e-05,0.835624,7940.18,7537.7,1.00009
y_pred[8187],0.126003,0.00256428,0.222866,0.0140241,2.58092e-09,0.00945912,0.682761,6815.18,7857.4,1.00058
y_pred[8188],0.125077,0.00278128,0.246078,0.00224433,1.01958e-13,0.00151378,0.781136,8176.39,7599.56,0.999695
y_pred[8189],0.209865,0.00327526,0.295645,0.0620504,1.97112e-07,0.0418533,0.899036,7984.97,7455.38,0.999746
y_pred[8190],0.0864537,0.000863862,0.0765518,0.0628776,0.00564022,0.0646612,0.237362,7926.4,8133.91,1.00007
y_pred[8191],0.675551,0.00303977,0.269307,0.301003,0.15966,0.737438,0.992619,7992.06,7729.97,1.00027
y_pred[8192],0.713134,0.00400275,0.359578,0.100912,0.0127254,0.931936,1.0,8150.55,7989.81,1.00018
y_pred[8193],0.705656,0.00416546,0.366634,0.0998798,0.00959051,0.932632,1.0,7816.74,7725.11,1.00008
y_pred[8194],0.737593,0.00328762,0.294971,0.189834,0.112608,0.870362,0.999899,8118.36,7810.17,0.999933
y_pred[8195],0.740399,0.00378781,0.327554,0.11439,0.0476532,0.922836,0.999999,7574.86,7408.94,1.00025
y_pred[8196],0.836482,0.00302808,0.26974,0.0190284,0.163682,0.987165,1.0,7926.67,8097.81,1.00032
y_pred[8197],0.649901,0.00147128,0.132108,0.137706,0.416472,0.658403,0.851567,8067.29,7848.01,1.0
y_pred[8198],0.672181,0.00299882,0.270993,0.300006,0.149826,0.737316,0.993169,8156.57,7489.66,1.00021
y_pred[8199],0.709557,0.00415229,0.35921,0.116967,0.011514,0.921107,1.0,7663.22,7103.17,0.999994
y_pred[8200],0.723411,0.00400891,0.355435,0.084549,0.0142819,0.942972,1.0,8171.38,7643.7,1.0
y_pred[8201],0.73995,0.00346248,0.296211,0.182188,0.11026,0.875913,0.999908,7577.52,7301.3,0.999865
y_pred[8202],0.746913,0.00357321,0.325944,0.102833,0.0460324,0.930634,1.0,8432.76,7374.83,1.00029
y_pred[8203],0.83365,0.00299137,0.271076,0.0205837,0.162389,0.986117,1.0,7855.14,7682.8,0.999711
y_pred[8204],0.652385,0.00149313,0.130354,0.135269,0.422048,0.661212,0.851667,7554.11,7679.03,0.99979
y_pred[8205],0.820394,0.00248585,0.223379,0.116246,0.310391,0.919943,0.999885,8092.23,7881.99,0.999995
y_pred[8206],0.842505,0.00331865,0.291106,0.00251597,0.0769939,0.998303,1.0,7720.74,7606.05,1.00012
y_pred[8207],0.846614,0.00317457,0.289759,0.00170796,0.0663062,0.998848,1.0,8047.22,7734.19,1.00038
y_pred[8208],0.861564,0.00263977,0.233679,0.0212264,0.282858,0.985683,1.0,7894.94,7721.96,0.999969
y_pred[8209],0.863888,0.00293476,0.256967,0.00372652,0.182322,0.997486,1.0,7456.61,7583.2,1.00026
y_pred[8210],0.917226,0.0022982,0.203421,0.000121573,0.371452,0.999918,1.0,7918.33,7689.83,0.999813
y_pred[8211],0.805054,0.0012341,0.10803,0.108858,0.605798,0.819976,0.951526,7586.32,7971.53,0.999967
y_pred[8212],0.69052,0.00296519,0.266831,0.283911,0.165121,0.758309,0.994675,8108.39,7899.01,1.00024
y_pred[8213],0.72652,0.00396346,0.352457,0.083996,0.0150737,0.943345,1.0,7670.46,7753.92,1.00076
y_pred[8214],0.72258,0.00395782,0.356151,0.0838358,0.0147215,0.943453,1.0,8020.78,7246.87,1.00013
y_pred[8215],0.75322,0.00325918,0.290109,0.161821,0.12492,0.890055,0.999949,8005.77,7674.33,0.999753
y_pred[8216],0.758358,0.00373707,0.321777,0.0831309,0.0561532,0.943928,1.0,7450.71,7874.62,1.00024
y_pred[8217],0.844355,0.00301418,0.264727,0.0131106,0.175708,0.991157,1.0,7741.59,7952.01,0.999788
y_pred[8218],0.665039,0.00144309,0.129136,0.133626,0.438184,0.672982,0.861446,8043.5,7730.22,1.00028
y_pred[8219],0.660265,0.00317771,0.273873,0.310073,0.1442,0.720344,0.991817,7809.92,8145.05,1.00011
y_pred[8220],0.701087,0.00401213,0.359956,0.139544,0.0111927,0.905876,1.0,8084.84,7763.22,1.00016
y_pred[8221],0.704149,0.00414936,0.363752,0.120759,0.00847556,0.918548,1.0,7904.36,7708.88,0.999949
y_pred[8222],0.725225,0.00337673,0.298621,0.21774,0.103335,0.850035,0.999873,7897.98,8058.2,1.00027
y_pred[8223],0.731873,0.00385559,0.330392,0.134608,0.0418564,0.909188,0.999998,7067.01,7708.92,0.999791
y_pred[8224],0.830375,0.00303232,0.271889,0.0249751,0.164686,0.983154,1.0,7812.82,7729.23,0.999899
y_pred[8225],0.632476,0.00148783,0.131954,0.137037,0.402819,0.641239,0.837808,7855.79,8142.4,1.00082
y_pred[8226],0.0459632,0.00132156,0.12012,0.000423994,3.73996e-15,0.00028598,0.298301,7911.01,7846.12,1.0004
y_pred[8227],0.0563397,0.0020732,0.183072,3.31657e-09,1.17259e-39,2.237e-09,0.477512,7614.82,7770.52,1.00019
y_pred[8228],0.0567692,0.00206184,0.184369,2.26047e-09,1.34677e-41,1.52466e-09,0.50057,8045.15,7932.08,0.999657
y_pred[8229],0.0661205,0.00186247,0.169183,0.000149462,5.5739100000000006e-18,0.000100811,0.477175,8113.22,8141.72,0.999935
y_pred[8230],0.0661347,0.00213993,0.186396,4.00024e-06,7.95249e-27,2.69812e-06,0.54475,7952.56,7506.0,1.00038
y_pred[8231],0.110334,0.00263398,0.227451,0.00166747,6.71691e-14,0.00112469,0.727391,7572.64,8091.17,1.00035
y_pred[8232],0.0427522,0.000614527,0.0542172,0.0293538,0.000247364,0.0221091,0.15364,7699.03,7344.87,1.00004
y_pred[8233],0.486033,0.00330745,0.288549,0.368504,0.0440233,0.485168,0.944813,7733.8,7898.67,0.99998
y_pred[8234],0.52647,0.00440912,0.395858,0.608543,0.000505816,0.568511,0.999862,7955.78,7960.5,1.00016
y_pred[8235],0.52895,0.00450932,0.397965,0.604169,0.000367249,0.577367,0.999921,7818.02,6841.47,1.00062
y_pred[8236],0.564257,0.00376874,0.333611,0.450836,0.0251289,0.606872,0.994446,7462.39,7562.91,0.999983
y_pred[8237],0.564045,0.00416209,0.372692,0.51799,0.00544514,0.627508,0.99961,7965.62,7701.15,1.00036
y_pred[8238],0.703956,0.00378167,0.336296,0.190251,0.0399706,0.871473,0.999983,8204.32,7929.1,0.9998
y_pred[8239],0.457115,0.00150467,0.135001,0.142495,0.237667,0.455724,0.680648,8085.5,7756.8,1.00039
y_pred[8240],0.513327,0.00333939,0.287538,0.364378,0.0522096,0.524582,0.953604,7588.05,7712.91,1.00007
y_pred[8241],0.557463,0.00468923,0.393821,0.52074,0.000940946,0.644324,0.999943,7340.49,8102.28,1.00005
y_pred[8242],0.554827,0.00444924,0.396754,0.534953,0.000632829,0.63464,0.99996,8108.78,7930.25,1.00008
y_pred[8243],0.590125,0.00369101,0.329544,0.433624,0.0365785,0.644051,0.996449,8000.13,8097.98,1.00055
y_pred[8244],0.592998,0.00411855,0.369408,0.444028,0.00633423,0.690859,0.999785,8014.69,7930.62,1.00009
y_pred[8245],0.71722,0.00367764,0.330562,0.174904,0.0487771,0.881887,0.999992,8259.42,8078.56,1.00016
y_pred[8246],0.483524,0.00154011,0.138008,0.144462,0.25897,0.481588,0.713446,8031.23,8026.12,1.00005
y_pred[8247],0.893005,0.0020738,0.177546,0.0270619,0.478407,0.981744,1.0,7880.8,7835.04,0.999825
y_pred[8248],0.909765,0.00255626,0.227127,8.8956e-06,0.252281,0.999994,1.0,7926.92,7791.84,1.00038
y_pred[8249],0.910812,,0.227455,4.4478e-06,0.245546,0.999997,1.0,8177.29,7932.29,1.00019
y_pred[8250],0.91807,0.0021355,0.185599,0.00102299,0.44785,0.99931,1.0,7872.04,7788.26,0.999947
y_pred[8251],0.923487,0.00226283,0.197725,2.9652e-05,0.403939,0.99998,1.0,7820.3,7628.45,0.999993
y_pred[8252],0.957935,,0.146006,0.0,0.683539,1.0,1.0,8214.82,7888.74,0.999653
y_pred[8253],0.884788,0.000948337,0.0862159,0.076924,0.716659,0.905965,0.98596,8235.71,8052.95,1.00032
y_pred[8254],0.588311,0.00310785,0.283708,0.345451,0.0892086,0.62374,0.97787,8382.34,7952.29,0.999833
y_pred[8255],0.633768,0.00442193,0.38254,0.293047,0.00344808,0.802193,0.999994,7375.48,7939.81,1.00016
y_pred[8256],0.638629,0.0043846,0.384254,0.264798,0.00363071,0.821359,0.999998,7779.82,7678.77,0.999932
y_pred[8257],0.662314,0.00355467,0.31769,0.330512,0.0623782,0.760162,0.999255,7940.81,7509.26,0.999789
y_pred[8258],0.663005,0.00398737,0.354586,0.26326,0.0173402,0.821804,0.999979,7785.61,7968.11,0.999886
y_pred[8259],0.783712,0.00330466,0.2983,0.0716059,0.0981456,0.951701,1.0,8099.58,7756.88,1.0002
y_pred[8260],0.561455,0.00147885,0.133898,0.13804,0.338104,0.563844,0.77941,8231.66,7913.61,1.0
y_pred[8261],0.767418,0.00274801,0.242353,0.196307,0.254195,0.85635,0.999155,7922.88,7664.29,0.999706
y_pred[8262],0.792394,0.00362159,0.32255,0.0186155,0.0376046,0.987444,1.0,7864.31,7612.76,0.999689
y_pred[8263],0.792509,0.00364592,0.326975,0.0158075,0.0329961,0.989338,1.0,7861.77,7751.33,1.00019
y_pred[8264],0.821721,0.00283211,0.257526,0.0581565,0.217176,0.960765,0.999999,8424.03,8013.72,1.00002
y_pred[8265],0.821309,0.00320591,0.289352,0.019915,0.0989604,0.986568,1.0,8318.09,7980.6,1.00006
y_pred[8266],0.891086,0.00257748,0.22828,0.00154413,0.271558,0.998958,1.0,8075.17,7719.59,1.00084
y_pred[8267],0.750152,0.00139782,0.116576,0.118553,0.540651,0.761902,0.918996,7275.55,7705.9,0.999998
y_pred[8268],0.0949755,0.00188085,0.16917,0.0181939,7.57904e-08,0.0122719,0.494312,8499.41,7868.81,0.999705
y_pred[8269],0.113462,0.00284315,0.25133,0.000161933,2.1192699999999998e-20,0.000109222,0.822124,8111.7,7318.71,1.00019
y_pred[8270],0.114748,0.00287668,0.255277,0.000119281,1.8379699999999998e-21,8.04543e-05,0.845582,8203.09,7957.53,1.00021
y_pred[8271],0.128805,0.00256618,0.228234,0.0146597,1.30798e-09,0.00988784,0.702297,7997.8,7929.9,1.00025
y_pred[8272],0.127338,0.00277282,0.249707,0.00282953,3.93028e-14,0.0019085,0.799881,8089.04,7762.83,1.00006
y_pred[8273],0.20772,0.00329056,0.295576,0.0630359,1.1341e-07,0.0425183,0.903187,8057.29,7969.54,1.00029
y_pred[8274],0.0863086,0.000856167,0.0756807,0.0618945,0.00594693,0.0652672,0.240005,8190.26,8120.34,1.00025
y_pred[8275],0.673145,0.00304344,0.270037,0.294792,0.15566,0.736413,0.992634,7834.29,8021.86,1.00022
y_pred[8276],0.706915,0.00400588,0.361785,0.110687,0.0109743,0.925342,1.0,8170.69,8214.84,1.00059
y_pred[8277],0.720544,0.00413707,0.359618,0.0878359,0.0120464,0.940755,1.0,7681.13,7910.26,1.00004
y_pred[8278],0.737333,0.00335626,0.294729,0.192877,0.11064,0.868248,0.999913,7705.59,7404.74,1.00017
y_pred[8279],0.75246,0.00357936,0.322684,0.0982489,0.0481525,0.933727,0.999999,8144.52,7759.34,1.00023
y_pred[8280],0.839345,0.00297081,0.268063,0.0180558,0.166103,0.987822,1.0,8265.32,7737.93,1.00048
y_pred[8281],0.65246,0.00139286,0.129525,0.133218,0.427765,0.659615,0.851448,8662.49,7917.09,1.00011
y_pred[8282],0.676296,0.00299344,0.269344,0.298118,0.155442,0.737079,0.993819,8208.0,8057.39,1.00022
y_pred[8283],0.711416,0.00409774,0.359195,0.109409,0.011374,0.926205,1.0,7857.09,7638.23,1.00004
y_pred[8284],0.708803,0.00392271,0.363161,0.102292,0.0104937,0.931005,1.0,8558.4,7954.96,1.0002
y_pred[8285],0.736994,0.00336474,0.296398,0.191877,0.109231,0.868705,0.999892,7909.95,8098.18,0.999967
y_pred[8286],0.742852,0.00359077,0.327388,0.109582,0.0470158,0.926083,1.0,8291.4,7846.04,1.00011
y_pred[8287],0.840166,0.00297506,0.265451,0.0174235,0.173896,0.988248,1.0,8093.34,7563.5,0.99994
y_pred[8288],0.652886,0.00146512,0.129504,0.131726,0.42338,0.661404,0.851268,7797.17,7482.82,0.999927
y_pred[8289],0.816737,0.00247736,0.223875,0.121537,0.324079,0.916092,0.999861,8123.15,7977.53,0.999873
y_pred[8290],0.841804,0.00320182,0.28821,0.00297039,0.0920682,0.997996,1.0,7978.72,8044.39,1.00048
y_pred[8291],0.847522,0.00314927,0.287532,0.00149594,0.0797374,0.998991,1.0,8060.86,7973.28,1.001
y_pred[8292],0.85781,0.00264026,0.237149,0.0221093,0.275668,0.985088,1.0,7855.28,7827.68,0.999813
y_pred[8293],0.859967,0.00290995,0.264183,0.00443594,0.160219,0.997008,1.0,8036.93,7737.1,0.999787
y_pred[8294],0.92047,,0.196907,0.00010823,0.409625,0.999927,1.0,7378.02,7396.94,0.999817
y_pred[8295],0.803488,0.00127488,0.110331,0.107431,0.595055,0.820982,0.951235,7400.83,7616.9,1.00022
y_pred[8296],0.689332,0.00293979,0.266642,0.286317,0.166198,0.754959,0.994896,8404.03,7807.73,0.999824
y_pred[8297],0.72403,0.0039254,0.355029,0.0864245,0.0161807,0.941708,1.0,8184.56,8033.67,1.00007
y_pred[8298],0.730462,0.00391187,0.353001,0.0712293,0.0172754,0.951956,1.0,8044.84,7929.84,1.00011
y_pred[8299],0.747859,0.00322008,0.288508,0.181344,0.136607,0.876663,0.999966,7998.74,7961.31,0.999943
y_pred[8300],0.756202,0.00370718,0.325091,0.0817394,0.0469922,0.944865,1.0,7962.77,7798.91,1.00035
y_pred[8301],0.851481,0.002922,0.259217,0.0133397,0.177377,0.991003,1.0,8064.88,7763.8,1.00027
y_pred[8302],0.66606,0.00143093,0.128196,0.132504,0.440279,0.676179,0.861177,8051.99,8144.29,0.999828
y_pred[8303],0.655311,0.00303456,0.275516,0.315197,0.138265,0.715046,0.991047,8258.93,7957.67,0.999947
y_pred[8304],0.694162,0.00418483,0.36612,0.137057,0.0101725,0.907555,1.0,7411.92,7827.68,0.999744
y_pred[8305],0.701536,0.00413873,0.366236,0.117096,0.0101245,0.921018,1.0,7853.82,8086.67,0.999702
y_pred[8306],0.718224,0.00345427,0.303413,0.226803,0.0940099,0.844016,0.999845,7711.41,8015.15,1.00004
y_pred[8307],0.729563,0.00366926,0.335218,0.120254,0.0375,0.918879,0.999998,8306.16,7722.77,1.0003
y_pred[8308],0.834793,0.00304642,0.269297,0.0205162,0.165562,0.986162,1.0,7726.69,7984.04,1.00001
y_pred[8309],0.630727,0.00147085,0.132899,0.136644,0.397147,0.637236,0.840662,8243.2,7860.58,1.00063
y_pred[8310],0.0478458,0.00140904,0.12337,0.000455861,8.35986e-15,0.000307474,0.324235,8169.74,7971.12,1.00031
y_pred[8311],0.0575133,0.00215315,0.187517,1.77068e-09,2.02473e-40,1.19431e-09,0.504091,8120.8,7191.71,1.00026
y_pred[8312],0.0613721,0.00232706,0.194111,2.35328e-09,1.6930899999999998e-42,1.58727e-09,0.574625,6323.28,6659.56,1.00032
y_pred[8313],0.0632356,0.00178982,0.161559,0.00011207,3.56473e-18,7.55903e-05,0.445796,7992.89,8014.95,1.00028
y_pred[8314],0.0661264,0.00205986,0.187482,1.84964e-06,1.22705e-27,1.24757e-06,0.550875,8342.9,7631.8,0.999865
y_pred[8315],0.1123,0.00257715,0.228368,0.00211311,3.11087e-14,0.00142528,0.718764,7477.39,7626.25,0.999766
y_pred[8316],0.0438793,0.000615612,0.0554518,0.0307117,0.000290768,0.0234218,0.157142,8247.22,7952.85,1.00004
y_pred[8317],0.484407,0.00322209,0.290364,0.376592,0.0457515,0.478908,0.942726,8135.74,7955.84,0.999831
y_pred[8318],0.529702,0.00444412,0.397513,0.599235,0.000538226,0.580396,0.999884,7990.4,7802.66,0.999724
y_pred[8319],0.52876,0.00446793,0.398327,0.606873,0.000390772,0.575221,0.99992,8085.36,8058.32,1.00052
y_pred[8320],0.563481,0.00373665,0.331602,0.451946,0.0289861,0.600849,0.994086,8038.39,7809.17,1.00037
y_pred[8321],0.568263,0.00420446,0.372489,0.500953,0.00461816,0.637326,0.999483,8230.45,7806.61,1.00009
y_pred[8322],0.706088,0.00365927,0.329312,0.203251,0.0518934,0.862561,0.999983,8280.27,7973.76,1.00061
y_pred[8323],0.457354,0.00149682,0.135788,0.142143,0.236756,0.455454,0.684665,8232.2,7966.67,1.00001
y_pred[8324],0.511147,0.00318475,0.287536,0.367061,0.0548367,0.509912,0.952708,8201.85,8002.32,1.00012
y_pred[8325],0.553643,0.00452111,0.396204,0.527447,0.000932928,0.640243,0.999947,7601.55,7448.95,1.00018
y_pred[8326],0.565063,0.00444595,0.396937,0.510498,0.000781025,0.652858,0.999971,7870.54,7607.73,1.00013
y_pred[8327],0.591587,0.00362858,0.33086,0.4299,0.0318244,0.648373,0.996762,8217.31,7324.69,1.00056
y_pred[8328],0.586016,0.00414111,0.371448,0.468462,0.00704665,0.673622,0.99976,8237.53,8169.63,0.99988
y_pred[8329],0.720752,0.00368037,0.326801,0.170985,0.0538537,0.884545,0.999991,7546.73,7905.36,1.00028
y_pred[8330],0.48293,0.00150757,0.135609,0.142801,0.259247,0.483448,0.706809,8131.43,7583.71,0.999976
y_pred[8331],0.892072,0.00198467,0.179328,0.0291472,0.468824,0.980336,1.0,8345.72,7517.65,0.999919
y_pred[8332],0.908313,0.00253083,0.229174,8.8956e-06,0.259337,0.999994,1.0,8095.37,7948.74,1.00001
y_pred[8333],0.912304,0.00255809,0.227463,4.4478e-06,0.25416,0.999997,1.0,7792.72,7897.57,1.00002
y_pred[8334],0.920016,0.0020464,0.181531,0.00106747,0.482048,0.99928,1.0,7629.76,7464.84,1.00062
y_pred[8335],0.919494,0.00234443,0.205988,2.74281e-05,0.356687,0.999982,1.0,7753.73,7222.73,1.00016
y_pred[8336],0.956772,0.00164987,0.146499,0.0,0.672894,1.0,1.0,7847.21,7579.54,0.999766
y_pred[8337],0.883322,0.000973943,0.0870199,0.078139,0.714451,0.904397,0.98524,8224.4,8016.82,0.999916
y_pred[8338],0.58974,0.00326202,0.28422,0.352312,0.0989122,0.624065,0.977568,7686.76,7669.21,0.99982
y_pred[8339],0.637054,0.00439082,0.380799,0.283492,0.00376218,0.808689,0.999996,6786.11,7595.73,0.999737
y_pred[8340],0.635238,0.00439897,0.384848,0.271048,0.00445628,0.817132,0.999998,7936.01,7804.22,1.0006
y_pred[8341],0.658052,0.00360706,0.318777,0.337514,0.0608524,0.756011,0.999103,7778.6,7849.43,1.00064
y_pred[8342],0.666946,0.00394664,0.354706,0.254536,0.0166303,0.827691,0.999972,7991.89,7733.01,1.00001
y_pred[8343],0.784275,0.00330144,0.299474,0.0710736,0.0936159,0.952059,1.0,7839.48,7948.98,1.00008
y_pred[8344],0.565866,0.00158276,0.135479,0.141097,0.335779,0.570041,0.78206,7442.79,7754.18,1.00005
y_pred[8345],0.770436,0.0026838,0.242067,0.186449,0.252452,0.861881,0.999087,8313.85,7656.1,0.999741
y_pred[8346],0.801993,0.00354251,0.315527,0.0146147,0.0465018,0.990142,1.0,8023.94,7663.09,1.00012
y_pred[8347],0.797413,0.00361372,0.322355,0.0130802,0.0351085,0.991178,1.0,7826.61,7763.78,1.00014
y_pred[8348],0.8176,0.00292057,0.257337,0.0670172,0.2146,0.954786,0.999999,7584.52,7625.49,1.00013
y_pred[8349],0.817475,0.00324416,0.290001,0.0240226,0.10437,0.983797,1.0,8111.15,7851.9,0.99979
y_pred[8350],0.893437,0.00250054,0.224536,0.00122759,0.294254,0.999172,1.0,7850.72,7800.08,0.999901
y_pred[8351],0.747863,0.00137456,0.120131,0.122608,0.533008,0.761405,0.921996,7596.66,7929.64,0.999876
y_pred[8352],0.095647,0.00184613,0.168893,0.0181314,5.24099e-08,0.0122299,0.495043,8358.57,7445.19,1.00003
y_pred[8353],0.1123,0.00275251,0.247376,0.000137638,6.64952e-20,9.28355e-05,0.818023,7952.03,7800.61,1.00004
y_pred[8354],0.116751,0.00287333,0.25711,0.000116649,7.67535e-21,7.86784e-05,0.844847,8398.06,8005.55,0.999836
y_pred[8355],0.125538,0.00251748,0.22454,0.0135932,1.48356e-09,0.0091685,0.691824,8035.5,7931.58,1.00009
y_pred[8356],0.128547,0.00289413,0.250575,0.00283925,1.08997e-13,0.00191504,0.81032,7664.17,8098.14,0.999868
y_pred[8357],0.205952,0.00330854,0.292184,0.0616911,1.21877e-07,0.0416109,0.897207,8058.34,8184.38,1.00026
y_pred[8358],0.0865353,0.000856043,0.0769421,0.0624578,0.00615094,0.0648355,0.240785,7726.07,7705.55,0.999902
y_pred[8359],0.667279,0.00310818,0.274239,0.301373,0.144466,0.733906,0.992647,7864.81,8186.87,0.999676
y_pred[8360],0.714739,0.00405971,0.358211,0.105012,0.0115695,0.929171,1.0,7845.27,7777.81,1.00041
y_pred[8361],0.719023,0.00424638,0.358607,0.0907477,0.0108079,0.938792,1.0,7729.57,7149.12,1.00037
y_pred[8362],0.733496,0.00332487,0.296322,0.197891,0.112815,0.865058,0.9999,7871.13,7914.94,0.999949
y_pred[8363],0.743502,0.00372397,0.325284,0.113322,0.048785,0.923558,0.999999,7867.81,7822.1,0.999806
y_pred[8364],0.838525,0.00300609,0.269701,0.0175762,0.154532,0.988145,1.0,8225.47,7731.97,1.0004
y_pred[8365],0.651551,0.00151462,0.130588,0.134504,0.417754,0.659859,0.850759,7394.77,7636.33,1.00003
y_pred[8366],0.678203,0.00306633,0.269255,0.285896,0.154094,0.744831,0.992931,7903.27,7834.8,1.00024
y_pred[8367],0.713992,0.00400622,0.359963,0.10915,0.0128541,0.926379,1.0,8285.17,7623.63,0.999922
y_pred[8368],0.719295,0.00390892,0.359067,0.0910405,0.0103711,0.938594,1.0,8190.54,7844.68,0.99989
y_pred[8369],0.738532,0.00332548,0.295983,0.185434,0.117124,0.873524,0.999899,7982.26,7617.67,0.999994
y_pred[8370],0.744901,0.00372857,0.327466,0.104025,0.0421609,0.929833,1.0,8076.15,7448.63,1.00116
y_pred[8371],0.838371,0.00295269,0.27164,0.0179068,0.153001,0.987922,1.0,8425.73,7708.95,1.00001
y_pred[8372],0.651598,0.00149355,0.131126,0.135487,0.422324,0.661454,0.851688,7720.64,7951.77,0.999778
y_pred[8373],0.81957,0.00255075,0.222244,0.119495,0.31829,0.917482,0.999876,7884.04,7905.11,1.0004
y_pred[8374],0.844289,0.00323878,0.288857,0.00240255,0.0739144,0.998379,1.0,7985.13,8082.57,1.00027
y_pred[8375],0.845656,0.00322126,0.290054,0.00214384,0.0846768,0.998554,1.0,8057.51,7915.65,1.00002
y_pred[8376],0.858765,0.00263379,0.235415,0.0226289,0.272045,0.984737,1.0,8045.1,7621.0,1.00014
y_pred[8377],0.857379,0.00295949,0.264171,0.00451007,0.170278,0.996958,1.0,7931.15,8107.66,1.0003
y_pred[8378],0.922639,0.00221194,0.193943,9.85929e-05,0.413392,0.999934,1.0,7840.64,7730.13,0.999847
y_pred[8379],0.805395,0.0012188,0.107963,0.105967,0.598276,0.822284,0.951093,7855.29,7661.28,1.00051
y_pred[8380],0.688283,0.00292657,0.263949,0.281889,0.178391,0.755155,0.994145,8091.23,7813.91,1.00019
y_pred[8381],0.725661,0.00398494,0.35392,0.0889464,0.0174258,0.940006,1.0,7836.58,7590.24,0.999673
y_pred[8382],0.729148,0.00415264,0.356404,0.0780589,0.0140941,0.94735,1.0,7572.74,7824.79,1.00039
y_pred[8383],0.751477,0.00316655,0.287717,0.169793,0.139778,0.884586,0.99995,8195.52,7721.27,0.999806
y_pred[8384],0.749576,0.00366384,0.325478,0.091873,0.0534631,0.93803,1.0,7659.47,7937.56,1.0003
y_pred[8385],0.847364,0.0029437,0.261236,0.0135339,0.181917,0.990872,1.0,7834.46,7555.38,1.00027
y_pred[8386],0.667014,0.00143815,0.129301,0.133275,0.438618,0.675088,0.861938,8088.74,7505.52,1.0001
y_pred[8387],0.650841,0.00303678,0.27763,0.322805,0.131521,0.706269,0.990994,8356.92,7596.22,1.00004
y_pred[8388],0.696789,0.00430884,0.364661,0.142018,0.00860051,0.904208,1.0,7039.1,7956.54,0.999921
y_pred[8389],0.699958,0.00407694,0.365326,0.128882,0.00949223,0.913069,1.0,8329.58,7948.27,0.999945
y_pred[8390],0.720753,0.00346574,0.301291,0.223757,0.0976832,0.846203,0.999861,7638.89,7660.35,1.00047
y_pred[8391],0.726041,0.00376139,0.335425,0.138876,0.0360682,0.906303,0.999998,7841.92,7736.7,0.999712
y_pred[8392],0.831486,0.00301007,0.270706,0.0250619,0.165166,0.983096,1.0,7837.61,7524.49,1.00061
y_pred[8393],0.634307,0.00149007,0.132222,0.138014,0.40417,0.642073,0.839066,7889.96,7791.92,1.00014
y_pred[8394],0.0493192,0.00149975,0.124721,0.000495716,4.36725e-15,0.000334356,0.32326,7162.23,7344.2,1.00001
y_pred[8395],0.0589053,0.00211709,0.189393,5.38571e-09,4.90786e-40,3.63261e-09,0.510215,8142.18,7870.75,0.999935
y_pred[8396],0.0617108,0.00227925,0.193099,3.3319e-09,4.10613e-42,2.24734e-09,0.554345,7238.02,7253.9,0.99996
y_pred[8397],0.064771,0.00182212,0.164052,0.000149637,4.4057e-18,0.000100929,0.450793,8324.17,7885.91,0.999704
y_pred[8398],0.0614288,0.0020114,0.17845,2.9011e-06,3.08944e-27,1.95676e-06,0.494126,7708.13,7587.83,0.999951
y_pred[8399],0.110415,0.00265616,0.228743,0.00190803,3.35732e-14,0.00128695,0.71448,7535.5,7748.78,0.999951
y_pred[8400],0.0431166,0.000651896,0.0548262,0.0296963,0.000300119,0.0225842,0.151894,7240.85,7767.18,1.00033
